Zeit [s];Temperatur [°C]
 25.10.2025 16:00:27; 25.375
 25.10.2025 16:03:26; 25.500
 25.10.2025 16:06:27; 26.500
 25.10.2025 16:08:26; 26.438
 25.10.2025 16:14:26; 26.313
 25.10.2025 16:17:26; 26.063
 25.10.2025 16:18:26; 25.938
 25.10.2025 16:21:26; 26.063
 25.10.2025 16:24:27; 26.250
 25.10.2025 16:27:27; 26.063
 25.10.2025 16:30:26; 25.750
 25.10.2025 16:33:27; 26.250
 25.10.2025 16:36:27; 26.125
 25.10.2025 16:39:26; 26.063
 25.10.2025 16:42:27; 26.000
 25.10.2025 16:45:27; 25.875
 25.10.2025 16:48:26; 25.875
 25.10.2025 16:51:27; 25.875
 25.10.2025 16:54:26; 25.813
 25.10.2025 16:57:26; 25.813
 25.10.2025 17:00:27; 25.813
 25.10.2025 17:03:26; 25.750
 25.10.2025 17:06:26; 25.813
 25.10.2025 17:09:27; 25.875
 25.10.2025 17:12:27; 25.875
 25.10.2025 17:15:26; 25.875
 25.10.2025 17:18:27; 25.938
 25.10.2025 17:21:27; 25.938
 25.10.2025 17:24:26; 26.000
 25.10.2025 17:27:27; 26.063
 25.10.2025 17:30:27; 26.063
 25.10.2025 17:33:26; 26.000
 25.10.2025 17:36:27; 25.938
 25.10.2025 17:39:26; 25.875
 25.10.2025 17:42:26; 25.813
 25.10.2025 17:45:27; 25.750
 25.10.2025 17:48:26; 25.688
 25.10.2025 17:51:26; 25.750
 25.10.2025 17:54:27; 25.813
 25.10.2025 17:57:27; 25.875
 25.10.2025 18:00:26; 25.875
 25.10.2025 18:03:27; 25.875
 25.10.2025 18:06:27; 25.875
 25.10.2025 18:09:26; 25.875
 25.10.2025 18:12:27; 25.938
 25.10.2025 18:15:27; 25.938
 25.10.2025 18:18:26; 26.000
 25.10.2025 18:21:27; 26.000
 25.10.2025 18:24:26; 26.063
 25.10.2025 18:27:26; 26.063
 25.10.2025 18:30:27; 26.063
 25.10.2025 18:33:26; 26.125
 25.10.2025 18:36:26; 26.188
 25.10.2025 18:39:27; 26.313
 25.10.2025 18:42:27; 26.375
 25.10.2025 18:45:26; 26.375
 25.10.2025 18:48:27; 26.438
 25.10.2025 18:51:27; 26.500
 25.10.2025 18:54:26; 26.563
 25.10.2025 18:57:27; 26.625
 25.10.2025 19:00:27; 26.688
 25.10.2025 19:03:26; 26.688
 25.10.2025 19:06:27; 26.688
 25.10.2025 19:09:26; 26.688
 25.10.2025 19:12:26; 26.750
 25.10.2025 19:15:27; 26.813
 25.10.2025 19:18:26; 26.750
 25.10.2025 19:21:26; 26.625
 25.10.2025 19:24:27; 26.500
 25.10.2025 19:27:27; 26.375
 25.10.2025 19:30:26; 26.313
 25.10.2025 19:33:27; 26.250
 25.10.2025 19:36:27; 26.125
 25.10.2025 19:39:26; 26.063
 25.10.2025 19:42:27; 26.000
 25.10.2025 19:45:27; 25.938
 25.10.2025 19:48:26; 25.875
 25.10.2025 19:51:27; 25.875
 25.10.2025 19:54:26; 25.875
 25.10.2025 19:57:26; 26.625
 25.10.2025 20:00:27; 26.438
 25.10.2025 20:03:26; 25.688
 25.10.2025 20:06:26; 26.875
 25.10.2025 20:09:27; 28.063
 25.10.2025 20:12:27; 27.000
 25.10.2025 20:15:26; 27.125
 25.10.2025 20:18:27; 28.125
 25.10.2025 20:21:27; 28.875
 25.10.2025 20:24:26; 29.500
 25.10.2025 20:27:27; 29.875
 25.10.2025 20:30:27; 29.938
 25.10.2025 20:33:26; 30.000
 25.10.2025 20:36:27; 30.000
 25.10.2025 20:39:26; 30.063
 25.10.2025 20:42:26; 30.438
 25.10.2025 20:45:27; 30.188
 25.10.2025 20:48:26; 30.063
 25.10.2025 20:51:26; 29.875
 25.10.2025 20:54:27; 29.313
 25.10.2025 20:57:27; 28.063
 25.10.2025 21:00:26; 27.438
 25.10.2025 21:03:27; 27.125
 25.10.2025 21:06:27; 26.813
 25.10.2025 21:09:26; 26.813
 25.10.2025 21:12:27; 26.688
 25.10.2025 21:15:27; 26.125
 25.10.2025 21:18:26; 26.125
 25.10.2025 21:21:27; 25.063
 25.10.2025 21:24:26; 24.938
 25.10.2025 21:27:26; 25.563
 25.10.2025 21:30:27; 24.813
 25.10.2025 21:33:26; 24.063
 25.10.2025 21:36:26; 23.563
 25.10.2025 21:39:27; 23.063
 25.10.2025 21:42:27; 22.688
 25.10.2025 21:45:26; 22.438
 25.10.2025 21:48:27; 22.313
 25.10.2025 21:51:27; 22.313
 25.10.2025 21:54:26; 22.250
 25.10.2025 21:57:27; 22.063
 25.10.2025 22:00:27; 21.813
 25.10.2025 22:03:26; 21.625
 25.10.2025 22:06:27; 21.438
 25.10.2025 22:09:26; 21.250
 25.10.2025 22:12:26; 21.188
 25.10.2025 22:15:27; 21.188
 25.10.2025 22:18:26; 21.250
 25.10.2025 22:21:26; 21.375
 25.10.2025 22:24:27; 21.375
 25.10.2025 22:27:27; 21.188
 25.10.2025 22:30:26; 21.000
 25.10.2025 22:33:27; 20.875
 25.10.2025 22:36:27; 20.875
 25.10.2025 22:39:26; 20.813
 25.10.2025 22:42:27; 20.625
 25.10.2025 22:45:27; 20.375
 25.10.2025 22:48:26; 20.188
 25.10.2025 22:51:27; 20.063
 25.10.2025 22:54:26; 20.063
 25.10.2025 22:57:26; 20.000
 25.10.2025 23:00:27; 19.875
 25.10.2025 23:03:26; 19.625
 25.10.2025 23:06:26; 19.438
 25.10.2025 23:09:27; 19.188
 25.10.2025 23:12:27; 19.063
 25.10.2025 23:15:26; 18.938
 25.10.2025 23:18:27; 18.813
 25.10.2025 23:21:27; 18.750
 25.10.2025 23:24:26; 18.625
 25.10.2025 23:27:27; 18.625
 25.10.2025 23:30:27; 18.500
 25.10.2025 23:33:26; 18.375
 25.10.2025 23:36:27; 18.250
 25.10.2025 23:39:26; 18.188
 25.10.2025 23:42:26; 18.063
 25.10.2025 23:45:27; 18.063
 25.10.2025 23:48:26; 18.000
 25.10.2025 23:51:26; 17.938
 25.10.2025 23:54:27; 17.875
 25.10.2025 23:57:27; 17.813
 26.10.2025 00:00:26; 17.750
 26.10.2025 00:03:27; 17.688
 26.10.2025 00:06:27; 17.750
 26.10.2025 00:09:26; 17.813
 26.10.2025 00:12:27; 17.750
 26.10.2025 00:15:27; 17.750
 26.10.2025 00:18:26; 17.688
 26.10.2025 00:21:27; 17.625
 26.10.2025 00:24:26; 17.500
 26.10.2025 00:27:26; 17.438
 26.10.2025 00:30:27; 17.375
 26.10.2025 00:33:26; 17.313
 26.10.2025 00:36:26; 17.250
 26.10.2025 00:39:27; 17.125
 26.10.2025 00:42:27; 17.063
 26.10.2025 00:45:26; 17.000
 26.10.2025 00:48:27; 16.938
 26.10.2025 00:51:27; 16.875
 26.10.2025 00:54:26; 16.813
 26.10.2025 00:57:27; 16.750
 26.10.2025 01:00:27; 16.750
 26.10.2025 01:03:26; 16.688
 26.10.2025 01:06:27; 16.625
 26.10.2025 01:09:26; 16.563
 26.10.2025 01:12:26; 16.500
 26.10.2025 01:15:27; 16.500
 26.10.2025 01:18:26; 16.438
 26.10.2025 01:21:26; 16.375
 26.10.2025 01:24:27; 16.375
 26.10.2025 01:27:27; 16.313
 26.10.2025 01:30:26; 16.250
 26.10.2025 01:33:27; 16.188
 26.10.2025 01:36:27; 16.188
 26.10.2025 01:39:26; 16.125
 26.10.2025 01:42:27; 16.063
 26.10.2025 01:45:27; 16.000
 26.10.2025 01:48:26; 16.000
 26.10.2025 01:51:27; 16.000
 26.10.2025 01:54:26; 15.938
 26.10.2025 01:57:26; 15.875
 26.10.2025 02:00:27; 15.875
 26.10.2025 02:03:26; 15.813
 26.10.2025 02:06:26; 15.813
 26.10.2025 02:09:27; 15.813
 26.10.2025 02:12:27; 15.750
 26.10.2025 02:15:26; 15.750
 26.10.2025 02:18:27; 15.750
 26.10.2025 02:21:27; 15.750
 26.10.2025 02:24:26; 15.750
 26.10.2025 02:27:27; 15.688
 26.10.2025 02:30:27; 15.625
 26.10.2025 02:33:26; 15.563
 26.10.2025 02:36:27; 15.500
 26.10.2025 02:39:26; 15.500
 26.10.2025 02:42:26; 15.375
 26.10.2025 02:45:27; 15.313
 26.10.2025 02:48:26; 15.250
 26.10.2025 02:51:26; 15.188
 26.10.2025 02:54:27; 15.188
 26.10.2025 02:57:27; 15.125
 26.10.2025 03:00:26; 15.000
 26.10.2025 03:03:27; 14.938
 26.10.2025 03:06:27; 14.875
 26.10.2025 03:09:26; 14.750
 26.10.2025 03:12:27; 14.688
 26.10.2025 03:15:27; 14.625
 26.10.2025 03:18:26; 14.563
 26.10.2025 03:21:27; 14.500
 26.10.2025 03:24:26; 14.438
 26.10.2025 03:27:26; 14.438
 26.10.2025 03:30:27; 14.375
 26.10.2025 03:33:26; 14.375
 26.10.2025 03:36:26; 14.313
 26.10.2025 03:39:27; 14.313
 26.10.2025 03:42:27; 14.313
 26.10.2025 03:45:26; 14.313
 26.10.2025 03:48:27; 14.375
 26.10.2025 03:51:27; 14.438
 26.10.2025 03:54:26; 14.438
 26.10.2025 03:57:27; 14.438
 26.10.2025 04:00:27; 14.500
 26.10.2025 04:03:26; 14.500
 26.10.2025 04:06:27; 14.438
 26.10.2025 04:09:26; 14.438
 26.10.2025 04:12:26; 14.438
 26.10.2025 04:15:27; 14.438
 26.10.2025 04:18:26; 14.438
 26.10.2025 04:21:26; 14.438
 26.10.2025 04:24:27; 14.438
 26.10.2025 04:27:27; 14.438
 26.10.2025 04:30:26; 14.438
 26.10.2025 04:33:27; 14.375
 26.10.2025 04:36:27; 14.438
 26.10.2025 04:39:26; 14.375
 26.10.2025 04:42:27; 14.375
 26.10.2025 04:45:27; 14.313
 26.10.2025 04:48:26; 14.250
 26.10.2025 04:51:27; 14.125
 26.10.2025 04:54:26; 14.063
 26.10.2025 04:57:26; 14.000
 26.10.2025 05:00:27; 13.938
 26.10.2025 05:03:26; 13.875
 26.10.2025 05:06:26; 13.813
 26.10.2025 05:09:27; 13.750
 26.10.2025 05:12:27; 13.625
 26.10.2025 05:15:26; 13.625
 26.10.2025 05:18:27; 13.563
 26.10.2025 05:21:27; 13.563
 26.10.2025 05:24:26; 13.563
 26.10.2025 05:27:27; 13.500
 26.10.2025 05:30:27; 13.500
 26.10.2025 05:33:26; 13.500
 26.10.2025 05:36:27; 13.438
 26.10.2025 05:39:26; 13.375
 26.10.2025 05:42:26; 13.375
 26.10.2025 05:45:27; 13.313
 26.10.2025 05:48:26; 13.313
 26.10.2025 05:51:26; 13.313
 26.10.2025 05:54:27; 13.313
 26.10.2025 05:57:27; 13.313
 26.10.2025 06:00:26; 13.313
 26.10.2025 06:03:27; 13.313
 26.10.2025 06:06:27; 13.313
 26.10.2025 06:09:26; 13.313
 26.10.2025 06:12:27; 13.313
 26.10.2025 06:15:27; 13.313
 26.10.2025 06:18:26; 13.313
 26.10.2025 06:21:27; 13.250
 26.10.2025 06:24:26; 13.188
 26.10.2025 06:27:26; 13.188
 26.10.2025 06:30:27; 13.188
 26.10.2025 06:33:26; 13.250
 26.10.2025 06:36:26; 13.250
 26.10.2025 06:39:27; 13.250
 26.10.2025 06:42:27; 13.250
 26.10.2025 06:45:26; 13.250
 26.10.2025 06:48:27; 13.250
 26.10.2025 06:51:27; 13.250
 26.10.2025 06:54:26; 13.250
 26.10.2025 06:57:27; 13.313
 26.10.2025 07:00:27; 13.250
 26.10.2025 07:03:26; 13.250
 26.10.2025 07:06:27; 13.250
 26.10.2025 07:09:26; 13.313
 26.10.2025 07:12:26; 13.313
 26.10.2025 07:15:27; 13.313
 26.10.2025 07:18:26; 13.313
 26.10.2025 07:21:26; 13.250
 26.10.2025 07:24:27; 13.250
 26.10.2025 07:27:27; 13.250
 26.10.2025 07:30:26; 13.250
 26.10.2025 07:33:27; 13.313
 26.10.2025 07:36:27; 13.313
 26.10.2025 07:39:26; 13.313
 26.10.2025 07:42:27; 13.313
 26.10.2025 07:45:27; 13.313
 26.10.2025 07:48:26; 13.313
 26.10.2025 07:51:27; 13.250
 26.10.2025 07:54:26; 13.250
 26.10.2025 07:57:26; 13.250
 26.10.2025 08:00:27; 13.250
 26.10.2025 08:03:26; 13.250
 26.10.2025 08:06:26; 13.250
 26.10.2025 08:09:27; 13.250
 26.10.2025 08:12:27; 13.250
 26.10.2025 08:15:26; 13.250
 26.10.2025 08:18:27; 13.188
 26.10.2025 08:21:27; 13.188
 26.10.2025 08:24:26; 13.125
 26.10.2025 08:27:27; 13.125
 26.10.2025 08:30:27; 13.125
 26.10.2025 08:33:26; 13.125
 26.10.2025 08:36:27; 13.250
 26.10.2025 08:39:26; 13.250
 26.10.2025 08:42:26; 13.188
 26.10.2025 08:45:27; 13.125
 26.10.2025 08:48:26; 13.125
 26.10.2025 08:51:26; 13.125
 26.10.2025 08:54:27; 13.125
 26.10.2025 08:57:27; 13.125
 26.10.2025 09:00:26; 13.125
 26.10.2025 09:03:27; 13.125
 26.10.2025 09:06:27; 13.063
 26.10.2025 09:09:26; 13.063
 26.10.2025 09:12:27; 13.063
 26.10.2025 09:15:27; 13.063
 26.10.2025 09:18:26; 13.125
 26.10.2025 09:21:27; 13.125
 26.10.2025 09:24:26; 13.125
 26.10.2025 09:27:26; 13.125
 26.10.2025 09:30:27; 13.125
 26.10.2025 09:33:26; 13.125
 26.10.2025 09:36:26; 13.125
 26.10.2025 09:39:27; 13.125
 26.10.2025 09:42:27; 13.125
 26.10.2025 09:45:26; 13.125
 26.10.2025 09:48:27; 13.250
 26.10.2025 09:51:27; 13.250
 26.10.2025 09:54:26; 13.250
 26.10.2025 09:57:27; 13.313
 26.10.2025 10:00:27; 13.313
 26.10.2025 10:03:26; 13.313
 26.10.2025 10:06:27; 13.375
 26.10.2025 10:09:26; 13.375
 26.10.2025 10:12:26; 13.375
 26.10.2025 10:15:27; 13.375
 26.10.2025 10:18:26; 13.438
 26.10.2025 10:21:26; 13.500
 26.10.2025 10:24:27; 13.563
 26.10.2025 10:27:27; 13.563
 26.10.2025 10:30:26; 13.625
 26.10.2025 10:33:27; 13.688
 26.10.2025 10:36:27; 13.750
 26.10.2025 10:39:26; 13.813
 26.10.2025 10:42:27; 13.875
 26.10.2025 10:45:27; 13.938
 26.10.2025 10:48:26; 14.063
 26.10.2025 10:51:27; 14.188
 26.10.2025 10:54:26; 14.250
 26.10.2025 10:57:26; 14.375
 26.10.2025 11:00:27; 14.500
 26.10.2025 11:03:26; 14.625
 26.10.2025 11:06:26; 14.813
 26.10.2025 11:09:27; 15.063
 26.10.2025 11:12:27; 15.375
 26.10.2025 11:15:26; 15.563
 26.10.2025 11:18:27; 15.688
 26.10.2025 11:21:27; 15.875
 26.10.2025 11:24:26; 16.063
 26.10.2025 11:27:27; 16.188
 26.10.2025 11:30:27; 16.313
 26.10.2025 11:33:26; 16.500
 26.10.2025 11:36:27; 16.625
 26.10.2025 11:39:26; 16.813
 26.10.2025 11:42:26; 16.938
 26.10.2025 11:45:27; 17.125
 26.10.2025 11:48:26; 17.250
 26.10.2025 11:51:26; 17.313
 26.10.2025 11:54:27; 17.500
 26.10.2025 11:57:27; 17.750
 26.10.2025 12:00:26; 17.875
 26.10.2025 12:03:27; 18.063
 26.10.2025 12:06:27; 18.188
 26.10.2025 12:09:26; 18.250
 26.10.2025 12:12:27; 18.375
 26.10.2025 12:15:27; 18.500
 26.10.2025 12:18:26; 18.688
 26.10.2025 12:21:27; 18.688
 26.10.2025 12:24:26; 18.750
 26.10.2025 12:27:26; 18.750
 26.10.2025 12:30:27; 18.938
 26.10.2025 12:33:26; 19.063
 26.10.2025 12:36:26; 19.250
 26.10.2025 12:39:27; 19.313
 26.10.2025 12:42:27; 19.438
 26.10.2025 12:45:26; 19.563
 26.10.2025 12:48:27; 19.688
 26.10.2025 12:51:27; 19.813
 26.10.2025 12:54:26; 19.875
 26.10.2025 12:57:27; 20.000
 26.10.2025 13:00:27; 20.125
 26.10.2025 13:03:26; 20.313
 26.10.2025 13:06:27; 20.438
 26.10.2025 13:09:26; 20.563
 26.10.2025 13:12:26; 20.750
 26.10.2025 13:15:27; 20.875
 26.10.2025 13:18:26; 21.063
 26.10.2025 13:21:26; 21.250
 26.10.2025 13:24:27; 21.313
 26.10.2025 13:27:27; 21.438
 26.10.2025 13:30:26; 21.500
 26.10.2025 13:33:27; 21.625
 26.10.2025 13:36:27; 21.750
 26.10.2025 13:39:26; 21.813
 26.10.2025 13:42:27; 21.875
 26.10.2025 13:45:27; 22.000
 26.10.2025 13:48:26; 22.063
 26.10.2025 13:51:27; 22.125
 26.10.2025 13:54:26; 22.375
 26.10.2025 13:57:26; 22.500
 26.10.2025 14:00:27; 22.625
 26.10.2025 14:03:26; 22.750
 26.10.2025 14:06:26; 22.875
 26.10.2025 14:09:27; 22.875
 26.10.2025 14:12:27; 23.063
 26.10.2025 14:15:26; 23.125
 26.10.2025 14:18:27; 23.250
 26.10.2025 14:21:27; 23.250
 26.10.2025 14:24:26; 23.313
 26.10.2025 14:27:27; 23.438
 26.10.2025 14:30:27; 23.563
 26.10.2025 14:33:26; 23.625
 26.10.2025 14:36:27; 23.688
 26.10.2025 14:39:26; 23.875
 26.10.2025 14:42:26; 23.938
 26.10.2025 14:45:27; 24.000
 26.10.2025 14:48:26; 23.938
 26.10.2025 14:51:26; 24.000
 26.10.2025 14:54:27; 24.125
 26.10.2025 14:57:27; 24.188
 26.10.2025 15:00:26; 24.250
 26.10.2025 15:03:27; 24.438
 26.10.2025 15:06:27; 24.500
 26.10.2025 15:09:26; 24.625
 26.10.2025 15:12:27; 24.813
 26.10.2025 15:15:27; 25.000
 26.10.2025 15:18:26; 25.188
 26.10.2025 15:21:27; 25.375
 26.10.2025 15:24:26; 25.438
 26.10.2025 15:27:26; 25.688
 26.10.2025 15:30:27; 25.813
 26.10.2025 15:33:26; 26.000
 26.10.2025 15:36:26; 26.188
 26.10.2025 15:39:27; 26.250
 26.10.2025 15:42:27; 26.438
 26.10.2025 15:45:26; 26.688
 26.10.2025 15:48:27; 26.813
 26.10.2025 15:51:27; 26.875
 26.10.2025 15:54:26; 26.813
 26.10.2025 15:57:27; 26.813
 26.10.2025 16:00:27; 26.750
 26.10.2025 16:03:26; 27.188
 26.10.2025 16:06:27; 27.438
 26.10.2025 16:09:26; 27.375
 26.10.2025 16:12:26; 27.500
 26.10.2025 16:15:27; 27.750
 26.10.2025 16:18:26; 27.875
 26.10.2025 16:21:26; 28.000
 26.10.2025 16:24:27; 28.063
 26.10.2025 16:27:27; 28.313
 26.10.2025 16:30:26; 28.563
 26.10.2025 16:33:27; 28.563
 26.10.2025 16:36:27; 28.813
 26.10.2025 16:39:26; 28.875
 26.10.2025 16:42:27; 28.625
 26.10.2025 16:45:27; 28.813
 26.10.2025 16:48:26; 28.750
 26.10.2025 16:51:27; 29.063
 26.10.2025 16:54:26; 29.375
 26.10.2025 16:57:26; 29.625
 26.10.2025 17:00:27; 29.438
 26.10.2025 17:03:26; 29.750
 26.10.2025 17:06:26; 30.000
 26.10.2025 17:09:27; 30.625
 26.10.2025 17:12:27; 31.063
 26.10.2025 17:15:26; 31.250
 26.10.2025 17:18:27; 31.375
 26.10.2025 17:21:27; 31.875
 26.10.2025 17:24:26; 31.938
 26.10.2025 17:27:27; 32.000
 26.10.2025 17:30:27; 32.375
 26.10.2025 17:33:26; 32.313
 26.10.2025 17:36:27; 32.188
 26.10.2025 17:39:26; 32.188
 26.10.2025 17:42:26; 32.438
 26.10.2025 17:45:27; 32.813
 26.10.2025 17:48:26; 32.688
 26.10.2025 17:51:26; 32.938
 26.10.2025 17:54:27; 33.063
 26.10.2025 17:57:27; 33.438
 26.10.2025 18:00:26; 33.875
 26.10.2025 18:03:27; 34.125
 26.10.2025 18:06:27; 34.500
 26.10.2025 18:09:26; 34.250
 26.10.2025 18:12:27; 34.500
 26.10.2025 18:15:27; 35.063
 26.10.2025 18:18:26; 35.375
 26.10.2025 18:21:27; 35.250
 26.10.2025 18:24:26; 35.125
 26.10.2025 18:27:26; 35.250
 26.10.2025 18:30:27; 35.500
 26.10.2025 18:33:26; 34.750
 26.10.2025 18:36:26; 34.250
 26.10.2025 18:39:27; 35.125
 26.10.2025 18:42:27; 36.000
 26.10.2025 18:45:26; 36.000
 26.10.2025 18:48:27; 35.938
 26.10.2025 18:51:27; 36.125
 26.10.2025 18:54:26; 35.813
 26.10.2025 18:57:27; 35.000
 26.10.2025 19:00:27; 34.125
 26.10.2025 19:03:26; 34.438
 26.10.2025 19:06:27; 34.500
 26.10.2025 19:09:26; 35.125
 26.10.2025 19:12:26; 35.813
 26.10.2025 19:15:27; 35.500
 26.10.2025 19:18:26; 35.625
 26.10.2025 19:21:26; 36.313
 26.10.2025 19:24:27; 35.500
 26.10.2025 19:27:27; 35.563
 26.10.2025 19:30:26; 35.938
 26.10.2025 19:33:27; 35.750
 26.10.2025 19:36:27; 35.125
 26.10.2025 19:39:26; 35.875
 26.10.2025 19:42:27; 36.000
 26.10.2025 19:45:27; 36.375
 26.10.2025 19:48:26; 36.500
 26.10.2025 19:51:27; 36.625
 26.10.2025 19:54:26; 36.000
 26.10.2025 19:57:26; 36.750
 26.10.2025 20:00:27; 37.188
 26.10.2025 20:03:26; 36.563
 26.10.2025 20:06:26; 35.875
 26.10.2025 20:09:27; 36.000
 26.10.2025 20:12:27; 35.000
 26.10.2025 20:15:26; 34.563
 26.10.2025 20:18:27; 34.938
 26.10.2025 20:21:27; 34.813
 26.10.2025 20:24:26; 34.375
 26.10.2025 20:27:27; 34.250
 26.10.2025 20:30:27; 33.688
 26.10.2025 20:33:26; 33.813
 26.10.2025 20:36:27; 33.625
 26.10.2025 20:39:26; 33.125
 26.10.2025 20:42:26; 32.563
 26.10.2025 20:45:27; 32.250
 26.10.2025 20:48:26; 32.000
 26.10.2025 20:51:26; 31.188
 26.10.2025 20:54:27; 30.313
 26.10.2025 20:57:27; 29.813
 26.10.2025 21:00:26; 29.188
 26.10.2025 21:03:27; 29.000
 26.10.2025 21:06:27; 28.875
 26.10.2025 21:09:26; 28.500
 26.10.2025 21:12:27; 28.250
 26.10.2025 21:15:27; 28.000
 26.10.2025 21:18:26; 28.188
 26.10.2025 21:21:27; 28.125
 26.10.2025 21:24:26; 28.188
 26.10.2025 21:27:26; 28.125
 26.10.2025 21:30:27; 27.313
 26.10.2025 21:33:26; 26.500
 26.10.2025 21:36:26; 25.875
 26.10.2025 21:39:27; 25.438
 26.10.2025 21:42:27; 25.000
 26.10.2025 21:45:26; 24.688
 26.10.2025 21:48:27; 24.625
 26.10.2025 21:51:27; 24.625
 26.10.2025 21:54:26; 24.500
 26.10.2025 21:57:27; 24.250
 26.10.2025 22:00:27; 23.938
 26.10.2025 22:03:26; 23.750
 26.10.2025 22:06:27; 23.625
 26.10.2025 22:09:26; 23.500
 26.10.2025 22:12:26; 23.375
 26.10.2025 22:15:27; 23.438
 26.10.2025 22:18:26; 23.313
 26.10.2025 22:21:26; 23.250
 26.10.2025 22:24:27; 23.125
 26.10.2025 22:27:27; 22.875
 26.10.2025 22:30:26; 22.625
 26.10.2025 22:33:27; 22.625
 26.10.2025 22:36:27; 22.563
 26.10.2025 22:39:26; 22.375
 26.10.2025 22:42:27; 22.188
 26.10.2025 22:45:27; 22.063
 26.10.2025 22:48:26; 21.938
 26.10.2025 22:51:27; 21.688
 26.10.2025 22:54:26; 21.500
 26.10.2025 22:57:26; 21.313
 26.10.2025 23:00:27; 21.250
 26.10.2025 23:03:26; 21.188
 26.10.2025 23:06:26; 21.063
 26.10.2025 23:09:27; 21.000
 26.10.2025 23:12:27; 20.938
 26.10.2025 23:15:26; 20.875
 26.10.2025 23:18:27; 20.813
 26.10.2025 23:21:27; 20.688
 26.10.2025 23:24:26; 20.563
 26.10.2025 23:27:27; 20.438
 26.10.2025 23:30:27; 20.438
 26.10.2025 23:33:26; 20.438
 26.10.2025 23:36:27; 20.500
 26.10.2025 23:39:26; 20.500
 26.10.2025 23:42:26; 20.375
 26.10.2025 23:45:27; 20.250
 26.10.2025 23:48:26; 20.125
 26.10.2025 23:51:26; 20.063
 26.10.2025 23:54:27; 20.000
 26.10.2025 23:57:27; 19.938
 27.10.2025 00:00:26; 19.813
 27.10.2025 00:03:27; 19.750
 27.10.2025 00:06:27; 19.688
 27.10.2025 00:09:26; 19.625
 27.10.2025 00:12:27; 19.563
 27.10.2025 00:15:27; 19.500
 27.10.2025 00:18:26; 19.375
 27.10.2025 00:21:27; 19.313
 27.10.2025 00:24:26; 19.313
 27.10.2025 00:27:26; 19.313
 27.10.2025 00:30:27; 19.250
 27.10.2025 00:33:26; 19.188
 27.10.2025 00:36:26; 19.188
 27.10.2025 00:39:27; 19.125
 27.10.2025 00:42:27; 19.063
 27.10.2025 00:45:26; 19.063
 27.10.2025 00:48:27; 19.125
 27.10.2025 00:51:27; 19.063
 27.10.2025 00:54:26; 19.000
 27.10.2025 00:57:27; 18.938
 27.10.2025 01:00:27; 18.875
 27.10.2025 01:03:26; 18.813
 27.10.2025 01:06:27; 18.750
 27.10.2025 01:09:26; 18.688
 27.10.2025 01:12:26; 18.625
 27.10.2025 01:15:27; 18.625
 27.10.2025 01:18:26; 18.625
 27.10.2025 01:21:26; 18.625
 27.10.2025 01:24:27; 18.563
 27.10.2025 01:27:27; 18.563
 27.10.2025 01:30:26; 18.563
 27.10.2025 01:33:27; 18.500
 27.10.2025 01:36:27; 18.500
 27.10.2025 01:39:26; 18.438
 27.10.2025 01:42:27; 18.438
 27.10.2025 01:45:27; 18.438
 27.10.2025 01:48:26; 18.438
 27.10.2025 01:51:27; 18.438
 27.10.2025 01:54:26; 18.313
 27.10.2025 01:57:26; 18.250
 27.10.2025 02:00:27; 18.188
 27.10.2025 02:03:26; 18.188
 27.10.2025 02:06:26; 18.188
 27.10.2025 02:09:27; 18.125
 27.10.2025 02:12:27; 18.063
 27.10.2025 02:15:26; 18.000
 27.10.2025 02:18:27; 18.063
 27.10.2025 02:21:27; 17.938
 27.10.2025 02:24:26; 17.875
 27.10.2025 02:27:27; 17.813
 27.10.2025 02:30:27; 17.750
 27.10.2025 02:33:26; 17.625
 27.10.2025 02:36:27; 17.563
 27.10.2025 02:39:26; 17.500
 27.10.2025 02:42:26; 17.500
 27.10.2025 02:45:27; 17.438
 27.10.2025 02:48:26; 17.438
 27.10.2025 02:51:26; 17.438
 27.10.2025 02:54:27; 17.313
 27.10.2025 02:57:27; 17.313
 27.10.2025 03:00:26; 17.313
 27.10.2025 03:03:27; 17.313
 27.10.2025 03:06:27; 17.250
 27.10.2025 03:09:26; 17.188
 27.10.2025 03:12:27; 17.188
 27.10.2025 03:15:27; 17.188
 27.10.2025 03:18:26; 17.125
 27.10.2025 03:21:27; 17.125
 27.10.2025 03:24:26; 17.125
 27.10.2025 03:27:26; 17.063
 27.10.2025 03:30:27; 17.000
 27.10.2025 03:33:26; 17.063
 27.10.2025 03:36:26; 17.063
 27.10.2025 03:39:27; 17.188
 27.10.2025 03:42:27; 17.188
 27.10.2025 03:45:26; 17.125
 27.10.2025 03:48:27; 17.063
 27.10.2025 03:51:27; 17.000
 27.10.2025 03:54:26; 16.938
 27.10.2025 03:57:27; 16.875
 27.10.2025 04:00:27; 16.750
 27.10.2025 04:03:26; 16.688
 27.10.2025 04:06:27; 16.625
 27.10.2025 04:09:26; 16.563
 27.10.2025 04:12:26; 16.500
 27.10.2025 04:15:27; 16.375
 27.10.2025 04:18:26; 16.313
 27.10.2025 04:21:26; 16.250
 27.10.2025 04:24:27; 16.188
 27.10.2025 04:27:27; 16.125
 27.10.2025 04:30:26; 16.063
 27.10.2025 04:33:27; 16.125
 27.10.2025 04:36:27; 16.125
 27.10.2025 04:39:26; 16.125
 27.10.2025 04:42:27; 16.000
 27.10.2025 04:45:27; 15.938
 27.10.2025 04:48:26; 15.875
 27.10.2025 04:51:27; 15.813
 27.10.2025 04:54:26; 15.750
 27.10.2025 04:57:26; 15.750
 27.10.2025 05:00:27; 15.688
 27.10.2025 05:03:26; 15.625
 27.10.2025 05:06:26; 15.625
 27.10.2025 05:09:27; 15.625
 27.10.2025 05:12:27; 15.625
 27.10.2025 05:15:26; 15.625
 27.10.2025 05:18:27; 15.688
 27.10.2025 05:21:27; 15.625
 27.10.2025 05:24:26; 15.563
 27.10.2025 05:27:27; 15.500
 27.10.2025 05:30:27; 15.500
 27.10.2025 05:33:26; 15.438
 27.10.2025 05:36:27; 15.438
 27.10.2025 05:39:26; 15.375
 27.10.2025 05:42:26; 15.250
 27.10.2025 05:45:27; 15.250
 27.10.2025 05:48:26; 15.250
 27.10.2025 05:51:26; 15.188
 27.10.2025 05:54:27; 15.188
 27.10.2025 05:57:27; 15.188
 27.10.2025 06:00:26; 15.125
 27.10.2025 06:03:27; 15.125
 27.10.2025 06:06:27; 15.125
 27.10.2025 06:09:26; 15.125
 27.10.2025 06:12:27; 15.125
 27.10.2025 06:15:27; 15.125
 27.10.2025 06:18:26; 15.125
 27.10.2025 06:21:27; 15.125
 27.10.2025 06:24:26; 15.063
 27.10.2025 06:27:26; 15.125
 27.10.2025 06:30:27; 15.125
 27.10.2025 06:33:26; 15.188
 27.10.2025 06:36:26; 15.125
 27.10.2025 06:39:27; 15.000
 27.10.2025 06:42:27; 14.938
 27.10.2025 06:45:26; 14.813
 27.10.2025 06:48:27; 14.750
 27.10.2025 06:51:27; 14.688
 27.10.2025 06:54:26; 14.563
 27.10.2025 06:57:27; 14.500
 27.10.2025 07:00:27; 14.500
 27.10.2025 07:03:26; 14.500
 27.10.2025 07:06:27; 14.563
 27.10.2025 07:09:26; 14.563
 27.10.2025 07:12:26; 14.563
 27.10.2025 07:15:27; 14.500
 27.10.2025 07:18:26; 14.500
 27.10.2025 07:21:26; 14.438
 27.10.2025 07:24:27; 14.375
 27.10.2025 07:27:27; 14.313
 27.10.2025 07:30:26; 14.313
 27.10.2025 07:33:27; 14.250
 27.10.2025 07:36:27; 14.125
 27.10.2025 07:39:26; 14.063
 27.10.2025 07:42:27; 14.063
 27.10.2025 07:45:27; 14.000
 27.10.2025 07:48:26; 13.938
 27.10.2025 07:51:27; 13.875
 27.10.2025 07:54:26; 13.875
 27.10.2025 07:57:26; 13.875
 27.10.2025 08:00:27; 13.813
 27.10.2025 08:03:26; 13.750
 27.10.2025 08:06:26; 13.750
 27.10.2025 08:09:27; 13.688
 27.10.2025 08:12:27; 13.625
 27.10.2025 08:15:26; 13.625
 27.10.2025 08:18:27; 13.563
 27.10.2025 08:21:27; 13.563
 27.10.2025 08:24:26; 13.500
 27.10.2025 08:27:27; 13.500
 27.10.2025 08:30:27; 13.500
 27.10.2025 08:33:26; 13.438
 27.10.2025 08:36:27; 13.500
 27.10.2025 08:39:26; 13.500
 27.10.2025 08:42:26; 13.500
 27.10.2025 08:45:27; 13.438
 27.10.2025 08:48:26; 13.438
 27.10.2025 08:51:26; 13.438
 27.10.2025 08:54:27; 13.438
 27.10.2025 08:57:27; 13.438
 27.10.2025 09:00:26; 13.438
 27.10.2025 09:03:27; 13.438
 27.10.2025 09:06:27; 13.438
 27.10.2025 09:09:26; 13.375
 27.10.2025 09:12:27; 13.375
 27.10.2025 09:15:27; 13.313
 27.10.2025 09:18:26; 13.250
 27.10.2025 09:21:27; 13.250
 27.10.2025 09:24:26; 13.250
 27.10.2025 09:27:26; 13.250
 27.10.2025 09:30:27; 13.250
 27.10.2025 09:33:26; 13.313
 27.10.2025 09:36:26; 13.313
 27.10.2025 09:39:27; 13.313
 27.10.2025 09:42:27; 13.375
 27.10.2025 09:45:26; 13.375
 27.10.2025 09:48:27; 13.438
 27.10.2025 09:51:27; 13.438
 27.10.2025 09:54:26; 13.438
 27.10.2025 09:57:27; 13.438
 27.10.2025 10:00:27; 13.500
 27.10.2025 10:03:26; 13.500
 27.10.2025 10:06:27; 13.563
 27.10.2025 10:09:26; 13.563
 27.10.2025 10:12:26; 13.625
 27.10.2025 10:15:27; 13.688
 27.10.2025 10:18:26; 13.750
 27.10.2025 10:21:26; 13.813
 27.10.2025 10:24:27; 13.813
 27.10.2025 10:27:27; 13.875
 27.10.2025 10:30:26; 14.000
 27.10.2025 10:33:27; 14.063
 27.10.2025 10:36:27; 14.125
 27.10.2025 10:39:26; 14.188
 27.10.2025 10:42:27; 14.313
 27.10.2025 10:45:27; 14.438
 27.10.2025 10:48:26; 14.563
 27.10.2025 10:51:27; 14.750
 27.10.2025 10:54:26; 14.875
 27.10.2025 10:57:26; 15.063
 27.10.2025 11:00:27; 15.250
 27.10.2025 11:03:26; 15.438
 27.10.2025 11:06:26; 15.625
 27.10.2025 11:09:27; 15.750
 27.10.2025 11:12:27; 15.875
 27.10.2025 11:15:26; 16.063
 27.10.2025 11:18:27; 16.250
 27.10.2025 11:21:27; 16.375
 27.10.2025 11:24:26; 16.500
 27.10.2025 11:27:27; 16.625
 27.10.2025 11:30:27; 16.813
 27.10.2025 11:33:26; 17.000
 27.10.2025 11:36:27; 17.188
 27.10.2025 11:39:26; 17.250
 27.10.2025 11:42:26; 17.375
 27.10.2025 11:45:27; 17.438
 27.10.2025 11:48:26; 17.500
 27.10.2025 11:51:26; 17.625
 27.10.2025 11:54:27; 17.813
 27.10.2025 11:57:27; 17.938
 27.10.2025 12:00:26; 18.125
 27.10.2025 12:03:27; 18.438
 27.10.2025 12:06:27; 18.688
 27.10.2025 12:09:26; 18.938
 27.10.2025 12:12:27; 19.125
 27.10.2025 12:15:27; 19.313
 27.10.2025 12:18:26; 19.438
 27.10.2025 12:21:27; 19.500
 27.10.2025 12:24:26; 19.563
 27.10.2025 12:27:26; 19.625
 27.10.2025 12:30:27; 19.813
 27.10.2025 12:33:26; 19.938
 27.10.2025 12:36:26; 20.063
 27.10.2025 12:39:27; 20.250
 27.10.2025 12:42:27; 20.563
 27.10.2025 12:45:26; 20.813
 27.10.2025 12:48:27; 21.063
 27.10.2025 12:51:27; 21.250
 27.10.2025 12:54:26; 21.500
 27.10.2025 12:57:27; 21.688
 27.10.2025 13:00:27; 21.875
 27.10.2025 13:03:26; 22.063
 27.10.2025 13:06:27; 22.250
 27.10.2025 13:09:26; 22.375
 27.10.2025 13:12:26; 22.313
 27.10.2025 13:15:27; 22.500
 27.10.2025 13:18:26; 22.625
 27.10.2025 13:21:26; 22.688
 27.10.2025 13:24:27; 22.813
 27.10.2025 13:27:27; 22.938
 27.10.2025 13:30:26; 23.125
 27.10.2025 13:33:27; 23.250
 27.10.2025 13:36:27; 23.313
 27.10.2025 13:39:26; 23.375
 27.10.2025 13:42:27; 23.563
 27.10.2025 13:45:27; 23.563
 27.10.2025 13:48:26; 23.688
 27.10.2025 13:51:27; 23.750
 27.10.2025 13:54:26; 24.000
 27.10.2025 13:57:26; 24.250
 27.10.2025 14:00:27; 24.313
 27.10.2025 14:03:26; 24.250
 27.10.2025 14:06:26; 24.125
 27.10.2025 14:09:27; 24.250
 27.10.2025 14:12:27; 24.375
 27.10.2025 14:15:26; 24.563
 27.10.2025 14:18:27; 24.750
 27.10.2025 14:21:27; 24.875
 27.10.2025 14:24:26; 25.063
 27.10.2025 14:27:27; 25.125
 27.10.2025 14:30:27; 25.250
 27.10.2025 14:33:26; 25.375
 27.10.2025 14:36:27; 25.500
 27.10.2025 14:39:26; 25.500
 27.10.2025 14:42:26; 25.750
 27.10.2025 14:45:27; 25.750
 27.10.2025 14:48:26; 26.063
 27.10.2025 14:51:26; 26.188
 27.10.2025 14:54:27; 26.438
 27.10.2025 14:57:27; 26.688
 27.10.2025 15:00:26; 26.938
 27.10.2025 15:03:27; 27.313
 27.10.2025 15:06:27; 27.438
 27.10.2025 15:09:26; 27.375
 27.10.2025 15:12:27; 27.625
 27.10.2025 15:15:27; 27.813
 27.10.2025 15:18:26; 27.688
 27.10.2025 15:21:27; 27.563
 27.10.2025 15:24:26; 27.563
 27.10.2025 15:27:26; 27.500
 27.10.2025 15:30:27; 27.250
 27.10.2025 15:33:26; 27.313
 27.10.2025 15:36:26; 27.625
 27.10.2025 15:39:27; 27.813
 27.10.2025 15:42:27; 27.750
 27.10.2025 15:45:26; 28.125
 27.10.2025 15:48:27; 28.125
 27.10.2025 15:51:27; 28.438
 27.10.2025 15:54:26; 28.563
 27.10.2025 15:57:27; 28.813
 27.10.2025 16:00:27; 28.750
 27.10.2025 16:03:26; 28.625
 27.10.2025 16:06:27; 29.063
 27.10.2025 16:09:26; 29.375
 27.10.2025 16:12:26; 29.500
 27.10.2025 16:15:27; 29.938
 27.10.2025 16:18:26; 30.438
 27.10.2025 16:21:26; 30.313
 27.10.2025 16:24:27; 30.313
 27.10.2025 16:27:27; 30.563
 27.10.2025 16:30:26; 30.563
 27.10.2025 16:33:27; 30.750
 27.10.2025 16:36:27; 30.813
 27.10.2025 16:39:26; 30.938
 27.10.2025 16:42:27; 30.938
 27.10.2025 16:45:27; 31.000
 27.10.2025 16:48:26; 31.313
 27.10.2025 16:51:27; 31.563
 27.10.2025 16:54:26; 31.813
 27.10.2025 16:57:26; 32.000
 27.10.2025 17:00:27; 32.125
 27.10.2025 17:03:26; 31.875
 27.10.2025 17:06:26; 31.438
 27.10.2025 17:09:27; 31.813
 27.10.2025 17:12:27; 32.250
 27.10.2025 17:15:26; 32.500
 27.10.2025 17:18:27; 32.500
 27.10.2025 17:21:27; 32.313
 27.10.2025 17:24:26; 32.438
 27.10.2025 17:27:27; 32.688
 27.10.2025 17:30:27; 32.813
 27.10.2025 17:33:26; 33.500
 27.10.2025 17:36:27; 34.063
 27.10.2025 17:39:26; 34.750
 27.10.2025 17:42:26; 34.813
 27.10.2025 17:45:27; 34.500
 27.10.2025 17:48:26; 34.563
 27.10.2025 17:51:26; 34.625
 27.10.2025 17:54:27; 34.500
 27.10.2025 17:57:27; 35.250
 27.10.2025 18:00:26; 35.375
 27.10.2025 18:03:27; 35.750
 27.10.2025 18:06:27; 35.938
 27.10.2025 18:09:26; 36.188
 27.10.2025 18:12:27; 36.250
 27.10.2025 18:15:27; 35.875
 27.10.2025 18:18:26; 35.875
 27.10.2025 18:21:27; 36.000
 27.10.2025 18:24:26; 35.625
 27.10.2025 18:27:26; 35.438
 27.10.2025 18:30:27; 35.313
 27.10.2025 18:33:26; 34.875
 27.10.2025 18:36:26; 34.813
 27.10.2025 18:39:27; 34.813
 27.10.2025 18:42:27; 35.250
 27.10.2025 18:45:26; 35.438
 27.10.2025 18:48:27; 35.313
 27.10.2025 18:51:27; 35.125
 27.10.2025 18:54:26; 35.000
 27.10.2025 18:57:27; 34.563
 27.10.2025 19:00:27; 34.375
 27.10.2025 19:03:26; 34.938
 27.10.2025 19:06:27; 35.438
 27.10.2025 19:09:26; 35.688
 27.10.2025 19:12:26; 36.000
 27.10.2025 19:15:27; 36.188
 27.10.2025 19:18:26; 36.250
 27.10.2025 19:21:26; 36.313
 27.10.2025 19:24:27; 36.375
 27.10.2025 19:27:27; 36.875
 27.10.2025 19:30:26; 37.500
 27.10.2025 19:33:27; 37.875
 27.10.2025 19:36:27; 38.188
 27.10.2025 19:39:26; 38.688
 27.10.2025 19:42:27; 38.938
 27.10.2025 19:45:27; 38.625
 27.10.2025 19:48:26; 38.563
 27.10.2025 19:51:27; 38.438
 27.10.2025 19:54:26; 38.250
 27.10.2025 19:57:26; 37.813
 27.10.2025 20:00:27; 37.438
 27.10.2025 20:03:26; 36.875
 27.10.2025 20:06:26; 37.125
 27.10.2025 20:09:27; 37.563
 27.10.2025 20:12:27; 37.438
 27.10.2025 20:15:26; 37.750
 27.10.2025 20:18:27; 37.875
 27.10.2025 20:21:27; 37.375
 27.10.2025 20:24:26; 36.625
 27.10.2025 20:27:27; 36.063
 27.10.2025 20:30:27; 35.875
 27.10.2025 20:33:26; 35.938
 27.10.2025 20:36:27; 35.625
 27.10.2025 20:39:26; 35.188
 27.10.2025 20:42:26; 34.938
 27.10.2025 20:45:27; 34.625
 27.10.2025 20:48:26; 34.500
 27.10.2025 20:51:26; 34.000
 27.10.2025 20:54:27; 33.188
 27.10.2025 20:57:27; 32.438
 27.10.2025 21:00:26; 32.063
 27.10.2025 21:03:27; 32.125
 27.10.2025 21:06:27; 31.750
 27.10.2025 21:09:26; 31.188
 27.10.2025 21:12:27; 30.563
 27.10.2025 21:15:27; 29.813
 27.10.2025 21:18:26; 29.750
 27.10.2025 21:21:27; 29.688
 27.10.2025 21:24:26; 29.688
 27.10.2025 21:27:26; 29.688
 27.10.2025 21:30:27; 29.188
 27.10.2025 21:33:26; 28.500
 27.10.2025 21:36:26; 27.875
 27.10.2025 21:39:27; 27.375
 27.10.2025 21:42:27; 26.938
 27.10.2025 21:45:26; 26.563
 27.10.2025 21:48:27; 26.188
 27.10.2025 21:51:27; 26.000
 27.10.2025 21:54:26; 25.813
 27.10.2025 21:57:27; 25.688
 27.10.2025 22:00:27; 25.500
 27.10.2025 22:03:26; 25.313
 27.10.2025 22:06:27; 25.188
 27.10.2025 22:09:26; 25.000
 27.10.2025 22:12:26; 24.750
 27.10.2025 22:15:27; 24.625
 27.10.2025 22:18:26; 24.500
 27.10.2025 22:21:26; 24.375
 27.10.2025 22:24:27; 24.188
 27.10.2025 22:27:27; 23.875
 27.10.2025 22:30:26; 23.750
 27.10.2025 22:33:27; 23.625
 27.10.2025 22:36:27; 23.500
 27.10.2025 22:39:26; 23.375
 27.10.2025 22:42:27; 23.250
 27.10.2025 22:45:27; 23.188
 27.10.2025 22:48:26; 23.063
 27.10.2025 22:51:27; 22.938
 27.10.2025 22:54:26; 22.813
 27.10.2025 22:57:26; 22.688
 27.10.2025 23:00:27; 22.563
 27.10.2025 23:03:26; 22.438
 27.10.2025 23:06:26; 22.375
 27.10.2025 23:09:27; 22.250
 27.10.2025 23:12:27; 22.188
 27.10.2025 23:15:26; 22.125
 27.10.2025 23:18:27; 22.063
 27.10.2025 23:21:27; 22.000
 27.10.2025 23:24:26; 21.938
 27.10.2025 23:27:27; 21.875
 27.10.2025 23:30:27; 21.750
 27.10.2025 23:33:26; 21.750
 27.10.2025 23:36:27; 21.688
 27.10.2025 23:39:26; 21.625
 27.10.2025 23:42:26; 21.563
 27.10.2025 23:45:27; 21.500
 27.10.2025 23:48:26; 21.438
 27.10.2025 23:51:26; 21.313
 27.10.2025 23:54:27; 21.250
 27.10.2025 23:57:27; 21.188
 28.10.2025 00:00:26; 21.125
 28.10.2025 00:03:27; 21.063
 28.10.2025 00:06:27; 21.000
 28.10.2025 00:09:26; 20.938
 28.10.2025 00:12:27; 20.938
 28.10.2025 00:15:27; 20.875
 28.10.2025 00:18:26; 20.813
 28.10.2025 00:21:27; 20.813
 28.10.2025 00:24:26; 20.750
 28.10.2025 00:27:26; 20.688
 28.10.2025 00:30:27; 20.625
 28.10.2025 00:33:26; 20.563
 28.10.2025 00:36:26; 20.500
 28.10.2025 00:39:27; 20.500
 28.10.2025 00:42:27; 20.438
 28.10.2025 00:45:26; 20.438
 28.10.2025 00:48:27; 20.375
 28.10.2025 00:51:27; 20.375
 28.10.2025 00:54:26; 20.250
 28.10.2025 00:57:27; 20.188
 28.10.2025 01:00:27; 20.125
 28.10.2025 01:03:26; 20.063
 28.10.2025 01:06:27; 20.000
 28.10.2025 01:09:26; 19.875
 28.10.2025 01:12:26; 19.813
 28.10.2025 01:15:27; 19.750
 28.10.2025 01:18:26; 19.625
 28.10.2025 01:21:26; 19.563
 28.10.2025 01:24:27; 19.563
 28.10.2025 01:27:27; 19.500
 28.10.2025 01:30:26; 19.438
 28.10.2025 01:33:27; 19.313
 28.10.2025 01:36:27; 19.250
 28.10.2025 01:39:26; 19.125
 28.10.2025 01:42:27; 19.063
 28.10.2025 01:45:27; 18.938
 28.10.2025 01:48:26; 18.875
 28.10.2025 01:51:27; 18.875
 28.10.2025 01:54:26; 18.813
 28.10.2025 01:57:26; 18.750
 28.10.2025 02:00:27; 18.688
 28.10.2025 02:03:26; 18.688
 28.10.2025 02:06:26; 18.625
 28.10.2025 02:09:27; 18.563
 28.10.2025 02:12:27; 18.500
 28.10.2025 02:15:26; 18.438
 28.10.2025 02:18:27; 18.438
 28.10.2025 02:21:27; 18.375
 28.10.2025 02:24:26; 18.375
 28.10.2025 02:27:27; 18.313
 28.10.2025 02:30:27; 18.313
 28.10.2025 02:33:26; 18.250
 28.10.2025 02:36:27; 18.188
 28.10.2025 02:39:26; 18.125
 28.10.2025 02:42:26; 18.063
 28.10.2025 02:45:27; 18.063
 28.10.2025 02:48:26; 18.000
 28.10.2025 02:51:26; 17.938
 28.10.2025 02:54:27; 17.938
 28.10.2025 02:57:27; 17.875
 28.10.2025 03:00:26; 17.875
 28.10.2025 03:03:27; 17.875
 28.10.2025 03:06:27; 17.875
 28.10.2025 03:09:26; 17.875
 28.10.2025 03:12:27; 17.813
 28.10.2025 03:15:27; 17.813
 28.10.2025 03:18:26; 17.813
 28.10.2025 03:21:27; 17.813
 28.10.2025 03:24:26; 17.750
 28.10.2025 03:27:26; 17.688
 28.10.2025 03:30:27; 17.688
 28.10.2025 03:33:26; 17.688
 28.10.2025 03:36:26; 17.688
 28.10.2025 03:39:27; 17.688
 28.10.2025 03:42:27; 17.625
 28.10.2025 03:45:26; 17.563
 28.10.2025 03:48:27; 17.500
 28.10.2025 03:51:27; 17.438
 28.10.2025 03:54:26; 17.375
 28.10.2025 03:57:27; 17.313
 28.10.2025 04:00:27; 17.313
 28.10.2025 04:03:26; 17.250
 28.10.2025 04:06:27; 17.188
 28.10.2025 04:09:26; 17.125
 28.10.2025 04:12:26; 17.188
 28.10.2025 04:15:27; 17.250
 28.10.2025 04:18:26; 17.188
 28.10.2025 04:21:26; 17.063
 28.10.2025 04:24:27; 17.063
 28.10.2025 04:27:27; 17.063
 28.10.2025 04:30:26; 17.063
 28.10.2025 04:33:27; 17.125
 28.10.2025 04:36:27; 17.125
 28.10.2025 04:39:26; 17.125
 28.10.2025 04:42:27; 17.125
 28.10.2025 04:45:27; 17.125
 28.10.2025 04:48:26; 17.125
 28.10.2025 04:51:27; 17.063
 28.10.2025 04:54:26; 17.063
 28.10.2025 04:57:26; 17.063
 28.10.2025 05:00:27; 17.063
 28.10.2025 05:03:26; 17.000
 28.10.2025 05:06:26; 17.000
 28.10.2025 05:09:27; 16.938
 28.10.2025 05:12:27; 16.938
 28.10.2025 05:15:26; 16.938
 28.10.2025 05:18:27; 16.875
 28.10.2025 05:21:27; 16.813
 28.10.2025 05:24:26; 16.750
 28.10.2025 05:27:27; 16.625
 28.10.2025 05:30:27; 16.563
 28.10.2025 05:33:26; 16.500
 28.10.2025 05:36:27; 16.438
 28.10.2025 05:39:26; 16.375
 28.10.2025 05:42:26; 16.375
 28.10.2025 05:45:27; 16.375
 28.10.2025 05:48:26; 16.438
 28.10.2025 05:51:26; 16.375
 28.10.2025 05:54:27; 16.375
 28.10.2025 05:57:27; 16.250
 28.10.2025 06:00:26; 16.188
 28.10.2025 06:03:27; 16.125
 28.10.2025 06:06:27; 16.063
 28.10.2025 06:09:26; 16.000
 28.10.2025 06:12:27; 16.000
 28.10.2025 06:15:27; 16.000
 28.10.2025 06:18:26; 15.938
 28.10.2025 06:21:27; 15.813
 28.10.2025 06:24:26; 15.750
 28.10.2025 06:27:26; 15.750
 28.10.2025 06:30:27; 15.688
 28.10.2025 06:33:26; 15.688
 28.10.2025 06:36:26; 15.625
 28.10.2025 06:39:27; 15.625
 28.10.2025 06:42:27; 15.563
 28.10.2025 06:45:26; 15.500
 28.10.2025 06:48:27; 15.500
 28.10.2025 06:51:27; 15.438
 28.10.2025 06:54:26; 15.375
 28.10.2025 06:57:27; 15.375
 28.10.2025 07:00:27; 15.313
 28.10.2025 07:03:26; 15.313
 28.10.2025 07:06:27; 15.375
 28.10.2025 07:09:26; 15.438
 28.10.2025 07:12:26; 15.438
 28.10.2025 07:15:27; 15.438
 28.10.2025 07:18:26; 15.500
 28.10.2025 07:21:26; 15.500
 28.10.2025 07:24:27; 15.563
 28.10.2025 07:27:27; 15.563
 28.10.2025 07:30:26; 15.563
 28.10.2025 07:33:27; 15.563
 28.10.2025 07:36:27; 15.500
 28.10.2025 07:39:26; 15.438
 28.10.2025 07:42:27; 15.313
 28.10.2025 07:45:27; 15.313
 28.10.2025 07:48:26; 15.313
 28.10.2025 07:51:27; 15.313
 28.10.2025 07:54:26; 15.313
 28.10.2025 07:57:26; 15.313
 28.10.2025 08:00:27; 15.313
 28.10.2025 08:03:26; 15.313
 28.10.2025 08:06:26; 15.313
 28.10.2025 08:09:27; 15.250
 28.10.2025 08:12:27; 15.250
 28.10.2025 08:15:26; 15.188
 28.10.2025 08:18:27; 15.188
 28.10.2025 08:21:27; 15.188
 28.10.2025 08:24:26; 15.188
 28.10.2025 08:27:27; 15.125
 28.10.2025 08:30:27; 15.125
 28.10.2025 08:33:26; 15.125
 28.10.2025 08:36:27; 15.063
 28.10.2025 08:39:26; 15.000
 28.10.2025 08:42:26; 15.000
 28.10.2025 08:45:27; 14.938
 28.10.2025 08:48:26; 14.938
 28.10.2025 08:51:26; 14.938
 28.10.2025 08:54:27; 14.875
 28.10.2025 08:57:27; 14.875
 28.10.2025 09:00:26; 14.875
 28.10.2025 09:03:27; 14.813
 28.10.2025 09:06:27; 14.813
 28.10.2025 09:09:26; 14.750
 28.10.2025 09:12:27; 14.750
 28.10.2025 09:15:27; 14.688
 28.10.2025 09:18:26; 14.688
 28.10.2025 09:21:27; 14.688
 28.10.2025 09:24:26; 14.750
 28.10.2025 09:27:26; 14.750
 28.10.2025 09:30:27; 14.750
 28.10.2025 09:33:26; 14.813
 28.10.2025 09:36:26; 14.813
 28.10.2025 09:39:27; 14.875
 28.10.2025 09:42:27; 14.875
 28.10.2025 09:45:26; 14.875
 28.10.2025 09:48:27; 14.875
 28.10.2025 09:51:27; 14.938
 28.10.2025 09:54:26; 14.938
 28.10.2025 09:57:27; 14.938
 28.10.2025 10:00:27; 14.938
 28.10.2025 10:03:26; 15.000
 28.10.2025 10:06:27; 15.063
 28.10.2025 10:09:26; 15.063
 28.10.2025 10:12:26; 15.125
 28.10.2025 10:15:27; 15.188
 28.10.2025 10:18:26; 15.250
 28.10.2025 10:21:26; 15.313
 28.10.2025 10:24:27; 15.375
 28.10.2025 10:27:27; 15.375
 28.10.2025 10:30:26; 15.500
 28.10.2025 10:33:27; 15.563
 28.10.2025 10:36:27; 15.688
 28.10.2025 10:39:26; 15.750
 28.10.2025 10:42:27; 15.813
 28.10.2025 10:45:27; 15.938
 28.10.2025 10:48:26; 16.063
 28.10.2025 10:51:27; 16.125
 28.10.2025 10:54:26; 16.250
 28.10.2025 10:57:26; 16.438
 28.10.2025 11:00:27; 16.563
 28.10.2025 11:03:26; 16.750
 28.10.2025 11:06:26; 16.875
 28.10.2025 11:09:27; 17.000
 28.10.2025 11:12:27; 17.188
 28.10.2025 11:15:26; 17.375
 28.10.2025 11:18:27; 17.563
 28.10.2025 11:21:27; 17.813
 28.10.2025 11:24:26; 18.063
 28.10.2025 11:27:27; 18.313
 28.10.2025 11:30:27; 18.500
 28.10.2025 11:33:26; 18.750
 28.10.2025 11:36:27; 18.875
 28.10.2025 11:39:26; 19.063
 28.10.2025 11:42:26; 19.250
 28.10.2025 11:45:27; 19.500
 28.10.2025 11:48:26; 19.625
 28.10.2025 11:51:26; 19.813
 28.10.2025 11:54:27; 20.000
 28.10.2025 11:57:27; 20.250
 28.10.2025 12:00:26; 20.375
 28.10.2025 12:03:27; 20.563
 28.10.2025 12:06:27; 20.813
 28.10.2025 12:09:26; 20.938
 28.10.2025 12:12:27; 21.125
 28.10.2025 12:15:27; 21.250
 28.10.2025 12:18:26; 21.375
 28.10.2025 12:21:27; 21.625
 28.10.2025 12:24:26; 21.750
 28.10.2025 12:27:26; 22.000
 28.10.2025 12:30:27; 22.188
 28.10.2025 12:33:26; 22.375
 28.10.2025 12:36:26; 22.500
 28.10.2025 12:39:27; 22.688
 28.10.2025 12:42:27; 22.938
 28.10.2025 12:45:26; 23.125
 28.10.2025 12:48:27; 23.313
 28.10.2025 12:51:27; 23.438
 28.10.2025 12:54:26; 23.563
 28.10.2025 12:57:27; 23.688
 28.10.2025 13:00:27; 23.750
 28.10.2025 13:03:26; 23.938
 28.10.2025 13:06:27; 23.938
 28.10.2025 13:09:26; 24.063
 28.10.2025 13:12:26; 24.188
 28.10.2025 13:15:27; 24.375
 28.10.2025 13:18:26; 24.500
 28.10.2025 13:21:26; 24.625
 28.10.2025 13:24:27; 24.813
 28.10.2025 13:27:27; 24.875
 28.10.2025 13:30:26; 25.000
 28.10.2025 13:33:27; 25.188
 28.10.2025 13:36:27; 25.250
 28.10.2025 13:39:26; 25.375
 28.10.2025 13:42:27; 25.500
 28.10.2025 13:45:27; 25.688
 28.10.2025 13:48:26; 25.813
 28.10.2025 13:51:27; 26.000
 28.10.2025 13:54:26; 26.063
 28.10.2025 13:57:26; 26.125
 28.10.2025 14:00:27; 26.250
 28.10.2025 14:03:26; 26.375
 28.10.2025 14:06:26; 26.500
 28.10.2025 14:09:27; 26.563
 28.10.2025 14:12:27; 26.625
 28.10.2025 14:15:26; 26.625
 28.10.2025 14:18:27; 26.688
 28.10.2025 14:21:27; 26.750
 28.10.2025 14:24:26; 26.875
 28.10.2025 14:27:27; 27.000
 28.10.2025 14:30:27; 27.188
 28.10.2025 14:33:26; 27.313
 28.10.2025 14:36:27; 27.438
 28.10.2025 14:39:26; 27.500
 28.10.2025 14:42:26; 27.750
 28.10.2025 14:45:27; 27.813
 28.10.2025 14:48:26; 27.813
 28.10.2025 14:51:26; 27.938
 28.10.2025 14:54:27; 28.063
 28.10.2025 14:57:27; 28.188
 28.10.2025 15:00:26; 28.375
 28.10.2025 15:03:27; 28.500
 28.10.2025 15:06:27; 28.563
 28.10.2025 15:09:26; 28.625
 28.10.2025 15:12:27; 28.750
 28.10.2025 15:15:27; 28.938
 28.10.2025 15:18:26; 29.125
 28.10.2025 15:21:27; 29.188
 28.10.2025 15:24:26; 29.313
 28.10.2025 15:27:26; 29.375
 28.10.2025 15:30:27; 29.500
 28.10.2025 15:33:26; 29.625
 28.10.2025 15:36:26; 29.625
 28.10.2025 15:39:27; 29.688
 28.10.2025 15:42:27; 29.875
 28.10.2025 15:45:26; 30.063
 28.10.2025 15:48:27; 30.313
 28.10.2025 15:51:27; 30.438
 28.10.2025 15:54:26; 30.563
 28.10.2025 15:57:27; 30.688
 28.10.2025 16:00:27; 31.000
 28.10.2025 16:03:26; 31.188
 28.10.2025 16:06:27; 31.125
 28.10.2025 16:09:26; 31.250
 28.10.2025 16:12:26; 31.438
 28.10.2025 16:15:27; 31.313
 28.10.2025 16:18:26; 31.500
 28.10.2025 16:21:26; 31.750
 28.10.2025 16:24:27; 31.938
 28.10.2025 16:27:27; 32.250
 28.10.2025 16:30:26; 32.438
 28.10.2025 16:33:27; 32.375
 28.10.2025 16:36:27; 32.250
 28.10.2025 16:39:26; 32.313
 28.10.2025 16:42:27; 32.750
 28.10.2025 16:45:27; 32.875
 28.10.2025 16:48:26; 32.750
 28.10.2025 16:51:27; 32.750
 28.10.2025 16:54:26; 32.938
 28.10.2025 16:57:26; 33.125
 28.10.2025 17:00:27; 33.125
 28.10.2025 17:03:26; 33.188
 28.10.2025 17:06:26; 33.125
 28.10.2025 17:09:27; 33.375
 28.10.2025 17:12:27; 33.625
 28.10.2025 17:15:26; 33.750
 28.10.2025 17:18:27; 34.063
 28.10.2025 17:21:27; 34.563
 28.10.2025 17:24:26; 34.688
 28.10.2025 17:27:27; 35.063
 28.10.2025 17:30:27; 35.063
 28.10.2025 17:33:26; 35.313
 28.10.2025 17:36:27; 35.563
 28.10.2025 17:39:26; 35.688
 28.10.2025 17:42:26; 36.188
 28.10.2025 17:45:27; 36.625
 28.10.2025 17:48:26; 36.875
 28.10.2025 17:51:26; 37.063
 28.10.2025 17:54:27; 37.438
 28.10.2025 17:57:27; 38.063
 28.10.2025 18:00:26; 38.000
 28.10.2025 18:03:27; 37.875
 28.10.2025 18:06:27; 38.438
 28.10.2025 18:09:26; 38.688
 28.10.2025 18:12:27; 37.688
 28.10.2025 18:15:27; 37.250
 28.10.2025 18:18:26; 37.750
 28.10.2025 18:21:27; 37.813
 28.10.2025 18:24:26; 38.125
 28.10.2025 18:27:26; 38.563
 28.10.2025 18:30:27; 38.250
 28.10.2025 18:33:26; 38.438
 28.10.2025 18:36:26; 38.188
 28.10.2025 18:39:27; 37.750
 28.10.2025 18:42:27; 37.250
 28.10.2025 18:45:26; 37.313
 28.10.2025 18:48:27; 37.438
 28.10.2025 18:51:27; 37.500
 28.10.2025 18:54:26; 37.500
 28.10.2025 18:57:27; 37.375
 28.10.2025 19:00:27; 37.063
 28.10.2025 19:03:26; 37.500
 28.10.2025 19:06:27; 37.250
 28.10.2025 19:09:26; 37.000
 28.10.2025 19:12:26; 36.563
 28.10.2025 19:15:27; 36.250
 28.10.2025 19:18:26; 36.125
 28.10.2025 19:21:26; 36.375
 28.10.2025 19:24:27; 36.375
 28.10.2025 19:27:27; 36.500
 28.10.2025 19:30:26; 36.875
 28.10.2025 19:33:27; 37.563
 28.10.2025 19:36:27; 37.688
 28.10.2025 19:39:26; 37.938
 28.10.2025 19:42:27; 38.188
 28.10.2025 19:45:27; 38.375
 28.10.2025 19:48:26; 38.438
 28.10.2025 19:51:27; 38.063
 28.10.2025 19:54:26; 37.688
 28.10.2025 19:57:26; 37.313
 28.10.2025 20:00:27; 37.000
 28.10.2025 20:03:26; 37.500
 28.10.2025 20:06:26; 37.563
 28.10.2025 20:09:27; 37.938
 28.10.2025 20:12:27; 37.938
 28.10.2025 20:15:26; 38.000
 28.10.2025 20:18:27; 37.875
 28.10.2025 20:21:27; 37.938
 28.10.2025 20:24:26; 37.938
 28.10.2025 20:27:27; 37.500
 28.10.2025 20:30:27; 37.188
 28.10.2025 20:33:26; 36.813
 28.10.2025 20:36:27; 36.563
 28.10.2025 20:39:26; 36.000
 28.10.2025 20:42:26; 35.875
 28.10.2025 20:45:27; 35.438
 28.10.2025 20:48:26; 34.875
 28.10.2025 20:51:26; 34.313
 28.10.2025 20:54:27; 33.563
 28.10.2025 20:57:27; 32.750
 28.10.2025 21:00:26; 32.500
 28.10.2025 21:03:27; 32.313
 28.10.2025 21:06:27; 31.813
 28.10.2025 21:09:26; 31.250
 28.10.2025 21:12:27; 30.688
 28.10.2025 21:15:27; 30.313
 28.10.2025 21:18:26; 30.438
 28.10.2025 21:21:27; 30.500
 28.10.2025 21:24:26; 30.625
 28.10.2025 21:27:26; 30.438
 28.10.2025 21:30:27; 29.750
 28.10.2025 21:33:26; 28.938
 28.10.2025 21:36:26; 28.375
 28.10.2025 21:39:27; 27.875
 28.10.2025 21:42:27; 27.438
 28.10.2025 21:45:26; 27.188
 28.10.2025 21:48:27; 27.125
 28.10.2025 21:51:27; 27.063
 28.10.2025 21:54:26; 26.875
 28.10.2025 21:57:27; 26.750
 28.10.2025 22:00:27; 27.000
 28.10.2025 22:03:26; 26.938
 28.10.2025 22:06:27; 26.750
 28.10.2025 22:09:26; 26.500
 28.10.2025 22:12:26; 26.563
 28.10.2025 22:15:27; 26.563
 28.10.2025 22:18:26; 26.375
 28.10.2025 22:21:26; 26.000
 28.10.2025 22:24:27; 25.750
 28.10.2025 22:27:27; 25.500
 28.10.2025 22:30:26; 25.313
 28.10.2025 22:33:27; 25.375
 28.10.2025 22:36:27; 25.250
 28.10.2025 22:39:26; 25.000
 28.10.2025 22:42:27; 24.750
 28.10.2025 22:45:27; 24.500
 28.10.2025 22:48:26; 24.313
 28.10.2025 22:51:27; 24.125
 28.10.2025 22:54:26; 23.938
 28.10.2025 22:57:26; 23.875
 28.10.2025 23:00:27; 23.688
 28.10.2025 23:03:26; 23.688
 28.10.2025 23:06:26; 23.625
 28.10.2025 23:09:27; 23.688
 28.10.2025 23:12:27; 23.688
 28.10.2025 23:15:26; 23.625
 28.10.2025 23:18:27; 23.500
 28.10.2025 23:21:27; 23.375
 28.10.2025 23:24:26; 23.313
 28.10.2025 23:27:27; 23.188
 28.10.2025 23:30:27; 23.063
 28.10.2025 23:33:26; 22.938
 28.10.2025 23:36:27; 22.875
 28.10.2025 23:39:26; 22.813
 28.10.2025 23:42:26; 22.750
 28.10.2025 23:45:27; 22.688
 28.10.2025 23:48:26; 22.625
 28.10.2025 23:51:26; 22.625
 28.10.2025 23:54:27; 22.563
 28.10.2025 23:57:27; 22.500
 29.10.2025 00:00:26; 22.438
 29.10.2025 00:03:27; 22.438
 29.10.2025 00:06:27; 22.375
 29.10.2025 00:09:26; 22.313
 29.10.2025 00:12:27; 22.250
 29.10.2025 00:15:27; 22.250
 29.10.2025 00:18:26; 22.188
 29.10.2025 00:21:27; 22.125
 29.10.2025 00:24:26; 22.125
 29.10.2025 00:27:26; 22.063
 29.10.2025 00:30:27; 22.063
 29.10.2025 00:33:26; 22.000
 29.10.2025 00:36:26; 21.938
 29.10.2025 00:39:27; 21.938
 29.10.2025 00:42:27; 21.875
 29.10.2025 00:45:26; 21.813
 29.10.2025 00:48:27; 21.750
 29.10.2025 00:51:27; 21.750
 29.10.2025 00:54:26; 21.750
 29.10.2025 00:57:27; 21.688
 29.10.2025 01:00:27; 21.625
 29.10.2025 01:03:26; 21.625
 29.10.2025 01:06:27; 21.563
 29.10.2025 01:09:26; 21.563
 29.10.2025 01:12:26; 21.500
 29.10.2025 01:15:27; 21.500
 29.10.2025 01:18:26; 21.375
 29.10.2025 01:21:26; 21.313
 29.10.2025 01:24:27; 21.250
 29.10.2025 01:27:27; 21.188
 29.10.2025 01:30:26; 21.188
 29.10.2025 01:33:27; 21.125
 29.10.2025 01:36:27; 21.063
 29.10.2025 01:39:26; 21.063
 29.10.2025 01:42:27; 21.063
 29.10.2025 01:45:27; 20.938
 29.10.2025 01:48:26; 20.813
 29.10.2025 01:51:27; 20.813
 29.10.2025 01:54:26; 20.750
 29.10.2025 01:57:26; 20.688
 29.10.2025 02:00:27; 20.563
 29.10.2025 02:03:26; 20.438
 29.10.2025 02:06:26; 20.375
 29.10.2025 02:09:27; 20.438
 29.10.2025 02:12:27; 20.438
 29.10.2025 02:15:26; 20.500
 29.10.2025 02:18:27; 20.563
 29.10.2025 02:21:27; 20.688
 29.10.2025 02:24:26; 20.750
 29.10.2025 02:27:27; 20.813
 29.10.2025 02:30:27; 20.813
 29.10.2025 02:33:26; 20.813
 29.10.2025 02:36:27; 20.813
 29.10.2025 02:39:26; 20.750
 29.10.2025 02:42:26; 20.688
 29.10.2025 02:45:27; 20.625
 29.10.2025 02:48:26; 20.500
 29.10.2025 02:51:26; 20.375
 29.10.2025 02:54:27; 20.313
 29.10.2025 02:57:27; 20.250
 29.10.2025 03:00:26; 20.188
 29.10.2025 03:03:27; 20.125
 29.10.2025 03:06:27; 20.000
 29.10.2025 03:09:26; 19.875
 29.10.2025 03:12:27; 19.813
 29.10.2025 03:15:27; 19.688
 29.10.2025 03:18:26; 19.688
 29.10.2025 03:21:27; 19.563
 29.10.2025 03:24:26; 19.500
 29.10.2025 03:27:26; 19.500
 29.10.2025 03:30:27; 19.500
 29.10.2025 03:33:26; 19.500
 29.10.2025 03:36:26; 19.500
 29.10.2025 03:39:27; 19.438
 29.10.2025 03:42:27; 19.500
 29.10.2025 03:45:26; 19.500
 29.10.2025 03:48:27; 19.500
 29.10.2025 03:51:27; 19.563
 29.10.2025 03:54:26; 19.500
 29.10.2025 03:57:27; 19.563
 29.10.2025 04:00:27; 19.563
 29.10.2025 04:03:26; 19.625
 29.10.2025 04:06:27; 19.688
 29.10.2025 04:09:26; 19.688
 29.10.2025 04:12:26; 19.688
 29.10.2025 04:15:27; 19.688
 29.10.2025 04:18:26; 19.688
 29.10.2025 04:21:26; 19.625
 29.10.2025 04:24:27; 19.563
 29.10.2025 04:27:27; 19.500
 29.10.2025 04:30:26; 19.500
 29.10.2025 04:33:27; 19.500
 29.10.2025 04:36:27; 19.500
 29.10.2025 04:39:26; 19.438
 29.10.2025 04:42:27; 19.375
 29.10.2025 04:45:27; 19.313
 29.10.2025 04:48:26; 19.250
 29.10.2025 04:51:27; 19.188
 29.10.2025 04:54:26; 19.125
 29.10.2025 04:57:26; 19.000
 29.10.2025 05:00:27; 18.938
 29.10.2025 05:03:26; 18.813
 29.10.2025 05:06:26; 18.813
 29.10.2025 05:09:27; 18.688
 29.10.2025 05:12:27; 18.563
 29.10.2025 05:15:26; 18.500
 29.10.2025 05:18:27; 18.438
 29.10.2025 05:21:27; 18.313
 29.10.2025 05:24:26; 18.313
 29.10.2025 05:27:27; 18.188
 29.10.2025 05:30:27; 18.125
 29.10.2025 05:33:26; 18.063
 29.10.2025 05:36:27; 18.063
 29.10.2025 05:39:26; 17.938
 29.10.2025 05:42:26; 17.875
 29.10.2025 05:45:27; 17.875
 29.10.2025 05:48:26; 17.875
 29.10.2025 05:51:26; 17.875
 29.10.2025 05:54:27; 17.875
 29.10.2025 05:57:27; 17.813
 29.10.2025 06:00:26; 17.688
 29.10.2025 06:03:27; 17.688
 29.10.2025 06:06:27; 17.625
 29.10.2025 06:09:26; 17.563
 29.10.2025 06:12:27; 17.563
 29.10.2025 06:15:27; 17.625
 29.10.2025 06:18:26; 17.563
 29.10.2025 06:21:27; 17.563
 29.10.2025 06:24:26; 17.500
 29.10.2025 06:27:26; 17.563
 29.10.2025 06:30:27; 17.563
 29.10.2025 06:33:26; 17.500
 29.10.2025 06:36:26; 17.500
 29.10.2025 06:39:27; 17.438
 29.10.2025 06:42:27; 17.375
 29.10.2025 06:45:26; 17.313
 29.10.2025 06:48:27; 17.250
 29.10.2025 06:51:27; 17.250
 29.10.2025 06:54:26; 17.250
 29.10.2025 06:57:27; 17.250
 29.10.2025 07:00:27; 17.188
 29.10.2025 07:03:26; 17.188
 29.10.2025 07:06:27; 17.125
 29.10.2025 07:09:26; 17.063
 29.10.2025 07:12:26; 17.000
 29.10.2025 07:15:27; 16.938
 29.10.2025 07:18:26; 16.875
 29.10.2025 07:21:26; 16.813
 29.10.2025 07:24:27; 16.750
 29.10.2025 07:27:27; 16.688
 29.10.2025 07:30:26; 16.625
 29.10.2025 07:33:27; 16.563
 29.10.2025 07:36:27; 16.563
 29.10.2025 07:39:26; 16.625
 29.10.2025 07:42:27; 16.625
 29.10.2025 07:45:27; 16.625
 29.10.2025 07:48:26; 16.688
 29.10.2025 07:51:27; 16.688
 29.10.2025 07:54:26; 16.688
 29.10.2025 07:57:26; 16.688
 29.10.2025 08:00:27; 16.688
 29.10.2025 08:03:26; 16.625
 29.10.2025 08:06:26; 16.625
 29.10.2025 08:09:27; 16.688
 29.10.2025 08:12:27; 16.625
 29.10.2025 08:15:26; 16.688
 29.10.2025 08:18:27; 16.688
 29.10.2025 08:21:27; 16.688
 29.10.2025 08:24:26; 16.688
 29.10.2025 08:27:27; 16.625
 29.10.2025 08:30:27; 16.563
 29.10.2025 08:33:26; 16.563
 29.10.2025 08:36:27; 16.563
 29.10.2025 08:39:26; 16.563
 29.10.2025 08:42:26; 16.625
 29.10.2025 08:45:27; 16.688
 29.10.2025 08:48:26; 16.688
 29.10.2025 08:51:26; 16.688
 29.10.2025 08:54:27; 16.750
 29.10.2025 08:57:27; 16.750
 29.10.2025 09:00:26; 16.688
 29.10.2025 09:03:27; 16.625
 29.10.2025 09:06:27; 16.625
 29.10.2025 09:09:26; 16.688
 29.10.2025 09:12:27; 16.688
 29.10.2025 09:15:27; 16.688
 29.10.2025 09:18:26; 16.688
 29.10.2025 09:21:27; 16.625
 29.10.2025 09:24:26; 16.625
 29.10.2025 09:27:26; 16.625
 29.10.2025 09:30:27; 16.688
 29.10.2025 09:33:26; 16.625
 29.10.2025 09:36:26; 16.625
 29.10.2025 09:39:27; 16.625
 29.10.2025 09:42:27; 16.625
 29.10.2025 09:45:26; 16.563
 29.10.2025 09:48:27; 16.563
 29.10.2025 09:51:27; 16.563
 29.10.2025 09:54:26; 16.500
 29.10.2025 09:57:27; 16.500
 29.10.2025 10:00:27; 16.563
 29.10.2025 10:03:26; 16.563
 29.10.2025 10:06:27; 16.563
 29.10.2025 10:09:26; 16.625
 29.10.2025 10:12:26; 16.625
 29.10.2025 10:15:27; 16.688
 29.10.2025 10:18:26; 16.688
 29.10.2025 10:21:26; 16.750
 29.10.2025 10:24:27; 16.750
 29.10.2025 10:27:27; 16.813
 29.10.2025 10:30:26; 16.875
 29.10.2025 10:33:27; 16.938
 29.10.2025 10:36:27; 17.000
 29.10.2025 10:39:26; 17.063
 29.10.2025 10:42:27; 17.125
 29.10.2025 10:45:27; 17.188
 29.10.2025 10:48:26; 17.250
 29.10.2025 10:51:27; 17.313
 29.10.2025 10:54:26; 17.375
 29.10.2025 10:57:26; 17.563
 29.10.2025 11:00:27; 17.625
 29.10.2025 11:03:26; 17.813
 29.10.2025 11:06:26; 18.000
 29.10.2025 11:09:27; 18.188
 29.10.2025 11:12:27; 18.375
 29.10.2025 11:15:26; 18.563
 29.10.2025 11:18:27; 18.750
 29.10.2025 11:21:27; 18.938
 29.10.2025 11:24:26; 19.125
 29.10.2025 11:27:27; 19.250
 29.10.2025 11:30:27; 19.438
 29.10.2025 11:33:26; 19.563
 29.10.2025 11:36:27; 19.688
 29.10.2025 11:39:26; 19.875
 29.10.2025 11:42:26; 20.063
 29.10.2025 11:45:27; 20.188
 29.10.2025 11:48:26; 20.375
 29.10.2025 11:51:26; 20.563
 29.10.2025 11:54:27; 20.688
 29.10.2025 11:57:27; 20.813
 29.10.2025 12:00:26; 21.000
 29.10.2025 12:03:27; 21.125
 29.10.2025 12:06:27; 21.250
 29.10.2025 12:09:26; 21.375
 29.10.2025 12:12:27; 21.500
 29.10.2025 12:15:27; 21.625
 29.10.2025 12:18:26; 21.688
 29.10.2025 12:21:27; 21.750
 29.10.2025 12:24:26; 21.875
 29.10.2025 12:27:26; 21.938
 29.10.2025 12:30:27; 21.938
 29.10.2025 12:33:26; 22.063
 29.10.2025 12:36:26; 22.188
 29.10.2025 12:39:27; 22.313
 29.10.2025 12:42:27; 22.500
 29.10.2025 12:45:26; 22.625
 29.10.2025 12:48:27; 22.750
 29.10.2025 12:51:27; 22.875
 29.10.2025 12:54:26; 22.938
 29.10.2025 12:57:27; 23.000
 29.10.2025 13:00:27; 23.125
 29.10.2025 13:03:26; 23.125
 29.10.2025 13:06:27; 23.188
 29.10.2025 13:09:26; 23.188
 29.10.2025 13:12:26; 23.313
 29.10.2025 13:15:27; 23.375
 29.10.2025 13:18:26; 23.438
 29.10.2025 13:21:26; 23.625
 29.10.2025 13:24:27; 23.688
 29.10.2025 13:27:27; 23.813
 29.10.2025 13:30:26; 24.000
 29.10.2025 13:33:27; 24.000
 29.10.2025 13:36:27; 24.188
 29.10.2025 13:39:26; 24.375
 29.10.2025 13:42:27; 24.500
 29.10.2025 13:45:27; 24.688
 29.10.2025 13:48:26; 24.875
 29.10.2025 13:51:27; 25.063
 29.10.2025 13:54:26; 25.125
 29.10.2025 13:57:26; 25.125
 29.10.2025 14:00:27; 25.063
 29.10.2025 14:03:26; 25.125
 29.10.2025 14:06:26; 25.250
 29.10.2025 14:09:27; 25.313
 29.10.2025 14:12:27; 25.313
 29.10.2025 14:15:26; 25.250
 29.10.2025 14:18:27; 25.563
 29.10.2025 14:21:27; 25.813
 29.10.2025 14:24:26; 25.938
 29.10.2025 14:27:27; 26.063
 29.10.2025 14:30:27; 26.125
 29.10.2025 14:33:26; 26.313
 29.10.2025 14:36:27; 26.375
 29.10.2025 14:39:26; 26.500
 29.10.2025 14:42:26; 26.438
 29.10.2025 14:45:27; 26.563
 29.10.2025 14:48:26; 26.625
 29.10.2025 14:51:26; 26.750
 29.10.2025 14:54:27; 26.938
 29.10.2025 14:57:27; 27.063
 29.10.2025 15:00:26; 27.313
 29.10.2025 15:03:27; 27.563
 29.10.2025 15:06:27; 27.750
 29.10.2025 15:09:26; 27.938
 29.10.2025 15:12:27; 28.063
 29.10.2025 15:15:27; 28.125
 29.10.2025 15:18:26; 28.250
 29.10.2025 15:21:27; 28.438
 29.10.2025 15:24:26; 28.500
 29.10.2025 15:27:26; 28.500
 29.10.2025 15:30:27; 28.563
 29.10.2025 15:33:26; 28.813
 29.10.2025 15:36:26; 29.063
 29.10.2025 15:39:27; 29.438
 29.10.2025 15:42:27; 29.500
 29.10.2025 15:45:26; 29.625
 29.10.2025 15:48:27; 29.813
 29.10.2025 15:51:27; 29.938
 29.10.2025 15:54:26; 30.063
 29.10.2025 15:57:27; 30.313
 29.10.2025 16:00:27; 30.438
 29.10.2025 16:03:26; 30.438
 29.10.2025 16:06:27; 30.563
 29.10.2025 16:09:26; 30.375
 29.10.2025 16:12:26; 30.375
 29.10.2025 16:15:27; 30.625
 29.10.2025 16:18:26; 31.125
 29.10.2025 16:21:26; 31.250
 29.10.2025 16:24:27; 31.188
 29.10.2025 16:27:27; 31.375
 29.10.2025 16:30:26; 31.563
 29.10.2025 16:33:27; 31.875
 29.10.2025 16:36:27; 32.125
 29.10.2025 16:39:26; 32.313
 29.10.2025 16:42:27; 32.313
 29.10.2025 16:45:27; 32.625
 29.10.2025 16:48:26; 32.688
 29.10.2025 16:51:27; 32.938
 29.10.2025 16:54:26; 33.000
 29.10.2025 16:57:26; 32.813
 29.10.2025 17:00:27; 32.938
 29.10.2025 17:03:26; 32.813
 29.10.2025 17:06:26; 33.000
 29.10.2025 17:09:27; 33.188
 29.10.2025 17:12:27; 33.438
 29.10.2025 17:15:26; 33.563
 29.10.2025 17:18:27; 33.688
 29.10.2025 17:21:27; 33.625
 29.10.2025 17:24:26; 33.750
 29.10.2025 17:27:27; 34.125
 29.10.2025 17:30:27; 34.188
 29.10.2025 17:33:26; 34.000
 29.10.2025 17:36:27; 34.313
 29.10.2025 17:39:26; 34.250
 29.10.2025 17:42:26; 34.438
 29.10.2025 17:45:27; 34.563
 29.10.2025 17:48:26; 34.875
 29.10.2025 17:51:26; 35.188
 29.10.2025 17:54:27; 35.500
 29.10.2025 17:57:27; 36.063
 29.10.2025 18:00:26; 36.375
 29.10.2025 18:03:27; 36.813
 29.10.2025 18:06:27; 37.125
 29.10.2025 18:09:26; 37.188
 29.10.2025 18:12:27; 37.438
 29.10.2025 18:15:27; 37.500
 29.10.2025 18:18:26; 37.563
 29.10.2025 18:21:27; 37.750
 29.10.2025 18:24:26; 37.938
 29.10.2025 18:27:26; 38.188
 29.10.2025 18:30:27; 38.313
 29.10.2025 18:33:26; 37.375
 29.10.2025 18:36:26; 37.688
 29.10.2025 18:39:27; 37.688
 29.10.2025 18:42:27; 37.188
 29.10.2025 18:45:26; 36.938
 29.10.2025 18:48:27; 37.125
 29.10.2025 18:51:27; 37.125
 29.10.2025 18:54:26; 36.813
 29.10.2025 18:57:27; 36.563
 29.10.2025 19:00:27; 36.563
 29.10.2025 19:03:26; 36.625
 29.10.2025 19:06:27; 36.500
 29.10.2025 19:09:26; 36.438
 29.10.2025 19:12:26; 36.563
 29.10.2025 19:15:27; 36.750
 29.10.2025 19:18:26; 37.000
 29.10.2025 19:21:26; 36.938
 29.10.2025 19:24:27; 37.313
 29.10.2025 19:27:27; 37.438
 29.10.2025 19:30:26; 37.625
 29.10.2025 19:33:27; 37.875
 29.10.2025 19:36:27; 38.000
 29.10.2025 19:39:26; 38.188
 29.10.2025 19:42:27; 38.188
 29.10.2025 19:45:27; 38.250
 29.10.2025 19:48:26; 38.250
 29.10.2025 19:51:27; 38.313
 29.10.2025 19:54:26; 38.563
 29.10.2025 19:57:26; 38.063
 29.10.2025 20:00:27; 37.500
 29.10.2025 20:03:26; 36.625
 29.10.2025 20:06:26; 37.000
 29.10.2025 20:09:27; 37.563
 29.10.2025 20:12:27; 37.500
 29.10.2025 20:15:26; 36.938
 29.10.2025 20:18:27; 36.438
 29.10.2025 20:21:27; 36.438
 29.10.2025 20:24:26; 36.563
 29.10.2025 20:27:27; 36.813
 29.10.2025 20:30:27; 36.750
 29.10.2025 20:33:26; 35.625
 29.10.2025 20:36:27; 35.063
 29.10.2025 20:39:26; 34.750
 29.10.2025 20:42:26; 34.438
 29.10.2025 20:45:27; 34.125
 29.10.2025 20:48:26; 34.063
 29.10.2025 20:51:26; 33.563
 29.10.2025 20:54:27; 33.063
 29.10.2025 20:57:27; 32.500
 29.10.2025 21:00:26; 32.000
 29.10.2025 21:03:27; 31.938
 29.10.2025 21:06:27; 31.625
 29.10.2025 21:09:26; 31.250
 29.10.2025 21:12:27; 31.063
 29.10.2025 21:15:27; 30.250
 29.10.2025 21:18:26; 30.125
 29.10.2025 21:21:27; 30.063
 29.10.2025 21:24:26; 30.250
 29.10.2025 21:27:26; 30.625
 29.10.2025 21:30:27; 30.250
 29.10.2025 21:33:26; 29.438
 29.10.2025 21:36:26; 28.688
 29.10.2025 21:39:27; 28.188
 29.10.2025 21:42:27; 27.938
 29.10.2025 21:45:26; 27.500
 29.10.2025 21:48:27; 27.375
 29.10.2025 21:51:27; 27.375
 29.10.2025 21:54:26; 27.375
 29.10.2025 21:57:27; 27.375
 29.10.2025 22:00:27; 27.188
 29.10.2025 22:03:26; 26.938
 29.10.2025 22:06:27; 26.563
 29.10.2025 22:09:26; 26.375
 29.10.2025 22:12:26; 26.125
 29.10.2025 22:15:27; 25.938
 29.10.2025 22:18:26; 26.000
 29.10.2025 22:21:26; 25.813
 29.10.2025 22:24:27; 25.625
 29.10.2025 22:27:27; 25.688
 29.10.2025 22:30:26; 25.875
 29.10.2025 22:33:27; 26.000
 29.10.2025 22:36:27; 26.063
 29.10.2025 22:39:26; 26.188
 29.10.2025 22:42:27; 26.000
 29.10.2025 22:45:27; 26.125
 29.10.2025 22:48:26; 26.063
 29.10.2025 22:51:27; 26.063
 29.10.2025 22:54:26; 26.125
 29.10.2025 22:57:26; 26.000
 29.10.2025 23:00:27; 25.938
 29.10.2025 23:03:26; 25.938
 29.10.2025 23:06:26; 26.000
 29.10.2025 23:09:27; 26.000
 29.10.2025 23:12:27; 26.000
 29.10.2025 23:15:26; 25.938
 29.10.2025 23:18:27; 25.813
 29.10.2025 23:21:27; 25.813
 29.10.2025 23:24:26; 25.750
 29.10.2025 23:27:27; 25.625
 29.10.2025 23:30:27; 25.625
 29.10.2025 23:33:26; 25.563
 29.10.2025 23:36:27; 25.250
 29.10.2025 23:39:26; 24.750
 29.10.2025 23:42:26; 24.625
 29.10.2025 23:45:27; 24.313
 29.10.2025 23:48:26; 24.250
 29.10.2025 23:51:26; 24.250
 29.10.2025 23:54:27; 24.063
 29.10.2025 23:57:27; 23.688
 30.10.2025 00:00:26; 23.500
 30.10.2025 00:03:27; 23.375
 30.10.2025 00:06:27; 23.125
 30.10.2025 00:09:26; 22.938
 30.10.2025 00:12:27; 22.813
 30.10.2025 00:15:27; 22.625
 30.10.2025 00:18:26; 22.500
 30.10.2025 00:21:27; 22.375
 30.10.2025 00:24:26; 22.188
 30.10.2025 00:27:26; 22.063
 30.10.2025 00:30:27; 21.938
 30.10.2025 00:33:26; 21.875
 30.10.2025 00:36:26; 21.750
 30.10.2025 00:39:27; 21.813
 30.10.2025 00:42:27; 21.750
 30.10.2025 00:45:26; 21.688
 30.10.2025 00:48:27; 21.625
 30.10.2025 00:51:27; 21.563
 30.10.2025 00:54:26; 21.563
 30.10.2025 00:57:27; 21.625
 30.10.2025 01:00:27; 21.750
 30.10.2025 01:03:26; 21.750
 30.10.2025 01:06:27; 21.750
 30.10.2025 01:09:26; 21.625
 30.10.2025 01:12:26; 21.500
 30.10.2025 01:15:27; 21.438
 30.10.2025 01:18:26; 21.313
 30.10.2025 01:21:26; 21.313
 30.10.2025 01:24:27; 21.313
 30.10.2025 01:27:27; 21.250
 30.10.2025 01:30:26; 21.125
 30.10.2025 01:33:27; 21.125
 30.10.2025 01:36:27; 21.000
 30.10.2025 01:39:26; 20.938
 30.10.2025 01:42:27; 20.875
 30.10.2025 01:45:27; 20.750
 30.10.2025 01:48:26; 20.750
 30.10.2025 01:51:27; 20.750
 30.10.2025 01:54:26; 20.688
 30.10.2025 01:57:26; 20.625
 30.10.2025 02:00:27; 20.625
 30.10.2025 02:03:26; 20.625
 30.10.2025 02:06:26; 20.563
 30.10.2025 02:09:27; 20.500
 30.10.2025 02:12:27; 20.375
 30.10.2025 02:15:26; 20.313
 30.10.2025 02:18:27; 20.188
 30.10.2025 02:21:27; 20.125
 30.10.2025 02:24:26; 20.000
 30.10.2025 02:27:27; 19.938
 30.10.2025 02:30:27; 19.875
 30.10.2025 02:33:26; 19.813
 30.10.2025 02:36:27; 19.750
 30.10.2025 02:39:26; 19.813
 30.10.2025 02:42:26; 19.750
 30.10.2025 02:45:27; 19.563
 30.10.2025 02:48:26; 19.375
 30.10.2025 02:51:26; 19.313
 30.10.2025 02:54:27; 19.250
 30.10.2025 02:57:27; 19.313
 30.10.2025 03:00:26; 19.313
 30.10.2025 03:03:27; 19.250
 30.10.2025 03:06:27; 19.188
 30.10.2025 03:09:26; 19.125
 30.10.2025 03:12:27; 19.063
 30.10.2025 03:15:27; 19.000
 30.10.2025 03:18:26; 19.000
 30.10.2025 03:21:27; 18.938
 30.10.2025 03:24:26; 18.875
 30.10.2025 03:27:26; 18.875
 30.10.2025 03:30:27; 18.875
 30.10.2025 03:33:26; 18.875
 30.10.2025 03:36:26; 18.750
 30.10.2025 03:39:27; 18.688
 30.10.2025 03:42:27; 18.625
 30.10.2025 03:45:26; 18.563
 30.10.2025 03:48:27; 18.563
 30.10.2025 03:51:27; 18.500
 30.10.2025 03:54:26; 18.438
 30.10.2025 03:57:27; 18.375
 30.10.2025 04:00:27; 18.313
 30.10.2025 04:03:26; 18.313
 30.10.2025 04:06:27; 18.250
 30.10.2025 04:09:26; 18.188
 30.10.2025 04:12:26; 18.125
 30.10.2025 04:15:27; 18.125
 30.10.2025 04:18:26; 18.125
 30.10.2025 04:21:26; 18.063
 30.10.2025 04:24:27; 18.063
 30.10.2025 04:27:27; 18.000
 30.10.2025 04:30:26; 17.875
 30.10.2025 04:33:27; 17.875
 30.10.2025 04:36:27; 17.875
 30.10.2025 04:39:26; 17.875
 30.10.2025 04:42:27; 17.813
 30.10.2025 04:45:27; 17.813
 30.10.2025 04:48:26; 17.750
 30.10.2025 04:51:27; 17.688
 30.10.2025 04:54:26; 17.688
 30.10.2025 04:57:26; 17.688
 30.10.2025 05:00:27; 17.625
 30.10.2025 05:03:26; 17.563
 30.10.2025 05:06:26; 17.500
 30.10.2025 05:09:27; 17.500
 30.10.2025 05:12:27; 17.500
 30.10.2025 05:15:26; 17.438
 30.10.2025 05:18:27; 17.438
 30.10.2025 05:21:27; 17.375
 30.10.2025 05:24:26; 17.375
 30.10.2025 05:27:27; 17.375
 30.10.2025 05:30:27; 17.375
 30.10.2025 05:33:26; 17.313
 30.10.2025 05:36:27; 17.313
 30.10.2025 05:39:26; 17.313
 30.10.2025 05:42:26; 17.313
 30.10.2025 05:45:27; 17.313
 30.10.2025 05:48:26; 17.313
 30.10.2025 05:51:26; 17.313
 30.10.2025 05:54:27; 17.250
 30.10.2025 05:57:27; 17.188
 30.10.2025 06:00:26; 17.188
 30.10.2025 06:03:27; 17.063
 30.10.2025 06:06:27; 17.000
 30.10.2025 06:09:26; 17.000
 30.10.2025 06:12:27; 17.063
 30.10.2025 06:15:27; 17.000
 30.10.2025 06:18:26; 16.875
 30.10.2025 06:21:27; 16.813
 30.10.2025 06:24:26; 16.750
 30.10.2025 06:27:26; 16.813
 30.10.2025 06:30:27; 16.750
 30.10.2025 06:33:26; 16.688
 30.10.2025 06:36:26; 16.625
 30.10.2025 06:39:27; 16.625
 30.10.2025 06:42:27; 16.563
 30.10.2025 06:45:26; 16.500
 30.10.2025 06:48:27; 16.438
 30.10.2025 06:51:27; 16.375
 30.10.2025 06:54:26; 16.313
 30.10.2025 06:57:27; 16.250
 30.10.2025 07:00:27; 16.188
 30.10.2025 07:03:26; 16.188
 30.10.2025 07:06:27; 16.188
 30.10.2025 07:09:26; 16.125
 30.10.2025 07:12:26; 16.063
 30.10.2025 07:15:27; 16.063
 30.10.2025 07:18:26; 16.000
 30.10.2025 07:21:26; 16.000
 30.10.2025 07:24:27; 16.000
 30.10.2025 07:27:27; 16.000
 30.10.2025 07:30:26; 16.000
 30.10.2025 07:33:27; 16.000
 30.10.2025 07:36:27; 15.938
 30.10.2025 07:39:26; 15.938
 30.10.2025 07:42:27; 15.875
 30.10.2025 07:45:27; 15.813
 30.10.2025 07:48:26; 15.750
 30.10.2025 07:51:27; 15.688
 30.10.2025 07:54:26; 15.625
 30.10.2025 07:57:26; 15.563
 30.10.2025 08:00:27; 15.563
 30.10.2025 08:03:26; 15.500
 30.10.2025 08:06:26; 15.438
 30.10.2025 08:09:27; 15.438
 30.10.2025 08:12:27; 15.375
 30.10.2025 08:15:26; 15.313
 30.10.2025 08:18:27; 15.250
 30.10.2025 08:21:27; 15.188
 30.10.2025 08:24:26; 15.125
 30.10.2025 08:27:27; 15.125
 30.10.2025 08:30:27; 15.063
 30.10.2025 08:33:26; 15.063
 30.10.2025 08:36:27; 15.125
 30.10.2025 08:39:26; 15.125
 30.10.2025 08:42:26; 15.063
 30.10.2025 08:45:27; 15.000
 30.10.2025 08:48:26; 14.938
 30.10.2025 08:51:26; 14.875
 30.10.2025 08:54:27; 14.813
 30.10.2025 08:57:27; 14.875
 30.10.2025 09:00:26; 14.875
 30.10.2025 09:03:27; 14.938
 30.10.2025 09:06:27; 14.875
 30.10.2025 09:09:26; 14.813
 30.10.2025 09:12:27; 14.813
 30.10.2025 09:15:27; 14.750
 30.10.2025 09:18:26; 14.688
 30.10.2025 09:21:27; 14.750
 30.10.2025 09:24:26; 14.875
 30.10.2025 09:27:26; 14.875
 30.10.2025 09:30:27; 14.938
 30.10.2025 09:33:26; 14.938
 30.10.2025 09:36:26; 14.938
 30.10.2025 09:39:27; 14.875
 30.10.2025 09:42:27; 14.875
 30.10.2025 09:45:26; 14.813
 30.10.2025 09:48:27; 14.750
 30.10.2025 09:51:27; 14.688
 30.10.2025 09:54:26; 14.750
 30.10.2025 09:57:27; 14.688
 30.10.2025 10:00:27; 14.750
 30.10.2025 10:03:26; 14.813
 30.10.2025 10:06:27; 14.875
 30.10.2025 10:09:26; 14.875
 30.10.2025 10:12:26; 14.938
 30.10.2025 10:15:27; 15.000
 30.10.2025 10:18:26; 15.063
 30.10.2025 10:21:26; 15.063
 30.10.2025 10:24:27; 15.125
 30.10.2025 10:27:27; 15.188
 30.10.2025 10:30:26; 15.250
 30.10.2025 10:33:27; 15.313
 30.10.2025 10:36:27; 15.438
 30.10.2025 10:39:26; 15.500
 30.10.2025 10:42:27; 15.625
 30.10.2025 10:45:27; 15.688
 30.10.2025 10:48:26; 15.813
 30.10.2025 10:51:27; 15.938
 30.10.2025 10:54:26; 16.000
 30.10.2025 10:57:26; 16.188
 30.10.2025 11:00:27; 16.313
 30.10.2025 11:03:26; 16.500
 30.10.2025 11:06:26; 16.688
 30.10.2025 11:09:27; 16.875
 30.10.2025 11:12:27; 17.063
 30.10.2025 11:15:26; 17.375
 30.10.2025 11:18:27; 17.688
 30.10.2025 11:21:27; 17.875
 30.10.2025 11:24:26; 18.188
 30.10.2025 11:27:27; 18.375
 30.10.2025 11:30:27; 18.563
 30.10.2025 11:33:26; 18.750
 30.10.2025 11:36:27; 18.938
 30.10.2025 11:39:26; 19.000
 30.10.2025 11:42:26; 18.938
 30.10.2025 11:45:27; 19.063
 30.10.2025 11:48:26; 19.125
 30.10.2025 11:51:26; 19.250
 30.10.2025 11:54:27; 19.313
 30.10.2025 11:57:27; 19.313
 30.10.2025 12:00:26; 19.375
 30.10.2025 12:03:27; 19.563
 30.10.2025 12:06:27; 19.688
 30.10.2025 12:09:26; 19.938
 30.10.2025 12:12:27; 20.125
 30.10.2025 12:15:27; 20.375
 30.10.2025 12:18:26; 20.625
 30.10.2025 12:21:27; 20.875
 30.10.2025 12:24:26; 21.125
 30.10.2025 12:27:26; 21.250
 30.10.2025 12:30:27; 21.375
 30.10.2025 12:33:26; 21.563
 30.10.2025 12:36:26; 21.750
 30.10.2025 12:39:27; 21.938
 30.10.2025 12:42:27; 22.063
 30.10.2025 12:45:26; 22.250
 30.10.2025 12:48:27; 22.375
 30.10.2025 12:51:27; 22.500
 30.10.2025 12:54:26; 22.625
 30.10.2025 12:57:27; 22.688
 30.10.2025 13:00:27; 22.750
 30.10.2025 13:03:26; 22.875
 30.10.2025 13:06:27; 23.063
 30.10.2025 13:09:26; 23.250
 30.10.2025 13:12:26; 23.438
 30.10.2025 13:15:27; 23.500
 30.10.2025 13:18:26; 23.563
 30.10.2025 13:21:26; 23.688
 30.10.2025 13:24:27; 23.813
 30.10.2025 13:27:27; 24.000
 30.10.2025 13:30:26; 24.125
 30.10.2025 13:33:27; 24.375
 30.10.2025 13:36:27; 24.500
 30.10.2025 13:39:26; 24.438
 30.10.2025 13:42:27; 24.563
 30.10.2025 13:45:27; 24.688
 30.10.2025 13:48:26; 24.875
 30.10.2025 13:51:27; 24.938
 30.10.2025 13:54:26; 24.813
 30.10.2025 13:57:26; 25.000
 30.10.2025 14:00:27; 25.188
 30.10.2025 14:03:26; 25.438
 30.10.2025 14:06:26; 25.563
 30.10.2025 14:09:27; 25.750
 30.10.2025 14:12:27; 25.875
 30.10.2025 14:15:26; 26.000
 30.10.2025 14:18:27; 26.063
 30.10.2025 14:21:27; 26.063
 30.10.2025 14:24:26; 26.000
 30.10.2025 14:27:27; 26.125
 30.10.2025 14:30:27; 26.313
 30.10.2025 14:33:26; 26.313
 30.10.2025 14:36:27; 26.375
 30.10.2025 14:39:26; 26.625
 30.10.2025 14:42:26; 26.688
 30.10.2025 14:45:27; 26.813
 30.10.2025 14:48:26; 26.875
 30.10.2025 14:51:26; 27.063
 30.10.2025 14:54:27; 27.313
 30.10.2025 14:57:27; 27.438
 30.10.2025 15:00:26; 27.688
 30.10.2025 15:03:27; 27.563
 30.10.2025 15:06:27; 27.563
 30.10.2025 15:09:26; 27.500
 30.10.2025 15:12:27; 27.625
 30.10.2025 15:15:27; 27.313
 30.10.2025 15:18:26; 27.125
 30.10.2025 15:21:27; 27.250
 30.10.2025 15:24:26; 27.625
 30.10.2025 15:27:26; 28.188
 30.10.2025 15:30:27; 28.438
 30.10.2025 15:33:26; 28.813
 30.10.2025 15:36:26; 29.000
 30.10.2025 15:39:27; 29.313
 30.10.2025 15:42:27; 29.375
 30.10.2025 15:45:26; 29.375
 30.10.2025 15:48:27; 29.438
 30.10.2025 15:51:27; 29.750
 30.10.2025 15:54:26; 29.750
 30.10.2025 15:57:27; 30.313
 30.10.2025 16:00:27; 30.438
 30.10.2025 16:03:26; 30.438
 30.10.2025 16:06:27; 30.563
 30.10.2025 16:09:26; 31.000
 30.10.2025 16:12:26; 31.375
 30.10.2025 16:15:27; 31.500
 30.10.2025 16:18:26; 31.625
 30.10.2025 16:21:26; 31.938
 30.10.2025 16:24:27; 32.063
 30.10.2025 16:27:27; 32.125
 30.10.2025 16:30:26; 32.250
 30.10.2025 16:33:27; 32.375
 30.10.2025 16:36:27; 32.313
 30.10.2025 16:39:26; 32.375
 30.10.2025 16:42:27; 32.563
 30.10.2025 16:45:27; 32.563
 30.10.2025 16:48:26; 32.688
 30.10.2025 16:51:27; 32.750
 30.10.2025 16:54:26; 33.063
 30.10.2025 16:57:26; 33.125
 30.10.2025 17:00:27; 33.313
 30.10.2025 17:03:26; 33.375
 30.10.2025 17:06:26; 33.438
 30.10.2025 17:09:27; 33.688
 30.10.2025 17:12:27; 33.438
 30.10.2025 17:15:26; 33.625
 30.10.2025 17:18:27; 33.938
 30.10.2025 17:21:27; 34.375
 30.10.2025 17:24:26; 34.688
 30.10.2025 17:27:27; 34.938
 30.10.2025 17:30:27; 35.188
 30.10.2025 17:33:26; 35.500
 30.10.2025 17:36:27; 35.938
 30.10.2025 17:39:26; 36.313
 30.10.2025 17:42:26; 36.563
 30.10.2025 17:45:27; 36.813
 30.10.2025 17:48:26; 37.375
 30.10.2025 17:51:26; 37.500
 30.10.2025 17:54:27; 37.938
 30.10.2025 17:57:27; 38.375
 30.10.2025 18:00:26; 38.625
 30.10.2025 18:03:27; 38.750
 30.10.2025 18:06:27; 39.063
 30.10.2025 18:09:26; 39.188
 30.10.2025 18:12:27; 38.875
 30.10.2025 18:15:27; 38.938
 30.10.2025 18:18:26; 38.625
 30.10.2025 18:21:27; 38.375
 30.10.2025 18:24:26; 38.563
 30.10.2025 18:27:26; 38.313
 30.10.2025 18:30:27; 37.750
 30.10.2025 18:33:26; 36.938
 30.10.2025 18:36:26; 36.813
 30.10.2025 18:39:27; 36.875
 30.10.2025 18:42:27; 36.750
 30.10.2025 18:45:26; 36.875
 30.10.2025 18:48:27; 36.813
 30.10.2025 18:51:27; 37.063
 30.10.2025 18:54:26; 37.000
 30.10.2025 18:57:27; 37.000
 30.10.2025 19:00:27; 36.938
 30.10.2025 19:03:26; 36.563
 30.10.2025 19:06:27; 36.688
 30.10.2025 19:09:26; 36.938
 30.10.2025 19:12:26; 36.625
 30.10.2025 19:15:27; 36.875
 30.10.2025 19:18:26; 36.563
 30.10.2025 19:21:26; 36.875
 30.10.2025 19:24:27; 37.500
 30.10.2025 19:27:27; 37.500
 30.10.2025 19:30:26; 37.188
 30.10.2025 19:33:27; 38.188
 30.10.2025 19:36:27; 38.438
 30.10.2025 19:39:26; 38.500
 30.10.2025 19:42:27; 38.750
 30.10.2025 19:45:27; 37.563
 30.10.2025 19:48:26; 37.438
 30.10.2025 19:51:27; 38.188
 30.10.2025 19:54:26; 37.563
 30.10.2025 19:57:26; 37.125
 30.10.2025 20:00:27; 37.250
 30.10.2025 20:03:26; 37.063
 30.10.2025 20:06:26; 37.125
 30.10.2025 20:09:27; 37.625
 30.10.2025 20:12:27; 37.500
 30.10.2025 20:15:26; 37.938
 30.10.2025 20:18:27; 37.688
 30.10.2025 20:21:27; 37.500
 30.10.2025 20:24:26; 37.188
 30.10.2025 20:27:27; 37.063
 30.10.2025 20:30:27; 36.375
 30.10.2025 20:33:26; 36.063
 30.10.2025 20:36:27; 35.188
 30.10.2025 20:39:26; 34.875
 30.10.2025 20:42:26; 34.438
 30.10.2025 20:45:27; 34.438
 30.10.2025 20:48:26; 34.250
 30.10.2025 20:51:26; 34.188
 30.10.2025 20:54:27; 33.563
 30.10.2025 20:57:27; 32.625
 30.10.2025 21:00:26; 32.250
 30.10.2025 21:03:27; 31.938
 30.10.2025 21:06:27; 31.688
 30.10.2025 21:09:26; 31.500
 30.10.2025 21:12:27; 31.125
 30.10.2025 21:15:27; 30.813
 30.10.2025 21:18:26; 30.813
 30.10.2025 21:21:27; 31.000
 30.10.2025 21:24:26; 31.250
 30.10.2025 21:27:26; 31.438
 30.10.2025 21:30:27; 30.750
 30.10.2025 21:33:26; 29.625
 30.10.2025 21:36:26; 28.813
 30.10.2025 21:39:27; 28.250
 30.10.2025 21:42:27; 27.688
 30.10.2025 21:45:26; 27.313
 30.10.2025 21:48:27; 27.000
 30.10.2025 21:51:27; 26.875
 30.10.2025 21:54:26; 26.875
 30.10.2025 21:57:27; 26.625
 30.10.2025 22:00:27; 26.375
 30.10.2025 22:03:26; 26.188
 30.10.2025 22:06:27; 25.875
 30.10.2025 22:09:26; 25.438
 30.10.2025 22:12:26; 25.125
 30.10.2025 22:15:27; 24.938
 30.10.2025 22:18:26; 24.688
 30.10.2025 22:21:26; 24.500
 30.10.2025 22:24:27; 24.375
 30.10.2025 22:27:27; 24.250
 30.10.2025 22:30:26; 24.125
 30.10.2025 22:33:27; 24.063
 30.10.2025 22:36:27; 23.938
 30.10.2025 22:39:26; 23.938
 30.10.2025 22:42:27; 23.875
 30.10.2025 22:45:27; 23.813
 30.10.2025 22:48:26; 23.750
 30.10.2025 22:51:27; 23.625
 30.10.2025 22:54:26; 23.563
 30.10.2025 22:57:26; 23.438
 30.10.2025 23:00:27; 23.438
 30.10.2025 23:03:26; 23.313
 30.10.2025 23:06:26; 23.250
 30.10.2025 23:09:27; 23.188
 30.10.2025 23:12:27; 23.063
 30.10.2025 23:15:26; 23.000
 30.10.2025 23:18:27; 22.938
 30.10.2025 23:21:27; 22.875
 30.10.2025 23:24:26; 22.750
 30.10.2025 23:27:27; 22.688
 30.10.2025 23:30:27; 22.625
 30.10.2025 23:33:26; 22.625
 30.10.2025 23:36:27; 22.563
 30.10.2025 23:39:26; 22.500
 30.10.2025 23:42:26; 22.375
 30.10.2025 23:45:27; 22.375
 30.10.2025 23:48:26; 22.313
 30.10.2025 23:51:26; 22.250
 30.10.2025 23:54:27; 22.188
 30.10.2025 23:57:27; 22.125
 31.10.2025 00:00:26; 22.125
 31.10.2025 00:03:27; 22.063
 31.10.2025 00:06:27; 22.000
 31.10.2025 00:09:26; 21.938
 31.10.2025 00:12:27; 21.875
 31.10.2025 00:15:27; 21.813
 31.10.2025 00:18:26; 21.750
 31.10.2025 00:21:27; 21.625
 31.10.2025 00:24:26; 21.563
 31.10.2025 00:27:26; 21.500
 31.10.2025 00:30:27; 21.438
 31.10.2025 00:33:26; 21.375
 31.10.2025 00:36:26; 21.375
 31.10.2025 00:39:27; 21.313
 31.10.2025 00:42:27; 21.250
 31.10.2025 00:45:26; 21.188
 31.10.2025 00:48:27; 21.125
 31.10.2025 00:51:27; 21.063
 31.10.2025 00:54:26; 21.000
 31.10.2025 00:57:27; 21.000
 31.10.2025 01:00:27; 20.938
 31.10.2025 01:03:26; 20.875
 31.10.2025 01:06:27; 20.813
 31.10.2025 01:09:26; 20.750
 31.10.2025 01:12:26; 20.750
 31.10.2025 01:15:27; 20.750
 31.10.2025 01:18:26; 20.688
 31.10.2025 01:21:26; 20.625
 31.10.2025 01:24:27; 20.500
 31.10.2025 01:27:27; 20.438
 31.10.2025 01:30:26; 20.313
 31.10.2025 01:33:27; 20.313
 31.10.2025 01:36:27; 20.188
 31.10.2025 01:39:26; 20.125
 31.10.2025 01:42:27; 20.125
 31.10.2025 01:45:27; 20.063
 31.10.2025 01:48:26; 20.000
 31.10.2025 01:51:27; 19.938
 31.10.2025 01:54:26; 19.875
 31.10.2025 01:57:26; 19.875
 31.10.2025 02:00:27; 19.813
 31.10.2025 02:03:26; 19.813
 31.10.2025 02:06:26; 19.813
 31.10.2025 02:09:27; 19.750
 31.10.2025 02:12:27; 19.750
 31.10.2025 02:15:26; 19.750
 31.10.2025 02:18:27; 19.688
 31.10.2025 02:21:27; 19.625
 31.10.2025 02:24:26; 19.563
 31.10.2025 02:27:27; 19.438
 31.10.2025 02:30:27; 19.375
 31.10.2025 02:33:26; 19.313
 31.10.2025 02:36:27; 19.188
 31.10.2025 02:39:26; 19.125
 31.10.2025 02:42:26; 19.125
 31.10.2025 02:45:27; 19.125
 31.10.2025 02:48:26; 19.125
 31.10.2025 02:51:26; 19.063
 31.10.2025 02:54:27; 19.063
 31.10.2025 02:57:27; 19.063
 31.10.2025 03:00:26; 19.063
 31.10.2025 03:03:27; 19.000
 31.10.2025 03:06:27; 18.938
 31.10.2025 03:09:26; 18.875
 31.10.2025 03:12:27; 18.750
 31.10.2025 03:15:27; 18.625
 31.10.2025 03:18:26; 18.625
 31.10.2025 03:21:27; 18.563
 31.10.2025 03:24:26; 18.500
 31.10.2025 03:27:26; 18.500
 31.10.2025 03:30:27; 18.438
 31.10.2025 03:33:26; 18.313
 31.10.2025 03:36:26; 18.313
 31.10.2025 03:39:27; 18.250
 31.10.2025 03:42:27; 18.250
 31.10.2025 03:45:26; 18.188
 31.10.2025 03:48:27; 18.063
 31.10.2025 03:51:27; 18.063
 31.10.2025 03:54:26; 18.000
 31.10.2025 03:57:27; 17.938
 31.10.2025 04:00:27; 17.875
 31.10.2025 04:03:26; 17.875
 31.10.2025 04:06:27; 17.750
 31.10.2025 04:09:26; 17.750
 31.10.2025 04:12:26; 17.688
 31.10.2025 04:15:27; 17.625
 31.10.2025 04:18:26; 17.625
 31.10.2025 04:21:26; 17.625
 31.10.2025 04:24:27; 17.563
 31.10.2025 04:27:27; 17.563
 31.10.2025 04:30:26; 17.563
 31.10.2025 04:33:27; 17.563
 31.10.2025 04:36:27; 17.500
 31.10.2025 04:39:26; 17.438
 31.10.2025 04:42:27; 17.438
 31.10.2025 04:45:27; 17.500
 31.10.2025 04:48:26; 17.563
 31.10.2025 04:51:27; 17.563
 31.10.2025 04:54:26; 17.625
 31.10.2025 04:57:26; 17.625
 31.10.2025 05:00:27; 17.500
 31.10.2025 05:03:26; 17.438
 31.10.2025 05:06:26; 17.375
 31.10.2025 05:09:27; 17.313
 31.10.2025 05:12:27; 17.188
 31.10.2025 05:15:26; 17.125
 31.10.2025 05:18:27; 17.063
 31.10.2025 05:21:27; 17.000
 31.10.2025 05:24:26; 16.938
 31.10.2025 05:27:27; 16.938
 31.10.2025 05:30:27; 16.938
 31.10.2025 05:33:26; 16.938
 31.10.2025 05:36:27; 16.938
 31.10.2025 05:39:26; 16.875
 31.10.2025 05:42:26; 16.813
 31.10.2025 05:45:27; 16.813
 31.10.2025 05:48:26; 16.750
 31.10.2025 05:51:26; 16.688
 31.10.2025 05:54:27; 16.625
 31.10.2025 05:57:27; 16.563
 31.10.2025 06:00:26; 16.563
 31.10.2025 06:03:27; 16.500
 31.10.2025 06:06:27; 16.563
 31.10.2025 06:09:26; 16.563
 31.10.2025 06:12:27; 16.563
 31.10.2025 06:15:27; 16.563
 31.10.2025 06:18:26; 16.500
 31.10.2025 06:21:27; 16.438
 31.10.2025 06:24:26; 16.438
 31.10.2025 06:27:26; 16.375
 31.10.2025 06:30:27; 16.313
 31.10.2025 06:33:26; 16.250
 31.10.2025 06:36:26; 16.250
 31.10.2025 06:39:27; 16.250
 31.10.2025 06:42:27; 16.250
 31.10.2025 06:45:26; 16.125
 31.10.2025 06:48:27; 16.125
 31.10.2025 06:51:27; 16.063
 31.10.2025 06:54:26; 16.063
 31.10.2025 06:57:27; 16.063
 31.10.2025 07:00:27; 16.063
 31.10.2025 07:03:26; 16.000
 31.10.2025 07:06:27; 15.875
 31.10.2025 07:09:26; 15.813
 31.10.2025 07:12:26; 15.813
 31.10.2025 07:15:27; 15.750
 31.10.2025 07:18:26; 15.688
 31.10.2025 07:21:26; 15.625
 31.10.2025 07:24:27; 15.563
 31.10.2025 07:27:27; 15.500
 31.10.2025 07:30:26; 15.438
 31.10.2025 07:33:27; 15.375
 31.10.2025 07:36:27; 15.375
 31.10.2025 07:39:26; 15.313
 31.10.2025 07:42:27; 15.313
 31.10.2025 07:45:27; 15.313
 31.10.2025 07:48:26; 15.313
 31.10.2025 07:51:27; 15.375
 31.10.2025 07:54:26; 15.375
 31.10.2025 07:57:26; 15.375
 31.10.2025 08:00:27; 15.313
 31.10.2025 08:03:26; 15.250
 31.10.2025 08:06:26; 15.188
 31.10.2025 08:09:27; 15.188
 31.10.2025 08:12:27; 15.125
 31.10.2025 08:15:26; 15.063
 31.10.2025 08:18:27; 15.063
 31.10.2025 08:21:27; 15.063
 31.10.2025 08:24:26; 15.000
 31.10.2025 08:27:27; 14.938
 31.10.2025 08:30:27; 14.875
 31.10.2025 08:33:26; 14.875
 31.10.2025 08:36:27; 14.875
 31.10.2025 08:39:26; 14.813
 31.10.2025 08:42:26; 14.875
 31.10.2025 08:45:27; 14.813
 31.10.2025 08:48:26; 14.813
 31.10.2025 08:51:26; 14.813
 31.10.2025 08:54:27; 14.750
 31.10.2025 08:57:27; 14.750
 31.10.2025 09:00:26; 14.750
 31.10.2025 09:03:27; 14.750
 31.10.2025 09:06:27; 14.750
 31.10.2025 09:09:26; 14.750
 31.10.2025 09:12:27; 14.750
 31.10.2025 09:15:27; 14.688
 31.10.2025 09:18:26; 14.688
 31.10.2025 09:21:27; 14.688
 31.10.2025 09:24:26; 14.625
 31.10.2025 09:27:26; 14.625
 31.10.2025 09:30:27; 14.625
 31.10.2025 09:33:26; 14.563
 31.10.2025 09:36:26; 14.625
 31.10.2025 09:39:27; 14.688
 31.10.2025 09:42:27; 14.750
 31.10.2025 09:45:26; 14.813
 31.10.2025 09:48:27; 14.875
 31.10.2025 09:51:27; 14.938
 31.10.2025 09:54:26; 15.000
 31.10.2025 09:57:27; 15.063
 31.10.2025 10:00:27; 15.063
 31.10.2025 10:03:26; 15.125
 31.10.2025 10:06:27; 15.125
 31.10.2025 10:09:26; 15.125
 31.10.2025 10:12:26; 15.188
 31.10.2025 10:15:27; 15.188
 31.10.2025 10:18:26; 15.188
 31.10.2025 10:21:26; 15.250
 31.10.2025 10:24:27; 15.375
 31.10.2025 10:27:27; 15.438
 31.10.2025 10:30:26; 15.563
 31.10.2025 10:33:27; 15.625
 31.10.2025 10:36:27; 15.750
 31.10.2025 10:39:26; 15.875
 31.10.2025 10:42:27; 16.063
 31.10.2025 10:45:27; 16.250
 31.10.2025 10:48:26; 16.438
 31.10.2025 10:51:27; 16.563
 31.10.2025 10:54:26; 16.625
 31.10.2025 10:57:26; 16.750
 31.10.2025 11:00:27; 16.875
 31.10.2025 11:03:26; 17.000
 31.10.2025 11:06:26; 17.125
 31.10.2025 11:09:27; 17.250
 31.10.2025 11:12:27; 17.438
 31.10.2025 11:15:26; 17.625
 31.10.2025 11:18:27; 17.813
 31.10.2025 11:21:27; 18.000
 31.10.2025 11:24:26; 18.125
 31.10.2025 11:27:27; 18.313
 31.10.2025 11:30:27; 18.500
 31.10.2025 11:33:26; 18.625
 31.10.2025 11:36:27; 18.750
 31.10.2025 11:39:26; 18.875
 31.10.2025 11:42:26; 19.063
 31.10.2025 11:45:27; 19.188
 31.10.2025 11:48:26; 19.375
 31.10.2025 11:51:26; 19.563
 31.10.2025 11:54:27; 19.750
 31.10.2025 11:57:27; 19.938
 31.10.2025 12:00:26; 20.125
 31.10.2025 12:03:27; 20.313
 31.10.2025 12:06:27; 20.438
 31.10.2025 12:09:26; 20.438
 31.10.2025 12:12:27; 20.500
 31.10.2025 12:15:27; 20.563
 31.10.2025 12:18:26; 20.750
 31.10.2025 12:21:27; 21.000
 31.10.2025 12:24:26; 21.063
 31.10.2025 12:27:26; 21.250
 31.10.2025 12:30:27; 21.375
 31.10.2025 12:33:26; 21.625
 31.10.2025 12:36:26; 21.875
 31.10.2025 12:39:27; 21.938
 31.10.2025 12:42:27; 21.938
 31.10.2025 12:45:26; 22.000
 31.10.2025 12:48:27; 22.000
 31.10.2025 12:51:27; 22.125
 31.10.2025 12:54:26; 22.125
 31.10.2025 12:57:27; 22.125
 31.10.2025 13:00:27; 22.375
 31.10.2025 13:03:26; 22.438
 31.10.2025 13:06:27; 22.438
 31.10.2025 13:09:26; 22.500
 31.10.2025 13:12:26; 22.563
 31.10.2025 13:15:27; 22.688
 31.10.2025 13:18:26; 22.938
 31.10.2025 13:21:26; 23.063
 31.10.2025 13:24:27; 23.188
 31.10.2025 13:27:27; 23.250
 31.10.2025 13:30:26; 23.188
 31.10.2025 13:33:27; 23.125
 31.10.2025 13:36:27; 23.250
 31.10.2025 13:39:26; 23.438
 31.10.2025 13:42:27; 23.563
 31.10.2025 13:45:27; 23.688
 31.10.2025 13:48:26; 23.813
 31.10.2025 13:51:27; 24.000
 31.10.2025 13:54:26; 24.125
 31.10.2025 13:57:26; 24.313
 31.10.2025 14:00:27; 24.625
 31.10.2025 14:03:26; 24.625
 31.10.2025 14:06:26; 24.563
 31.10.2025 14:09:27; 24.625
 31.10.2025 14:12:27; 24.813
 31.10.2025 14:15:26; 25.063
 31.10.2025 14:18:27; 25.188
 31.10.2025 14:21:27; 25.250
 31.10.2025 14:24:26; 25.500
 31.10.2025 14:27:27; 25.563
 31.10.2025 14:30:27; 25.813
 31.10.2025 14:33:26; 26.000
 31.10.2025 14:36:27; 26.250
 31.10.2025 14:39:26; 26.563
 31.10.2025 14:42:26; 26.563
 31.10.2025 14:45:27; 26.563
 31.10.2025 14:48:26; 26.813
 31.10.2025 14:51:26; 26.875
 31.10.2025 14:54:27; 26.875
 31.10.2025 14:57:27; 27.000
 31.10.2025 15:00:26; 27.188
 31.10.2025 15:03:27; 27.313
 31.10.2025 15:06:27; 27.500
 31.10.2025 15:09:26; 27.875
 31.10.2025 15:12:27; 28.188
 31.10.2025 15:15:27; 28.500
 31.10.2025 15:18:26; 28.500
 31.10.2025 15:21:27; 28.625
 31.10.2025 15:24:26; 28.813
 31.10.2025 15:27:26; 29.125
 31.10.2025 15:30:27; 29.375
 31.10.2025 15:33:26; 29.563
 31.10.2025 15:36:26; 29.813
 31.10.2025 15:39:27; 30.125
 31.10.2025 15:42:27; 30.250
 31.10.2025 15:45:26; 30.250
 31.10.2025 15:48:27; 30.313
 31.10.2025 15:51:27; 30.688
 31.10.2025 15:54:26; 30.875
 31.10.2025 15:57:27; 30.938
 31.10.2025 16:00:27; 30.875
 31.10.2025 16:03:26; 30.750
 31.10.2025 16:06:27; 31.000
 31.10.2025 16:09:26; 31.063
 31.10.2025 16:12:26; 31.625
 31.10.2025 16:15:27; 31.938
 31.10.2025 16:18:26; 32.375
 31.10.2025 16:21:26; 32.625
 31.10.2025 16:24:27; 32.875
 31.10.2025 16:27:27; 32.688
 31.10.2025 16:30:26; 32.500
 31.10.2025 16:33:27; 32.813
 31.10.2025 16:36:27; 33.000
 31.10.2025 16:39:26; 33.250
 31.10.2025 16:42:27; 33.250
 31.10.2025 16:45:27; 33.000
 31.10.2025 16:48:26; 33.125
 31.10.2025 16:51:27; 33.313
 31.10.2025 16:54:26; 33.125
 31.10.2025 16:57:26; 33.188
 31.10.2025 17:00:27; 33.375
 31.10.2025 17:03:26; 33.625
 31.10.2025 17:06:26; 34.063
 31.10.2025 17:09:27; 34.063
 31.10.2025 17:12:27; 34.500
 31.10.2025 17:15:26; 34.750
 31.10.2025 17:18:27; 35.063
 31.10.2025 17:21:27; 35.438
 31.10.2025 17:24:26; 35.688
 31.10.2025 17:27:27; 36.125
 31.10.2025 17:30:27; 36.688
 31.10.2025 17:33:26; 36.875
 31.10.2025 17:36:27; 36.875
 31.10.2025 17:39:26; 36.875
 31.10.2025 17:42:26; 37.188
 31.10.2025 17:45:27; 37.188
 31.10.2025 17:48:26; 37.000
 31.10.2025 17:51:26; 36.313
 31.10.2025 17:54:27; 36.563
 31.10.2025 17:57:27; 36.750
 31.10.2025 18:00:26; 36.938
 31.10.2025 18:03:27; 37.500
 31.10.2025 18:06:27; 37.938
 31.10.2025 18:09:26; 38.125
 31.10.2025 18:12:27; 38.563
 31.10.2025 18:15:27; 38.688
 31.10.2025 18:18:26; 37.875
 31.10.2025 18:21:27; 37.250
 31.10.2025 18:24:26; 37.375
 31.10.2025 18:27:26; 37.125
 31.10.2025 18:30:27; 37.250
 31.10.2025 18:33:26; 37.438
 31.10.2025 18:36:26; 37.938
 31.10.2025 18:39:27; 38.375
 31.10.2025 18:42:27; 38.438
 31.10.2025 18:45:26; 38.938
 31.10.2025 18:48:27; 39.313
 31.10.2025 18:51:27; 39.125
 31.10.2025 18:54:26; 39.375
 31.10.2025 18:57:27; 39.313
 31.10.2025 19:00:27; 39.563
 31.10.2025 19:03:26; 39.688
 31.10.2025 19:06:27; 39.875
 31.10.2025 19:09:26; 39.938
 31.10.2025 19:12:26; 39.813
 31.10.2025 19:15:27; 39.188
 31.10.2025 19:18:26; 38.938
 31.10.2025 19:21:26; 39.125
 31.10.2025 19:24:27; 39.375
 31.10.2025 19:27:27; 39.375
 31.10.2025 19:30:26; 39.250
 31.10.2025 19:33:27; 39.313
 31.10.2025 19:36:27; 39.188
 31.10.2025 19:39:26; 39.063
 31.10.2025 19:42:27; 39.000
 31.10.2025 19:45:27; 39.375
 31.10.2025 19:48:26; 39.563
 31.10.2025 19:51:27; 39.563
 31.10.2025 19:54:26; 39.188
 31.10.2025 19:57:26; 38.813
 31.10.2025 20:00:27; 39.313
 31.10.2025 20:03:26; 39.188
 31.10.2025 20:06:26; 39.750
 31.10.2025 20:09:27; 39.688
 31.10.2025 20:12:27; 40.063
 31.10.2025 20:15:26; 40.500
 31.10.2025 20:18:27; 40.688
 31.10.2025 20:21:27; 40.063
 31.10.2025 20:24:26; 39.625
 31.10.2025 20:27:27; 39.250
 31.10.2025 20:30:27; 39.313
 31.10.2025 20:33:26; 39.500
 31.10.2025 20:36:27; 39.125
 31.10.2025 20:39:26; 38.438
 31.10.2025 20:42:26; 38.000
 31.10.2025 20:45:27; 37.250
 31.10.2025 20:48:26; 37.000
 31.10.2025 20:51:26; 36.313
 31.10.2025 20:54:27; 35.563
 31.10.2025 20:57:27; 34.875
 31.10.2025 21:00:26; 34.188
 31.10.2025 21:03:27; 33.625
 31.10.2025 21:06:27; 33.063
 31.10.2025 21:09:26; 32.688
 31.10.2025 21:12:27; 32.375
 31.10.2025 21:15:27; 31.688
 31.10.2025 21:18:26; 31.688
 31.10.2025 21:21:27; 31.750
 31.10.2025 21:24:26; 31.625
 31.10.2025 21:27:26; 31.500
 31.10.2025 21:30:27; 31.063
 31.10.2025 21:33:26; 30.500
 31.10.2025 21:36:26; 30.063
 31.10.2025 21:39:27; 29.563
 31.10.2025 21:42:27; 29.125
 31.10.2025 21:45:26; 28.875
 31.10.2025 21:48:27; 28.750
 31.10.2025 21:51:27; 28.625
 31.10.2025 21:54:26; 28.438
 31.10.2025 21:57:27; 28.250
 31.10.2025 22:00:27; 27.938
 31.10.2025 22:03:26; 27.688
 31.10.2025 22:06:27; 27.500
 31.10.2025 22:09:26; 27.313
 31.10.2025 22:12:26; 27.250
 31.10.2025 22:15:27; 27.125
 31.10.2025 22:18:26; 26.938
 31.10.2025 22:21:26; 26.875
 31.10.2025 22:24:27; 26.688
 31.10.2025 22:27:27; 26.563
 31.10.2025 22:30:26; 26.313
 31.10.2025 22:33:27; 26.188
 31.10.2025 22:36:27; 26.063
 31.10.2025 22:39:26; 25.938
 31.10.2025 22:42:27; 25.875
 31.10.2025 22:45:27; 25.750
 31.10.2025 22:48:26; 25.625
 31.10.2025 22:51:27; 25.500
 31.10.2025 22:54:26; 25.438
 31.10.2025 22:57:26; 25.375
 31.10.2025 23:00:27; 25.313
 31.10.2025 23:03:26; 25.188
 31.10.2025 23:06:26; 25.125
 31.10.2025 23:09:27; 25.063
 31.10.2025 23:12:27; 25.063
 31.10.2025 23:15:26; 25.000
 31.10.2025 23:18:27; 24.875
 31.10.2025 23:21:27; 24.875
 31.10.2025 23:24:26; 24.813
 31.10.2025 23:27:27; 24.750
 31.10.2025 23:30:27; 24.688
 31.10.2025 23:33:26; 24.625
 31.10.2025 23:36:27; 24.625
 31.10.2025 23:39:26; 24.563
 31.10.2025 23:42:26; 24.563
 31.10.2025 23:45:27; 24.563
 31.10.2025 23:48:26; 24.500
 31.10.2025 23:51:26; 24.500
 31.10.2025 23:54:27; 24.438
 31.10.2025 23:57:27; 24.375
 01.11.2025 00:00:26; 24.313
 01.11.2025 00:03:27; 24.250
 01.11.2025 00:06:27; 24.250
 01.11.2025 00:09:26; 24.188
 01.11.2025 00:12:27; 24.125
 01.11.2025 00:15:27; 24.063
 01.11.2025 00:18:26; 24.000
 01.11.2025 00:21:27; 23.938
 01.11.2025 00:24:26; 23.875
 01.11.2025 00:27:26; 23.813
 01.11.2025 00:30:27; 23.750
 01.11.2025 00:33:26; 23.688
 01.11.2025 00:36:26; 23.625
 01.11.2025 00:39:27; 23.500
 01.11.2025 00:42:27; 23.438
 01.11.2025 00:45:26; 23.313
 01.11.2025 00:48:27; 23.250
 01.11.2025 00:51:27; 23.188
 01.11.2025 00:54:26; 23.125
 01.11.2025 00:57:27; 23.063
 01.11.2025 01:00:27; 23.000
 01.11.2025 01:03:26; 22.938
 01.11.2025 01:06:27; 22.875
 01.11.2025 01:09:26; 22.875
 01.11.2025 01:12:26; 22.813
 01.11.2025 01:15:27; 22.750
 01.11.2025 01:18:26; 22.688
 01.11.2025 01:21:26; 22.625
 01.11.2025 01:24:27; 22.625
 01.11.2025 01:27:27; 22.500
 01.11.2025 01:30:26; 22.375
 01.11.2025 01:33:27; 22.375
 01.11.2025 01:36:27; 22.313
 01.11.2025 01:39:26; 22.250
 01.11.2025 01:42:27; 22.125
 01.11.2025 01:45:27; 22.063
 01.11.2025 01:48:26; 22.000
 01.11.2025 01:51:27; 21.938
 01.11.2025 01:54:26; 21.938
 01.11.2025 01:57:26; 21.875
 01.11.2025 02:00:27; 21.875
 01.11.2025 02:03:26; 21.750
 01.11.2025 02:06:26; 21.688
 01.11.2025 02:09:27; 21.563
 01.11.2025 02:12:27; 21.563
 01.11.2025 02:15:26; 21.500
 01.11.2025 02:18:27; 21.500
 01.11.2025 02:21:27; 21.500
 01.11.2025 02:24:26; 21.500
 01.11.2025 02:27:27; 21.500
 01.11.2025 02:30:27; 21.438
 01.11.2025 02:33:26; 21.375
 01.11.2025 02:36:27; 21.313
 01.11.2025 02:39:26; 21.250
 01.11.2025 02:42:26; 21.250
 01.11.2025 02:45:27; 21.250
 01.11.2025 02:48:26; 21.250
 01.11.2025 02:51:26; 21.250
 01.11.2025 02:54:27; 21.125
 01.11.2025 02:57:27; 21.063
 01.11.2025 03:00:26; 21.000
 01.11.2025 03:03:27; 21.000
 01.11.2025 03:06:27; 21.000
 01.11.2025 03:09:26; 20.938
 01.11.2025 03:12:27; 20.938
 01.11.2025 03:15:27; 20.938
 01.11.2025 03:18:26; 20.875
 01.11.2025 03:21:27; 20.875
 01.11.2025 03:24:26; 20.813
 01.11.2025 03:27:26; 20.813
 01.11.2025 03:30:27; 20.813
 01.11.2025 03:33:26; 20.750
 01.11.2025 03:36:26; 20.750
 01.11.2025 03:39:27; 20.688
 01.11.2025 03:42:27; 20.688
 01.11.2025 03:45:26; 20.625
 01.11.2025 03:48:27; 20.625
 01.11.2025 03:51:27; 20.625
 01.11.2025 03:54:26; 20.563
 01.11.2025 03:57:27; 20.500
 01.11.2025 04:00:27; 20.438
 01.11.2025 04:03:26; 20.313
 01.11.2025 04:06:27; 20.313
 01.11.2025 04:09:26; 20.313
 01.11.2025 04:12:26; 20.375
 01.11.2025 04:15:27; 20.375
 01.11.2025 04:18:26; 20.313
 01.11.2025 04:21:26; 20.313
 01.11.2025 04:24:27; 20.188
 01.11.2025 04:27:27; 20.188
 01.11.2025 04:30:26; 20.125
 01.11.2025 04:33:27; 20.125
 01.11.2025 04:36:27; 20.125
 01.11.2025 04:39:26; 20.125
 01.11.2025 04:42:27; 20.125
 01.11.2025 04:45:27; 20.188
 01.11.2025 04:48:26; 20.250
 01.11.2025 04:51:27; 20.250
 01.11.2025 04:54:26; 20.313
 01.11.2025 04:57:26; 20.313
 01.11.2025 05:00:27; 20.313
 01.11.2025 05:03:26; 20.375
 01.11.2025 05:06:26; 20.375
 01.11.2025 05:09:27; 20.313
 01.11.2025 05:12:27; 20.250
 01.11.2025 05:15:26; 20.250
 01.11.2025 05:18:27; 20.250
 01.11.2025 05:21:27; 20.250
 01.11.2025 05:24:26; 20.188
 01.11.2025 05:27:27; 20.188
 01.11.2025 05:30:27; 20.125
 01.11.2025 05:33:26; 20.063
 01.11.2025 05:36:27; 20.063
 01.11.2025 05:39:26; 20.000
 01.11.2025 05:42:26; 19.938
 01.11.2025 05:45:27; 19.875
 01.11.2025 05:48:26; 19.813
 01.11.2025 05:51:26; 19.813
 01.11.2025 05:54:27; 19.750
 01.11.2025 05:57:27; 19.750
 01.11.2025 06:00:26; 19.750
 01.11.2025 06:03:27; 19.750
 01.11.2025 06:06:27; 19.750
 01.11.2025 06:09:26; 19.750
 01.11.2025 06:12:27; 19.688
 01.11.2025 06:15:27; 19.688
 01.11.2025 06:18:26; 19.688
 01.11.2025 06:21:27; 19.688
 01.11.2025 06:24:26; 19.750
 01.11.2025 06:27:26; 19.750
 01.11.2025 06:30:27; 19.813
 01.11.2025 06:33:26; 19.813
 01.11.2025 06:36:26; 19.813
 01.11.2025 06:39:27; 19.813
 01.11.2025 06:42:27; 19.875
 01.11.2025 06:45:26; 19.813
 01.11.2025 06:48:27; 19.813
 01.11.2025 06:51:27; 19.813
 01.11.2025 06:54:26; 19.813
 01.11.2025 06:57:27; 19.813
 01.11.2025 07:00:27; 19.813
 01.11.2025 07:03:26; 19.813
 01.11.2025 07:06:27; 19.875
 01.11.2025 07:09:26; 19.875
 01.11.2025 07:12:26; 19.875
 01.11.2025 07:15:27; 19.875
 01.11.2025 07:18:26; 19.875
 01.11.2025 07:21:26; 19.875
 01.11.2025 07:24:27; 19.813
 01.11.2025 07:27:27; 19.813
 01.11.2025 07:30:26; 19.750
 01.11.2025 07:33:27; 19.750
 01.11.2025 07:36:27; 19.688
 01.11.2025 07:39:26; 19.688
 01.11.2025 07:42:27; 19.688
 01.11.2025 07:45:27; 19.625
 01.11.2025 07:48:26; 19.625
 01.11.2025 07:51:27; 19.625
 01.11.2025 07:54:26; 19.625
 01.11.2025 07:57:26; 19.625
 01.11.2025 08:00:27; 19.563
 01.11.2025 08:03:26; 19.563
 01.11.2025 08:06:26; 19.500
 01.11.2025 08:09:27; 19.500
 01.11.2025 08:12:27; 19.438
 01.11.2025 08:15:26; 19.438
 01.11.2025 08:18:27; 19.438
 01.11.2025 08:21:27; 19.438
 01.11.2025 08:24:26; 19.438
 01.11.2025 08:27:27; 19.438
 01.11.2025 08:30:27; 19.438
 01.11.2025 08:33:26; 19.438
 01.11.2025 08:36:27; 19.438
 01.11.2025 08:39:26; 19.375
 01.11.2025 08:42:26; 19.375
 01.11.2025 08:45:27; 19.375
 01.11.2025 08:48:26; 19.313
 01.11.2025 08:51:26; 19.375
 01.11.2025 08:54:27; 19.375
 01.11.2025 08:57:27; 19.375
 01.11.2025 09:00:26; 19.375
 01.11.2025 09:03:27; 19.438
 01.11.2025 09:06:27; 19.438
 01.11.2025 09:09:26; 19.500
 01.11.2025 09:12:27; 19.500
 01.11.2025 09:15:27; 19.438
 01.11.2025 09:18:26; 19.438
 01.11.2025 09:21:27; 19.375
 01.11.2025 09:24:26; 19.313
 01.11.2025 09:27:26; 19.250
 01.11.2025 09:30:27; 19.250
 01.11.2025 09:33:26; 19.188
 01.11.2025 09:36:26; 19.125
 01.11.2025 09:39:27; 19.125
 01.11.2025 09:42:27; 19.063
 01.11.2025 09:45:26; 19.063
 01.11.2025 09:48:27; 19.063
 01.11.2025 09:51:27; 19.063
 01.11.2025 09:54:26; 19.063
 01.11.2025 09:57:27; 19.125
 01.11.2025 10:00:27; 19.125
 01.11.2025 10:03:26; 19.125
 01.11.2025 10:06:27; 19.188
 01.11.2025 10:09:26; 19.250
 01.11.2025 10:12:26; 19.250
 01.11.2025 10:15:27; 19.313
 01.11.2025 10:18:26; 19.375
 01.11.2025 10:21:26; 19.375
 01.11.2025 10:24:27; 19.438
 01.11.2025 10:27:27; 19.500
 01.11.2025 10:30:26; 19.563
 01.11.2025 10:33:27; 19.563
 01.11.2025 10:36:27; 19.625
 01.11.2025 10:39:26; 19.563
 01.11.2025 10:42:27; 19.625
 01.11.2025 10:45:27; 19.625
 01.11.2025 10:48:26; 19.688
 01.11.2025 10:51:27; 19.813
 01.11.2025 10:54:26; 19.938
 01.11.2025 10:57:26; 20.063
 01.11.2025 11:00:27; 20.250
 01.11.2025 11:03:26; 20.375
 01.11.2025 11:06:26; 20.563
 01.11.2025 11:09:27; 20.813
 01.11.2025 11:12:27; 20.938
 01.11.2025 11:15:26; 21.125
 01.11.2025 11:18:27; 21.313
 01.11.2025 11:21:27; 21.438
 01.11.2025 11:24:26; 21.500
 01.11.2025 11:27:27; 21.625
 01.11.2025 11:30:27; 21.750
 01.11.2025 11:33:26; 21.875
 01.11.2025 11:36:27; 22.063
 01.11.2025 11:39:26; 22.250
 01.11.2025 11:42:26; 22.500
 01.11.2025 11:45:27; 22.813
 01.11.2025 11:48:26; 23.125
 01.11.2025 11:51:26; 23.438
 01.11.2025 11:54:27; 23.875
 01.11.2025 11:57:27; 24.188
 01.11.2025 12:00:26; 24.188
 01.11.2025 12:03:27; 23.813
 01.11.2025 12:06:27; 23.438
 01.11.2025 12:09:26; 23.063
 01.11.2025 12:12:27; 22.750
 01.11.2025 12:15:27; 22.875
 01.11.2025 12:18:26; 23.063
 01.11.2025 12:21:27; 23.375
 01.11.2025 12:24:26; 23.688
 01.11.2025 12:27:26; 24.000
 01.11.2025 12:30:27; 24.188
 01.11.2025 12:33:26; 24.375
 01.11.2025 12:36:26; 24.563
 01.11.2025 12:39:27; 24.625
 01.11.2025 12:42:27; 24.813
 01.11.2025 12:45:26; 25.063
 01.11.2025 12:48:27; 25.313
 01.11.2025 12:51:27; 25.500
 01.11.2025 12:54:26; 25.563
 01.11.2025 12:57:27; 25.688
 01.11.2025 13:00:27; 25.813
 01.11.2025 13:03:26; 25.813
 01.11.2025 13:06:27; 25.813
 01.11.2025 13:09:26; 26.000
 01.11.2025 13:12:26; 26.188
 01.11.2025 13:15:27; 26.313
 01.11.2025 13:18:26; 26.313
 01.11.2025 13:21:26; 26.500
 01.11.2025 13:24:27; 26.625
 01.11.2025 13:27:27; 26.750
 01.11.2025 13:30:26; 26.875
 01.11.2025 13:33:27; 26.813
 01.11.2025 13:36:27; 26.938
 01.11.2025 13:39:26; 27.000
 01.11.2025 13:42:27; 27.188
 01.11.2025 13:45:27; 27.438
 01.11.2025 13:48:26; 27.438
 01.11.2025 13:51:27; 27.188
 01.11.2025 13:54:26; 27.125
 01.11.2025 13:57:26; 27.313
 01.11.2025 14:00:27; 27.375
 01.11.2025 14:03:26; 27.563
 01.11.2025 14:06:26; 27.438
 01.11.2025 14:09:27; 27.750
 01.11.2025 14:12:27; 28.125
 01.11.2025 14:15:26; 28.188
 01.11.2025 14:18:27; 28.188
 01.11.2025 14:21:27; 28.438
 01.11.2025 14:24:26; 28.563
 01.11.2025 14:27:27; 28.563
 01.11.2025 14:30:27; 28.188
 01.11.2025 14:33:26; 28.375
 01.11.2025 14:36:27; 28.250
 01.11.2025 14:39:26; 28.500
 01.11.2025 14:42:26; 28.500
 01.11.2025 14:45:27; 28.563
 01.11.2025 14:48:26; 28.938
 01.11.2025 14:51:26; 29.250
 01.11.2025 14:54:27; 29.625
 01.11.2025 14:57:27; 29.563
 01.11.2025 15:00:26; 29.500
 01.11.2025 15:03:27; 29.813
 01.11.2025 15:06:27; 30.125
 01.11.2025 15:09:26; 30.250
 01.11.2025 15:12:27; 29.813
 01.11.2025 15:15:27; 29.688
 01.11.2025 15:18:26; 29.438
 01.11.2025 15:21:27; 29.063
 01.11.2025 15:24:26; 28.875
 01.11.2025 15:27:26; 28.813
 01.11.2025 15:30:27; 29.125
 01.11.2025 15:33:26; 29.688
 01.11.2025 15:36:26; 29.688
 01.11.2025 15:39:27; 29.625
 01.11.2025 15:42:27; 29.438
 01.11.2025 15:45:26; 28.750
 01.11.2025 15:48:27; 28.375
 01.11.2025 15:51:27; 27.875
 01.11.2025 15:54:26; 27.250
 01.11.2025 15:57:27; 26.688
 01.11.2025 16:00:27; 26.125
 01.11.2025 16:03:26; 25.500
 01.11.2025 16:06:27; 25.125
 01.11.2025 16:09:26; 25.000
 01.11.2025 16:12:26; 24.750
 01.11.2025 16:15:27; 24.313
 01.11.2025 16:18:26; 24.000
 01.11.2025 16:21:26; 23.688
 01.11.2025 16:24:27; 23.625
 01.11.2025 16:27:27; 24.375
 01.11.2025 16:30:26; 25.500
 01.11.2025 16:33:27; 26.000
 01.11.2025 16:36:27; 27.188
 01.11.2025 16:39:26; 28.313
 01.11.2025 16:42:27; 29.250
 01.11.2025 16:45:27; 29.938
 01.11.2025 16:48:26; 30.438
 01.11.2025 16:51:27; 30.813
 01.11.2025 16:54:26; 31.188
 01.11.2025 16:57:26; 31.500
 01.11.2025 17:00:27; 31.750
 01.11.2025 17:03:26; 31.750
 01.11.2025 17:06:26; 32.313
 01.11.2025 17:09:27; 32.938
 01.11.2025 17:12:27; 32.438
 01.11.2025 17:15:26; 31.375
 01.11.2025 17:18:27; 30.250
 01.11.2025 17:21:27; 29.563
 01.11.2025 17:24:26; 28.750
 01.11.2025 17:27:27; 28.188
 01.11.2025 17:30:27; 27.750
 01.11.2025 17:33:26; 27.688
 01.11.2025 17:36:27; 29.438
 01.11.2025 17:39:26; 30.875
 01.11.2025 17:42:26; 31.813
 01.11.2025 17:45:27; 32.938
 01.11.2025 17:48:26; 33.438
 01.11.2025 17:51:26; 34.250
 01.11.2025 17:54:27; 34.313
 01.11.2025 17:57:27; 35.250
 01.11.2025 18:00:26; 34.500
 01.11.2025 18:03:27; 32.813
 01.11.2025 18:06:27; 31.375
 01.11.2025 18:09:26; 30.313
 01.11.2025 18:12:27; 29.875
 01.11.2025 18:15:27; 29.000
 01.11.2025 18:18:26; 28.375
 01.11.2025 18:21:27; 27.750
 01.11.2025 18:24:26; 28.688
 01.11.2025 18:27:26; 29.750
 01.11.2025 18:30:27; 29.438
 01.11.2025 18:33:26; 28.688
 01.11.2025 18:36:26; 28.063
 01.11.2025 18:39:27; 27.625
 01.11.2025 18:42:27; 27.313
 01.11.2025 18:45:26; 27.625
 01.11.2025 18:48:27; 29.000
 01.11.2025 18:51:27; 28.500
 01.11.2025 18:54:26; 28.250
 01.11.2025 18:57:27; 30.250
 01.11.2025 19:00:27; 31.750
 01.11.2025 19:03:26; 32.813
 01.11.2025 19:06:27; 32.938
 01.11.2025 19:09:26; 33.000
 01.11.2025 19:12:26; 33.375
 01.11.2025 19:15:27; 32.938
 01.11.2025 19:18:26; 34.125
 01.11.2025 19:21:26; 35.125
 01.11.2025 19:24:27; 35.063
 01.11.2025 19:27:27; 34.813
 01.11.2025 19:30:26; 34.875
 01.11.2025 19:33:27; 35.250
 01.11.2025 19:36:27; 35.875
 01.11.2025 19:39:26; 34.625
 01.11.2025 19:42:27; 34.750
 01.11.2025 19:45:27; 34.563
 01.11.2025 19:48:26; 32.938
 01.11.2025 19:51:27; 33.625
 01.11.2025 19:54:26; 34.500
 01.11.2025 19:57:26; 34.625
 01.11.2025 20:00:27; 35.250
 01.11.2025 20:03:26; 34.875
 01.11.2025 20:06:26; 33.563
 01.11.2025 20:09:27; 32.188
 01.11.2025 20:12:27; 32.500
 01.11.2025 20:15:26; 32.188
 01.11.2025 20:18:27; 32.563
 01.11.2025 20:21:27; 33.625
 01.11.2025 20:24:26; 33.063
 01.11.2025 20:27:27; 32.313
 01.11.2025 20:30:27; 31.750
 01.11.2025 20:33:26; 31.375
 01.11.2025 20:36:27; 31.688
 01.11.2025 20:39:26; 31.875
 01.11.2025 20:42:26; 32.375
 01.11.2025 20:45:27; 31.938
 01.11.2025 20:48:26; 31.313
 01.11.2025 20:51:26; 30.563
 01.11.2025 20:54:27; 30.688
 01.11.2025 20:57:27; 29.938
 01.11.2025 21:00:26; 29.500
 01.11.2025 21:03:27; 29.438
 01.11.2025 21:06:27; 29.500
 01.11.2025 21:09:26; 29.938
 01.11.2025 21:12:27; 30.000
 01.11.2025 21:15:27; 29.813
 01.11.2025 21:18:26; 29.875
 01.11.2025 21:21:27; 29.750
 01.11.2025 21:24:26; 29.813
 01.11.2025 21:27:26; 30.000
 01.11.2025 21:30:27; 30.125
 01.11.2025 21:33:26; 29.813
 01.11.2025 21:36:26; 29.313
 01.11.2025 21:39:27; 28.813
 01.11.2025 21:42:27; 28.375
 01.11.2025 21:45:26; 28.125
 01.11.2025 21:48:27; 27.938
 01.11.2025 21:51:27; 27.938
 01.11.2025 21:54:26; 27.938
 01.11.2025 21:57:27; 27.813
 01.11.2025 22:00:27; 27.563
 01.11.2025 22:03:26; 27.438
 01.11.2025 22:06:27; 27.250
 01.11.2025 22:09:26; 27.125
 01.11.2025 22:12:26; 27.063
 01.11.2025 22:15:27; 27.000
 01.11.2025 22:18:26; 26.938
 01.11.2025 22:21:26; 26.875
 01.11.2025 22:24:27; 26.750
 01.11.2025 22:27:27; 26.563
 01.11.2025 22:30:26; 26.438
 01.11.2025 22:33:27; 26.375
 01.11.2025 22:36:27; 26.188
 01.11.2025 22:39:26; 26.125
 01.11.2025 22:42:27; 26.063
 01.11.2025 22:45:27; 26.000
 01.11.2025 22:48:26; 25.750
 01.11.2025 22:51:27; 25.625
 01.11.2025 22:54:26; 25.625
 01.11.2025 22:57:26; 25.625
 01.11.2025 23:00:27; 25.250
 01.11.2025 23:03:26; 24.938
 01.11.2025 23:06:26; 25.063
 01.11.2025 23:09:27; 25.250
 01.11.2025 23:12:27; 25.188
 01.11.2025 23:15:26; 25.125
 01.11.2025 23:18:27; 24.938
 01.11.2025 23:21:27; 24.875
 01.11.2025 23:24:26; 24.938
 01.11.2025 23:27:27; 24.875
 01.11.2025 23:30:27; 24.688
 01.11.2025 23:33:26; 24.250
 01.11.2025 23:36:27; 23.938
 01.11.2025 23:39:26; 23.500
 01.11.2025 23:42:26; 23.188
 01.11.2025 23:45:27; 23.313
 01.11.2025 23:48:26; 23.063
 01.11.2025 23:51:26; 22.813
 01.11.2025 23:54:27; 22.563
 01.11.2025 23:57:27; 22.313
 02.11.2025 00:00:26; 22.063
 02.11.2025 00:03:27; 21.875
 02.11.2025 00:06:27; 21.750
 02.11.2025 00:09:26; 21.688
 02.11.2025 00:12:27; 21.563
 02.11.2025 00:15:27; 21.500
 02.11.2025 00:18:26; 21.375
 02.11.2025 00:21:27; 21.313
 02.11.2025 00:24:26; 21.250
 02.11.2025 00:27:26; 21.188
 02.11.2025 00:30:27; 21.125
 02.11.2025 00:33:26; 21.063
 02.11.2025 00:36:26; 21.000
 02.11.2025 00:39:27; 20.938
 02.11.2025 00:42:27; 20.938
 02.11.2025 00:45:26; 21.125
 02.11.2025 00:48:27; 21.000
 02.11.2025 00:51:27; 20.813
 02.11.2025 00:54:26; 20.688
 02.11.2025 00:57:27; 20.625
 02.11.2025 01:00:27; 20.500
 02.11.2025 01:03:26; 20.375
 02.11.2025 01:06:27; 20.375
 02.11.2025 01:09:26; 20.250
 02.11.2025 01:12:26; 20.188
 02.11.2025 01:15:27; 20.125
 02.11.2025 01:18:26; 20.125
 02.11.2025 01:21:26; 20.000
 02.11.2025 01:24:27; 19.938
 02.11.2025 01:27:27; 19.875
 02.11.2025 01:30:26; 19.750
 02.11.2025 01:33:27; 19.625
 02.11.2025 01:36:27; 19.500
 02.11.2025 01:39:26; 19.438
 02.11.2025 01:42:27; 19.375
 02.11.2025 01:45:27; 19.313
 02.11.2025 01:48:26; 19.250
 02.11.2025 01:51:27; 19.250
 02.11.2025 01:54:26; 19.188
 02.11.2025 01:57:26; 19.125
 02.11.2025 02:00:27; 19.063
 02.11.2025 02:03:26; 19.063
 02.11.2025 02:06:26; 19.000
 02.11.2025 02:09:27; 19.000
 02.11.2025 02:12:27; 18.938
 02.11.2025 02:15:26; 18.875
 02.11.2025 02:18:27; 18.875
 02.11.2025 02:21:27; 18.875
 02.11.2025 02:24:26; 18.813
 02.11.2025 02:27:27; 18.750
 02.11.2025 02:30:27; 18.750
 02.11.2025 02:33:26; 18.688
 02.11.2025 02:36:27; 18.688
 02.11.2025 02:39:26; 18.625
 02.11.2025 02:42:26; 18.625
 02.11.2025 02:45:27; 18.563
 02.11.2025 02:48:26; 18.500
 02.11.2025 02:51:26; 18.438
 02.11.2025 02:54:27; 18.375
 02.11.2025 02:57:27; 18.313
 02.11.2025 03:00:26; 18.313
 02.11.2025 03:03:27; 18.250
 02.11.2025 03:06:27; 18.188
 02.11.2025 03:09:26; 18.125
 02.11.2025 03:12:27; 18.063
 02.11.2025 03:15:27; 18.000
 02.11.2025 03:18:26; 17.938
 02.11.2025 03:21:27; 17.875
 02.11.2025 03:24:26; 17.875
 02.11.2025 03:27:26; 17.750
 02.11.2025 03:30:27; 17.688
 02.11.2025 03:33:26; 17.688
 02.11.2025 03:36:26; 17.563
 02.11.2025 03:39:27; 17.563
 02.11.2025 03:42:27; 17.563
 02.11.2025 03:45:26; 17.563
 02.11.2025 03:48:27; 17.563
 02.11.2025 03:51:27; 17.563
 02.11.2025 03:54:26; 17.563
 02.11.2025 03:57:27; 17.563
 02.11.2025 04:00:27; 17.563
 02.11.2025 04:03:26; 17.563
 02.11.2025 04:06:27; 17.500
 02.11.2025 04:09:26; 17.500
 02.11.2025 04:12:26; 17.438
 02.11.2025 04:15:27; 17.375
 02.11.2025 04:18:26; 17.375
 02.11.2025 04:21:26; 17.375
 02.11.2025 04:24:27; 17.313
 02.11.2025 04:27:27; 17.313
 02.11.2025 04:30:26; 17.250
 02.11.2025 04:33:27; 17.250
 02.11.2025 04:36:27; 17.188
 02.11.2025 04:39:26; 17.188
 02.11.2025 04:42:27; 17.063
 02.11.2025 04:45:27; 17.063
 02.11.2025 04:48:26; 17.000
 02.11.2025 04:51:27; 17.000
 02.11.2025 04:54:26; 17.000
 02.11.2025 04:57:26; 16.938
 02.11.2025 05:00:27; 16.875
 02.11.2025 05:03:26; 16.875
 02.11.2025 05:06:26; 16.875
 02.11.2025 05:09:27; 16.813
 02.11.2025 05:12:27; 16.813
 02.11.2025 05:15:26; 16.813
 02.11.2025 05:18:27; 16.813
 02.11.2025 05:21:27; 16.813
 02.11.2025 05:24:26; 16.813
 02.11.2025 05:27:27; 16.813
 02.11.2025 05:30:27; 16.750
 02.11.2025 05:33:26; 16.750
 02.11.2025 05:36:27; 16.688
 02.11.2025 05:39:26; 16.688
 02.11.2025 05:42:26; 16.688
 02.11.2025 05:45:27; 16.688
 02.11.2025 05:48:26; 16.688
 02.11.2025 05:51:26; 16.688
 02.11.2025 05:54:27; 16.688
 02.11.2025 05:57:27; 16.688
 02.11.2025 06:00:26; 16.688
 02.11.2025 06:03:27; 16.688
 02.11.2025 06:06:27; 16.563
 02.11.2025 06:09:26; 16.500
 02.11.2025 06:12:27; 16.500
 02.11.2025 06:15:27; 16.500
 02.11.2025 06:18:26; 16.438
 02.11.2025 06:21:27; 16.438
 02.11.2025 06:24:26; 16.375
 02.11.2025 06:27:26; 16.313
 02.11.2025 06:30:27; 16.313
 02.11.2025 06:33:26; 16.313
 02.11.2025 06:36:26; 16.250
 02.11.2025 06:39:27; 16.250
 02.11.2025 06:42:27; 16.188
 02.11.2025 06:45:26; 16.188
 02.11.2025 06:48:27; 16.125
 02.11.2025 06:51:27; 16.125
 02.11.2025 06:54:26; 16.063
 02.11.2025 06:57:27; 16.063
 02.11.2025 07:00:27; 16.000
 02.11.2025 07:03:26; 15.938
 02.11.2025 07:06:27; 15.938
 02.11.2025 07:09:26; 15.938
 02.11.2025 07:12:26; 15.938
 02.11.2025 07:15:27; 15.875
 02.11.2025 07:18:26; 15.813
 02.11.2025 07:21:26; 15.813
 02.11.2025 07:24:27; 15.813
 02.11.2025 07:27:27; 15.813
 02.11.2025 07:30:26; 15.688
 02.11.2025 07:33:27; 15.688
 02.11.2025 07:36:27; 15.625
 02.11.2025 07:39:26; 15.625
 02.11.2025 07:42:27; 15.563
 02.11.2025 07:45:27; 15.500
 02.11.2025 07:48:26; 15.500
 02.11.2025 07:51:27; 15.438
 02.11.2025 07:54:26; 15.375
 02.11.2025 07:57:26; 15.375
 02.11.2025 08:00:27; 15.313
 02.11.2025 08:03:26; 15.313
 02.11.2025 08:06:26; 15.313
 02.11.2025 08:09:27; 15.375
 02.11.2025 08:12:27; 15.313
 02.11.2025 08:15:26; 15.313
 02.11.2025 08:18:27; 15.250
 02.11.2025 08:21:27; 15.250
 02.11.2025 08:24:26; 15.250
 02.11.2025 08:27:27; 15.250
 02.11.2025 08:30:27; 15.250
 02.11.2025 08:33:26; 15.250
 02.11.2025 08:36:27; 15.188
 02.11.2025 08:39:26; 15.188
 02.11.2025 08:42:26; 15.125
 02.11.2025 08:45:27; 15.125
 02.11.2025 08:48:26; 15.125
 02.11.2025 08:51:26; 15.063
 02.11.2025 08:54:27; 15.000
 02.11.2025 08:57:27; 14.938
 02.11.2025 09:00:26; 14.938
 02.11.2025 09:03:27; 14.875
 02.11.2025 09:06:27; 14.875
 02.11.2025 09:09:26; 14.875
 02.11.2025 09:12:27; 14.875
 02.11.2025 09:15:27; 14.875
 02.11.2025 09:18:26; 14.875
 02.11.2025 09:21:27; 14.875
 02.11.2025 09:24:26; 14.813
 02.11.2025 09:27:26; 14.813
 02.11.2025 09:30:27; 14.813
 02.11.2025 09:33:26; 14.750
 02.11.2025 09:36:26; 14.750
 02.11.2025 09:39:27; 14.750
 02.11.2025 09:42:27; 14.750
 02.11.2025 09:45:26; 14.750
 02.11.2025 09:48:27; 14.750
 02.11.2025 09:51:27; 14.750
 02.11.2025 09:54:26; 14.813
 02.11.2025 09:57:27; 14.813
 02.11.2025 10:00:27; 14.813
 02.11.2025 10:03:26; 14.875
 02.11.2025 10:06:27; 14.875
 02.11.2025 10:09:26; 14.938
 02.11.2025 10:12:26; 15.000
 02.11.2025 10:15:27; 15.063
 02.11.2025 10:18:26; 15.188
 02.11.2025 10:21:26; 15.250
 02.11.2025 10:24:27; 15.313
 02.11.2025 10:27:27; 15.375
 02.11.2025 10:30:26; 15.438
 02.11.2025 10:33:27; 15.563
 02.11.2025 10:36:27; 15.625
 02.11.2025 10:39:26; 15.750
 02.11.2025 10:42:27; 15.875
 02.11.2025 10:45:27; 15.938
 02.11.2025 10:48:26; 16.063
 02.11.2025 10:51:27; 16.188
 02.11.2025 10:54:26; 16.313
 02.11.2025 10:57:26; 16.438
 02.11.2025 11:00:27; 16.625
 02.11.2025 11:03:26; 16.750
 02.11.2025 11:06:26; 16.938
 02.11.2025 11:09:27; 17.063
 02.11.2025 11:12:27; 17.250
 02.11.2025 11:15:26; 17.500
 02.11.2025 11:18:27; 17.688
 02.11.2025 11:21:27; 17.938
 02.11.2025 11:24:26; 18.125
 02.11.2025 11:27:27; 18.375
 02.11.2025 11:30:27; 18.563
 02.11.2025 11:33:26; 18.813
 02.11.2025 11:36:27; 18.938
 02.11.2025 11:39:26; 19.063
 02.11.2025 11:42:26; 19.313
 02.11.2025 11:45:27; 19.500
 02.11.2025 11:48:26; 19.688
 02.11.2025 11:51:26; 19.938
 02.11.2025 11:54:27; 20.063
 02.11.2025 11:57:27; 20.250
 02.11.2025 12:00:26; 20.438
 02.11.2025 12:03:27; 20.563
 02.11.2025 12:06:27; 20.688
 02.11.2025 12:09:26; 20.875
 02.11.2025 12:12:27; 21.000
 02.11.2025 12:15:27; 21.000
 02.11.2025 12:18:26; 21.063
 02.11.2025 12:21:27; 21.125
 02.11.2025 12:24:26; 21.250
 02.11.2025 12:27:26; 21.313
 02.11.2025 12:30:27; 21.500
 02.11.2025 12:33:26; 21.563
 02.11.2025 12:36:26; 21.750
 02.11.2025 12:39:27; 21.875
 02.11.2025 12:42:27; 21.938
 02.11.2025 12:45:26; 22.125
 02.11.2025 12:48:27; 22.125
 02.11.2025 12:51:27; 22.188
 02.11.2025 12:54:26; 22.188
 02.11.2025 12:57:27; 22.188
 02.11.2025 13:00:27; 22.250
 02.11.2025 13:03:26; 22.438
 02.11.2025 13:06:27; 22.625
 02.11.2025 13:09:26; 22.625
 02.11.2025 13:12:26; 22.625
 02.11.2025 13:15:27; 22.750
 02.11.2025 13:18:26; 22.875
 02.11.2025 13:21:26; 22.938
 02.11.2025 13:24:27; 23.063
 02.11.2025 13:27:27; 23.063
 02.11.2025 13:30:26; 23.125
 02.11.2025 13:33:27; 23.188
 02.11.2025 13:36:27; 23.375
 02.11.2025 13:39:26; 23.438
 02.11.2025 13:42:27; 23.563
 02.11.2025 13:45:27; 23.813
 02.11.2025 13:48:26; 23.875
 02.11.2025 13:51:27; 23.813
 02.11.2025 13:54:26; 24.000
 02.11.2025 13:57:26; 24.313
 02.11.2025 14:00:27; 24.313
 02.11.2025 14:03:26; 24.313
 02.11.2025 14:06:26; 24.313
 02.11.2025 14:09:27; 24.625
 02.11.2025 14:12:27; 24.875
 02.11.2025 14:15:26; 24.875
 02.11.2025 14:18:27; 25.000
 02.11.2025 14:21:27; 25.313
 02.11.2025 14:24:26; 25.438
 02.11.2025 14:27:27; 25.563
 02.11.2025 14:30:27; 25.750
 02.11.2025 14:33:26; 25.750
 02.11.2025 14:36:27; 25.938
 02.11.2025 14:39:26; 26.063
 02.11.2025 14:42:26; 26.313
 02.11.2025 14:45:27; 26.375
 02.11.2025 14:48:26; 26.250
 02.11.2025 14:51:26; 26.313
 02.11.2025 14:54:27; 26.313
 02.11.2025 14:57:27; 26.750
 02.11.2025 15:00:26; 27.063
 02.11.2025 15:03:27; 27.000
 02.11.2025 15:06:27; 27.000
 02.11.2025 15:09:26; 27.313
 02.11.2025 15:12:27; 27.563
 02.11.2025 15:15:27; 27.813
 02.11.2025 15:18:26; 27.625
 02.11.2025 15:21:27; 27.750
 02.11.2025 15:24:26; 27.750
 02.11.2025 15:27:26; 27.875
 02.11.2025 15:30:27; 27.938
 02.11.2025 15:33:26; 27.938
 02.11.2025 15:36:26; 28.063
 02.11.2025 15:39:27; 28.000
 02.11.2025 15:42:27; 28.125
 02.11.2025 15:45:26; 28.250
 02.11.2025 15:48:27; 28.750
 02.11.2025 15:51:27; 28.813
 02.11.2025 15:54:26; 28.875
 02.11.2025 15:57:27; 28.875
 02.11.2025 16:00:27; 28.813
 02.11.2025 16:03:26; 28.938
 02.11.2025 16:06:27; 29.063
 02.11.2025 16:09:26; 29.500
 02.11.2025 16:12:26; 29.313
 02.11.2025 16:15:27; 29.313
 02.11.2025 16:18:26; 29.313
 02.11.2025 16:21:26; 29.625
 02.11.2025 16:24:27; 30.063
 02.11.2025 16:27:27; 30.313
 02.11.2025 16:30:26; 30.125
 02.11.2025 16:33:27; 30.375
 02.11.2025 16:36:27; 30.688
 02.11.2025 16:39:26; 30.625
 02.11.2025 16:42:27; 30.750
 02.11.2025 16:45:27; 30.688
 02.11.2025 16:48:26; 30.813
 02.11.2025 16:51:27; 30.875
 02.11.2025 16:54:26; 30.625
 02.11.2025 16:57:26; 31.063
 02.11.2025 17:00:27; 31.188
 02.11.2025 17:03:26; 31.125
 02.11.2025 17:06:26; 31.000
 02.11.2025 17:09:27; 31.188
 02.11.2025 17:12:27; 31.438
 02.11.2025 17:15:26; 31.938
 02.11.2025 17:18:27; 32.500
 02.11.2025 17:21:27; 32.375
 02.11.2025 17:24:26; 32.563
 02.11.2025 17:27:27; 32.500
 02.11.2025 17:30:27; 32.375
 02.11.2025 17:33:26; 32.250
 02.11.2025 17:36:27; 32.500
 02.11.2025 17:39:26; 33.125
 02.11.2025 17:42:26; 33.563
 02.11.2025 17:45:27; 33.625
 02.11.2025 17:48:26; 34.250
 02.11.2025 17:51:26; 34.313
 02.11.2025 17:54:27; 34.125
 02.11.2025 17:57:27; 34.813
 02.11.2025 18:00:26; 35.063
 02.11.2025 18:03:27; 35.563
 02.11.2025 18:06:27; 35.875
 02.11.2025 18:09:26; 36.375
 02.11.2025 18:12:27; 36.313
 02.11.2025 18:15:27; 35.375
 02.11.2025 18:18:26; 34.938
 02.11.2025 18:21:27; 35.250
 02.11.2025 18:24:26; 35.625
 02.11.2025 18:27:26; 35.500
 02.11.2025 18:30:27; 35.500
 02.11.2025 18:33:26; 35.375
 02.11.2025 18:36:26; 35.250
 02.11.2025 18:39:27; 35.500
 02.11.2025 18:42:27; 35.313
 02.11.2025 18:45:26; 35.563
 02.11.2025 18:48:27; 35.875
 02.11.2025 18:51:27; 35.813
 02.11.2025 18:54:26; 35.688
 02.11.2025 18:57:27; 35.938
 02.11.2025 19:00:27; 36.500
 02.11.2025 19:03:26; 37.375
 02.11.2025 19:06:27; 37.313
 02.11.2025 19:09:26; 37.938
 02.11.2025 19:12:26; 37.688
 02.11.2025 19:15:27; 36.813
 02.11.2025 19:18:26; 36.438
 02.11.2025 19:21:26; 36.375
 02.11.2025 19:24:27; 36.813
 02.11.2025 19:27:27; 37.125
 02.11.2025 19:30:26; 37.188
 02.11.2025 19:33:27; 37.063
 02.11.2025 19:36:27; 38.000
 02.11.2025 19:39:26; 38.625
 02.11.2025 19:42:27; 39.625
 02.11.2025 19:45:27; 38.938
 02.11.2025 19:48:26; 38.250
 02.11.2025 19:51:27; 37.500
 02.11.2025 19:54:26; 38.250
 02.11.2025 19:57:26; 38.250
 02.11.2025 20:00:27; 38.313
 02.11.2025 20:03:26; 37.813
 02.11.2025 20:06:26; 37.813
 02.11.2025 20:09:27; 37.500
 02.11.2025 20:12:27; 36.125
 02.11.2025 20:15:26; 35.813
 02.11.2025 20:18:27; 35.250
 02.11.2025 20:21:27; 35.000
 02.11.2025 20:24:26; 35.000
 02.11.2025 20:27:27; 35.000
 02.11.2025 20:30:27; 34.875
 02.11.2025 20:33:26; 35.000
 02.11.2025 20:36:27; 36.125
 02.11.2025 20:39:26; 36.438
 02.11.2025 20:42:26; 35.875
 02.11.2025 20:45:27; 35.250
 02.11.2025 20:48:26; 34.688
 02.11.2025 20:51:26; 33.875
 02.11.2025 20:54:27; 33.063
 02.11.2025 20:57:27; 32.313
 02.11.2025 21:00:26; 32.000
 02.11.2025 21:03:27; 31.938
 02.11.2025 21:06:27; 31.813
 02.11.2025 21:09:26; 31.625
 02.11.2025 21:12:27; 31.000
 02.11.2025 21:15:27; 30.813
 02.11.2025 21:18:26; 30.688
 02.11.2025 21:21:27; 30.500
 02.11.2025 21:24:26; 30.375
 02.11.2025 21:27:26; 30.250
 02.11.2025 21:30:27; 29.750
 02.11.2025 21:33:26; 29.250
 02.11.2025 21:36:26; 28.688
 02.11.2025 21:39:27; 28.250
 02.11.2025 21:42:27; 27.875
 02.11.2025 21:45:26; 27.688
 02.11.2025 21:48:27; 27.375
 02.11.2025 21:51:27; 27.188
 02.11.2025 21:54:26; 27.063
 02.11.2025 21:57:27; 27.125
 02.11.2025 22:00:27; 27.000
 02.11.2025 22:03:26; 26.625
 02.11.2025 22:06:27; 26.313
 02.11.2025 22:09:26; 26.125
 02.11.2025 22:12:26; 25.875
 02.11.2025 22:15:27; 25.688
 02.11.2025 22:18:26; 25.750
 02.11.2025 22:21:26; 25.625
 02.11.2025 22:24:27; 25.500
 02.11.2025 22:27:27; 25.313
 02.11.2025 22:30:26; 25.313
 02.11.2025 22:33:27; 25.188
 02.11.2025 22:36:27; 24.938
 02.11.2025 22:39:26; 24.750
 02.11.2025 22:42:27; 24.500
 02.11.2025 22:45:27; 24.250
 02.11.2025 22:48:26; 24.125
 02.11.2025 22:51:27; 23.938
 02.11.2025 22:54:26; 23.750
 02.11.2025 22:57:26; 23.563
 02.11.2025 23:00:27; 23.375
 02.11.2025 23:03:26; 23.188
 02.11.2025 23:06:26; 22.938
 02.11.2025 23:09:27; 22.813
 02.11.2025 23:12:27; 22.688
 02.11.2025 23:15:26; 22.625
 02.11.2025 23:18:27; 22.500
 02.11.2025 23:21:27; 22.438
 02.11.2025 23:24:26; 22.375
 02.11.2025 23:27:27; 22.313
 02.11.2025 23:30:27; 22.188
 02.11.2025 23:33:26; 22.188
 02.11.2025 23:36:27; 22.063
 02.11.2025 23:39:26; 22.063
 02.11.2025 23:42:26; 21.938
 02.11.2025 23:45:27; 21.875
 02.11.2025 23:48:26; 21.875
 02.11.2025 23:51:26; 21.750
 02.11.2025 23:54:27; 21.563
 02.11.2025 23:57:27; 21.500
 03.11.2025 00:00:26; 21.438
 03.11.2025 00:03:27; 21.438
 03.11.2025 00:06:27; 21.375
 03.11.2025 00:09:26; 21.313
 03.11.2025 00:12:27; 21.250
 03.11.2025 00:15:27; 21.188
 03.11.2025 00:18:26; 21.188
 03.11.2025 00:21:27; 21.125
 03.11.2025 00:24:26; 21.063
 03.11.2025 00:27:26; 21.063
 03.11.2025 00:30:27; 21.000
 03.11.2025 00:33:26; 20.938
 03.11.2025 00:36:26; 20.875
 03.11.2025 00:39:27; 20.813
 03.11.2025 00:42:27; 20.750
 03.11.2025 00:45:26; 20.750
 03.11.2025 00:48:27; 20.688
 03.11.2025 00:51:27; 20.625
 03.11.2025 00:54:26; 20.563
 03.11.2025 00:57:27; 20.500
 03.11.2025 01:00:27; 20.438
 03.11.2025 01:03:26; 20.375
 03.11.2025 01:06:27; 20.313
 03.11.2025 01:09:26; 20.250
 03.11.2025 01:12:26; 20.188
 03.11.2025 01:15:27; 20.125
 03.11.2025 01:18:26; 20.000
 03.11.2025 01:21:26; 20.000
 03.11.2025 01:24:27; 19.938
 03.11.2025 01:27:27; 19.875
 03.11.2025 01:30:26; 19.813
 03.11.2025 01:33:27; 19.750
 03.11.2025 01:36:27; 19.688
 03.11.2025 01:39:26; 19.688
 03.11.2025 01:42:27; 19.625
 03.11.2025 01:45:27; 19.563
 03.11.2025 01:48:26; 19.500
 03.11.2025 01:51:27; 19.438
 03.11.2025 01:54:26; 19.375
 03.11.2025 01:57:26; 19.313
 03.11.2025 02:00:27; 19.313
 03.11.2025 02:03:26; 19.250
 03.11.2025 02:06:26; 19.250
 03.11.2025 02:09:27; 19.188
 03.11.2025 02:12:27; 19.188
 03.11.2025 02:15:26; 19.125
 03.11.2025 02:18:27; 19.063
 03.11.2025 02:21:27; 19.063
 03.11.2025 02:24:26; 19.000
 03.11.2025 02:27:27; 19.000
 03.11.2025 02:30:27; 19.000
 03.11.2025 02:33:26; 19.000
 03.11.2025 02:36:27; 18.938
 03.11.2025 02:39:26; 18.875
 03.11.2025 02:42:26; 18.875
 03.11.2025 02:45:27; 18.813
 03.11.2025 02:48:26; 18.813
 03.11.2025 02:51:26; 18.813
 03.11.2025 02:54:27; 18.813
 03.11.2025 02:57:27; 18.813
 03.11.2025 03:00:26; 18.750
 03.11.2025 03:03:27; 18.688
 03.11.2025 03:06:27; 18.688
 03.11.2025 03:09:26; 18.688
 03.11.2025 03:12:27; 18.625
 03.11.2025 03:15:27; 18.563
 03.11.2025 03:18:26; 18.438
 03.11.2025 03:21:27; 18.375
 03.11.2025 03:24:26; 18.375
 03.11.2025 03:27:26; 18.313
 03.11.2025 03:30:27; 18.250
 03.11.2025 03:33:26; 18.188
 03.11.2025 03:36:26; 18.125
 03.11.2025 03:39:27; 18.125
 03.11.2025 03:42:27; 18.125
 03.11.2025 03:45:26; 18.063
 03.11.2025 03:48:27; 18.063
 03.11.2025 03:51:27; 18.000
 03.11.2025 03:54:26; 17.938
 03.11.2025 03:57:27; 17.875
 03.11.2025 04:00:27; 17.813
 03.11.2025 04:03:26; 17.813
 03.11.2025 04:06:27; 17.813
 03.11.2025 04:09:26; 17.750
 03.11.2025 04:12:26; 17.688
 03.11.2025 04:15:27; 17.688
 03.11.2025 04:18:26; 17.688
 03.11.2025 04:21:26; 17.625
 03.11.2025 04:24:27; 17.625
 03.11.2025 04:27:27; 17.563
 03.11.2025 04:30:26; 17.563
 03.11.2025 04:33:27; 17.563
 03.11.2025 04:36:27; 17.563
 03.11.2025 04:39:26; 17.563
 03.11.2025 04:42:27; 17.500
 03.11.2025 04:45:27; 17.500
 03.11.2025 04:48:26; 17.500
 03.11.2025 04:51:27; 17.500
 03.11.2025 04:54:26; 17.500
 03.11.2025 04:57:26; 17.438
 03.11.2025 05:00:27; 17.375
 03.11.2025 05:03:26; 17.313
 03.11.2025 05:06:26; 17.250
 03.11.2025 05:09:27; 17.188
 03.11.2025 05:12:27; 17.188
 03.11.2025 05:15:26; 17.125
 03.11.2025 05:18:27; 17.063
 03.11.2025 05:21:27; 17.000
 03.11.2025 05:24:26; 17.000
 03.11.2025 05:27:27; 16.938
 03.11.2025 05:30:27; 16.938
 03.11.2025 05:33:26; 16.938
 03.11.2025 05:36:27; 16.875
 03.11.2025 05:39:26; 16.875
 03.11.2025 05:42:26; 16.813
 03.11.2025 05:45:27; 16.813
 03.11.2025 05:48:26; 16.750
 03.11.2025 05:51:26; 16.813
 03.11.2025 05:54:27; 16.813
 03.11.2025 05:57:27; 16.813
 03.11.2025 06:00:26; 16.813
 03.11.2025 06:03:27; 16.875
 03.11.2025 06:06:27; 16.875
 03.11.2025 06:09:26; 16.875
 03.11.2025 06:12:27; 16.875
 03.11.2025 06:15:27; 16.813
 03.11.2025 06:18:26; 16.813
 03.11.2025 06:21:27; 16.813
 03.11.2025 06:24:26; 16.813
 03.11.2025 06:27:26; 16.750
 03.11.2025 06:30:27; 16.688
 03.11.2025 06:33:26; 16.688
 03.11.2025 06:36:26; 16.625
 03.11.2025 06:39:27; 16.563
 03.11.2025 06:42:27; 16.500
 03.11.2025 06:45:26; 16.500
 03.11.2025 06:48:27; 16.375
 03.11.2025 06:51:27; 16.313
 03.11.2025 06:54:26; 16.250
 03.11.2025 06:57:27; 16.188
 03.11.2025 07:00:27; 16.188
 03.11.2025 07:03:26; 16.188
 03.11.2025 07:06:27; 16.188
 03.11.2025 07:09:26; 16.188
 03.11.2025 07:12:26; 16.125
 03.11.2025 07:15:27; 16.063
 03.11.2025 07:18:26; 16.063
 03.11.2025 07:21:26; 16.063
 03.11.2025 07:24:27; 16.063
 03.11.2025 07:27:27; 16.063
 03.11.2025 07:30:26; 16.063
 03.11.2025 07:33:27; 16.000
 03.11.2025 07:36:27; 16.000
 03.11.2025 07:39:26; 15.938
 03.11.2025 07:42:27; 15.938
 03.11.2025 07:45:27; 15.875
 03.11.2025 07:48:26; 15.813
 03.11.2025 07:51:27; 15.750
 03.11.2025 07:54:26; 15.750
 03.11.2025 07:57:26; 15.688
 03.11.2025 08:00:27; 15.625
 03.11.2025 08:03:26; 15.563
 03.11.2025 08:06:26; 15.563
 03.11.2025 08:09:27; 15.500
 03.11.2025 08:12:27; 15.500
 03.11.2025 08:15:26; 15.438
 03.11.2025 08:18:27; 15.438
 03.11.2025 08:21:27; 15.375
 03.11.2025 08:24:26; 15.375
 03.11.2025 08:27:27; 15.313
 03.11.2025 08:30:27; 15.250
 03.11.2025 08:33:26; 15.250
 03.11.2025 08:36:27; 15.250
 03.11.2025 08:39:26; 15.188
 03.11.2025 08:42:26; 15.188
 03.11.2025 08:45:27; 15.125
 03.11.2025 08:48:26; 15.063
 03.11.2025 08:51:26; 15.063
 03.11.2025 08:54:27; 15.063
 03.11.2025 08:57:27; 15.063
 03.11.2025 09:00:26; 15.063
 03.11.2025 09:03:27; 15.000
 03.11.2025 09:06:27; 15.000
 03.11.2025 09:09:26; 14.938
 03.11.2025 09:12:27; 14.938
 03.11.2025 09:15:27; 14.938
 03.11.2025 09:18:26; 14.938
 03.11.2025 09:21:27; 14.938
 03.11.2025 09:24:26; 14.938
 03.11.2025 09:27:26; 14.938
 03.11.2025 09:30:27; 14.938
 03.11.2025 09:33:26; 15.000
 03.11.2025 09:36:26; 15.000
 03.11.2025 09:39:27; 15.000
 03.11.2025 09:42:27; 15.000
 03.11.2025 09:45:26; 15.000
 03.11.2025 09:48:27; 15.063
 03.11.2025 09:51:27; 15.125
 03.11.2025 09:54:26; 15.188
 03.11.2025 09:57:27; 15.188
 03.11.2025 10:00:27; 15.250
 03.11.2025 10:03:26; 15.313
 03.11.2025 10:06:27; 15.375
 03.11.2025 10:09:26; 15.375
 03.11.2025 10:12:26; 15.438
 03.11.2025 10:15:27; 15.500
 03.11.2025 10:18:26; 15.563
 03.11.2025 10:21:26; 15.625
 03.11.2025 10:24:27; 15.688
 03.11.2025 10:27:27; 15.750
 03.11.2025 10:30:26; 15.875
 03.11.2025 10:33:27; 15.938
 03.11.2025 10:36:27; 16.063
 03.11.2025 10:39:26; 16.125
 03.11.2025 10:42:27; 16.250
 03.11.2025 10:45:27; 16.313
 03.11.2025 10:48:26; 16.438
 03.11.2025 10:51:27; 16.625
 03.11.2025 10:54:26; 16.750
 03.11.2025 10:57:26; 16.875
 03.11.2025 11:00:27; 17.063
 03.11.2025 11:03:26; 17.250
 03.11.2025 11:06:26; 17.438
 03.11.2025 11:09:27; 17.625
 03.11.2025 11:12:27; 17.750
 03.11.2025 11:15:26; 17.938
 03.11.2025 11:18:27; 18.125
 03.11.2025 11:21:27; 18.438
 03.11.2025 11:24:26; 18.688
 03.11.2025 11:27:27; 18.938
 03.11.2025 11:30:27; 19.188
 03.11.2025 11:33:26; 19.438
 03.11.2025 11:36:27; 19.625
 03.11.2025 11:39:26; 19.750
 03.11.2025 11:42:26; 19.875
 03.11.2025 11:45:27; 19.938
 03.11.2025 11:48:26; 20.063
 03.11.2025 11:51:26; 20.125
 03.11.2025 11:54:27; 20.250
 03.11.2025 11:57:27; 20.375
 03.11.2025 12:00:26; 20.500
 03.11.2025 12:03:27; 20.500
 03.11.2025 12:06:27; 20.625
 03.11.2025 12:09:26; 20.688
 03.11.2025 12:12:27; 20.750
 03.11.2025 12:15:27; 20.750
 03.11.2025 12:18:26; 20.938
 03.11.2025 12:21:27; 21.188
 03.11.2025 12:24:26; 21.375
 03.11.2025 12:27:26; 21.625
 03.11.2025 12:30:27; 21.875
 03.11.2025 12:33:26; 22.188
 03.11.2025 12:36:26; 22.313
 03.11.2025 12:39:27; 22.375
 03.11.2025 12:42:27; 22.563
 03.11.2025 12:45:26; 22.750
 03.11.2025 12:48:27; 23.000
 03.11.2025 12:51:27; 23.063
 03.11.2025 12:54:26; 23.188
 03.11.2025 12:57:27; 23.375
 03.11.2025 13:00:27; 23.438
 03.11.2025 13:03:26; 23.625
 03.11.2025 13:06:27; 23.750
 03.11.2025 13:09:26; 23.938
 03.11.2025 13:12:26; 24.125
 03.11.2025 13:15:27; 24.063
 03.11.2025 13:18:26; 24.000
 03.11.2025 13:21:26; 24.063
 03.11.2025 13:24:27; 24.375
 03.11.2025 13:27:27; 24.313
 03.11.2025 13:30:26; 24.313
 03.11.2025 13:33:27; 24.313
 03.11.2025 13:36:27; 24.313
 03.11.2025 13:39:26; 24.375
 03.11.2025 13:42:27; 24.438
 03.11.2025 13:45:27; 24.563
 03.11.2025 13:48:26; 24.750
 03.11.2025 13:51:27; 24.875
 03.11.2025 13:54:26; 25.063
 03.11.2025 13:57:26; 25.438
 03.11.2025 14:00:27; 25.563
 03.11.2025 14:03:26; 25.688
 03.11.2025 14:06:26; 25.750
 03.11.2025 14:09:27; 26.063
 03.11.2025 14:12:27; 26.313
 03.11.2025 14:15:26; 26.313
 03.11.2025 14:18:27; 26.375
 03.11.2025 14:21:27; 26.188
 03.11.2025 14:24:26; 26.125
 03.11.2025 14:27:27; 26.438
 03.11.2025 14:30:27; 26.750
 03.11.2025 14:33:26; 27.188
 03.11.2025 14:36:27; 27.313
 03.11.2025 14:39:26; 27.250
 03.11.2025 14:42:26; 27.375
 03.11.2025 14:45:27; 27.313
 03.11.2025 14:48:26; 27.375
 03.11.2025 14:51:26; 27.438
 03.11.2025 14:54:27; 27.688
 03.11.2025 14:57:27; 28.063
 03.11.2025 15:00:26; 28.250
 03.11.2025 15:03:27; 28.125
 03.11.2025 15:06:27; 28.000
 03.11.2025 15:09:26; 28.063
 03.11.2025 15:12:27; 28.313
 03.11.2025 15:15:27; 28.563
 03.11.2025 15:18:26; 28.625
 03.11.2025 15:21:27; 29.000
 03.11.2025 15:24:26; 29.250
 03.11.2025 15:27:26; 29.375
 03.11.2025 15:30:27; 29.500
 03.11.2025 15:33:26; 29.625
 03.11.2025 15:36:26; 29.563
 03.11.2025 15:39:27; 29.563
 03.11.2025 15:42:27; 29.750
 03.11.2025 15:45:26; 30.000
 03.11.2025 15:48:27; 30.125
 03.11.2025 15:51:27; 30.125
 03.11.2025 15:54:26; 30.375
 03.11.2025 15:57:27; 30.625
 03.11.2025 16:00:27; 30.813
 03.11.2025 16:03:26; 31.188
 03.11.2025 16:06:27; 31.438
 03.11.2025 16:09:26; 31.438
 03.11.2025 16:12:26; 31.813
 03.11.2025 16:15:27; 32.250
 03.11.2025 16:18:26; 32.188
 03.11.2025 16:21:26; 32.188
 03.11.2025 16:24:27; 32.313
 03.11.2025 16:27:27; 32.313
 03.11.2025 16:30:26; 32.750
 03.11.2025 16:33:27; 33.250
 03.11.2025 16:36:27; 33.250
 03.11.2025 16:39:26; 33.313
 03.11.2025 16:42:27; 33.313
 03.11.2025 16:45:27; 33.125
 03.11.2025 16:48:26; 33.063
 03.11.2025 16:51:27; 33.375
 03.11.2025 16:54:26; 33.563
 03.11.2025 16:57:26; 33.625
 03.11.2025 17:00:27; 34.125
 03.11.2025 17:03:26; 34.563
 03.11.2025 17:06:26; 34.688
 03.11.2025 17:09:27; 34.563
 03.11.2025 17:12:27; 35.000
 03.11.2025 17:15:26; 35.125
 03.11.2025 17:18:27; 35.313
 03.11.2025 17:21:27; 35.438
 03.11.2025 17:24:26; 35.625
 03.11.2025 17:27:27; 35.563
 03.11.2025 17:30:27; 35.438
 03.11.2025 17:33:26; 35.813
 03.11.2025 17:36:27; 36.750
 03.11.2025 17:39:26; 37.125
 03.11.2025 17:42:26; 37.063
 03.11.2025 17:45:27; 37.625
 03.11.2025 17:48:26; 37.813
 03.11.2025 17:51:26; 37.813
 03.11.2025 17:54:27; 38.063
 03.11.2025 17:57:27; 38.438
 03.11.2025 18:00:26; 38.188
 03.11.2025 18:03:27; 38.438
 03.11.2025 18:06:27; 39.000
 03.11.2025 18:09:26; 39.250
 03.11.2025 18:12:27; 39.000
 03.11.2025 18:15:27; 39.313
 03.11.2025 18:18:26; 40.000
 03.11.2025 18:21:27; 40.125
 03.11.2025 18:24:26; 40.125
 03.11.2025 18:27:26; 40.000
 03.11.2025 18:30:27; 39.750
 03.11.2025 18:33:26; 40.000
 03.11.2025 18:36:26; 40.125
 03.11.2025 18:39:27; 40.063
 03.11.2025 18:42:27; 40.000
 03.11.2025 18:45:26; 40.188
 03.11.2025 18:48:27; 40.313
 03.11.2025 18:51:27; 40.000
 03.11.2025 18:54:26; 40.063
 03.11.2025 18:57:27; 39.688
 03.11.2025 19:00:27; 39.750
 03.11.2025 19:03:26; 39.125
 03.11.2025 19:06:27; 39.313
 03.11.2025 19:09:26; 39.375
 03.11.2025 19:12:26; 39.125
 03.11.2025 19:15:27; 39.000
 03.11.2025 19:18:26; 38.688
 03.11.2025 19:21:26; 38.438
 03.11.2025 19:24:27; 38.500
 03.11.2025 19:27:27; 38.750
 03.11.2025 19:30:26; 38.500
 03.11.2025 19:33:27; 38.125
 03.11.2025 19:36:27; 38.500
 03.11.2025 19:39:26; 38.813
 03.11.2025 19:42:27; 39.250
 03.11.2025 19:45:27; 39.625
 03.11.2025 19:48:26; 39.563
 03.11.2025 19:51:27; 38.875
 03.11.2025 19:54:26; 38.938
 03.11.2025 19:57:26; 39.000
 03.11.2025 20:00:27; 39.125
 03.11.2025 20:03:26; 39.000
 03.11.2025 20:06:26; 38.813
 03.11.2025 20:09:27; 38.625
 03.11.2025 20:12:27; 38.750
 03.11.2025 20:15:26; 38.438
 03.11.2025 20:18:27; 38.563
 03.11.2025 20:21:27; 38.563
 03.11.2025 20:24:26; 38.438
 03.11.2025 20:27:27; 38.438
 03.11.2025 20:30:27; 38.500
 03.11.2025 20:33:26; 38.688
 03.11.2025 20:36:27; 38.563
 03.11.2025 20:39:26; 38.375
 03.11.2025 20:42:26; 38.125
 03.11.2025 20:45:27; 37.750
 03.11.2025 20:48:26; 37.313
 03.11.2025 20:51:26; 36.500
 03.11.2025 20:54:27; 35.813
 03.11.2025 20:57:27; 35.188
 03.11.2025 21:00:26; 34.813
 03.11.2025 21:03:27; 34.375
 03.11.2025 21:06:27; 33.938
 03.11.2025 21:09:26; 33.625
 03.11.2025 21:12:27; 33.188
 03.11.2025 21:15:27; 32.625
 03.11.2025 21:18:26; 32.375
 03.11.2025 21:21:27; 32.063
 03.11.2025 21:24:26; 31.875
 03.11.2025 21:27:26; 31.750
 03.11.2025 21:30:27; 31.500
 03.11.2025 21:33:26; 31.063
 03.11.2025 21:36:26; 30.625
 03.11.2025 21:39:27; 30.250
 03.11.2025 21:42:27; 29.813
 03.11.2025 21:45:26; 29.313
 03.11.2025 21:48:27; 29.125
 03.11.2025 21:51:27; 29.000
 03.11.2025 21:54:26; 29.000
 03.11.2025 21:57:27; 28.875
 03.11.2025 22:00:27; 28.688
 03.11.2025 22:03:26; 28.500
 03.11.2025 22:06:27; 28.313
 03.11.2025 22:09:26; 28.125
 03.11.2025 22:12:26; 28.000
 03.11.2025 22:15:27; 27.875
 03.11.2025 22:18:26; 27.750
 03.11.2025 22:21:26; 27.625
 03.11.2025 22:24:27; 27.500
 03.11.2025 22:27:27; 27.375
 03.11.2025 22:30:26; 27.250
 03.11.2025 22:33:27; 27.063
 03.11.2025 22:36:27; 26.938
 03.11.2025 22:39:26; 26.813
 03.11.2025 22:42:27; 26.688
 03.11.2025 22:45:27; 26.563
 03.11.2025 22:48:26; 26.438
 03.11.2025 22:51:27; 26.313
 03.11.2025 22:54:26; 26.125
 03.11.2025 22:57:26; 26.063
 03.11.2025 23:00:27; 25.938
 03.11.2025 23:03:26; 25.875
 03.11.2025 23:06:26; 25.750
 03.11.2025 23:09:27; 25.688
 03.11.2025 23:12:27; 25.625
 03.11.2025 23:15:26; 25.563
 03.11.2025 23:18:27; 25.500
 03.11.2025 23:21:27; 25.438
 03.11.2025 23:24:26; 25.375
 03.11.2025 23:27:27; 25.313
 03.11.2025 23:30:27; 25.250
 03.11.2025 23:33:26; 25.188
 03.11.2025 23:36:27; 25.188
 03.11.2025 23:39:26; 25.063
 03.11.2025 23:42:26; 25.000
 03.11.2025 23:45:27; 24.938
 03.11.2025 23:48:26; 24.875
 03.11.2025 23:51:26; 24.813
 03.11.2025 23:54:27; 24.750
 03.11.2025 23:57:27; 24.688
 04.11.2025 00:00:26; 24.625
 04.11.2025 00:03:27; 24.500
 04.11.2025 00:06:27; 24.438
 04.11.2025 00:09:26; 24.375
 04.11.2025 00:12:27; 24.313
 04.11.2025 00:15:27; 24.250
 04.11.2025 00:18:26; 24.188
 04.11.2025 00:21:27; 24.125
 04.11.2025 00:24:26; 24.000
 04.11.2025 00:27:26; 23.938
 04.11.2025 00:30:27; 23.875
 04.11.2025 00:33:26; 23.813
 04.11.2025 00:36:26; 23.625
 04.11.2025 00:39:27; 23.500
 04.11.2025 00:42:27; 23.438
 04.11.2025 00:45:26; 23.375
 04.11.2025 00:48:27; 23.250
 04.11.2025 00:51:27; 23.188
 04.11.2025 00:54:26; 23.125
 04.11.2025 00:57:27; 23.000
 04.11.2025 01:00:27; 22.875
 04.11.2025 01:03:26; 22.813
 04.11.2025 01:06:27; 22.750
 04.11.2025 01:09:26; 22.688
 04.11.2025 01:12:26; 22.563
 04.11.2025 01:15:27; 22.500
 04.11.2025 01:18:26; 22.438
 04.11.2025 01:21:26; 22.438
 04.11.2025 01:24:27; 22.375
 04.11.2025 01:27:27; 22.313
 04.11.2025 01:30:26; 22.250
 04.11.2025 01:33:27; 22.250
 04.11.2025 01:36:27; 22.125
 04.11.2025 01:39:26; 22.063
 04.11.2025 01:42:27; 22.063
 04.11.2025 01:45:27; 22.063
 04.11.2025 01:48:26; 22.000
 04.11.2025 01:51:27; 21.938
 04.11.2025 01:54:26; 21.875
 04.11.2025 01:57:26; 21.813
 04.11.2025 02:00:27; 21.813
 04.11.2025 02:03:26; 21.688
 04.11.2025 02:06:26; 21.625
 04.11.2025 02:09:27; 21.500
 04.11.2025 02:12:27; 21.438
 04.11.2025 02:15:26; 21.438
 04.11.2025 02:18:27; 21.375
 04.11.2025 02:21:27; 21.313
 04.11.2025 02:24:26; 21.250
 04.11.2025 02:27:27; 21.313
 04.11.2025 02:30:27; 21.250
 04.11.2025 02:33:26; 21.188
 04.11.2025 02:36:27; 21.250
 04.11.2025 02:39:26; 21.125
 04.11.2025 02:42:26; 21.063
 04.11.2025 02:45:27; 21.000
 04.11.2025 02:48:26; 20.938
 04.11.2025 02:51:26; 20.813
 04.11.2025 02:54:27; 20.750
 04.11.2025 02:57:27; 20.750
 04.11.2025 03:00:26; 20.625
 04.11.2025 03:03:27; 20.563
 04.11.2025 03:06:27; 20.625
 04.11.2025 03:09:26; 20.500
 04.11.2025 03:12:27; 20.500
 04.11.2025 03:15:27; 20.563
 04.11.2025 03:18:26; 20.625
 04.11.2025 03:21:27; 20.563
 04.11.2025 03:24:26; 20.500
 04.11.2025 03:27:26; 20.500
 04.11.2025 03:30:27; 20.438
 04.11.2025 03:33:26; 20.375
 04.11.2025 03:36:26; 20.250
 04.11.2025 03:39:27; 20.188
 04.11.2025 03:42:27; 20.125
 04.11.2025 03:45:26; 20.125
 04.11.2025 03:48:27; 20.000
 04.11.2025 03:51:27; 19.938
 04.11.2025 03:54:26; 19.813
 04.11.2025 03:57:27; 19.813
 04.11.2025 04:00:27; 19.750
 04.11.2025 04:03:26; 19.688
 04.11.2025 04:06:27; 19.563
 04.11.2025 04:09:26; 19.500
 04.11.2025 04:12:26; 19.438
 04.11.2025 04:15:27; 19.438
 04.11.2025 04:18:26; 19.438
 04.11.2025 04:21:26; 19.438
 04.11.2025 04:24:27; 19.438
 04.11.2025 04:27:27; 19.375
 04.11.2025 04:30:26; 19.250
 04.11.2025 04:33:27; 19.250
 04.11.2025 04:36:27; 19.313
 04.11.2025 04:39:26; 19.250
 04.11.2025 04:42:27; 19.188
 04.11.2025 04:45:27; 19.125
 04.11.2025 04:48:26; 19.125
 04.11.2025 04:51:27; 19.000
 04.11.2025 04:54:26; 18.938
 04.11.2025 04:57:26; 18.938
 04.11.2025 05:00:27; 18.938
 04.11.2025 05:03:26; 18.938
 04.11.2025 05:06:26; 19.000
 04.11.2025 05:09:27; 19.063
 04.11.2025 05:12:27; 19.125
 04.11.2025 05:15:26; 19.125
 04.11.2025 05:18:27; 19.063
 04.11.2025 05:21:27; 19.000
 04.11.2025 05:24:26; 18.938
 04.11.2025 05:27:27; 18.875
 04.11.2025 05:30:27; 18.813
 04.11.2025 05:33:26; 18.750
 04.11.2025 05:36:27; 18.750
 04.11.2025 05:39:26; 18.688
 04.11.2025 05:42:26; 18.688
 04.11.2025 05:45:27; 18.688
 04.11.2025 05:48:26; 18.688
 04.11.2025 05:51:26; 18.688
 04.11.2025 05:54:27; 18.688
 04.11.2025 05:57:27; 18.688
 04.11.2025 06:00:26; 18.625
 04.11.2025 06:03:27; 18.625
 04.11.2025 06:06:27; 18.625
 04.11.2025 06:09:26; 18.563
 04.11.2025 06:12:27; 18.563
 04.11.2025 06:15:27; 18.500
 04.11.2025 06:18:26; 18.438
 04.11.2025 06:21:27; 18.375
 04.11.2025 06:24:26; 18.375
 04.11.2025 06:27:26; 18.375
 04.11.2025 06:30:27; 18.375
 04.11.2025 06:33:26; 18.438
 04.11.2025 06:36:26; 18.375
 04.11.2025 06:39:27; 18.313
 04.11.2025 06:42:27; 18.375
 04.11.2025 06:45:26; 18.938
 04.11.2025 06:48:27; 19.250
 04.11.2025 06:51:27; 19.500
 04.11.2025 06:54:26; 19.938
 04.11.2025 06:57:27; 20.063
 04.11.2025 07:00:27; 20.188
 04.11.2025 07:03:26; 20.250
 04.11.2025 07:06:27; 20.313
 04.11.2025 07:09:26; 20.125
 04.11.2025 07:12:26; 20.000
 04.11.2025 07:15:27; 20.063
 04.11.2025 07:18:26; 20.313
 04.11.2025 07:21:26; 20.250
 04.11.2025 07:24:27; 20.063
 04.11.2025 07:27:27; 19.875
 04.11.2025 07:30:26; 20.188
 04.11.2025 07:33:27; 20.375
 04.11.2025 07:36:27; 20.563
 04.11.2025 07:39:26; 20.625
 04.11.2025 07:42:27; 20.688
 04.11.2025 07:45:27; 20.813
 04.11.2025 07:48:26; 20.813
 04.11.2025 07:51:27; 20.938
 04.11.2025 07:54:26; 21.000
 04.11.2025 07:57:26; 21.125
 04.11.2025 08:00:27; 21.125
 04.11.2025 08:03:26; 21.063
 04.11.2025 08:06:26; 20.938
 04.11.2025 08:09:27; 20.750
 04.11.2025 08:12:27; 20.688
 04.11.2025 08:15:26; 20.750
 04.11.2025 08:18:27; 20.688
 04.11.2025 08:21:27; 20.688
 04.11.2025 08:24:26; 20.563
 04.11.2025 08:27:27; 20.500
 04.11.2025 08:30:27; 20.500
 04.11.2025 08:33:26; 20.563
 04.11.2025 08:36:27; 20.500
 04.11.2025 08:39:26; 20.500
 04.11.2025 08:42:26; 20.500
 04.11.2025 08:45:27; 20.438
 04.11.2025 08:48:26; 20.250
 04.11.2025 08:51:26; 20.125
 04.11.2025 08:54:27; 19.938
 04.11.2025 08:57:27; 19.750
 04.11.2025 09:00:26; 19.563
 04.11.2025 09:03:27; 19.438
 04.11.2025 09:06:27; 19.313
 04.11.2025 09:09:26; 19.125
 04.11.2025 09:12:27; 19.000
 04.11.2025 09:15:27; 18.813
 04.11.2025 09:18:26; 18.688
 04.11.2025 09:21:27; 18.563
 04.11.2025 09:24:26; 18.500
 04.11.2025 09:27:26; 18.438
 04.11.2025 09:30:27; 18.438
 04.11.2025 09:33:26; 18.375
 04.11.2025 09:36:26; 18.313
 04.11.2025 09:39:27; 18.313
 04.11.2025 09:42:27; 18.313
 04.11.2025 09:45:26; 18.313
 04.11.2025 09:48:27; 18.313
 04.11.2025 09:51:27; 18.313
 04.11.2025 09:54:26; 18.188
 04.11.2025 09:57:27; 18.063
 04.11.2025 10:00:27; 17.938
 04.11.2025 10:03:26; 17.875
 04.11.2025 10:06:27; 17.813
 04.11.2025 10:09:26; 17.813
 04.11.2025 10:12:26; 17.750
 04.11.2025 10:15:27; 17.750
 04.11.2025 10:18:26; 17.750
 04.11.2025 10:21:26; 17.750
 04.11.2025 10:24:27; 17.813
 04.11.2025 10:27:27; 17.875
 04.11.2025 10:30:26; 17.938
 04.11.2025 10:33:27; 17.938
 04.11.2025 10:36:27; 17.938
 04.11.2025 10:39:26; 18.000
 04.11.2025 10:42:27; 18.000
 04.11.2025 10:45:27; 18.000
 04.11.2025 10:48:26; 18.000
 04.11.2025 10:51:27; 18.000
 04.11.2025 10:54:26; 18.000
 04.11.2025 10:57:26; 18.000
 04.11.2025 11:00:27; 17.938
 04.11.2025 11:03:26; 17.938
 04.11.2025 11:06:26; 17.938
 04.11.2025 11:09:27; 17.938
 04.11.2025 11:12:27; 18.000
 04.11.2025 11:15:26; 18.063
 04.11.2025 11:18:27; 18.063
 04.11.2025 11:21:27; 18.063
 04.11.2025 11:24:26; 18.063
 04.11.2025 11:27:27; 18.063
 04.11.2025 11:30:27; 18.125
 04.11.2025 11:33:26; 18.125
 04.11.2025 11:36:27; 18.188
 04.11.2025 11:39:26; 18.250
 04.11.2025 11:42:26; 18.313
 04.11.2025 11:45:27; 18.438
 04.11.2025 11:48:26; 18.500
 04.11.2025 11:51:26; 18.563
 04.11.2025 11:54:27; 18.625
 04.11.2025 11:57:27; 18.750
 04.11.2025 12:00:26; 18.813
 04.11.2025 12:03:27; 18.875
 04.11.2025 12:06:27; 18.875
 04.11.2025 12:09:26; 18.875
 04.11.2025 12:12:27; 18.875
 04.11.2025 12:15:27; 18.938
 04.11.2025 12:18:26; 18.938
 04.11.2025 12:21:27; 19.000
 04.11.2025 12:24:26; 19.125
 04.11.2025 12:27:26; 19.250
 04.11.2025 12:30:27; 19.438
 04.11.2025 12:33:26; 19.563
 04.11.2025 12:36:26; 19.750
 04.11.2025 12:39:27; 19.875
 04.11.2025 12:42:27; 19.938
 04.11.2025 12:45:26; 20.063
 04.11.2025 12:48:27; 20.188
 04.11.2025 12:51:27; 20.313
 04.11.2025 12:54:26; 20.500
 04.11.2025 12:57:27; 20.750
 04.11.2025 13:00:27; 20.938
 04.11.2025 13:03:26; 21.063
 04.11.2025 13:06:27; 21.438
 04.11.2025 13:09:26; 21.563
 04.11.2025 13:12:26; 21.750
 04.11.2025 13:15:27; 21.938
 04.11.2025 13:18:26; 22.063
 04.11.2025 13:21:26; 22.000
 04.11.2025 13:24:27; 22.063
 04.11.2025 13:27:27; 22.438
 04.11.2025 13:30:26; 22.750
 04.11.2025 13:33:27; 22.938
 04.11.2025 13:36:27; 22.813
 04.11.2025 13:39:26; 22.813
 04.11.2025 13:42:27; 23.063
 04.11.2025 13:45:27; 23.563
 04.11.2025 13:48:26; 24.188
 04.11.2025 13:51:27; 24.438
 04.11.2025 13:54:26; 24.313
 04.11.2025 13:57:26; 24.250
 04.11.2025 14:00:27; 24.063
 04.11.2025 14:03:26; 24.000
 04.11.2025 14:06:26; 24.000
 04.11.2025 14:09:27; 23.938
 04.11.2025 14:12:27; 24.313
 04.11.2025 14:15:26; 24.500
 04.11.2025 14:18:27; 24.688
 04.11.2025 14:21:27; 25.000
 04.11.2025 14:24:26; 25.125
 04.11.2025 14:27:27; 25.125
 04.11.2025 14:30:27; 25.188
 04.11.2025 14:33:26; 25.313
 04.11.2025 14:36:27; 25.563
 04.11.2025 14:39:26; 25.500
 04.11.2025 14:42:26; 25.625
 04.11.2025 14:45:27; 25.625
 04.11.2025 14:48:26; 25.625
 04.11.2025 14:51:26; 26.000
 04.11.2025 14:54:27; 26.188
 04.11.2025 14:57:27; 26.250
 04.11.2025 15:00:26; 26.625
 04.11.2025 15:03:27; 26.813
 04.11.2025 15:06:27; 27.000
 04.11.2025 15:09:26; 27.313
 04.11.2025 15:12:27; 27.500
 04.11.2025 15:15:27; 27.875
 04.11.2025 15:18:26; 28.063
 04.11.2025 15:21:27; 28.188
 04.11.2025 15:24:26; 28.063
 04.11.2025 15:27:26; 27.875
 04.11.2025 15:30:27; 28.125
 04.11.2025 15:33:26; 28.375
 04.11.2025 15:36:26; 28.563
 04.11.2025 15:39:27; 28.438
 04.11.2025 15:42:27; 28.625
 04.11.2025 15:45:26; 28.625
 04.11.2025 15:48:27; 28.875
 04.11.2025 15:51:27; 29.125
 04.11.2025 15:54:26; 29.438
 04.11.2025 15:57:27; 29.438
 04.11.2025 16:00:27; 29.375
 04.11.2025 16:03:26; 29.438
 04.11.2025 16:06:27; 29.688
 04.11.2025 16:09:26; 30.125
 04.11.2025 16:12:26; 29.188
 04.11.2025 16:15:27; 29.250
 04.11.2025 16:18:26; 29.813
 04.11.2025 16:21:26; 30.125
 04.11.2025 16:24:27; 30.250
 04.11.2025 16:27:27; 29.438
 04.11.2025 16:30:26; 29.625
 04.11.2025 16:33:27; 29.438
 04.11.2025 16:36:27; 29.688
 04.11.2025 16:39:26; 29.500
 04.11.2025 16:42:27; 29.563
 04.11.2025 16:45:27; 29.813
 04.11.2025 16:48:26; 30.313
 04.11.2025 16:51:27; 30.938
 04.11.2025 16:54:26; 30.625
 04.11.2025 16:57:26; 29.688
 04.11.2025 17:00:27; 30.313
 04.11.2025 17:03:26; 30.688
 04.11.2025 17:06:26; 30.875
 04.11.2025 17:09:27; 30.875
 04.11.2025 17:12:27; 30.813
 04.11.2025 17:15:26; 31.313
 04.11.2025 17:18:27; 32.188
 04.11.2025 17:21:27; 32.688
 04.11.2025 17:24:26; 32.188
 04.11.2025 17:27:27; 31.813
 04.11.2025 17:30:27; 31.438
 04.11.2025 17:33:26; 30.125
 04.11.2025 17:36:27; 28.563
 04.11.2025 17:39:26; 27.750
 04.11.2025 17:42:26; 27.438
 04.11.2025 17:45:27; 26.875
 04.11.2025 17:48:26; 26.500
 04.11.2025 17:51:26; 25.938
 04.11.2025 17:54:27; 25.500
 04.11.2025 17:57:27; 25.125
 04.11.2025 18:00:26; 24.813
 04.11.2025 18:03:27; 24.500
 04.11.2025 18:06:27; 24.375
 04.11.2025 18:09:26; 24.188
 04.11.2025 18:12:27; 23.938
 04.11.2025 18:15:27; 23.750
 04.11.2025 18:18:26; 23.438
 04.11.2025 18:21:27; 23.313
 04.11.2025 18:24:26; 23.063
 04.11.2025 18:27:26; 22.938
 04.11.2025 18:30:27; 22.688
 04.11.2025 18:33:26; 22.438
 04.11.2025 18:36:26; 22.375
 04.11.2025 18:39:27; 22.188
 04.11.2025 18:42:27; 22.000
 04.11.2025 18:45:26; 21.875
 04.11.2025 18:48:27; 21.750
 04.11.2025 18:51:27; 21.750
 04.11.2025 18:54:26; 21.813
 04.11.2025 18:57:27; 21.875
 04.11.2025 19:00:27; 22.063
 04.11.2025 19:03:26; 22.063
 04.11.2025 19:06:27; 22.188
 04.11.2025 19:09:26; 22.313
 04.11.2025 19:12:26; 22.313
 04.11.2025 19:15:27; 22.563
 04.11.2025 19:18:26; 22.813
 04.11.2025 19:21:26; 23.375
 04.11.2025 19:24:27; 24.063
 04.11.2025 19:27:27; 24.750
 04.11.2025 19:30:26; 25.500
 04.11.2025 19:33:27; 26.063
 04.11.2025 19:36:27; 26.375
 04.11.2025 19:39:26; 26.500
 04.11.2025 19:42:27; 26.688
 04.11.2025 19:45:27; 26.563
 04.11.2025 19:48:26; 26.625
 04.11.2025 19:51:27; 26.625
 04.11.2025 19:54:26; 26.750
 04.11.2025 19:57:26; 27.000
 04.11.2025 20:00:27; 27.313
 04.11.2025 20:03:26; 27.500
 04.11.2025 20:06:26; 27.500
 04.11.2025 20:09:27; 27.313
 04.11.2025 20:12:27; 27.438
 04.11.2025 20:15:26; 27.688
 04.11.2025 20:18:27; 27.438
 04.11.2025 20:21:27; 27.313
 04.11.2025 20:24:26; 26.938
 04.11.2025 20:27:27; 26.500
 04.11.2025 20:30:27; 26.438
 04.11.2025 20:33:26; 26.438
 04.11.2025 20:36:27; 26.188
 04.11.2025 20:39:26; 26.125
 04.11.2025 20:42:26; 26.000
 04.11.2025 20:45:27; 25.625
 04.11.2025 20:48:26; 25.250
 04.11.2025 20:51:26; 24.938
 04.11.2025 20:54:27; 24.625
 04.11.2025 20:57:27; 24.313
 04.11.2025 21:00:26; 24.000
 04.11.2025 21:03:27; 23.563
 04.11.2025 21:06:27; 23.250
 04.11.2025 21:09:26; 22.938
 04.11.2025 21:12:27; 22.750
 04.11.2025 21:15:27; 22.438
 04.11.2025 21:18:26; 22.438
 04.11.2025 21:21:27; 22.563
 04.11.2025 21:24:26; 22.813
 04.11.2025 21:27:26; 23.063
 04.11.2025 21:30:27; 23.250
 04.11.2025 21:33:26; 23.500
 04.11.2025 21:36:26; 23.438
 04.11.2025 21:39:27; 23.438
 04.11.2025 21:42:27; 23.313
 04.11.2025 21:45:26; 23.250
 04.11.2025 21:48:27; 23.063
 04.11.2025 21:51:27; 22.813
 04.11.2025 21:54:26; 22.688
 04.11.2025 21:57:27; 22.438
 04.11.2025 22:00:27; 22.188
 04.11.2025 22:03:26; 22.000
 04.11.2025 22:06:27; 21.813
 04.11.2025 22:09:26; 21.625
 04.11.2025 22:12:26; 21.438
 04.11.2025 22:15:27; 21.313
 04.11.2025 22:18:26; 21.188
 04.11.2025 22:21:26; 21.125
 04.11.2025 22:24:27; 21.063
 04.11.2025 22:27:27; 21.063
 04.11.2025 22:30:26; 21.063
 04.11.2025 22:33:27; 21.063
 04.11.2025 22:36:27; 21.125
 04.11.2025 22:39:26; 21.125
 04.11.2025 22:42:27; 21.250
 04.11.2025 22:45:27; 21.438
 04.11.2025 22:48:26; 21.625
 04.11.2025 22:51:27; 21.625
 04.11.2025 22:54:26; 21.625
 04.11.2025 22:57:26; 21.500
 04.11.2025 23:00:27; 21.313
 04.11.2025 23:03:26; 21.188
 04.11.2025 23:06:26; 21.188
 04.11.2025 23:09:27; 21.250
 04.11.2025 23:12:27; 21.250
 04.11.2025 23:15:26; 21.313
 04.11.2025 23:18:27; 21.375
 04.11.2025 23:21:27; 21.375
 04.11.2025 23:24:26; 21.313
 04.11.2025 23:27:27; 21.125
 04.11.2025 23:30:27; 21.063
 04.11.2025 23:33:26; 21.000
 04.11.2025 23:36:27; 21.000
 04.11.2025 23:39:26; 21.063
 04.11.2025 23:42:26; 21.063
 04.11.2025 23:45:27; 21.000
 04.11.2025 23:48:26; 20.938
 04.11.2025 23:51:26; 20.875
 04.11.2025 23:54:27; 20.813
 04.11.2025 23:57:27; 20.750
 05.11.2025 00:00:26; 20.750
 05.11.2025 00:03:27; 20.750
 05.11.2025 00:06:27; 20.813
 05.11.2025 00:09:26; 20.875
 05.11.2025 00:12:27; 20.938
 05.11.2025 00:15:27; 20.938
 05.11.2025 00:18:26; 20.938
 05.11.2025 00:21:27; 20.813
 05.11.2025 00:24:26; 20.688
 05.11.2025 00:27:26; 20.563
 05.11.2025 00:30:27; 20.313
 05.11.2025 00:33:26; 20.063
 05.11.2025 00:36:26; 19.875
 05.11.2025 00:39:27; 19.625
 05.11.2025 00:42:27; 19.438
 05.11.2025 00:45:26; 19.313
 05.11.2025 00:48:27; 19.188
 05.11.2025 00:51:27; 19.063
 05.11.2025 00:54:26; 19.000
 05.11.2025 00:57:27; 18.875
 05.11.2025 01:00:27; 18.813
 05.11.2025 01:03:26; 18.750
 05.11.2025 01:06:27; 18.688
 05.11.2025 01:09:26; 18.625
 05.11.2025 01:12:26; 18.563
 05.11.2025 01:15:27; 18.500
 05.11.2025 01:18:26; 18.500
 05.11.2025 01:21:26; 18.438
 05.11.2025 01:24:27; 18.375
 05.11.2025 01:27:27; 18.375
 05.11.2025 01:30:26; 18.313
 05.11.2025 01:33:27; 18.313
 05.11.2025 01:36:27; 18.250
 05.11.2025 01:39:26; 18.188
 05.11.2025 01:42:27; 18.188
 05.11.2025 01:45:27; 18.063
 05.11.2025 01:48:26; 18.000
 05.11.2025 01:51:27; 17.938
 05.11.2025 01:54:26; 17.938
 05.11.2025 01:57:26; 17.875
 05.11.2025 02:00:27; 17.813
 05.11.2025 02:03:26; 17.813
 05.11.2025 02:06:26; 17.813
 05.11.2025 02:09:27; 17.813
 05.11.2025 02:12:27; 17.813
 05.11.2025 02:15:26; 17.750
 05.11.2025 02:18:27; 17.750
 05.11.2025 02:21:27; 17.750
 05.11.2025 02:24:26; 17.688
 05.11.2025 02:27:27; 17.625
 05.11.2025 02:30:27; 17.625
 05.11.2025 02:33:26; 17.625
 05.11.2025 02:36:27; 17.625
 05.11.2025 02:39:26; 17.625
 05.11.2025 02:42:26; 17.563
 05.11.2025 02:45:27; 17.563
 05.11.2025 02:48:26; 17.563
 05.11.2025 02:51:26; 17.563
 05.11.2025 02:54:27; 17.500
 05.11.2025 02:57:27; 17.500
 05.11.2025 03:00:26; 17.500
 05.11.2025 03:03:27; 17.438
 05.11.2025 03:06:27; 17.438
 05.11.2025 03:09:26; 17.438
 05.11.2025 03:12:27; 17.438
 05.11.2025 03:15:27; 17.438
 05.11.2025 03:18:26; 17.375
 05.11.2025 03:21:27; 17.375
 05.11.2025 03:24:26; 17.375
 05.11.2025 03:27:26; 17.313
 05.11.2025 03:30:27; 17.375
 05.11.2025 03:33:26; 17.375
 05.11.2025 03:36:26; 17.313
 05.11.2025 03:39:27; 17.313
 05.11.2025 03:42:27; 17.313
 05.11.2025 03:45:26; 17.250
 05.11.2025 03:48:27; 17.250
 05.11.2025 03:51:27; 17.188
 05.11.2025 03:54:26; 17.125
 05.11.2025 03:57:27; 17.063
 05.11.2025 04:00:27; 17.063
 05.11.2025 04:03:26; 17.063
 05.11.2025 04:06:27; 17.063
 05.11.2025 04:09:26; 17.000
 05.11.2025 04:12:26; 16.938
 05.11.2025 04:15:27; 16.875
 05.11.2025 04:18:26; 16.875
 05.11.2025 04:21:26; 16.813
 05.11.2025 04:24:27; 16.750
 05.11.2025 04:27:27; 16.750
 05.11.2025 04:30:26; 16.688
 05.11.2025 04:33:27; 16.625
 05.11.2025 04:36:27; 16.625
 05.11.2025 04:39:26; 16.563
 05.11.2025 04:42:27; 16.563
 05.11.2025 04:45:27; 16.563
 05.11.2025 04:48:26; 16.563
 05.11.2025 04:51:27; 16.563
 05.11.2025 04:54:26; 16.563
 05.11.2025 04:57:26; 16.563
 05.11.2025 05:00:27; 16.563
 05.11.2025 05:03:26; 16.563
 05.11.2025 05:06:26; 16.563
 05.11.2025 05:09:27; 16.563
 05.11.2025 05:12:27; 16.563
 05.11.2025 05:15:26; 16.563
 05.11.2025 05:18:27; 16.625
 05.11.2025 05:21:27; 16.625
 05.11.2025 05:24:26; 16.625
 05.11.2025 05:27:27; 16.625
 05.11.2025 05:30:27; 16.563
 05.11.2025 05:33:26; 16.500
 05.11.2025 05:36:27; 16.438
 05.11.2025 05:39:26; 16.438
 05.11.2025 05:42:26; 16.375
 05.11.2025 05:45:27; 16.375
 05.11.2025 05:48:26; 16.375
 05.11.2025 05:51:26; 16.313
 05.11.2025 05:54:27; 16.313
 05.11.2025 05:57:27; 16.313
 05.11.2025 06:00:26; 16.313
 05.11.2025 06:03:27; 16.250
 05.11.2025 06:06:27; 16.250
 05.11.2025 06:09:26; 16.250
 05.11.2025 06:12:27; 16.250
 05.11.2025 06:15:27; 16.188
 05.11.2025 06:18:26; 16.188
 05.11.2025 06:21:27; 16.188
 05.11.2025 06:24:26; 16.188
 05.11.2025 06:27:26; 16.188
 05.11.2025 06:30:27; 16.188
 05.11.2025 06:33:26; 16.125
 05.11.2025 06:36:26; 16.125
 05.11.2025 06:39:27; 16.063
 05.11.2025 06:42:27; 16.063
 05.11.2025 06:45:26; 16.000
 05.11.2025 06:48:27; 16.000
 05.11.2025 06:51:27; 16.000
 05.11.2025 06:54:26; 16.000
 05.11.2025 06:57:27; 16.000
 05.11.2025 07:00:27; 16.000
 05.11.2025 07:03:26; 16.000
 05.11.2025 07:06:27; 16.000
 05.11.2025 07:09:26; 16.000
 05.11.2025 07:12:26; 16.063
 05.11.2025 07:15:27; 16.125
 05.11.2025 07:18:26; 16.125
 05.11.2025 07:21:26; 16.125
 05.11.2025 07:24:27; 16.125
 05.11.2025 07:27:27; 16.125
 05.11.2025 07:30:26; 16.188
 05.11.2025 07:33:27; 16.188
 05.11.2025 07:36:27; 16.250
 05.11.2025 07:39:26; 16.250
 05.11.2025 07:42:27; 16.188
 05.11.2025 07:45:27; 16.188
 05.11.2025 07:48:26; 16.188
 05.11.2025 07:51:27; 16.125
 05.11.2025 07:54:26; 16.125
 05.11.2025 07:57:26; 16.125
 05.11.2025 08:00:27; 16.125
 05.11.2025 08:03:26; 16.125
 05.11.2025 08:06:26; 16.125
 05.11.2025 08:09:27; 16.125
 05.11.2025 08:12:27; 16.188
 05.11.2025 08:15:26; 16.125
 05.11.2025 08:18:27; 16.125
 05.11.2025 08:21:27; 16.063
 05.11.2025 08:24:26; 16.000
 05.11.2025 08:27:27; 16.000
 05.11.2025 08:30:27; 15.938
 05.11.2025 08:33:26; 15.938
 05.11.2025 08:36:27; 15.938
 05.11.2025 08:39:26; 16.000
 05.11.2025 08:42:26; 15.938
 05.11.2025 08:45:27; 15.938
 05.11.2025 08:48:26; 15.938
 05.11.2025 08:51:26; 15.875
 05.11.2025 08:54:27; 15.875
 05.11.2025 08:57:27; 15.875
 05.11.2025 09:00:26; 15.813
 05.11.2025 09:03:27; 15.813
 05.11.2025 09:06:27; 15.813
 05.11.2025 09:09:26; 15.750
 05.11.2025 09:12:27; 15.750
 05.11.2025 09:15:27; 15.750
 05.11.2025 09:18:26; 15.750
 05.11.2025 09:21:27; 15.750
 05.11.2025 09:24:26; 15.688
 05.11.2025 09:27:26; 15.688
 05.11.2025 09:30:27; 15.750
 05.11.2025 09:33:26; 15.750
 05.11.2025 09:36:26; 15.750
 05.11.2025 09:39:27; 15.750
 05.11.2025 09:42:27; 15.750
 05.11.2025 09:45:26; 15.750
 05.11.2025 09:48:27; 15.750
 05.11.2025 09:51:27; 15.813
 05.11.2025 09:54:26; 15.813
 05.11.2025 09:57:27; 15.875
 05.11.2025 10:00:27; 15.875
 05.11.2025 10:03:26; 15.875
 05.11.2025 10:06:27; 15.938
 05.11.2025 10:09:26; 16.000
 05.11.2025 10:12:26; 16.000
 05.11.2025 10:15:27; 16.063
 05.11.2025 10:18:26; 16.063
 05.11.2025 10:21:26; 16.125
 05.11.2025 10:24:27; 16.125
 05.11.2025 10:27:27; 16.188
 05.11.2025 10:30:26; 16.250
 05.11.2025 10:33:27; 16.313
 05.11.2025 10:36:27; 16.375
 05.11.2025 10:39:26; 16.500
 05.11.2025 10:42:27; 16.563
 05.11.2025 10:45:27; 16.625
 05.11.2025 10:48:26; 16.750
 05.11.2025 10:51:27; 16.813
 05.11.2025 10:54:26; 16.938
 05.11.2025 10:57:26; 17.000
 05.11.2025 11:00:27; 17.188
 05.11.2025 11:03:26; 17.313
 05.11.2025 11:06:26; 17.563
 05.11.2025 11:09:27; 17.750
 05.11.2025 11:12:27; 17.875
 05.11.2025 11:15:26; 18.063
 05.11.2025 11:18:27; 18.250
 05.11.2025 11:21:27; 18.375
 05.11.2025 11:24:26; 18.500
 05.11.2025 11:27:27; 18.625
 05.11.2025 11:30:27; 18.813
 05.11.2025 11:33:26; 18.938
 05.11.2025 11:36:27; 19.063
 05.11.2025 11:39:26; 19.250
 05.11.2025 11:42:26; 19.375
 05.11.2025 11:45:27; 19.563
 05.11.2025 11:48:26; 19.750
 05.11.2025 11:51:26; 19.813
 05.11.2025 11:54:27; 19.875
 05.11.2025 11:57:27; 20.063
 05.11.2025 12:00:26; 20.250
 05.11.2025 12:03:27; 20.438
 05.11.2025 12:06:27; 20.625
 05.11.2025 12:09:26; 20.813
 05.11.2025 12:12:27; 20.875
 05.11.2025 12:15:27; 21.000
 05.11.2025 12:18:26; 21.063
 05.11.2025 12:21:27; 21.000
 05.11.2025 12:24:26; 21.000
 05.11.2025 12:27:26; 21.063
 05.11.2025 12:30:27; 21.188
 05.11.2025 12:33:26; 21.313
 05.11.2025 12:36:26; 21.438
 05.11.2025 12:39:27; 21.688
 05.11.2025 12:42:27; 21.938
 05.11.2025 12:45:26; 21.875
 05.11.2025 12:48:27; 21.813
 05.11.2025 12:51:27; 21.500
 05.11.2025 12:54:26; 21.125
 05.11.2025 12:57:27; 20.938
 05.11.2025 13:00:27; 20.813
 05.11.2025 13:03:26; 21.063
 05.11.2025 13:06:27; 21.500
 05.11.2025 13:09:26; 21.938
 05.11.2025 13:12:26; 22.125
 05.11.2025 13:15:27; 22.188
 05.11.2025 13:18:26; 22.438
 05.11.2025 13:21:26; 22.875
 05.11.2025 13:24:27; 23.063
 05.11.2025 13:27:27; 23.000
 05.11.2025 13:30:26; 22.813
 05.11.2025 13:33:27; 22.875
 05.11.2025 13:36:27; 23.250
 05.11.2025 13:39:26; 23.375
 05.11.2025 13:42:27; 23.375
 05.11.2025 13:45:27; 23.688
 05.11.2025 13:48:26; 24.063
 05.11.2025 13:51:27; 24.125
 05.11.2025 13:54:26; 24.188
 05.11.2025 13:57:26; 24.313
 05.11.2025 14:00:27; 24.625
 05.11.2025 14:03:26; 24.875
 05.11.2025 14:06:26; 25.000
 05.11.2025 14:09:27; 24.938
 05.11.2025 14:12:27; 25.188
 05.11.2025 14:15:26; 24.938
 05.11.2025 14:18:27; 24.938
 05.11.2025 14:21:27; 24.875
 05.11.2025 14:24:26; 24.688
 05.11.2025 14:27:27; 24.625
 05.11.2025 14:30:27; 24.500
 05.11.2025 14:33:26; 24.313
 05.11.2025 14:36:27; 24.750
 05.11.2025 14:39:26; 25.250
 05.11.2025 14:42:26; 25.563
 05.11.2025 14:45:27; 25.313
 05.11.2025 14:48:26; 25.188
 05.11.2025 14:51:26; 25.250
 05.11.2025 14:54:27; 25.750
 05.11.2025 14:57:27; 25.938
 05.11.2025 15:00:26; 25.438
 05.11.2025 15:03:27; 25.063
 05.11.2025 15:06:27; 24.813
 05.11.2025 15:09:26; 24.625
 05.11.2025 15:12:27; 24.500
 05.11.2025 15:15:27; 24.625
 05.11.2025 15:18:26; 24.750
 05.11.2025 15:21:27; 25.188
 05.11.2025 15:24:26; 25.563
 05.11.2025 15:27:26; 25.625
 05.11.2025 15:30:27; 25.750
 05.11.2025 15:33:26; 25.750
 05.11.2025 15:36:26; 25.750
 05.11.2025 15:39:27; 25.563
 05.11.2025 15:42:27; 25.625
 05.11.2025 15:45:26; 25.750
 05.11.2025 15:48:27; 25.813
 05.11.2025 15:51:27; 25.813
 05.11.2025 15:54:26; 25.813
 05.11.2025 15:57:27; 26.000
 05.11.2025 16:00:27; 26.438
 05.11.2025 16:03:26; 26.938
 05.11.2025 16:06:27; 26.750
 05.11.2025 16:09:26; 26.688
 05.11.2025 16:12:26; 26.500
 05.11.2025 16:15:27; 26.000
 05.11.2025 16:18:26; 25.688
 05.11.2025 16:21:26; 25.688
 05.11.2025 16:24:27; 25.625
 05.11.2025 16:27:27; 25.625
 05.11.2025 16:30:26; 25.563
 05.11.2025 16:33:27; 25.813
 05.11.2025 16:36:27; 26.438
 05.11.2025 16:39:26; 27.250
 05.11.2025 16:42:27; 27.625
 05.11.2025 16:45:27; 28.188
 05.11.2025 16:48:26; 28.250
 05.11.2025 16:51:27; 27.813
 05.11.2025 16:54:26; 27.438
 05.11.2025 16:57:26; 27.813
 05.11.2025 17:00:27; 27.688
 05.11.2025 17:03:26; 27.063
 05.11.2025 17:06:26; 26.875
 05.11.2025 17:09:27; 26.688
 05.11.2025 17:12:27; 26.500
 05.11.2025 17:15:26; 26.313
 05.11.2025 17:18:27; 26.313
 05.11.2025 17:21:27; 26.250
 05.11.2025 17:24:26; 26.188
 05.11.2025 17:27:27; 26.000
 05.11.2025 17:30:27; 26.000
 05.11.2025 17:33:26; 26.063
 05.11.2025 17:36:27; 26.000
 05.11.2025 17:39:26; 26.125
 05.11.2025 17:42:26; 26.188
 05.11.2025 17:45:27; 26.313
 05.11.2025 17:48:26; 26.563
 05.11.2025 17:51:26; 26.875
 05.11.2025 17:54:27; 27.438
 05.11.2025 17:57:27; 28.313
 05.11.2025 18:00:26; 28.875
 05.11.2025 18:03:27; 28.875
 05.11.2025 18:06:27; 29.000
 05.11.2025 18:09:26; 29.563
 05.11.2025 18:12:27; 29.313
 05.11.2025 18:15:27; 28.813
 05.11.2025 18:18:26; 28.563
 05.11.2025 18:21:27; 29.063
 05.11.2025 18:24:26; 30.750
 05.11.2025 18:27:26; 32.000
 05.11.2025 18:30:27; 33.500
 05.11.2025 18:33:26; 34.188
 05.11.2025 18:36:26; 34.625
 05.11.2025 18:39:27; 34.563
 05.11.2025 18:42:27; 35.125
 05.11.2025 18:45:26; 35.563
 05.11.2025 18:48:27; 36.250
 05.11.2025 18:51:27; 37.000
 05.11.2025 18:54:26; 37.188
 05.11.2025 18:57:27; 35.875
 05.11.2025 19:00:27; 36.688
 05.11.2025 19:03:26; 35.000
 05.11.2025 19:06:27; 33.500
 05.11.2025 19:09:26; 34.750
 05.11.2025 19:12:26; 35.438
 05.11.2025 19:15:27; 35.375
 05.11.2025 19:18:26; 34.625
 05.11.2025 19:21:26; 33.250
 05.11.2025 19:24:27; 34.563
 05.11.2025 19:27:27; 35.000
 05.11.2025 19:30:26; 35.813
 05.11.2025 19:33:27; 36.250
 05.11.2025 19:36:27; 37.250
 05.11.2025 19:39:26; 36.938
 05.11.2025 19:42:27; 36.625
 05.11.2025 19:45:27; 37.250
 05.11.2025 19:48:26; 37.500
 05.11.2025 19:51:27; 36.063
 05.11.2025 19:54:26; 34.188
 05.11.2025 19:57:26; 32.938
 05.11.2025 20:00:27; 32.188
 05.11.2025 20:03:26; 30.938
 05.11.2025 20:06:26; 31.938
 05.11.2025 20:09:27; 33.250
 05.11.2025 20:12:27; 34.438
 05.11.2025 20:15:26; 35.188
 05.11.2025 20:18:27; 35.438
 05.11.2025 20:21:27; 35.125
 05.11.2025 20:24:26; 35.000
 05.11.2025 20:27:27; 35.125
 05.11.2025 20:30:27; 34.938
 05.11.2025 20:33:26; 34.313
 05.11.2025 20:36:27; 34.563
 05.11.2025 20:39:26; 34.938
 05.11.2025 20:42:26; 34.813
 05.11.2025 20:45:27; 34.938
 05.11.2025 20:48:26; 33.625
 05.11.2025 20:51:26; 33.625
 05.11.2025 20:54:27; 33.063
 05.11.2025 20:57:27; 32.250
 05.11.2025 21:00:26; 32.125
 05.11.2025 21:03:27; 31.813
 05.11.2025 21:06:27; 31.875
 05.11.2025 21:09:26; 31.500
 05.11.2025 21:12:27; 31.188
 05.11.2025 21:15:27; 30.938
 05.11.2025 21:18:26; 30.250
 05.11.2025 21:21:27; 30.063
 05.11.2025 21:24:26; 30.063
 05.11.2025 21:27:26; 29.875
 05.11.2025 21:30:27; 29.875
 05.11.2025 21:33:26; 29.313
 05.11.2025 21:36:26; 28.813
 05.11.2025 21:39:27; 28.375
 05.11.2025 21:42:27; 27.938
 05.11.2025 21:45:26; 27.688
 05.11.2025 21:48:27; 27.375
 05.11.2025 21:51:27; 27.063
 05.11.2025 21:54:26; 27.000
 05.11.2025 21:57:27; 27.000
 05.11.2025 22:00:27; 26.875
 05.11.2025 22:03:26; 26.750
 05.11.2025 22:06:27; 26.688
 05.11.2025 22:09:26; 26.625
 05.11.2025 22:12:26; 26.563
 05.11.2025 22:15:27; 26.438
 05.11.2025 22:18:26; 26.375
 05.11.2025 22:21:26; 26.250
 05.11.2025 22:24:27; 26.125
 05.11.2025 22:27:27; 26.000
 05.11.2025 22:30:26; 25.938
 05.11.2025 22:33:27; 25.625
 05.11.2025 22:36:27; 25.188
 05.11.2025 22:39:26; 25.000
 05.11.2025 22:42:27; 24.625
 05.11.2025 22:45:27; 24.375
 05.11.2025 22:48:26; 24.125
 05.11.2025 22:51:27; 23.875
 05.11.2025 22:54:26; 23.688
 05.11.2025 22:57:26; 23.438
 05.11.2025 23:00:27; 23.188
 05.11.2025 23:03:26; 23.000
 05.11.2025 23:06:26; 22.813
 05.11.2025 23:09:27; 22.875
 05.11.2025 23:12:27; 22.813
 05.11.2025 23:15:26; 22.688
 05.11.2025 23:18:27; 22.500
 05.11.2025 23:21:27; 22.375
 05.11.2025 23:24:26; 22.250
 05.11.2025 23:27:27; 22.188
 05.11.2025 23:30:27; 22.063
 05.11.2025 23:33:26; 21.875
 05.11.2025 23:36:27; 21.750
 05.11.2025 23:39:26; 21.750
 05.11.2025 23:42:26; 21.750
 05.11.2025 23:45:27; 21.688
 05.11.2025 23:48:26; 21.688
 05.11.2025 23:51:26; 21.625
 05.11.2025 23:54:27; 21.625
 05.11.2025 23:57:27; 21.563
 06.11.2025 00:00:26; 21.500
 06.11.2025 00:03:27; 21.438
 06.11.2025 00:06:27; 21.375
 06.11.2025 00:09:26; 21.313
 06.11.2025 00:12:27; 21.313
 06.11.2025 00:15:27; 21.250
 06.11.2025 00:18:26; 21.188
 06.11.2025 00:21:27; 21.188
 06.11.2025 00:24:26; 21.125
 06.11.2025 00:27:26; 21.125
 06.11.2025 00:30:27; 21.063
 06.11.2025 00:33:26; 21.000
 06.11.2025 00:36:26; 21.000
 06.11.2025 00:39:27; 21.000
 06.11.2025 00:42:27; 21.000
 06.11.2025 00:45:26; 20.938
 06.11.2025 00:48:27; 20.938
 06.11.2025 00:51:27; 20.875
 06.11.2025 00:54:26; 20.813
 06.11.2025 00:57:27; 20.813
 06.11.2025 01:00:27; 20.750
 06.11.2025 01:03:26; 20.688
 06.11.2025 01:06:27; 20.688
 06.11.2025 01:09:26; 20.625
 06.11.2025 01:12:26; 20.563
 06.11.2025 01:15:27; 20.500
 06.11.2025 01:18:26; 20.438
 06.11.2025 01:21:26; 20.375
 06.11.2025 01:24:27; 20.313
 06.11.2025 01:27:27; 20.250
 06.11.2025 01:30:26; 20.250
 06.11.2025 01:33:27; 20.188
 06.11.2025 01:36:27; 20.125
 06.11.2025 01:39:26; 20.063
 06.11.2025 01:42:27; 20.063
 06.11.2025 01:45:27; 20.000
 06.11.2025 01:48:26; 20.000
 06.11.2025 01:51:27; 19.938
 06.11.2025 01:54:26; 19.875
 06.11.2025 01:57:26; 19.875
 06.11.2025 02:00:27; 19.813
 06.11.2025 02:03:26; 19.813
 06.11.2025 02:06:26; 19.750
 06.11.2025 02:09:27; 19.688
 06.11.2025 02:12:27; 19.688
 06.11.2025 02:15:26; 19.688
 06.11.2025 02:18:27; 19.688
 06.11.2025 02:21:27; 19.688
 06.11.2025 02:24:26; 19.625
 06.11.2025 02:27:27; 19.625
 06.11.2025 02:30:27; 19.563
 06.11.2025 02:33:26; 19.563
 06.11.2025 02:36:27; 19.563
 06.11.2025 02:39:26; 19.500
 06.11.2025 02:42:26; 19.500
 06.11.2025 02:45:27; 19.500
 06.11.2025 02:48:26; 19.438
 06.11.2025 02:51:26; 19.375
 06.11.2025 02:54:27; 19.250
 06.11.2025 02:57:27; 19.188
 06.11.2025 03:00:26; 19.125
 06.11.2025 03:03:27; 19.063
 06.11.2025 03:06:27; 19.000
 06.11.2025 03:09:26; 19.000
 06.11.2025 03:12:27; 19.000
 06.11.2025 03:15:27; 19.000
 06.11.2025 03:18:26; 19.000
 06.11.2025 03:21:27; 19.000
 06.11.2025 03:24:26; 18.938
 06.11.2025 03:27:26; 18.875
 06.11.2025 03:30:27; 18.813
 06.11.2025 03:33:26; 18.813
 06.11.2025 03:36:26; 18.750
 06.11.2025 03:39:27; 18.688
 06.11.2025 03:42:27; 18.688
 06.11.2025 03:45:26; 18.625
 06.11.2025 03:48:27; 18.563
 06.11.2025 03:51:27; 18.563
 06.11.2025 03:54:26; 18.563
 06.11.2025 03:57:27; 18.563
 06.11.2025 04:00:27; 18.563
 06.11.2025 04:03:26; 18.500
 06.11.2025 04:06:27; 18.500
 06.11.2025 04:09:26; 18.500
 06.11.2025 04:12:26; 18.438
 06.11.2025 04:15:27; 18.500
 06.11.2025 04:18:26; 18.500
 06.11.2025 04:21:26; 18.438
 06.11.2025 04:24:27; 18.313
 06.11.2025 04:27:27; 18.250
 06.11.2025 04:30:26; 18.250
 06.11.2025 04:33:27; 18.313
 06.11.2025 04:36:27; 18.313
 06.11.2025 04:39:26; 18.313
 06.11.2025 04:42:27; 18.375
 06.11.2025 04:45:27; 18.375
 06.11.2025 04:48:26; 18.375
 06.11.2025 04:51:27; 18.375
 06.11.2025 04:54:26; 18.375
 06.11.2025 04:57:26; 18.250
 06.11.2025 05:00:27; 18.250
 06.11.2025 05:03:26; 18.188
 06.11.2025 05:06:26; 18.188
 06.11.2025 05:09:27; 18.188
 06.11.2025 05:12:27; 18.188
 06.11.2025 05:15:26; 18.125
 06.11.2025 05:18:27; 18.063
 06.11.2025 05:21:27; 18.000
 06.11.2025 05:24:26; 17.938
 06.11.2025 05:27:27; 17.938
 06.11.2025 05:30:27; 17.938
 06.11.2025 05:33:26; 17.938
 06.11.2025 05:36:27; 17.875
 06.11.2025 05:39:26; 17.875
 06.11.2025 05:42:26; 17.875
 06.11.2025 05:45:27; 17.875
 06.11.2025 05:48:26; 17.875
 06.11.2025 05:51:26; 17.813
 06.11.2025 05:54:27; 17.750
 06.11.2025 05:57:27; 17.750
 06.11.2025 06:00:26; 17.750
 06.11.2025 06:03:27; 17.750
 06.11.2025 06:06:27; 17.688
 06.11.2025 06:09:26; 17.625
 06.11.2025 06:12:27; 17.625
 06.11.2025 06:15:27; 17.625
 06.11.2025 06:18:26; 17.625
 06.11.2025 06:21:27; 17.625
 06.11.2025 06:24:26; 17.625
 06.11.2025 06:27:26; 17.563
 06.11.2025 06:30:27; 17.563
 06.11.2025 06:33:26; 17.563
 06.11.2025 06:36:26; 17.563
 06.11.2025 06:39:27; 17.563
 06.11.2025 06:42:27; 17.500
 06.11.2025 06:45:26; 17.500
 06.11.2025 06:48:27; 17.500
 06.11.2025 06:51:27; 17.500
 06.11.2025 06:54:26; 17.500
 06.11.2025 06:57:27; 17.500
 06.11.2025 07:00:27; 17.500
 06.11.2025 07:03:26; 17.438
 06.11.2025 07:06:27; 17.375
 06.11.2025 07:09:26; 17.375
 06.11.2025 07:12:26; 17.375
 06.11.2025 07:15:27; 17.438
 06.11.2025 07:18:26; 17.500
 06.11.2025 07:21:26; 17.563
 06.11.2025 07:24:27; 17.625
 06.11.2025 07:27:27; 17.688
 06.11.2025 07:30:26; 17.688
 06.11.2025 07:33:27; 17.750
 06.11.2025 07:36:27; 17.750
 06.11.2025 07:39:26; 17.750
 06.11.2025 07:42:27; 17.813
 06.11.2025 07:45:27; 17.875
 06.11.2025 07:48:26; 17.875
 06.11.2025 07:51:27; 17.938
 06.11.2025 07:54:26; 17.938
 06.11.2025 07:57:26; 17.938
 06.11.2025 08:00:27; 17.938
 06.11.2025 08:03:26; 17.938
 06.11.2025 08:06:26; 17.938
 06.11.2025 08:09:27; 17.813
 06.11.2025 08:12:27; 17.813
 06.11.2025 08:15:26; 17.813
 06.11.2025 08:18:27; 17.750
 06.11.2025 08:21:27; 17.750
 06.11.2025 08:24:26; 17.750
 06.11.2025 08:27:27; 17.688
 06.11.2025 08:30:27; 17.625
 06.11.2025 08:33:26; 17.563
 06.11.2025 08:36:27; 17.563
 06.11.2025 08:39:26; 17.438
 06.11.2025 08:42:26; 17.375
 06.11.2025 08:45:27; 17.313
 06.11.2025 08:48:26; 17.250
 06.11.2025 08:51:26; 17.188
 06.11.2025 08:54:27; 17.125
 06.11.2025 08:57:27; 17.063
 06.11.2025 09:00:26; 17.063
 06.11.2025 09:03:27; 17.063
 06.11.2025 09:06:27; 17.063
 06.11.2025 09:09:26; 17.000
 06.11.2025 09:12:27; 17.000
 06.11.2025 09:15:27; 16.938
 06.11.2025 09:18:26; 16.938
 06.11.2025 09:21:27; 16.875
 06.11.2025 09:24:26; 16.875
 06.11.2025 09:27:26; 16.875
 06.11.2025 09:30:27; 16.875
 06.11.2025 09:33:26; 16.875
 06.11.2025 09:36:26; 16.875
 06.11.2025 09:39:27; 16.875
 06.11.2025 09:42:27; 16.813
 06.11.2025 09:45:26; 16.813
 06.11.2025 09:48:27; 16.750
 06.11.2025 09:51:27; 16.750
 06.11.2025 09:54:26; 16.750
 06.11.2025 09:57:27; 16.750
 06.11.2025 10:00:27; 16.750
 06.11.2025 10:03:26; 16.750
 06.11.2025 10:06:27; 16.813
 06.11.2025 10:09:26; 16.813
 06.11.2025 10:12:26; 16.875
 06.11.2025 10:15:27; 16.938
 06.11.2025 10:18:26; 17.000
 06.11.2025 10:21:26; 17.063
 06.11.2025 10:24:27; 17.125
 06.11.2025 10:27:27; 17.188
 06.11.2025 10:30:26; 17.250
 06.11.2025 10:33:27; 17.313
 06.11.2025 10:36:27; 17.375
 06.11.2025 10:39:26; 17.500
 06.11.2025 10:42:27; 17.563
 06.11.2025 10:45:27; 17.688
 06.11.2025 10:48:26; 17.813
 06.11.2025 10:51:27; 17.875
 06.11.2025 10:54:26; 18.000
 06.11.2025 10:57:26; 18.125
 06.11.2025 11:00:27; 18.250
 06.11.2025 11:03:26; 18.438
 06.11.2025 11:06:26; 18.563
 06.11.2025 11:09:27; 18.750
 06.11.2025 11:12:27; 18.938
 06.11.2025 11:15:26; 19.188
 06.11.2025 11:18:27; 19.313
 06.11.2025 11:21:27; 19.563
 06.11.2025 11:24:26; 19.688
 06.11.2025 11:27:27; 19.875
 06.11.2025 11:30:27; 20.125
 06.11.2025 11:33:26; 20.313
 06.11.2025 11:36:27; 20.500
 06.11.2025 11:39:26; 20.625
 06.11.2025 11:42:26; 20.750
 06.11.2025 11:45:27; 21.000
 06.11.2025 11:48:26; 21.250
 06.11.2025 11:51:26; 21.438
 06.11.2025 11:54:27; 21.688
 06.11.2025 11:57:27; 21.875
 06.11.2025 12:00:26; 22.063
 06.11.2025 12:03:27; 22.250
 06.11.2025 12:06:27; 22.438
 06.11.2025 12:09:26; 22.688
 06.11.2025 12:12:27; 22.875
 06.11.2025 12:15:27; 23.063
 06.11.2025 12:18:26; 23.188
 06.11.2025 12:21:27; 23.438
 06.11.2025 12:24:26; 23.563
 06.11.2025 12:27:26; 23.750
 06.11.2025 12:30:27; 23.875
 06.11.2025 12:33:26; 24.063
 06.11.2025 12:36:26; 24.188
 06.11.2025 12:39:27; 24.313
 06.11.2025 12:42:27; 24.438
 06.11.2025 12:45:26; 24.563
 06.11.2025 12:48:27; 24.688
 06.11.2025 12:51:27; 24.750
 06.11.2025 12:54:26; 24.813
 06.11.2025 12:57:27; 25.000
 06.11.2025 13:00:27; 25.063
 06.11.2025 13:03:26; 25.063
 06.11.2025 13:06:27; 25.250
 06.11.2025 13:09:26; 25.375
 06.11.2025 13:12:26; 25.563
 06.11.2025 13:15:27; 25.625
 06.11.2025 13:18:26; 25.813
 06.11.2025 13:21:26; 25.750
 06.11.2025 13:24:27; 25.875
 06.11.2025 13:27:27; 26.000
 06.11.2025 13:30:26; 25.875
 06.11.2025 13:33:27; 25.938
 06.11.2025 13:36:27; 26.250
 06.11.2025 13:39:26; 26.500
 06.11.2025 13:42:27; 26.500
 06.11.2025 13:45:27; 26.563
 06.11.2025 13:48:26; 26.875
 06.11.2025 13:51:27; 27.125
 06.11.2025 13:54:26; 27.313
 06.11.2025 13:57:26; 27.500
 06.11.2025 14:00:27; 27.500
 06.11.2025 14:03:26; 27.625
 06.11.2025 14:06:26; 28.000
 06.11.2025 14:09:27; 28.125
 06.11.2025 14:12:27; 27.563
 06.11.2025 14:15:26; 27.000
 06.11.2025 14:18:27; 27.250
 06.11.2025 14:21:27; 27.500
 06.11.2025 14:24:26; 27.938
 06.11.2025 14:27:27; 28.313
 06.11.2025 14:30:27; 28.625
 06.11.2025 14:33:26; 29.000
 06.11.2025 14:36:27; 29.438
 06.11.2025 14:39:26; 29.625
 06.11.2025 14:42:26; 29.563
 06.11.2025 14:45:27; 28.500
 06.11.2025 14:48:26; 27.875
 06.11.2025 14:51:26; 27.250
 06.11.2025 14:54:27; 27.438
 06.11.2025 14:57:27; 28.250
 06.11.2025 15:00:26; 28.938
 06.11.2025 15:03:27; 29.063
 06.11.2025 15:06:27; 29.688
 06.11.2025 15:09:26; 30.313
 06.11.2025 15:12:27; 30.750
 06.11.2025 15:15:27; 31.250
 06.11.2025 15:18:26; 31.563
 06.11.2025 15:21:27; 31.875
 06.11.2025 15:24:26; 31.813
 06.11.2025 15:27:26; 32.063
 06.11.2025 15:30:27; 32.313
 06.11.2025 15:33:26; 31.688
 06.11.2025 15:36:26; 31.063
 06.11.2025 15:39:27; 31.313
 06.11.2025 15:42:27; 31.438
 06.11.2025 15:45:26; 31.563
 06.11.2025 15:48:27; 32.125
 06.11.2025 15:51:27; 32.313
 06.11.2025 15:54:26; 32.625
 06.11.2025 15:57:27; 32.938
 06.11.2025 16:00:27; 32.813
 06.11.2025 16:03:26; 32.938
 06.11.2025 16:06:27; 32.688
 06.11.2025 16:09:26; 32.875
 06.11.2025 16:12:26; 33.250
 06.11.2025 16:15:27; 33.125
 06.11.2025 16:18:26; 32.938
 06.11.2025 16:21:26; 33.063
 06.11.2025 16:24:27; 33.375
 06.11.2025 16:27:27; 33.813
 06.11.2025 16:30:26; 34.188
 06.11.2025 16:33:27; 33.938
 06.11.2025 16:36:27; 34.000
 06.11.2025 16:39:26; 33.625
 06.11.2025 16:42:27; 34.125
 06.11.2025 16:45:27; 34.625
 06.11.2025 16:48:26; 34.563
 06.11.2025 16:51:27; 34.875
 06.11.2025 16:54:26; 35.063
 06.11.2025 16:57:26; 34.563
 06.11.2025 17:00:27; 34.688
 06.11.2025 17:03:26; 34.063
 06.11.2025 17:06:26; 34.188
 06.11.2025 17:09:27; 34.563
 06.11.2025 17:12:27; 34.375
 06.11.2025 17:15:26; 35.125
 06.11.2025 17:18:27; 35.688
 06.11.2025 17:21:27; 36.188
 06.11.2025 17:24:26; 36.563
 06.11.2025 17:27:27; 37.000
 06.11.2025 17:30:27; 37.625
 06.11.2025 17:33:26; 37.875
 06.11.2025 17:36:27; 38.313
 06.11.2025 17:39:26; 38.688
 06.11.2025 17:42:26; 38.813
 06.11.2025 17:45:27; 39.250
 06.11.2025 17:48:26; 39.500
 06.11.2025 17:51:26; 39.438
 06.11.2025 17:54:27; 39.375
 06.11.2025 17:57:27; 39.625
 06.11.2025 18:00:26; 39.750
 06.11.2025 18:03:27; 40.125
 06.11.2025 18:06:27; 40.750
 06.11.2025 18:09:26; 40.813
 06.11.2025 18:12:27; 40.625
 06.11.2025 18:15:27; 40.938
 06.11.2025 18:18:26; 40.625
 06.11.2025 18:21:27; 40.625
 06.11.2025 18:24:26; 40.313
 06.11.2025 18:27:26; 40.313
 06.11.2025 18:30:27; 41.125
 06.11.2025 18:33:26; 41.500
 06.11.2025 18:36:26; 41.438
 06.11.2025 18:39:27; 41.250
 06.11.2025 18:42:27; 41.500
 06.11.2025 18:45:26; 41.563
 06.11.2025 18:48:27; 41.875
 06.11.2025 18:51:27; 41.500
 06.11.2025 18:54:26; 41.375
 06.11.2025 18:57:27; 41.625
 06.11.2025 19:00:27; 42.250
 06.11.2025 19:03:26; 41.688
 06.11.2025 19:06:27; 40.875
 06.11.2025 19:09:26; 40.625
 06.11.2025 19:12:26; 40.250
 06.11.2025 19:15:27; 40.188
 06.11.2025 19:18:26; 39.750
 06.11.2025 19:21:26; 39.625
 06.11.2025 19:24:27; 39.250
 06.11.2025 19:27:27; 39.063
 06.11.2025 19:30:26; 39.125
 06.11.2025 19:33:27; 38.875
 06.11.2025 19:36:27; 39.063
 06.11.2025 19:39:26; 39.563
 06.11.2025 19:42:27; 40.063
 06.11.2025 19:45:27; 40.000
 06.11.2025 19:48:26; 40.000
 06.11.2025 19:51:27; 39.438
 06.11.2025 19:54:26; 39.500
 06.11.2025 19:57:26; 40.063
 06.11.2025 20:00:27; 39.750
 06.11.2025 20:03:26; 39.438
 06.11.2025 20:06:26; 39.000
 06.11.2025 20:09:27; 38.563
 06.11.2025 20:12:27; 38.500
 06.11.2025 20:15:26; 38.375
 06.11.2025 20:18:27; 38.125
 06.11.2025 20:21:27; 38.375
 06.11.2025 20:24:26; 38.438
 06.11.2025 20:27:27; 38.813
 06.11.2025 20:30:27; 38.813
 06.11.2025 20:33:26; 38.250
 06.11.2025 20:36:27; 37.438
 06.11.2025 20:39:26; 37.750
 06.11.2025 20:42:26; 38.313
 06.11.2025 20:45:27; 38.313
 06.11.2025 20:48:26; 37.438
 06.11.2025 20:51:26; 36.813
 06.11.2025 20:54:27; 36.250
 06.11.2025 20:57:27; 35.563
 06.11.2025 21:00:26; 35.313
 06.11.2025 21:03:27; 35.250
 06.11.2025 21:06:27; 35.000
 06.11.2025 21:09:26; 34.688
 06.11.2025 21:12:27; 34.438
 06.11.2025 21:15:27; 33.875
 06.11.2025 21:18:26; 33.188
 06.11.2025 21:21:27; 32.563
 06.11.2025 21:24:26; 32.313
 06.11.2025 21:27:26; 32.188
 06.11.2025 21:30:27; 32.188
 06.11.2025 21:33:26; 31.375
 06.11.2025 21:36:26; 30.875
 06.11.2025 21:39:27; 30.500
 06.11.2025 21:42:27; 30.063
 06.11.2025 21:45:26; 29.688
 06.11.2025 21:48:27; 29.438
 06.11.2025 21:51:27; 29.438
 06.11.2025 21:54:26; 29.375
 06.11.2025 21:57:27; 29.188
 06.11.2025 22:00:27; 28.938
 06.11.2025 22:03:26; 28.563
 06.11.2025 22:06:27; 28.375
 06.11.2025 22:09:26; 28.188
 06.11.2025 22:12:26; 28.000
 06.11.2025 22:15:27; 27.813
 06.11.2025 22:18:26; 27.688
 06.11.2025 22:21:26; 27.500
 06.11.2025 22:24:27; 27.313
 06.11.2025 22:27:27; 27.188
 06.11.2025 22:30:26; 27.000
 06.11.2025 22:33:27; 26.813
 06.11.2025 22:36:27; 26.688
 06.11.2025 22:39:26; 26.500
 06.11.2025 22:42:27; 26.375
 06.11.2025 22:45:27; 26.188
 06.11.2025 22:48:26; 26.063
 06.11.2025 22:51:27; 25.938
 06.11.2025 22:54:26; 25.813
 06.11.2025 22:57:26; 25.688
 06.11.2025 23:00:27; 25.563
 06.11.2025 23:03:26; 25.500
 06.11.2025 23:06:26; 25.375
 06.11.2025 23:09:27; 25.313
 06.11.2025 23:12:27; 25.188
 06.11.2025 23:15:26; 25.125
 06.11.2025 23:18:27; 25.063
 06.11.2025 23:21:27; 25.000
 06.11.2025 23:24:26; 24.938
 06.11.2025 23:27:27; 24.875
 06.11.2025 23:30:27; 24.813
 06.11.2025 23:33:26; 24.813
 06.11.2025 23:36:27; 24.750
 06.11.2025 23:39:26; 24.750
 06.11.2025 23:42:26; 24.688
 06.11.2025 23:45:27; 24.625
 06.11.2025 23:48:26; 24.563
 06.11.2025 23:51:26; 24.500
 06.11.2025 23:54:27; 24.438
 06.11.2025 23:57:27; 24.438
 07.11.2025 00:00:26; 24.375
 07.11.2025 00:03:27; 24.375
 07.11.2025 00:06:27; 24.313
 07.11.2025 00:09:26; 24.250
 07.11.2025 00:12:27; 24.188
 07.11.2025 00:15:27; 24.188
 07.11.2025 00:18:26; 24.125
 07.11.2025 00:21:27; 24.063
 07.11.2025 00:24:26; 24.000
 07.11.2025 00:27:26; 23.938
 07.11.2025 00:30:27; 23.875
 07.11.2025 00:33:26; 23.875
 07.11.2025 00:36:26; 23.813
 07.11.2025 00:39:27; 23.750
 07.11.2025 00:42:27; 23.625
 07.11.2025 00:45:26; 23.500
 07.11.2025 00:48:27; 23.375
 07.11.2025 00:51:27; 23.313
 07.11.2025 00:54:26; 23.313
 07.11.2025 00:57:27; 23.250
 07.11.2025 01:00:27; 23.188
 07.11.2025 01:03:26; 23.188
 07.11.2025 01:06:27; 23.188
 07.11.2025 01:09:26; 23.188
 07.11.2025 01:12:26; 23.188
 07.11.2025 01:15:27; 23.125
 07.11.2025 01:18:26; 23.125
 07.11.2025 01:21:26; 23.125
 07.11.2025 01:24:27; 23.063
 07.11.2025 01:27:27; 23.063
 07.11.2025 01:30:26; 23.000
 07.11.2025 01:33:27; 23.000
 07.11.2025 01:36:27; 22.938
 07.11.2025 01:39:26; 22.938
 07.11.2025 01:42:27; 22.875
 07.11.2025 01:45:27; 22.875
 07.11.2025 01:48:26; 22.813
 07.11.2025 01:51:27; 22.750
 07.11.2025 01:54:26; 22.688
 07.11.2025 01:57:26; 22.625
 07.11.2025 02:00:27; 22.500
 07.11.2025 02:03:26; 22.438
 07.11.2025 02:06:26; 22.375
 07.11.2025 02:09:27; 22.313
 07.11.2025 02:12:27; 22.250
 07.11.2025 02:15:26; 22.188
 07.11.2025 02:18:27; 22.063
 07.11.2025 02:21:27; 22.000
 07.11.2025 02:24:26; 21.938
 07.11.2025 02:27:27; 21.813
 07.11.2025 02:30:27; 21.750
 07.11.2025 02:33:26; 21.750
 07.11.2025 02:36:27; 21.688
 07.11.2025 02:39:26; 21.688
 07.11.2025 02:42:26; 21.688
 07.11.2025 02:45:27; 21.625
 07.11.2025 02:48:26; 21.625
 07.11.2025 02:51:26; 21.625
 07.11.2025 02:54:27; 21.500
 07.11.2025 02:57:27; 21.500
 07.11.2025 03:00:26; 21.438
 07.11.2025 03:03:27; 21.375
 07.11.2025 03:06:27; 21.250
 07.11.2025 03:09:26; 21.188
 07.11.2025 03:12:27; 21.188
 07.11.2025 03:15:27; 21.125
 07.11.2025 03:18:26; 21.125
 07.11.2025 03:21:27; 21.063
 07.11.2025 03:24:26; 21.125
 07.11.2025 03:27:26; 21.063
 07.11.2025 03:30:27; 21.063
 07.11.2025 03:33:26; 21.125
 07.11.2025 03:36:26; 21.063
 07.11.2025 03:39:27; 21.063
 07.11.2025 03:42:27; 21.063
 07.11.2025 03:45:26; 21.000
 07.11.2025 03:48:27; 21.125
 07.11.2025 03:51:27; 21.250
 07.11.2025 03:54:26; 21.375
 07.11.2025 03:57:27; 21.438
 07.11.2025 04:00:27; 21.500
 07.11.2025 04:03:26; 21.500
 07.11.2025 04:06:27; 21.563
 07.11.2025 04:09:26; 21.625
 07.11.2025 04:12:26; 21.688
 07.11.2025 04:15:27; 21.625
 07.11.2025 04:18:26; 21.625
 07.11.2025 04:21:26; 21.625
 07.11.2025 04:24:27; 21.688
 07.11.2025 04:27:27; 21.625
 07.11.2025 04:30:26; 21.625
 07.11.2025 04:33:27; 21.625
 07.11.2025 04:36:27; 21.625
 07.11.2025 04:39:26; 21.625
 07.11.2025 04:42:27; 21.625
 07.11.2025 04:45:27; 21.625
 07.11.2025 04:48:26; 21.563
 07.11.2025 04:51:27; 21.500
 07.11.2025 04:54:26; 21.438
 07.11.2025 04:57:26; 21.375
 07.11.2025 05:00:27; 21.313
 07.11.2025 05:03:26; 21.313
 07.11.2025 05:06:26; 21.188
 07.11.2025 05:09:27; 21.125
 07.11.2025 05:12:27; 21.063
 07.11.2025 05:15:26; 21.063
 07.11.2025 05:18:27; 20.938
 07.11.2025 05:21:27; 20.813
 07.11.2025 05:24:26; 20.750
 07.11.2025 05:27:27; 20.625
 07.11.2025 05:30:27; 20.563
 07.11.2025 05:33:26; 20.563
 07.11.2025 05:36:27; 20.500
 07.11.2025 05:39:26; 20.500
 07.11.2025 05:42:26; 20.375
 07.11.2025 05:45:27; 20.375
 07.11.2025 05:48:26; 20.250
 07.11.2025 05:51:26; 20.250
 07.11.2025 05:54:27; 20.188
 07.11.2025 05:57:27; 20.125
 07.11.2025 06:00:26; 20.063
 07.11.2025 06:03:27; 20.000
 07.11.2025 06:06:27; 20.000
 07.11.2025 06:09:26; 19.938
 07.11.2025 06:12:27; 19.938
 07.11.2025 06:15:27; 19.875
 07.11.2025 06:18:26; 19.875
 07.11.2025 06:21:27; 19.875
 07.11.2025 06:24:26; 19.875
 07.11.2025 06:27:26; 19.875
 07.11.2025 06:30:27; 19.875
 07.11.2025 06:33:26; 19.875
 07.11.2025 06:36:26; 19.813
 07.11.2025 06:39:27; 19.750
 07.11.2025 06:42:27; 19.688
 07.11.2025 06:45:26; 19.625
 07.11.2025 06:48:27; 19.563
 07.11.2025 06:51:27; 19.563
 07.11.2025 06:54:26; 19.500
 07.11.2025 06:57:27; 19.500
 07.11.2025 07:00:27; 19.438
 07.11.2025 07:03:26; 19.375
 07.11.2025 07:06:27; 19.250
 07.11.2025 07:09:26; 19.125
 07.11.2025 07:12:26; 19.063
 07.11.2025 07:15:27; 19.000
 07.11.2025 07:18:26; 18.938
 07.11.2025 07:21:26; 18.875
 07.11.2025 07:24:27; 18.813
 07.11.2025 07:27:27; 18.750
 07.11.2025 07:30:26; 18.688
 07.11.2025 07:33:27; 18.563
 07.11.2025 07:36:27; 18.500
 07.11.2025 07:39:26; 18.438
 07.11.2025 07:42:27; 18.438
 07.11.2025 07:45:27; 18.500
 07.11.2025 07:48:26; 18.500
 07.11.2025 07:51:27; 18.500
 07.11.2025 07:54:26; 18.500
 07.11.2025 07:57:26; 18.500
 07.11.2025 08:00:27; 18.500
 07.11.2025 08:03:26; 18.438
 07.11.2025 08:06:26; 18.500
 07.11.2025 08:09:27; 18.438
 07.11.2025 08:12:27; 18.438
 07.11.2025 08:15:26; 18.375
 07.11.2025 08:18:27; 18.313
 07.11.2025 08:21:27; 18.313
 07.11.2025 08:24:26; 18.250
 07.11.2025 08:27:27; 18.250
 07.11.2025 08:30:27; 18.188
 07.11.2025 08:33:26; 18.125
 07.11.2025 08:36:27; 18.063
 07.11.2025 08:39:26; 18.063
 07.11.2025 08:42:26; 18.063
 07.11.2025 08:45:27; 18.063
 07.11.2025 08:48:26; 18.063
 07.11.2025 08:51:26; 18.125
 07.11.2025 08:54:27; 18.125
 07.11.2025 08:57:27; 18.188
 07.11.2025 09:00:26; 18.188
 07.11.2025 09:03:27; 18.188
 07.11.2025 09:06:27; 18.188
 07.11.2025 09:09:26; 18.188
 07.11.2025 09:12:27; 18.188
 07.11.2025 09:15:27; 18.250
 07.11.2025 09:18:26; 18.250
 07.11.2025 09:21:27; 18.250
 07.11.2025 09:24:26; 18.188
 07.11.2025 09:27:26; 18.125
 07.11.2025 09:30:27; 18.125
 07.11.2025 09:33:26; 18.063
 07.11.2025 09:36:26; 18.125
 07.11.2025 09:39:27; 18.125
 07.11.2025 09:42:27; 18.188
 07.11.2025 09:45:26; 18.250
 07.11.2025 09:48:27; 18.313
 07.11.2025 09:51:27; 18.375
 07.11.2025 09:54:26; 18.375
 07.11.2025 09:57:27; 18.438
 07.11.2025 10:00:27; 18.438
 07.11.2025 10:03:26; 18.438
 07.11.2025 10:06:27; 18.500
 07.11.2025 10:09:26; 18.563
 07.11.2025 10:12:26; 18.625
 07.11.2025 10:15:27; 18.625
 07.11.2025 10:18:26; 18.688
 07.11.2025 10:21:26; 18.750
 07.11.2025 10:24:27; 18.813
 07.11.2025 10:27:27; 18.813
 07.11.2025 10:30:26; 18.875
 07.11.2025 10:33:27; 18.938
 07.11.2025 10:36:27; 19.063
 07.11.2025 10:39:26; 19.125
 07.11.2025 10:42:27; 19.188
 07.11.2025 10:45:27; 19.313
 07.11.2025 10:48:26; 19.375
 07.11.2025 10:51:27; 19.438
 07.11.2025 10:54:26; 19.563
 07.11.2025 10:57:26; 19.688
 07.11.2025 11:00:27; 19.750
 07.11.2025 11:03:26; 19.875
 07.11.2025 11:06:26; 20.000
 07.11.2025 11:09:27; 20.125
 07.11.2025 11:12:27; 20.313
 07.11.2025 11:15:26; 20.438
 07.11.2025 11:18:27; 20.625
 07.11.2025 11:21:27; 20.750
 07.11.2025 11:24:26; 20.938
 07.11.2025 11:27:27; 21.125
 07.11.2025 11:30:27; 21.313
 07.11.2025 11:33:26; 21.500
 07.11.2025 11:36:27; 21.688
 07.11.2025 11:39:26; 21.938
 07.11.2025 11:42:26; 22.125
 07.11.2025 11:45:27; 22.313
 07.11.2025 11:48:26; 22.563
 07.11.2025 11:51:26; 22.750
 07.11.2025 11:54:27; 23.000
 07.11.2025 11:57:27; 23.188
 07.11.2025 12:00:26; 23.438
 07.11.2025 12:03:27; 23.625
 07.11.2025 12:06:27; 23.813
 07.11.2025 12:09:26; 24.063
 07.11.2025 12:12:27; 24.313
 07.11.2025 12:15:27; 24.438
 07.11.2025 12:18:26; 24.500
 07.11.2025 12:21:27; 24.688
 07.11.2025 12:24:26; 24.875
 07.11.2025 12:27:26; 24.938
 07.11.2025 12:30:27; 25.063
 07.11.2025 12:33:26; 25.250
 07.11.2025 12:36:26; 25.438
 07.11.2025 12:39:27; 25.625
 07.11.2025 12:42:27; 25.688
 07.11.2025 12:45:26; 25.875
 07.11.2025 12:48:27; 26.063
 07.11.2025 12:51:27; 26.188
 07.11.2025 12:54:26; 26.313
 07.11.2025 12:57:27; 26.500
 07.11.2025 13:00:27; 26.688
 07.11.2025 13:03:26; 26.813
 07.11.2025 13:06:27; 26.938
 07.11.2025 13:09:26; 27.063
 07.11.2025 13:12:26; 27.188
 07.11.2025 13:15:27; 27.313
 07.11.2025 13:18:26; 27.375
 07.11.2025 13:21:26; 27.500
 07.11.2025 13:24:27; 27.750
 07.11.2025 13:27:27; 27.938
 07.11.2025 13:30:26; 28.188
 07.11.2025 13:33:27; 28.438
 07.11.2025 13:36:27; 28.500
 07.11.2025 13:39:26; 28.625
 07.11.2025 13:42:27; 28.750
 07.11.2025 13:45:27; 28.938
 07.11.2025 13:48:26; 29.125
 07.11.2025 13:51:27; 29.375
 07.11.2025 13:54:26; 29.563
 07.11.2025 13:57:26; 29.688
 07.11.2025 14:00:27; 29.563
 07.11.2025 14:03:26; 29.625
 07.11.2025 14:06:26; 29.813
 07.11.2025 14:09:27; 29.750
 07.11.2025 14:12:27; 29.625
 07.11.2025 14:15:26; 29.688
 07.11.2025 14:18:27; 29.938
 07.11.2025 14:21:27; 30.125
 07.11.2025 14:24:26; 30.313
 07.11.2025 14:27:27; 30.313
 07.11.2025 14:30:27; 30.500
 07.11.2025 14:33:26; 30.625
 07.11.2025 14:36:27; 30.938
 07.11.2025 14:39:26; 31.125
 07.11.2025 14:42:26; 31.063
 07.11.2025 14:45:27; 30.813
 07.11.2025 14:48:26; 31.063
 07.11.2025 14:51:26; 31.188
 07.11.2025 14:54:27; 31.375
 07.11.2025 14:57:27; 31.625
 07.11.2025 15:00:26; 31.688
 07.11.2025 15:03:27; 31.813
 07.11.2025 15:06:27; 32.125
 07.11.2025 15:09:26; 32.125
 07.11.2025 15:12:27; 32.375
 07.11.2025 15:15:27; 32.563
 07.11.2025 15:18:26; 33.000
 07.11.2025 15:21:27; 33.188
 07.11.2025 15:24:26; 33.438
 07.11.2025 15:27:26; 33.750
 07.11.2025 15:30:27; 33.875
 07.11.2025 15:33:26; 33.813
 07.11.2025 15:36:26; 33.875
 07.11.2025 15:39:27; 33.500
 07.11.2025 15:42:27; 33.625
 07.11.2025 15:45:26; 33.750
 07.11.2025 15:48:27; 33.688
 07.11.2025 15:51:27; 33.938
 07.11.2025 15:54:26; 34.000
 07.11.2025 15:57:27; 34.188
 07.11.2025 16:00:27; 34.375
 07.11.2025 16:03:26; 34.625
 07.11.2025 16:06:27; 35.000
 07.11.2025 16:09:26; 35.063
 07.11.2025 16:12:26; 35.313
 07.11.2025 16:15:27; 35.813
 07.11.2025 16:18:26; 36.063
 07.11.2025 16:21:26; 36.313
 07.11.2025 16:24:27; 36.688
 07.11.2025 16:27:27; 36.875
 07.11.2025 16:30:26; 37.063
 07.11.2025 16:33:27; 37.188
 07.11.2025 16:36:27; 37.063
 07.11.2025 16:39:26; 37.063
 07.11.2025 16:42:27; 37.000
 07.11.2025 16:45:27; 37.188
 07.11.2025 16:48:26; 37.375
 07.11.2025 16:51:27; 37.438
 07.11.2025 16:54:26; 37.688
 07.11.2025 16:57:26; 37.750
 07.11.2025 17:00:27; 37.750
 07.11.2025 17:03:26; 38.063
 07.11.2025 17:06:26; 37.875
 07.11.2025 17:09:27; 38.313
 07.11.2025 17:12:27; 38.500
 07.11.2025 17:15:26; 38.750
 07.11.2025 17:18:27; 39.000
 07.11.2025 17:21:27; 39.313
 07.11.2025 17:24:26; 39.500
 07.11.2025 17:27:27; 39.625
 07.11.2025 17:30:27; 39.875
 07.11.2025 17:33:26; 40.000
 07.11.2025 17:36:27; 39.750
 07.11.2025 17:39:26; 40.125
 07.11.2025 17:42:26; 40.313
 07.11.2025 17:45:27; 40.188
 07.11.2025 17:48:26; 40.313
 07.11.2025 17:51:26; 41.188
 07.11.2025 17:54:27; 41.625
 07.11.2025 17:57:27; 42.500
 07.11.2025 18:00:26; 42.813
 07.11.2025 18:03:27; 42.875
 07.11.2025 18:06:27; 42.625
 07.11.2025 18:09:26; 42.688
 07.11.2025 18:12:27; 42.938
 07.11.2025 18:15:27; 43.500
 07.11.2025 18:18:26; 44.000
 07.11.2025 18:21:27; 44.313
 07.11.2025 18:24:26; 44.188
 07.11.2025 18:27:26; 44.750
 07.11.2025 18:30:27; 45.250
 07.11.2025 18:33:26; 45.125
 07.11.2025 18:36:26; 45.625
 07.11.2025 18:39:27; 45.375
 07.11.2025 18:42:27; 44.750
 07.11.2025 18:45:26; 44.938
 07.11.2025 18:48:27; 44.750
 07.11.2025 18:51:27; 44.500
 07.11.2025 18:54:26; 44.688
 07.11.2025 18:57:27; 44.688
 07.11.2025 19:00:27; 44.438
 07.11.2025 19:03:26; 43.813
 07.11.2025 19:06:27; 43.813
 07.11.2025 19:09:26; 43.563
 07.11.2025 19:12:26; 43.313
 07.11.2025 19:15:27; 43.438
 07.11.2025 19:18:26; 43.438
 07.11.2025 19:21:26; 43.313
 07.11.2025 19:24:27; 43.375
 07.11.2025 19:27:27; 42.938
 07.11.2025 19:30:26; 42.813
 07.11.2025 19:33:27; 43.125
 07.11.2025 19:36:27; 42.938
 07.11.2025 19:39:26; 43.438
 07.11.2025 19:42:27; 43.188
 07.11.2025 19:45:27; 43.313
 07.11.2025 19:48:26; 43.063
 07.11.2025 19:51:27; 42.938
 07.11.2025 19:54:26; 42.813
 07.11.2025 19:57:26; 43.063
 07.11.2025 20:00:27; 43.188
 07.11.2025 20:03:26; 43.125
 07.11.2025 20:06:26; 42.875
 07.11.2025 20:09:27; 43.063
 07.11.2025 20:12:27; 42.750
 07.11.2025 20:15:26; 42.250
 07.11.2025 20:18:27; 42.000
 07.11.2025 20:21:27; 41.625
 07.11.2025 20:24:26; 41.563
 07.11.2025 20:27:27; 41.563
 07.11.2025 20:30:27; 41.313
 07.11.2025 20:33:26; 40.750
 07.11.2025 20:36:27; 40.813
 07.11.2025 20:39:26; 40.938
 07.11.2025 20:42:26; 40.813
 07.11.2025 20:45:27; 40.063
 07.11.2025 20:48:26; 39.500
 07.11.2025 20:51:26; 39.313
 07.11.2025 20:54:27; 38.625
 07.11.2025 20:57:27; 38.000
 07.11.2025 21:00:26; 37.563
 07.11.2025 21:03:27; 37.063
 07.11.2025 21:06:27; 36.750
 07.11.2025 21:09:26; 36.500
 07.11.2025 21:12:27; 35.750
 07.11.2025 21:15:27; 35.125
 07.11.2025 21:18:26; 34.625
 07.11.2025 21:21:27; 34.188
 07.11.2025 21:24:26; 33.938
 07.11.2025 21:27:26; 33.813
 07.11.2025 21:30:27; 33.750
 07.11.2025 21:33:26; 33.250
 07.11.2025 21:36:26; 32.750
 07.11.2025 21:39:27; 32.250
 07.11.2025 21:42:27; 31.750
 07.11.2025 21:45:26; 31.313
 07.11.2025 21:48:27; 31.063
 07.11.2025 21:51:27; 30.813
 07.11.2025 21:54:26; 30.625
 07.11.2025 21:57:27; 30.500
 07.11.2025 22:00:27; 30.313
 07.11.2025 22:03:26; 30.125
 07.11.2025 22:06:27; 29.938
 07.11.2025 22:09:26; 29.750
 07.11.2025 22:12:26; 29.500
 07.11.2025 22:15:27; 29.250
 07.11.2025 22:18:26; 29.125
 07.11.2025 22:21:26; 29.000
 07.11.2025 22:24:27; 28.938
 07.11.2025 22:27:27; 28.750
 07.11.2025 22:30:26; 28.563
 07.11.2025 22:33:27; 28.438
 07.11.2025 22:36:27; 28.188
 07.11.2025 22:39:26; 28.125
 07.11.2025 22:42:27; 28.063
 07.11.2025 22:45:27; 27.875
 07.11.2025 22:48:26; 27.688
 07.11.2025 22:51:27; 27.438
 07.11.2025 22:54:26; 27.313
 07.11.2025 22:57:26; 27.250
 07.11.2025 23:00:27; 27.125
 07.11.2025 23:03:26; 27.125
 07.11.2025 23:06:26; 26.938
 07.11.2025 23:09:27; 26.813
 07.11.2025 23:12:27; 26.688
 07.11.2025 23:15:26; 26.625
 07.11.2025 23:18:27; 26.563
 07.11.2025 23:21:27; 26.563
 07.11.2025 23:24:26; 26.813
 07.11.2025 23:27:27; 26.688
 07.11.2025 23:30:27; 26.625
 07.11.2025 23:33:26; 26.563
 07.11.2025 23:36:27; 26.438
 07.11.2025 23:39:26; 26.375
 07.11.2025 23:42:26; 26.375
 07.11.2025 23:45:27; 26.313
 07.11.2025 23:48:26; 26.313
 07.11.2025 23:51:26; 26.313
 07.11.2025 23:54:27; 26.250
 07.11.2025 23:57:27; 26.250
 08.11.2025 00:00:26; 26.188
 08.11.2025 00:03:27; 26.125
 08.11.2025 00:06:27; 26.000
 08.11.2025 00:09:26; 25.938
 08.11.2025 00:12:27; 25.875
 08.11.2025 00:15:27; 25.750
 08.11.2025 00:18:26; 25.750
 08.11.2025 00:21:27; 25.625
 08.11.2025 00:24:26; 25.563
 08.11.2025 00:27:26; 25.563
 08.11.2025 00:30:27; 25.500
 08.11.2025 00:33:26; 25.500
 08.11.2025 00:36:26; 25.375
 08.11.2025 00:39:27; 25.313
 08.11.2025 00:42:27; 25.250
 08.11.2025 00:45:26; 25.250
 08.11.2025 00:48:27; 25.188
 08.11.2025 00:51:27; 25.063
 08.11.2025 00:54:26; 25.000
 08.11.2025 00:57:27; 24.875
 08.11.2025 01:00:27; 24.750
 08.11.2025 01:03:26; 24.688
 08.11.2025 01:06:27; 24.625
 08.11.2025 01:09:26; 24.563
 08.11.2025 01:12:26; 24.500
 08.11.2025 01:15:27; 24.438
 08.11.2025 01:18:26; 24.375
 08.11.2025 01:21:26; 24.313
 08.11.2025 01:24:27; 24.188
 08.11.2025 01:27:27; 24.125
 08.11.2025 01:30:26; 24.063
 08.11.2025 01:33:27; 24.000
 08.11.2025 01:36:27; 23.938
 08.11.2025 01:39:26; 23.875
 08.11.2025 01:42:27; 23.813
 08.11.2025 01:45:27; 23.750
 08.11.2025 01:48:26; 23.750
 08.11.2025 01:51:27; 23.688
 08.11.2025 01:54:26; 23.688
 08.11.2025 01:57:26; 23.625
 08.11.2025 02:00:27; 23.500
 08.11.2025 02:03:26; 23.438
 08.11.2025 02:06:26; 23.438
 08.11.2025 02:09:27; 23.438
 08.11.2025 02:12:27; 23.438
 08.11.2025 02:15:26; 23.375
 08.11.2025 02:18:27; 23.375
 08.11.2025 02:21:27; 23.313
 08.11.2025 02:24:26; 23.313
 08.11.2025 02:27:27; 23.250
 08.11.2025 02:30:27; 23.250
 08.11.2025 02:33:26; 23.250
 08.11.2025 02:36:27; 23.250
 08.11.2025 02:39:26; 23.250
 08.11.2025 02:42:26; 23.188
 08.11.2025 02:45:27; 23.125
 08.11.2025 02:48:26; 23.063
 08.11.2025 02:51:26; 23.000
 08.11.2025 02:54:27; 22.938
 08.11.2025 02:57:27; 22.875
 08.11.2025 03:00:26; 22.875
 08.11.2025 03:03:27; 22.813
 08.11.2025 03:06:27; 22.688
 08.11.2025 03:09:26; 22.688
 08.11.2025 03:12:27; 22.688
 08.11.2025 03:15:27; 22.750
 08.11.2025 03:18:26; 22.750
 08.11.2025 03:21:27; 22.750
 08.11.2025 03:24:26; 22.688
 08.11.2025 03:27:26; 22.688
 08.11.2025 03:30:27; 22.625
 08.11.2025 03:33:26; 22.625
 08.11.2025 03:36:26; 22.500
 08.11.2025 03:39:27; 22.438
 08.11.2025 03:42:27; 22.375
 08.11.2025 03:45:26; 22.313
 08.11.2025 03:48:27; 22.313
 08.11.2025 03:51:27; 22.313
 08.11.2025 03:54:26; 22.313
 08.11.2025 03:57:27; 22.313
 08.11.2025 04:00:27; 22.250
 08.11.2025 04:03:26; 22.250
 08.11.2025 04:06:27; 22.250
 08.11.2025 04:09:26; 22.188
 08.11.2025 04:12:26; 22.125
 08.11.2025 04:15:27; 22.063
 08.11.2025 04:18:26; 22.125
 08.11.2025 04:21:26; 22.063
 08.11.2025 04:24:27; 22.063
 08.11.2025 04:27:27; 22.063
 08.11.2025 04:30:26; 22.063
 08.11.2025 04:33:27; 22.063
 08.11.2025 04:36:27; 22.063
 08.11.2025 04:39:26; 22.063
 08.11.2025 04:42:27; 22.063
 08.11.2025 04:45:27; 21.938
 08.11.2025 04:48:26; 21.938
 08.11.2025 04:51:27; 22.000
 08.11.2025 04:54:26; 22.063
 08.11.2025 04:57:26; 22.125
 08.11.2025 05:00:27; 22.125
 08.11.2025 05:03:26; 22.125
 08.11.2025 05:06:26; 22.063
 08.11.2025 05:09:27; 22.063
 08.11.2025 05:12:27; 22.000
 08.11.2025 05:15:26; 22.000
 08.11.2025 05:18:27; 22.000
 08.11.2025 05:21:27; 21.938
 08.11.2025 05:24:26; 21.875
 08.11.2025 05:27:27; 21.875
 08.11.2025 05:30:27; 21.875
 08.11.2025 05:33:26; 21.813
 08.11.2025 05:36:27; 21.750
 08.11.2025 05:39:26; 21.688
 08.11.2025 05:42:26; 21.688
 08.11.2025 05:45:27; 21.688
 08.11.2025 05:48:26; 21.688
 08.11.2025 05:51:26; 21.688
 08.11.2025 05:54:27; 21.625
 08.11.2025 05:57:27; 21.625
 08.11.2025 06:00:26; 21.625
 08.11.2025 06:03:27; 21.625
 08.11.2025 06:06:27; 21.688
 08.11.2025 06:09:26; 21.688
 08.11.2025 06:12:27; 21.625
 08.11.2025 06:15:27; 21.563
 08.11.2025 06:18:26; 21.563
 08.11.2025 06:21:27; 21.500
 08.11.2025 06:24:26; 21.438
 08.11.2025 06:27:26; 21.438
 08.11.2025 06:30:27; 21.500
 08.11.2025 06:33:26; 21.563
 08.11.2025 06:36:26; 21.563
 08.11.2025 06:39:27; 21.563
 08.11.2025 06:42:27; 21.563
 08.11.2025 06:45:26; 21.625
 08.11.2025 06:48:27; 21.625
 08.11.2025 06:51:27; 21.625
 08.11.2025 06:54:26; 21.625
 08.11.2025 06:57:27; 21.688
 08.11.2025 07:00:27; 21.625
 08.11.2025 07:03:26; 21.500
 08.11.2025 07:06:27; 21.563
 08.11.2025 07:09:26; 21.500
 08.11.2025 07:12:26; 21.563
 08.11.2025 07:15:27; 21.500
 08.11.2025 07:18:26; 21.438
 08.11.2025 07:21:26; 21.375
 08.11.2025 07:24:27; 21.375
 08.11.2025 07:27:27; 21.250
 08.11.2025 07:30:26; 21.250
 08.11.2025 07:33:27; 21.250
 08.11.2025 07:36:27; 21.188
 08.11.2025 07:39:26; 21.250
 08.11.2025 07:42:27; 21.188
 08.11.2025 07:45:27; 21.188
 08.11.2025 07:48:26; 21.188
 08.11.2025 07:51:27; 21.188
 08.11.2025 07:54:26; 21.125
 08.11.2025 07:57:26; 21.063
 08.11.2025 08:00:27; 21.000
 08.11.2025 08:03:26; 21.000
 08.11.2025 08:06:26; 21.000
 08.11.2025 08:09:27; 21.000
 08.11.2025 08:12:27; 20.938
 08.11.2025 08:15:26; 20.938
 08.11.2025 08:18:27; 20.875
 08.11.2025 08:21:27; 20.875
 08.11.2025 08:24:26; 20.875
 08.11.2025 08:27:27; 20.813
 08.11.2025 08:30:27; 20.750
 08.11.2025 08:33:26; 20.750
 08.11.2025 08:36:27; 20.688
 08.11.2025 08:39:26; 20.688
 08.11.2025 08:42:26; 20.625
 08.11.2025 08:45:27; 20.625
 08.11.2025 08:48:26; 20.625
 08.11.2025 08:51:26; 20.563
 08.11.2025 08:54:27; 20.500
 08.11.2025 08:57:27; 20.438
 08.11.2025 09:00:26; 20.375
 08.11.2025 09:03:27; 20.375
 08.11.2025 09:06:27; 20.313
 08.11.2025 09:09:26; 20.250
 08.11.2025 09:12:27; 20.250
 08.11.2025 09:15:27; 20.188
 08.11.2025 09:18:26; 20.188
 08.11.2025 09:21:27; 20.188
 08.11.2025 09:24:26; 20.250
 08.11.2025 09:27:26; 20.250
 08.11.2025 09:30:27; 20.188
 08.11.2025 09:33:26; 20.250
 08.11.2025 09:36:26; 20.250
 08.11.2025 09:39:27; 20.250
 08.11.2025 09:42:27; 20.375
 08.11.2025 09:45:26; 20.375
 08.11.2025 09:48:27; 20.375
 08.11.2025 09:51:27; 20.375
 08.11.2025 09:54:26; 20.438
 08.11.2025 09:57:27; 20.563
 08.11.2025 10:00:27; 20.625
 08.11.2025 10:03:26; 20.563
 08.11.2025 10:06:27; 20.625
 08.11.2025 10:09:26; 20.750
 08.11.2025 10:12:26; 20.750
 08.11.2025 10:15:27; 20.813
 08.11.2025 10:18:26; 20.813
 08.11.2025 10:21:26; 20.813
 08.11.2025 10:24:27; 20.688
 08.11.2025 10:27:27; 20.625
 08.11.2025 10:30:26; 20.563
 08.11.2025 10:33:27; 20.500
 08.11.2025 10:36:27; 20.500
 08.11.2025 10:39:26; 20.375
 08.11.2025 10:42:27; 20.313
 08.11.2025 10:45:27; 20.313
 08.11.2025 10:48:26; 20.313
 08.11.2025 10:51:27; 20.250
 08.11.2025 10:54:26; 20.250
 08.11.2025 10:57:26; 20.250
 08.11.2025 11:00:27; 20.250
 08.11.2025 11:03:26; 20.250
 08.11.2025 11:06:26; 20.250
 08.11.2025 11:09:27; 20.250
 08.11.2025 11:12:27; 20.250
 08.11.2025 11:15:26; 20.313
 08.11.2025 11:18:27; 20.375
 08.11.2025 11:21:27; 20.500
 08.11.2025 11:24:26; 20.563
 08.11.2025 11:27:27; 20.688
 08.11.2025 11:30:27; 20.875
 08.11.2025 11:33:26; 21.125
 08.11.2025 11:36:27; 21.375
 08.11.2025 11:39:26; 21.813
 08.11.2025 11:42:26; 22.250
 08.11.2025 11:45:27; 22.688
 08.11.2025 11:48:26; 23.000
 08.11.2025 11:51:26; 23.375
 08.11.2025 11:54:27; 23.688
 08.11.2025 11:57:27; 24.000
 08.11.2025 12:00:26; 24.250
 08.11.2025 12:03:27; 24.438
 08.11.2025 12:06:27; 24.750
 08.11.2025 12:09:26; 25.063
 08.11.2025 12:12:27; 25.125
 08.11.2025 12:15:27; 25.125
 08.11.2025 12:18:26; 25.000
 08.11.2025 12:21:27; 24.938
 08.11.2025 12:24:26; 24.813
 08.11.2025 12:27:26; 24.750
 08.11.2025 12:30:27; 24.625
 08.11.2025 12:33:26; 24.500
 08.11.2025 12:36:26; 24.563
 08.11.2025 12:39:27; 24.563
 08.11.2025 12:42:27; 24.813
 08.11.2025 12:45:26; 25.188
 08.11.2025 12:48:27; 25.563
 08.11.2025 12:51:27; 25.875
 08.11.2025 12:54:26; 26.125
 08.11.2025 12:57:27; 26.438
 08.11.2025 13:00:27; 26.688
 08.11.2025 13:03:26; 26.938
 08.11.2025 13:06:27; 27.188
 08.11.2025 13:09:26; 27.250
 08.11.2025 13:12:26; 27.438
 08.11.2025 13:15:27; 27.563
 08.11.2025 13:18:26; 27.688
 08.11.2025 13:21:26; 27.813
 08.11.2025 13:24:27; 27.938
 08.11.2025 13:27:27; 28.000
 08.11.2025 13:30:26; 28.063
 08.11.2025 13:33:27; 28.250
 08.11.2025 13:36:27; 28.375
 08.11.2025 13:39:26; 28.563
 08.11.2025 13:42:27; 28.750
 08.11.2025 13:45:27; 29.000
 08.11.2025 13:48:26; 29.188
 08.11.2025 13:51:27; 29.250
 08.11.2025 13:54:26; 29.313
 08.11.2025 13:57:26; 29.375
 08.11.2025 14:00:27; 29.500
 08.11.2025 14:03:26; 29.500
 08.11.2025 14:06:26; 29.750
 08.11.2025 14:09:27; 29.813
 08.11.2025 14:12:27; 29.938
 08.11.2025 14:15:26; 30.000
 08.11.2025 14:18:27; 29.938
 08.11.2025 14:21:27; 30.000
 08.11.2025 14:24:26; 30.188
 08.11.2025 14:27:27; 30.250
 08.11.2025 14:30:27; 30.188
 08.11.2025 14:33:26; 30.188
 08.11.2025 14:36:27; 30.375
 08.11.2025 14:39:26; 30.563
 08.11.2025 14:42:26; 30.688
 08.11.2025 14:45:27; 30.750
 08.11.2025 14:48:26; 31.063
 08.11.2025 14:51:26; 31.375
 08.11.2025 14:54:27; 31.438
 08.11.2025 14:57:27; 31.563
 08.11.2025 15:00:26; 31.688
 08.11.2025 15:03:27; 31.750
 08.11.2025 15:06:27; 32.000
 08.11.2025 15:09:26; 32.063
 08.11.2025 15:12:27; 32.438
 08.11.2025 15:15:27; 32.750
 08.11.2025 15:18:26; 32.813
 08.11.2025 15:21:27; 32.875
 08.11.2025 15:24:26; 32.938
 08.11.2025 15:27:26; 33.188
 08.11.2025 15:30:27; 33.375
 08.11.2025 15:33:26; 33.250
 08.11.2025 15:36:26; 33.500
 08.11.2025 15:39:27; 33.563
 08.11.2025 15:42:27; 33.625
 08.11.2025 15:45:26; 34.000
 08.11.2025 15:48:27; 34.125
 08.11.2025 15:51:27; 34.375
 08.11.2025 15:54:26; 34.563
 08.11.2025 15:57:27; 34.563
 08.11.2025 16:00:27; 34.188
 08.11.2025 16:03:26; 34.188
 08.11.2025 16:06:27; 34.438
 08.11.2025 16:09:26; 34.563
 08.11.2025 16:12:26; 34.375
 08.11.2025 16:15:27; 34.438
 08.11.2025 16:18:26; 33.938
 08.11.2025 16:21:26; 33.875
 08.11.2025 16:24:27; 34.375
 08.11.2025 16:27:27; 35.125
 08.11.2025 16:30:26; 35.438
 08.11.2025 16:33:27; 35.750
 08.11.2025 16:36:27; 35.938
 08.11.2025 16:39:26; 36.000
 08.11.2025 16:42:27; 36.000
 08.11.2025 16:45:27; 35.563
 08.11.2025 16:48:26; 35.875
 08.11.2025 16:51:27; 35.375
 08.11.2025 16:54:26; 34.938
 08.11.2025 16:57:26; 35.000
 08.11.2025 17:00:27; 35.625
 08.11.2025 17:03:26; 35.563
 08.11.2025 17:06:26; 36.063
 08.11.2025 17:09:27; 35.813
 08.11.2025 17:12:27; 35.750
 08.11.2025 17:15:26; 36.063
 08.11.2025 17:18:27; 36.813
 08.11.2025 17:21:27; 37.750
 08.11.2025 17:24:26; 38.250
 08.11.2025 17:27:27; 38.125
 08.11.2025 17:30:27; 38.188
 08.11.2025 17:33:26; 38.750
 08.11.2025 17:36:27; 39.313
 08.11.2025 17:39:26; 39.250
 08.11.2025 17:42:26; 39.938
 08.11.2025 17:45:27; 40.063
 08.11.2025 17:48:26; 40.438
 08.11.2025 17:51:26; 40.813
 08.11.2025 17:54:27; 41.000
 08.11.2025 17:57:27; 41.125
 08.11.2025 18:00:26; 41.313
 08.11.2025 18:03:27; 42.000
 08.11.2025 18:06:27; 42.438
 08.11.2025 18:09:26; 42.750
 08.11.2025 18:12:27; 43.063
 08.11.2025 18:15:27; 43.063
 08.11.2025 18:18:26; 43.000
 08.11.2025 18:21:27; 43.250
 08.11.2025 18:24:26; 43.875
 08.11.2025 18:27:26; 44.500
 08.11.2025 18:30:27; 44.813
 08.11.2025 18:33:26; 44.813
 08.11.2025 18:36:26; 44.500
 08.11.2025 18:39:27; 44.688
 08.11.2025 18:42:27; 43.938
 08.11.2025 18:45:26; 44.188
 08.11.2025 18:48:27; 44.375
 08.11.2025 18:51:27; 44.750
 08.11.2025 18:54:26; 44.875
 08.11.2025 18:57:27; 44.188
 08.11.2025 19:00:27; 43.188
 08.11.2025 19:03:26; 42.938
 08.11.2025 19:06:27; 43.125
 08.11.2025 19:09:26; 43.188
 08.11.2025 19:12:26; 43.000
 08.11.2025 19:15:27; 42.750
 08.11.2025 19:18:26; 42.313
 08.11.2025 19:21:26; 41.625
 08.11.2025 19:24:27; 41.938
 08.11.2025 19:27:27; 41.938
 08.11.2025 19:30:26; 42.000
 08.11.2025 19:33:27; 42.250
 08.11.2025 19:36:27; 42.438
 08.11.2025 19:39:26; 43.125
 08.11.2025 19:42:27; 41.938
 08.11.2025 19:45:27; 42.375
 08.11.2025 19:48:26; 43.438
 08.11.2025 19:51:27; 43.375
 08.11.2025 19:54:26; 43.188
 08.11.2025 19:57:26; 42.688
 08.11.2025 20:00:27; 41.750
 08.11.2025 20:03:26; 40.625
 08.11.2025 20:06:26; 39.750
 08.11.2025 20:09:27; 39.063
 08.11.2025 20:12:27; 38.375
 08.11.2025 20:15:26; 37.938
 08.11.2025 20:18:27; 37.313
 08.11.2025 20:21:27; 36.688
 08.11.2025 20:24:26; 35.813
 08.11.2025 20:27:27; 35.313
 08.11.2025 20:30:27; 34.563
 08.11.2025 20:33:26; 34.000
 08.11.2025 20:36:27; 33.563
 08.11.2025 20:39:26; 33.250
 08.11.2025 20:42:26; 33.188
 08.11.2025 20:45:27; 33.000
 08.11.2025 20:48:26; 32.625
 08.11.2025 20:51:26; 32.313
 08.11.2025 20:54:27; 32.125
 08.11.2025 20:57:27; 31.938
 08.11.2025 21:00:26; 31.813
 08.11.2025 21:03:27; 31.688
 08.11.2025 21:06:27; 31.563
 08.11.2025 21:09:26; 31.375
 08.11.2025 21:12:27; 31.188
 08.11.2025 21:15:27; 31.063
 08.11.2025 21:18:26; 31.000
 08.11.2025 21:21:27; 31.000
 08.11.2025 21:24:26; 30.938
 08.11.2025 21:27:26; 30.875
 08.11.2025 21:30:27; 30.875
 08.11.2025 21:33:26; 30.938
 08.11.2025 21:36:26; 31.000
 08.11.2025 21:39:27; 31.063
 08.11.2025 21:42:27; 31.063
 08.11.2025 21:45:26; 31.063
 08.11.2025 21:48:27; 30.938
 08.11.2025 21:51:27; 30.750
 08.11.2025 21:54:26; 30.813
 08.11.2025 21:57:27; 30.813
 08.11.2025 22:00:27; 30.688
 08.11.2025 22:03:26; 30.375
 08.11.2025 22:06:27; 30.250
 08.11.2025 22:09:26; 30.188
 08.11.2025 22:12:26; 30.188
 08.11.2025 22:15:27; 30.125
 08.11.2025 22:18:26; 30.125
 08.11.2025 22:21:26; 30.125
 08.11.2025 22:24:27; 30.000
 08.11.2025 22:27:27; 29.875
 08.11.2025 22:30:26; 29.750
 08.11.2025 22:33:27; 29.625
 08.11.2025 22:36:27; 29.438
 08.11.2025 22:39:26; 29.375
 08.11.2025 22:42:27; 29.313
 08.11.2025 22:45:27; 29.188
 08.11.2025 22:48:26; 29.000
 08.11.2025 22:51:27; 28.813
 08.11.2025 22:54:26; 28.750
 08.11.2025 22:57:26; 28.563
 08.11.2025 23:00:27; 28.500
 08.11.2025 23:03:26; 28.375
 08.11.2025 23:06:26; 28.250
 08.11.2025 23:09:27; 28.188
 08.11.2025 23:12:27; 28.125
 08.11.2025 23:15:26; 28.125
 08.11.2025 23:18:27; 28.000
 08.11.2025 23:21:27; 27.875
 08.11.2025 23:24:26; 27.813
 08.11.2025 23:27:27; 27.688
 08.11.2025 23:30:27; 27.625
 08.11.2025 23:33:26; 27.500
 08.11.2025 23:36:27; 27.188
 08.11.2025 23:39:26; 26.938
 08.11.2025 23:42:26; 26.688
 08.11.2025 23:45:27; 26.500
 08.11.2025 23:48:26; 26.313
 08.11.2025 23:51:26; 26.063
 08.11.2025 23:54:27; 26.000
 08.11.2025 23:57:27; 25.938
 09.11.2025 00:00:26; 25.813
 09.11.2025 00:03:27; 25.938
 09.11.2025 00:06:27; 26.063
 09.11.2025 00:09:26; 26.250
 09.11.2025 00:12:27; 26.500
 09.11.2025 00:15:27; 26.625
 09.11.2025 00:18:26; 26.563
 09.11.2025 00:21:27; 26.438
 09.11.2025 00:24:26; 26.250
 09.11.2025 00:27:26; 26.000
 09.11.2025 00:30:27; 25.750
 09.11.2025 00:33:26; 25.563
 09.11.2025 00:36:26; 25.313
 09.11.2025 00:39:27; 25.188
 09.11.2025 00:42:27; 25.000
 09.11.2025 00:45:26; 24.813
 09.11.2025 00:48:27; 24.625
 09.11.2025 00:51:27; 24.500
 09.11.2025 00:54:26; 24.375
 09.11.2025 00:57:27; 24.250
 09.11.2025 01:00:27; 24.125
 09.11.2025 01:03:26; 24.000
 09.11.2025 01:06:27; 23.875
 09.11.2025 01:09:26; 23.750
 09.11.2025 01:12:26; 23.625
 09.11.2025 01:15:27; 23.563
 09.11.2025 01:18:26; 23.438
 09.11.2025 01:21:26; 23.375
 09.11.2025 01:24:27; 23.313
 09.11.2025 01:27:27; 23.188
 09.11.2025 01:30:26; 23.125
 09.11.2025 01:33:27; 23.063
 09.11.2025 01:36:27; 22.938
 09.11.2025 01:39:26; 22.813
 09.11.2025 01:42:27; 22.750
 09.11.2025 01:45:27; 22.688
 09.11.2025 01:48:26; 22.625
 09.11.2025 01:51:27; 22.563
 09.11.2025 01:54:26; 22.563
 09.11.2025 01:57:26; 22.500
 09.11.2025 02:00:27; 22.375
 09.11.2025 02:03:26; 22.375
 09.11.2025 02:06:26; 22.313
 09.11.2025 02:09:27; 22.250
 09.11.2025 02:12:27; 22.188
 09.11.2025 02:15:26; 22.188
 09.11.2025 02:18:27; 22.188
 09.11.2025 02:21:27; 22.125
 09.11.2025 02:24:26; 22.125
 09.11.2025 02:27:27; 22.063
 09.11.2025 02:30:27; 22.000
 09.11.2025 02:33:26; 22.000
 09.11.2025 02:36:27; 22.000
 09.11.2025 02:39:26; 22.000
 09.11.2025 02:42:26; 22.000
 09.11.2025 02:45:27; 22.000
 09.11.2025 02:48:26; 21.938
 09.11.2025 02:51:26; 21.875
 09.11.2025 02:54:27; 21.875
 09.11.2025 02:57:27; 21.813
 09.11.2025 03:00:26; 21.813
 09.11.2025 03:03:27; 21.813
 09.11.2025 03:06:27; 21.750
 09.11.2025 03:09:26; 21.688
 09.11.2025 03:12:27; 21.625
 09.11.2025 03:15:27; 21.563
 09.11.2025 03:18:26; 21.500
 09.11.2025 03:21:27; 21.500
 09.11.2025 03:24:26; 21.500
 09.11.2025 03:27:26; 21.438
 09.11.2025 03:30:27; 21.438
 09.11.2025 03:33:26; 21.375
 09.11.2025 03:36:26; 21.250
 09.11.2025 03:39:27; 21.250
 09.11.2025 03:42:27; 21.250
 09.11.2025 03:45:26; 21.250
 09.11.2025 03:48:27; 21.250
 09.11.2025 03:51:27; 21.250
 09.11.2025 03:54:26; 21.313
 09.11.2025 03:57:27; 21.313
 09.11.2025 04:00:27; 21.188
 09.11.2025 04:03:26; 21.063
 09.11.2025 04:06:27; 21.063
 09.11.2025 04:09:26; 21.063
 09.11.2025 04:12:26; 21.000
 09.11.2025 04:15:27; 21.000
 09.11.2025 04:18:26; 21.000
 09.11.2025 04:21:26; 21.000
 09.11.2025 04:24:27; 20.938
 09.11.2025 04:27:27; 20.938
 09.11.2025 04:30:26; 20.875
 09.11.2025 04:33:27; 20.813
 09.11.2025 04:36:27; 20.750
 09.11.2025 04:39:26; 20.750
 09.11.2025 04:42:27; 20.688
 09.11.2025 04:45:27; 20.688
 09.11.2025 04:48:26; 20.625
 09.11.2025 04:51:27; 20.563
 09.11.2025 04:54:26; 20.500
 09.11.2025 04:57:26; 20.438
 09.11.2025 05:00:27; 20.375
 09.11.2025 05:03:26; 20.313
 09.11.2025 05:06:26; 20.313
 09.11.2025 05:09:27; 20.313
 09.11.2025 05:12:27; 20.313
 09.11.2025 05:15:26; 20.313
 09.11.2025 05:18:27; 20.313
 09.11.2025 05:21:27; 20.250
 09.11.2025 05:24:26; 20.250
 09.11.2025 05:27:27; 20.250
 09.11.2025 05:30:27; 20.313
 09.11.2025 05:33:26; 20.250
 09.11.2025 05:36:27; 20.250
 09.11.2025 05:39:26; 20.188
 09.11.2025 05:42:26; 20.125
 09.11.2025 05:45:27; 20.125
 09.11.2025 05:48:26; 20.125
 09.11.2025 05:51:26; 20.063
 09.11.2025 05:54:27; 20.063
 09.11.2025 05:57:27; 20.063
 09.11.2025 06:00:26; 20.063
 09.11.2025 06:03:27; 20.063
 09.11.2025 06:06:27; 20.063
 09.11.2025 06:09:26; 20.063
 09.11.2025 06:12:27; 20.000
 09.11.2025 06:15:27; 20.000
 09.11.2025 06:18:26; 20.000
 09.11.2025 06:21:27; 20.000
 09.11.2025 06:24:26; 20.063
 09.11.2025 06:27:26; 20.063
 09.11.2025 06:30:27; 20.063
 09.11.2025 06:33:26; 20.000
 09.11.2025 06:36:26; 20.000
 09.11.2025 06:39:27; 20.000
 09.11.2025 06:42:27; 19.938
 09.11.2025 06:45:26; 19.938
 09.11.2025 06:48:27; 19.938
 09.11.2025 06:51:27; 20.000
 09.11.2025 06:54:26; 20.000
 09.11.2025 06:57:27; 20.000
 09.11.2025 07:00:27; 20.000
 09.11.2025 07:03:26; 19.938
 09.11.2025 07:06:27; 19.938
 09.11.2025 07:09:26; 19.938
 09.11.2025 07:12:26; 19.875
 09.11.2025 07:15:27; 19.813
 09.11.2025 07:18:26; 19.813
 09.11.2025 07:21:26; 19.688
 09.11.2025 07:24:27; 19.625
 09.11.2025 07:27:27; 19.625
 09.11.2025 07:30:26; 19.563
 09.11.2025 07:33:27; 19.500
 09.11.2025 07:36:27; 19.500
 09.11.2025 07:39:26; 19.500
 09.11.2025 07:42:27; 19.563
 09.11.2025 07:45:27; 19.563
 09.11.2025 07:48:26; 19.500
 09.11.2025 07:51:27; 19.500
 09.11.2025 07:54:26; 19.500
 09.11.2025 07:57:26; 19.500
 09.11.2025 08:00:27; 19.375
 09.11.2025 08:03:26; 19.313
 09.11.2025 08:06:26; 19.313
 09.11.2025 08:09:27; 19.250
 09.11.2025 08:12:27; 19.188
 09.11.2025 08:15:26; 19.188
 09.11.2025 08:18:27; 19.250
 09.11.2025 08:21:27; 19.313
 09.11.2025 08:24:26; 19.313
 09.11.2025 08:27:27; 19.250
 09.11.2025 08:30:27; 19.250
 09.11.2025 08:33:26; 19.188
 09.11.2025 08:36:27; 19.188
 09.11.2025 08:39:26; 19.188
 09.11.2025 08:42:26; 19.125
 09.11.2025 08:45:27; 19.125
 09.11.2025 08:48:26; 19.125
 09.11.2025 08:51:26; 19.125
 09.11.2025 08:54:27; 19.125
 09.11.2025 08:57:27; 19.125
 09.11.2025 09:00:26; 19.063
 09.11.2025 09:03:27; 19.063
 09.11.2025 09:06:27; 19.063
 09.11.2025 09:09:26; 19.063
 09.11.2025 09:12:27; 19.063
 09.11.2025 09:15:27; 19.000
 09.11.2025 09:18:26; 18.938
 09.11.2025 09:21:27; 18.938
 09.11.2025 09:24:26; 18.875
 09.11.2025 09:27:26; 18.813
 09.11.2025 09:30:27; 18.875
 09.11.2025 09:33:26; 18.875
 09.11.2025 09:36:26; 18.875
 09.11.2025 09:39:27; 18.938
 09.11.2025 09:42:27; 18.938
 09.11.2025 09:45:26; 18.875
 09.11.2025 09:48:27; 18.875
 09.11.2025 09:51:27; 18.875
 09.11.2025 09:54:26; 18.875
 09.11.2025 09:57:27; 18.875
 09.11.2025 10:00:27; 18.938
 09.11.2025 10:03:26; 18.938
 09.11.2025 10:06:27; 19.000
 09.11.2025 10:09:26; 19.000
 09.11.2025 10:12:26; 19.000
 09.11.2025 10:15:27; 19.125
 09.11.2025 10:18:26; 19.250
 09.11.2025 10:21:26; 19.438
 09.11.2025 10:24:27; 19.625
 09.11.2025 10:27:27; 19.750
 09.11.2025 10:30:26; 19.750
 09.11.2025 10:33:27; 19.813
 09.11.2025 10:36:27; 19.813
 09.11.2025 10:39:26; 19.875
 09.11.2025 10:42:27; 19.875
 09.11.2025 10:45:27; 19.938
 09.11.2025 10:48:26; 20.000
 09.11.2025 10:51:27; 20.063
 09.11.2025 10:54:26; 20.188
 09.11.2025 10:57:26; 20.250
 09.11.2025 11:00:27; 20.375
 09.11.2025 11:03:26; 20.500
 09.11.2025 11:06:26; 20.625
 09.11.2025 11:09:27; 20.750
 09.11.2025 11:12:27; 20.875
 09.11.2025 11:15:26; 21.125
 09.11.2025 11:18:27; 21.313
 09.11.2025 11:21:27; 21.563
 09.11.2025 11:24:26; 21.875
 09.11.2025 11:27:27; 22.063
 09.11.2025 11:30:27; 22.188
 09.11.2025 11:33:26; 22.375
 09.11.2025 11:36:27; 22.500
 09.11.2025 11:39:26; 22.625
 09.11.2025 11:42:26; 22.813
 09.11.2025 11:45:27; 22.938
 09.11.2025 11:48:26; 23.063
 09.11.2025 11:51:26; 23.188
 09.11.2025 11:54:27; 23.250
 09.11.2025 11:57:27; 23.313
 09.11.2025 12:00:26; 23.438
 09.11.2025 12:03:27; 23.500
 09.11.2025 12:06:27; 23.563
 09.11.2025 12:09:26; 23.625
 09.11.2025 12:12:27; 23.688
 09.11.2025 12:15:27; 23.750
 09.11.2025 12:18:26; 23.813
 09.11.2025 12:21:27; 23.875
 09.11.2025 12:24:26; 24.000
 09.11.2025 12:27:26; 24.000
 09.11.2025 12:30:27; 24.063
 09.11.2025 12:33:26; 24.250
 09.11.2025 12:36:26; 24.375
 09.11.2025 12:39:27; 24.563
 09.11.2025 12:42:27; 24.688
 09.11.2025 12:45:26; 24.813
 09.11.2025 12:48:27; 24.938
 09.11.2025 12:51:27; 25.125
 09.11.2025 12:54:26; 25.250
 09.11.2025 12:57:27; 25.188
 09.11.2025 13:00:27; 25.250
 09.11.2025 13:03:26; 25.438
 09.11.2025 13:06:27; 25.563
 09.11.2025 13:09:26; 25.688
 09.11.2025 13:12:26; 25.938
 09.11.2025 13:15:27; 26.188
 09.11.2025 13:18:26; 26.188
 09.11.2025 13:21:26; 26.250
 09.11.2025 13:24:27; 26.313
 09.11.2025 13:27:27; 26.375
 09.11.2025 13:30:26; 26.500
 09.11.2025 13:33:27; 26.625
 09.11.2025 13:36:27; 26.625
 09.11.2025 13:39:26; 26.688
 09.11.2025 13:42:27; 26.813
 09.11.2025 13:45:27; 27.000
 09.11.2025 13:48:26; 27.188
 09.11.2025 13:51:27; 27.438
 09.11.2025 13:54:26; 27.688
 09.11.2025 13:57:26; 27.813
 09.11.2025 14:00:27; 27.813
 09.11.2025 14:03:26; 27.875
 09.11.2025 14:06:26; 27.875
 09.11.2025 14:09:27; 27.875
 09.11.2025 14:12:27; 28.000
 09.11.2025 14:15:26; 28.188
 09.11.2025 14:18:27; 28.250
 09.11.2025 14:21:27; 28.250
 09.11.2025 14:24:26; 28.438
 09.11.2025 14:27:27; 28.688
 09.11.2025 14:30:27; 28.813
 09.11.2025 14:33:26; 28.813
 09.11.2025 14:36:27; 28.813
 09.11.2025 14:39:26; 29.188
 09.11.2025 14:42:26; 29.250
 09.11.2025 14:45:27; 29.250
 09.11.2025 14:48:26; 29.313
 09.11.2025 14:51:26; 29.438
 09.11.2025 14:54:27; 29.563
 09.11.2025 14:57:27; 29.625
 09.11.2025 15:00:26; 29.875
 09.11.2025 15:03:27; 30.188
 09.11.2025 15:06:27; 30.313
 09.11.2025 15:09:26; 30.625
 09.11.2025 15:12:27; 30.938
 09.11.2025 15:15:27; 30.938
 09.11.2025 15:18:26; 30.938
 09.11.2025 15:21:27; 31.000
 09.11.2025 15:24:26; 31.188
 09.11.2025 15:27:26; 31.563
 09.11.2025 15:30:27; 31.563
 09.11.2025 15:33:26; 31.188
 09.11.2025 15:36:26; 31.188
 09.11.2025 15:39:27; 31.688
 09.11.2025 15:42:27; 32.375
 09.11.2025 15:45:26; 32.875
 09.11.2025 15:48:27; 33.500
 09.11.2025 15:51:27; 33.375
 09.11.2025 15:54:26; 33.563
 09.11.2025 15:57:27; 33.438
 09.11.2025 16:00:27; 33.063
 09.11.2025 16:03:26; 33.438
 09.11.2025 16:06:27; 33.938
 09.11.2025 16:09:26; 34.438
 09.11.2025 16:12:26; 34.625
 09.11.2025 16:15:27; 34.438
 09.11.2025 16:18:26; 34.313
 09.11.2025 16:21:26; 34.375
 09.11.2025 16:24:27; 34.375
 09.11.2025 16:27:27; 34.875
 09.11.2025 16:30:26; 35.375
 09.11.2025 16:33:27; 34.750
 09.11.2025 16:36:27; 34.438
 09.11.2025 16:39:26; 34.313
 09.11.2025 16:42:27; 33.938
 09.11.2025 16:45:27; 34.563
 09.11.2025 16:48:26; 35.188
 09.11.2025 16:51:27; 34.875
 09.11.2025 16:54:26; 35.250
 09.11.2025 16:57:26; 35.188
 09.11.2025 17:00:27; 35.875
 09.11.2025 17:03:26; 36.188
 09.11.2025 17:06:26; 36.250
 09.11.2025 17:09:27; 36.375
 09.11.2025 17:12:27; 36.563
 09.11.2025 17:15:26; 36.188
 09.11.2025 17:18:27; 35.813
 09.11.2025 17:21:27; 35.688
 09.11.2025 17:24:26; 35.750
 09.11.2025 17:27:27; 35.938
 09.11.2025 17:30:27; 36.250
 09.11.2025 17:33:26; 36.813
 09.11.2025 17:36:27; 37.688
 09.11.2025 17:39:26; 37.625
 09.11.2025 17:42:26; 37.688
 09.11.2025 17:45:27; 38.313
 09.11.2025 17:48:26; 38.063
 09.11.2025 17:51:26; 36.938
 09.11.2025 17:54:27; 36.875
 09.11.2025 17:57:27; 36.813
 09.11.2025 18:00:26; 37.000
 09.11.2025 18:03:27; 37.313
 09.11.2025 18:06:27; 36.438
 09.11.2025 18:09:26; 36.375
 09.11.2025 18:12:27; 36.313
 09.11.2025 18:15:27; 36.000
 09.11.2025 18:18:26; 35.813
 09.11.2025 18:21:27; 35.688
 09.11.2025 18:24:26; 35.438
 09.11.2025 18:27:26; 35.625
 09.11.2025 18:30:27; 35.875
 09.11.2025 18:33:26; 36.063
 09.11.2025 18:36:26; 36.125
 09.11.2025 18:39:27; 36.000
 09.11.2025 18:42:27; 35.875
 09.11.2025 18:45:26; 35.938
 09.11.2025 18:48:27; 35.875
 09.11.2025 18:51:27; 35.313
 09.11.2025 18:54:26; 34.625
 09.11.2025 18:57:27; 34.188
 09.11.2025 19:00:27; 33.938
 09.11.2025 19:03:26; 33.813
 09.11.2025 19:06:27; 33.875
 09.11.2025 19:09:26; 34.063
 09.11.2025 19:12:26; 33.688
 09.11.2025 19:15:27; 34.000
 09.11.2025 19:18:26; 34.938
 09.11.2025 19:21:26; 36.000
 09.11.2025 19:24:27; 36.063
 09.11.2025 19:27:27; 36.063
 09.11.2025 19:30:26; 36.375
 09.11.2025 19:33:27; 36.813
 09.11.2025 19:36:27; 37.188
 09.11.2025 19:39:26; 36.813
 09.11.2025 19:42:27; 36.563
 09.11.2025 19:45:27; 36.313
 09.11.2025 19:48:26; 36.750
 09.11.2025 19:51:27; 37.375
 09.11.2025 19:54:26; 36.688
 09.11.2025 19:57:26; 35.750
 09.11.2025 20:00:27; 35.063
 09.11.2025 20:03:26; 34.688
 09.11.2025 20:06:26; 34.313
 09.11.2025 20:09:27; 33.875
 09.11.2025 20:12:27; 33.875
 09.11.2025 20:15:26; 34.000
 09.11.2025 20:18:27; 34.250
 09.11.2025 20:21:27; 34.500
 09.11.2025 20:24:26; 34.188
 09.11.2025 20:27:27; 34.438
 09.11.2025 20:30:27; 34.375
 09.11.2025 20:33:26; 34.375
 09.11.2025 20:36:27; 34.563
 09.11.2025 20:39:26; 34.500
 09.11.2025 20:42:26; 34.250
 09.11.2025 20:45:27; 33.750
 09.11.2025 20:48:26; 33.500
 09.11.2025 20:51:26; 33.625
 09.11.2025 20:54:27; 33.875
 09.11.2025 20:57:27; 33.875
 09.11.2025 21:00:26; 33.938
 09.11.2025 21:03:27; 34.188
 09.11.2025 21:06:27; 34.125
 09.11.2025 21:09:26; 34.188
 09.11.2025 21:12:27; 34.063
 09.11.2025 21:15:27; 34.000
 09.11.2025 21:18:26; 33.563
 09.11.2025 21:21:27; 33.375
 09.11.2025 21:24:26; 32.938
 09.11.2025 21:27:26; 32.813
 09.11.2025 21:30:27; 32.938
 09.11.2025 21:33:26; 32.563
 09.11.2025 21:36:26; 32.188
 09.11.2025 21:39:27; 31.875
 09.11.2025 21:42:27; 31.500
 09.11.2025 21:45:26; 31.250
 09.11.2025 21:48:27; 30.938
 09.11.2025 21:51:27; 30.688
 09.11.2025 21:54:26; 30.313
 09.11.2025 21:57:27; 29.938
 09.11.2025 22:00:27; 29.625
 09.11.2025 22:03:26; 29.438
 09.11.2025 22:06:27; 29.250
 09.11.2025 22:09:26; 29.125
 09.11.2025 22:12:26; 28.938
 09.11.2025 22:15:27; 28.750
 09.11.2025 22:18:26; 28.563
 09.11.2025 22:21:26; 28.500
 09.11.2025 22:24:27; 28.375
 09.11.2025 22:27:27; 28.313
 09.11.2025 22:30:26; 28.188
 09.11.2025 22:33:27; 28.125
 09.11.2025 22:36:27; 28.000
 09.11.2025 22:39:26; 27.875
 09.11.2025 22:42:27; 27.813
 09.11.2025 22:45:27; 27.688
 09.11.2025 22:48:26; 27.563
 09.11.2025 22:51:27; 27.500
 09.11.2025 22:54:26; 27.375
 09.11.2025 22:57:26; 27.250
 09.11.2025 23:00:27; 27.188
 09.11.2025 23:03:26; 27.063
 09.11.2025 23:06:26; 27.000
 09.11.2025 23:09:27; 26.938
 09.11.2025 23:12:27; 26.875
 09.11.2025 23:15:26; 26.813
 09.11.2025 23:18:27; 26.688
 09.11.2025 23:21:27; 26.625
 09.11.2025 23:24:26; 26.563
 09.11.2025 23:27:27; 26.500
 09.11.2025 23:30:27; 26.438
 09.11.2025 23:33:26; 26.375
 09.11.2025 23:36:27; 26.375
 09.11.2025 23:39:26; 26.313
 09.11.2025 23:42:26; 26.188
 09.11.2025 23:45:27; 26.125
 09.11.2025 23:48:26; 26.125
 09.11.2025 23:51:26; 26.125
 09.11.2025 23:54:27; 26.063
 09.11.2025 23:57:27; 26.000
 10.11.2025 00:00:26; 25.938
 10.11.2025 00:03:27; 25.875
 10.11.2025 00:06:27; 25.813
 10.11.2025 00:09:26; 25.813
 10.11.2025 00:12:27; 25.750
 10.11.2025 00:15:27; 25.688
 10.11.2025 00:18:26; 25.563
 10.11.2025 00:21:27; 25.500
 10.11.2025 00:24:26; 25.375
 10.11.2025 00:27:26; 25.375
 10.11.2025 00:30:27; 25.313
 10.11.2025 00:33:26; 25.250
 10.11.2025 00:36:26; 25.188
 10.11.2025 00:39:27; 25.063
 10.11.2025 00:42:27; 24.938
 10.11.2025 00:45:26; 24.875
 10.11.2025 00:48:27; 24.813
 10.11.2025 00:51:27; 24.750
 10.11.2025 00:54:26; 24.688
 10.11.2025 00:57:27; 24.625
 10.11.2025 01:00:27; 24.563
 10.11.2025 01:03:26; 24.500
 10.11.2025 01:06:27; 24.438
 10.11.2025 01:09:26; 24.438
 10.11.2025 01:12:26; 24.375
 10.11.2025 01:15:27; 24.250
 10.11.2025 01:18:26; 24.188
 10.11.2025 01:21:26; 24.125
 10.11.2025 01:24:27; 24.063
 10.11.2025 01:27:27; 24.000
 10.11.2025 01:30:26; 23.938
 10.11.2025 01:33:27; 23.813
 10.11.2025 01:36:27; 23.750
 10.11.2025 01:39:26; 23.688
 10.11.2025 01:42:27; 23.625
 10.11.2025 01:45:27; 23.563
 10.11.2025 01:48:26; 23.438
 10.11.2025 01:51:27; 23.438
 10.11.2025 01:54:26; 23.313
 10.11.2025 01:57:26; 23.250
 10.11.2025 02:00:27; 23.188
 10.11.2025 02:03:26; 23.125
 10.11.2025 02:06:26; 23.063
 10.11.2025 02:09:27; 23.000
 10.11.2025 02:12:27; 22.938
 10.11.2025 02:15:26; 22.938
 10.11.2025 02:18:27; 22.938
 10.11.2025 02:21:27; 22.938
 10.11.2025 02:24:26; 22.875
 10.11.2025 02:27:27; 22.875
 10.11.2025 02:30:27; 22.750
 10.11.2025 02:33:26; 22.750
 10.11.2025 02:36:27; 22.750
 10.11.2025 02:39:26; 22.750
 10.11.2025 02:42:26; 22.688
 10.11.2025 02:45:27; 22.688
 10.11.2025 02:48:26; 22.625
 10.11.2025 02:51:26; 22.563
 10.11.2025 02:54:27; 22.500
 10.11.2025 02:57:27; 22.438
 10.11.2025 03:00:26; 22.438
 10.11.2025 03:03:27; 22.375
 10.11.2025 03:06:27; 22.313
 10.11.2025 03:09:26; 22.250
 10.11.2025 03:12:27; 22.250
 10.11.2025 03:15:27; 22.188
 10.11.2025 03:18:26; 22.188
 10.11.2025 03:21:27; 22.188
 10.11.2025 03:24:26; 22.188
 10.11.2025 03:27:26; 22.188
 10.11.2025 03:30:27; 22.188
 10.11.2025 03:33:26; 22.188
 10.11.2025 03:36:26; 22.125
 10.11.2025 03:39:27; 22.188
 10.11.2025 03:42:27; 22.188
 10.11.2025 03:45:26; 22.188
 10.11.2025 03:48:27; 22.188
 10.11.2025 03:51:27; 22.125
 10.11.2025 03:54:26; 22.125
 10.11.2025 03:57:27; 22.125
 10.11.2025 04:00:27; 22.125
 10.11.2025 04:03:26; 22.063
 10.11.2025 04:06:27; 22.000
 10.11.2025 04:09:26; 21.875
 10.11.2025 04:12:26; 21.813
 10.11.2025 04:15:27; 21.813
 10.11.2025 04:18:26; 21.750
 10.11.2025 04:21:26; 21.750
 10.11.2025 04:24:27; 21.688
 10.11.2025 04:27:27; 21.625
 10.11.2025 04:30:26; 21.563
 10.11.2025 04:33:27; 21.438
 10.11.2025 04:36:27; 21.375
 10.11.2025 04:39:26; 21.313
 10.11.2025 04:42:27; 21.313
 10.11.2025 04:45:27; 21.250
 10.11.2025 04:48:26; 21.188
 10.11.2025 04:51:27; 21.063
 10.11.2025 04:54:26; 21.063
 10.11.2025 04:57:26; 21.000
 10.11.2025 05:00:27; 21.000
 10.11.2025 05:03:26; 20.875
 10.11.2025 05:06:26; 20.813
 10.11.2025 05:09:27; 20.750
 10.11.2025 05:12:27; 20.750
 10.11.2025 05:15:26; 20.750
 10.11.2025 05:18:27; 20.750
 10.11.2025 05:21:27; 20.688
 10.11.2025 05:24:26; 20.688
 10.11.2025 05:27:27; 20.688
 10.11.2025 05:30:27; 20.688
 10.11.2025 05:33:26; 20.813
 10.11.2025 05:36:27; 20.938
 10.11.2025 05:39:26; 20.938
 10.11.2025 05:42:26; 20.938
 10.11.2025 05:45:27; 20.938
 10.11.2025 05:48:26; 20.938
 10.11.2025 05:51:26; 20.938
 10.11.2025 05:54:27; 21.000
 10.11.2025 05:57:27; 20.938
 10.11.2025 06:00:26; 20.938
 10.11.2025 06:03:27; 20.875
 10.11.2025 06:06:27; 20.875
 10.11.2025 06:09:26; 20.813
 10.11.2025 06:12:27; 20.750
 10.11.2025 06:15:27; 20.688
 10.11.2025 06:18:26; 20.688
 10.11.2025 06:21:27; 20.625
 10.11.2025 06:24:26; 20.500
 10.11.2025 06:27:26; 20.438
 10.11.2025 06:30:27; 20.375
 10.11.2025 06:33:26; 20.375
 10.11.2025 06:36:26; 20.313
 10.11.2025 06:39:27; 20.250
 10.11.2025 06:42:27; 20.188
 10.11.2025 06:45:26; 20.125
 10.11.2025 06:48:27; 20.125
 10.11.2025 06:51:27; 20.125
 10.11.2025 06:54:26; 20.125
 10.11.2025 06:57:27; 20.063
 10.11.2025 07:00:27; 19.938
 10.11.2025 07:03:26; 19.875
 10.11.2025 07:06:27; 19.875
 10.11.2025 07:09:26; 19.813
 10.11.2025 07:12:26; 19.750
 10.11.2025 07:15:27; 19.750
 10.11.2025 07:18:26; 19.750
 10.11.2025 07:21:26; 19.688
 10.11.2025 07:24:27; 19.688
 10.11.2025 07:27:27; 19.688
 10.11.2025 07:30:26; 19.625
 10.11.2025 07:33:27; 19.625
 10.11.2025 07:36:27; 19.563
 10.11.2025 07:39:26; 19.563
 10.11.2025 07:42:27; 19.500
 10.11.2025 07:45:27; 19.500
 10.11.2025 07:48:26; 19.438
 10.11.2025 07:51:27; 19.438
 10.11.2025 07:54:26; 19.500
 10.11.2025 07:57:26; 19.438
 10.11.2025 08:00:27; 19.438
 10.11.2025 08:03:26; 19.375
 10.11.2025 08:06:26; 19.375
 10.11.2025 08:09:27; 19.250
 10.11.2025 08:12:27; 19.188
 10.11.2025 08:15:26; 19.188
 10.11.2025 08:18:27; 19.188
 10.11.2025 08:21:27; 19.125
 10.11.2025 08:24:26; 19.063
 10.11.2025 08:27:27; 19.000
 10.11.2025 08:30:27; 19.000
 10.11.2025 08:33:26; 18.938
 10.11.2025 08:36:27; 18.938
 10.11.2025 08:39:26; 18.875
 10.11.2025 08:42:26; 18.875
 10.11.2025 08:45:27; 18.875
 10.11.2025 08:48:26; 18.875
 10.11.2025 08:51:26; 18.813
 10.11.2025 08:54:27; 18.813
 10.11.2025 08:57:27; 18.813
 10.11.2025 09:00:26; 18.813
 10.11.2025 09:03:27; 18.750
 10.11.2025 09:06:27; 18.750
 10.11.2025 09:09:26; 18.688
 10.11.2025 09:12:27; 18.688
 10.11.2025 09:15:27; 18.688
 10.11.2025 09:18:26; 18.688
 10.11.2025 09:21:27; 18.688
 10.11.2025 09:24:26; 18.688
 10.11.2025 09:27:26; 18.688
 10.11.2025 09:30:27; 18.688
 10.11.2025 09:33:26; 18.625
 10.11.2025 09:36:26; 18.625
 10.11.2025 09:39:27; 18.625
 10.11.2025 09:42:27; 18.625
 10.11.2025 09:45:26; 18.625
 10.11.2025 09:48:27; 18.625
 10.11.2025 09:51:27; 18.688
 10.11.2025 09:54:26; 18.750
 10.11.2025 09:57:27; 18.750
 10.11.2025 10:00:27; 18.813
 10.11.2025 10:03:26; 18.813
 10.11.2025 10:06:27; 18.813
 10.11.2025 10:09:26; 18.813
 10.11.2025 10:12:26; 18.875
 10.11.2025 10:15:27; 18.875
 10.11.2025 10:18:26; 18.938
 10.11.2025 10:21:26; 19.000
 10.11.2025 10:24:27; 19.063
 10.11.2025 10:27:27; 19.063
 10.11.2025 10:30:26; 19.125
 10.11.2025 10:33:27; 19.188
 10.11.2025 10:36:27; 19.250
 10.11.2025 10:39:26; 19.313
 10.11.2025 10:42:27; 19.438
 10.11.2025 10:45:27; 19.500
 10.11.2025 10:48:26; 19.625
 10.11.2025 10:51:27; 19.688
 10.11.2025 10:54:26; 19.813
 10.11.2025 10:57:26; 19.938
 10.11.2025 11:00:27; 20.063
 10.11.2025 11:03:26; 20.188
 10.11.2025 11:06:26; 20.375
 10.11.2025 11:09:27; 20.563
 10.11.2025 11:12:27; 20.688
 10.11.2025 11:15:26; 20.813
 10.11.2025 11:18:27; 21.000
 10.11.2025 11:21:27; 21.125
 10.11.2025 11:24:26; 21.313
 10.11.2025 11:27:27; 21.500
 10.11.2025 11:30:27; 21.688
 10.11.2025 11:33:26; 21.938
 10.11.2025 11:36:27; 22.063
 10.11.2025 11:39:26; 22.250
 10.11.2025 11:42:26; 22.438
 10.11.2025 11:45:27; 22.563
 10.11.2025 11:48:26; 22.750
 10.11.2025 11:51:26; 22.813
 10.11.2025 11:54:27; 22.938
 10.11.2025 11:57:27; 23.125
 10.11.2025 12:00:26; 23.250
 10.11.2025 12:03:27; 23.375
 10.11.2025 12:06:27; 23.500
 10.11.2025 12:09:26; 23.688
 10.11.2025 12:12:27; 23.875
 10.11.2025 12:15:27; 24.063
 10.11.2025 12:18:26; 24.188
 10.11.2025 12:21:27; 24.375
 10.11.2025 12:24:26; 24.500
 10.11.2025 12:27:26; 24.500
 10.11.2025 12:30:27; 24.563
 10.11.2025 12:33:26; 24.625
 10.11.2025 12:36:26; 24.750
 10.11.2025 12:39:27; 25.000
 10.11.2025 12:42:27; 24.875
 10.11.2025 12:45:26; 24.875
 10.11.2025 12:48:27; 24.875
 10.11.2025 12:51:27; 24.938
 10.11.2025 12:54:26; 25.125
 10.11.2025 12:57:27; 25.188
 10.11.2025 13:00:27; 25.188
 10.11.2025 13:03:26; 25.250
 10.11.2025 13:06:27; 25.313
 10.11.2025 13:09:26; 25.313
 10.11.2025 13:12:26; 25.313
 10.11.2025 13:15:27; 25.500
 10.11.2025 13:18:26; 25.500
 10.11.2025 13:21:26; 25.688
 10.11.2025 13:24:27; 25.875
 10.11.2025 13:27:27; 25.938
 10.11.2025 13:30:26; 25.875
 10.11.2025 13:33:27; 26.000
 10.11.2025 13:36:27; 26.188
 10.11.2025 13:39:26; 26.313
 10.11.2025 13:42:27; 26.313
 10.11.2025 13:45:27; 26.313
 10.11.2025 13:48:26; 26.375
 10.11.2025 13:51:27; 26.563
 10.11.2025 13:54:26; 26.938
 10.11.2025 13:57:26; 27.250
 10.11.2025 14:00:27; 27.188
 10.11.2025 14:03:26; 27.250
 10.11.2025 14:06:26; 27.375
 10.11.2025 14:09:27; 27.438
 10.11.2025 14:12:27; 27.625
 10.11.2025 14:15:26; 28.000
 10.11.2025 14:18:27; 28.375
 10.11.2025 14:21:27; 28.688
 10.11.2025 14:24:26; 28.750
 10.11.2025 14:27:27; 28.750
 10.11.2025 14:30:27; 28.813
 10.11.2025 14:33:26; 28.750
 10.11.2025 14:36:27; 28.688
 10.11.2025 14:39:26; 28.750
 10.11.2025 14:42:26; 29.250
 10.11.2025 14:45:27; 29.688
 10.11.2025 14:48:26; 29.750
 10.11.2025 14:51:26; 30.063
 10.11.2025 14:54:27; 30.438
 10.11.2025 14:57:27; 30.563
 10.11.2025 15:00:26; 30.625
 10.11.2025 15:03:27; 30.500
 10.11.2025 15:06:27; 30.688
 10.11.2025 15:09:26; 30.813
 10.11.2025 15:12:27; 30.875
 10.11.2025 15:15:27; 31.000
 10.11.2025 15:18:26; 31.250
 10.11.2025 15:21:27; 31.500
 10.11.2025 15:24:26; 31.375
 10.11.2025 15:27:26; 31.188
 10.11.2025 15:30:27; 31.500
 10.11.2025 15:33:26; 31.438
 10.11.2025 15:36:26; 31.625
 10.11.2025 15:39:27; 31.563
 10.11.2025 15:42:27; 31.875
 10.11.2025 15:45:26; 32.063
 10.11.2025 15:48:27; 32.125
 10.11.2025 15:51:27; 32.688
 10.11.2025 15:54:26; 32.938
 10.11.2025 15:57:27; 32.813
 10.11.2025 16:00:27; 32.750
 10.11.2025 16:03:26; 32.688
 10.11.2025 16:06:27; 32.750
 10.11.2025 16:09:26; 33.000
 10.11.2025 16:12:26; 33.313
 10.11.2025 16:15:27; 33.563
 10.11.2025 16:18:26; 33.625
 10.11.2025 16:21:26; 34.313
 10.11.2025 16:24:27; 34.750
 10.11.2025 16:27:27; 35.125
 10.11.2025 16:30:26; 35.188
 10.11.2025 16:33:27; 35.125
 10.11.2025 16:36:27; 35.313
 10.11.2025 16:39:26; 35.875
 10.11.2025 16:42:27; 35.500
 10.11.2025 16:45:27; 35.938
 10.11.2025 16:48:26; 35.375
 10.11.2025 16:51:27; 35.188
 10.11.2025 16:54:26; 35.000
 10.11.2025 16:57:26; 35.063
 10.11.2025 17:00:27; 35.625
 10.11.2025 17:03:26; 36.125
 10.11.2025 17:06:26; 36.625
 10.11.2025 17:09:27; 36.188
 10.11.2025 17:12:27; 36.625
 10.11.2025 17:15:26; 36.500
 10.11.2025 17:18:27; 36.875
 10.11.2025 17:21:27; 37.375
 10.11.2025 17:24:26; 38.125
 10.11.2025 17:27:27; 38.250
 10.11.2025 17:30:27; 37.750
 10.11.2025 17:33:26; 38.000
 10.11.2025 17:36:27; 39.000
 10.11.2025 17:39:26; 39.563
 10.11.2025 17:42:26; 40.250
 10.11.2025 17:45:27; 40.125
 10.11.2025 17:48:26; 41.000
 10.11.2025 17:51:26; 41.688
 10.11.2025 17:54:27; 42.625
 10.11.2025 17:57:27; 41.938
 10.11.2025 18:00:26; 40.188
 10.11.2025 18:03:27; 40.750
 10.11.2025 18:06:27; 40.750
 10.11.2025 18:09:26; 40.750
 10.11.2025 18:12:27; 40.813
 10.11.2025 18:15:27; 40.875
 10.11.2025 18:18:26; 40.750
 10.11.2025 18:21:27; 41.000
 10.11.2025 18:24:26; 40.438
 10.11.2025 18:27:26; 40.875
 10.11.2025 18:30:27; 41.813
 10.11.2025 18:33:26; 42.313
 10.11.2025 18:36:26; 42.813
 10.11.2025 18:39:27; 42.875
 10.11.2025 18:42:27; 43.250
 10.11.2025 18:45:26; 43.875
 10.11.2025 18:48:27; 44.500
 10.11.2025 18:51:27; 44.625
 10.11.2025 18:54:26; 44.375
 10.11.2025 18:57:27; 43.938
 10.11.2025 19:00:27; 42.500
 10.11.2025 19:03:26; 42.750
 10.11.2025 19:06:27; 43.375
 10.11.2025 19:09:26; 42.813
 10.11.2025 19:12:26; 41.750
 10.11.2025 19:15:27; 41.563
 10.11.2025 19:18:26; 41.375
 10.11.2025 19:21:26; 41.813
 10.11.2025 19:24:27; 41.750
 10.11.2025 19:27:27; 40.875
 10.11.2025 19:30:26; 40.375
 10.11.2025 19:33:27; 41.000
 10.11.2025 19:36:27; 40.500
 10.11.2025 19:39:26; 40.813
 10.11.2025 19:42:27; 41.438
 10.11.2025 19:45:27; 41.750
 10.11.2025 19:48:26; 41.875
 10.11.2025 19:51:27; 42.188
 10.11.2025 19:54:26; 41.813
 10.11.2025 19:57:26; 42.438
 10.11.2025 20:00:27; 42.625
 10.11.2025 20:03:26; 42.063
 10.11.2025 20:06:26; 42.063
 10.11.2025 20:09:27; 42.375
 10.11.2025 20:12:27; 42.313
 10.11.2025 20:15:26; 42.813
 10.11.2025 20:18:27; 42.625
 10.11.2025 20:21:27; 42.000
 10.11.2025 20:24:26; 43.500
 10.11.2025 20:27:27; 43.688
 10.11.2025 20:30:27; 43.875
 10.11.2025 20:33:26; 44.125
 10.11.2025 20:36:27; 43.813
 10.11.2025 20:39:26; 43.563
 10.11.2025 20:42:26; 43.188
 10.11.2025 20:45:27; 43.000
 10.11.2025 20:48:26; 42.313
 10.11.2025 20:51:26; 42.000
 10.11.2025 20:54:27; 41.688
 10.11.2025 20:57:27; 41.125
 10.11.2025 21:00:26; 40.375
 10.11.2025 21:03:27; 39.750
 10.11.2025 21:06:27; 38.813
 10.11.2025 21:09:26; 38.438
 10.11.2025 21:12:27; 37.563
 10.11.2025 21:15:27; 36.875
 10.11.2025 21:18:26; 36.188
 10.11.2025 21:21:27; 36.063
 10.11.2025 21:24:26; 35.563
 10.11.2025 21:27:26; 34.875
 10.11.2025 21:30:27; 34.688
 10.11.2025 21:33:26; 34.000
 10.11.2025 21:36:26; 33.438
 10.11.2025 21:39:27; 33.000
 10.11.2025 21:42:27; 32.563
 10.11.2025 21:45:26; 32.125
 10.11.2025 21:48:27; 31.688
 10.11.2025 21:51:27; 31.438
 10.11.2025 21:54:26; 31.250
 10.11.2025 21:57:27; 31.125
 10.11.2025 22:00:27; 30.750
 10.11.2025 22:03:26; 30.500
 10.11.2025 22:06:27; 30.250
 10.11.2025 22:09:26; 30.063
 10.11.2025 22:12:26; 29.875
 10.11.2025 22:15:27; 29.813
 10.11.2025 22:18:26; 29.688
 10.11.2025 22:21:26; 29.563
 10.11.2025 22:24:27; 29.438
 10.11.2025 22:27:27; 29.313
 10.11.2025 22:30:26; 29.188
 10.11.2025 22:33:27; 29.063
 10.11.2025 22:36:27; 29.000
 10.11.2025 22:39:26; 28.813
 10.11.2025 22:42:27; 28.688
 10.11.2025 22:45:27; 28.500
 10.11.2025 22:48:26; 28.375
 10.11.2025 22:51:27; 28.250
 10.11.2025 22:54:26; 28.125
 10.11.2025 22:57:26; 28.000
 10.11.2025 23:00:27; 27.875
 10.11.2025 23:03:26; 27.813
 10.11.2025 23:06:26; 27.750
 10.11.2025 23:09:27; 27.688
 10.11.2025 23:12:27; 27.625
 10.11.2025 23:15:26; 27.563
 10.11.2025 23:18:27; 27.438
 10.11.2025 23:21:27; 27.375
 10.11.2025 23:24:26; 27.313
 10.11.2025 23:27:27; 27.250
 10.11.2025 23:30:27; 27.188
 10.11.2025 23:33:26; 27.188
 10.11.2025 23:36:27; 27.500
 10.11.2025 23:39:26; 27.938
 10.11.2025 23:42:26; 28.250
 10.11.2025 23:45:27; 28.438
 10.11.2025 23:48:26; 28.375
 10.11.2025 23:51:26; 28.250
 10.11.2025 23:54:27; 28.000
 10.11.2025 23:57:27; 27.688
 11.11.2025 00:00:26; 27.438
 11.11.2025 00:03:27; 27.188
 11.11.2025 00:06:27; 27.063
 11.11.2025 00:09:26; 27.188
 11.11.2025 00:12:27; 27.188
 11.11.2025 00:15:27; 27.063
 11.11.2025 00:18:26; 26.938
 11.11.2025 00:21:27; 26.875
 11.11.2025 00:24:26; 26.750
 11.11.2025 00:27:26; 26.688
 11.11.2025 00:30:27; 26.625
 11.11.2025 00:33:26; 26.563
 11.11.2025 00:36:26; 26.563
 11.11.2025 00:39:27; 26.625
 11.11.2025 00:42:27; 26.625
 11.11.2025 00:45:26; 26.438
 11.11.2025 00:48:27; 26.313
 11.11.2025 00:51:27; 26.250
 11.11.2025 00:54:26; 26.063
 11.11.2025 00:57:27; 25.875
 11.11.2025 01:00:27; 25.688
 11.11.2025 01:03:26; 25.563
 11.11.2025 01:06:27; 25.500
 11.11.2025 01:09:26; 25.375
 11.11.2025 01:12:26; 25.313
 11.11.2025 01:15:27; 25.250
 11.11.2025 01:18:26; 25.188
 11.11.2025 01:21:26; 25.125
 11.11.2025 01:24:27; 25.063
 11.11.2025 01:27:27; 25.000
 11.11.2025 01:30:26; 25.000
 11.11.2025 01:33:27; 25.063
 11.11.2025 01:36:27; 25.000
 11.11.2025 01:39:26; 24.875
 11.11.2025 01:42:27; 24.813
 11.11.2025 01:45:27; 24.750
 11.11.2025 01:48:26; 24.688
 11.11.2025 01:51:27; 24.563
 11.11.2025 01:54:26; 24.438
 11.11.2025 01:57:26; 24.375
 11.11.2025 02:00:27; 24.250
 11.11.2025 02:03:26; 24.188
 11.11.2025 02:06:26; 24.125
 11.11.2025 02:09:27; 24.063
 11.11.2025 02:12:27; 23.938
 11.11.2025 02:15:26; 23.813
 11.11.2025 02:18:27; 23.750
 11.11.2025 02:21:27; 23.688
 11.11.2025 02:24:26; 23.688
 11.11.2025 02:27:27; 23.688
 11.11.2025 02:30:27; 23.688
 11.11.2025 02:33:26; 23.625
 11.11.2025 02:36:27; 23.688
 11.11.2025 02:39:26; 23.688
 11.11.2025 02:42:26; 23.625
 11.11.2025 02:45:27; 23.563
 11.11.2025 02:48:26; 23.625
 11.11.2025 02:51:26; 23.688
 11.11.2025 02:54:27; 23.688
 11.11.2025 02:57:27; 23.688
 11.11.2025 03:00:26; 23.813
 11.11.2025 03:03:27; 23.813
 11.11.2025 03:06:27; 23.750
 11.11.2025 03:09:26; 23.688
 11.11.2025 03:12:27; 23.625
 11.11.2025 03:15:27; 23.563
 11.11.2025 03:18:26; 23.563
 11.11.2025 03:21:27; 23.438
 11.11.2025 03:24:26; 23.438
 11.11.2025 03:27:26; 23.313
 11.11.2025 03:30:27; 23.188
 11.11.2025 03:33:26; 23.125
 11.11.2025 03:36:26; 23.000
 11.11.2025 03:39:27; 22.875
 11.11.2025 03:42:27; 22.813
 11.11.2025 03:45:26; 22.688
 11.11.2025 03:48:27; 22.563
 11.11.2025 03:51:27; 22.500
 11.11.2025 03:54:26; 22.438
 11.11.2025 03:57:27; 22.375
 11.11.2025 04:00:27; 22.375
 11.11.2025 04:03:26; 22.375
 11.11.2025 04:06:27; 22.375
 11.11.2025 04:09:26; 22.375
 11.11.2025 04:12:26; 22.375
 11.11.2025 04:15:27; 22.438
 11.11.2025 04:18:26; 22.375
 11.11.2025 04:21:26; 22.313
 11.11.2025 04:24:27; 22.313
 11.11.2025 04:27:27; 22.188
 11.11.2025 04:30:26; 22.063
 11.11.2025 04:33:27; 22.000
 11.11.2025 04:36:27; 21.938
 11.11.2025 04:39:26; 21.813
 11.11.2025 04:42:27; 21.750
 11.11.2025 04:45:27; 21.688
 11.11.2025 04:48:26; 21.563
 11.11.2025 04:51:27; 21.500
 11.11.2025 04:54:26; 21.500
 11.11.2025 04:57:26; 21.438
 11.11.2025 05:00:27; 21.375
 11.11.2025 05:03:26; 21.375
 11.11.2025 05:06:26; 21.313
 11.11.2025 05:09:27; 21.250
 11.11.2025 05:12:27; 21.250
 11.11.2025 05:15:26; 21.250
 11.11.2025 05:18:27; 21.188
 11.11.2025 05:21:27; 21.250
 11.11.2025 05:24:26; 21.250
 11.11.2025 05:27:27; 21.250
 11.11.2025 05:30:27; 21.188
 11.11.2025 05:33:26; 21.125
 11.11.2025 05:36:27; 21.063
 11.11.2025 05:39:26; 21.000
 11.11.2025 05:42:26; 21.000
 11.11.2025 05:45:27; 21.000
 11.11.2025 05:48:26; 20.938
 11.11.2025 05:51:26; 20.938
 11.11.2025 05:54:27; 20.875
 11.11.2025 05:57:27; 20.813
 11.11.2025 06:00:26; 20.750
 11.11.2025 06:03:27; 20.688
 11.11.2025 06:06:27; 20.625
 11.11.2025 06:09:26; 20.563
 11.11.2025 06:12:27; 20.500
 11.11.2025 06:15:27; 20.438
 11.11.2025 06:18:26; 20.375
 11.11.2025 06:21:27; 20.313
 11.11.2025 06:24:26; 20.250
 11.11.2025 06:27:26; 20.250
 11.11.2025 06:30:27; 20.250
 11.11.2025 06:33:26; 20.188
 11.11.2025 06:36:26; 20.125
 11.11.2025 06:39:27; 20.063
 11.11.2025 06:42:27; 19.938
 11.11.2025 06:45:26; 19.938
 11.11.2025 06:48:27; 19.875
 11.11.2025 06:51:27; 19.875
 11.11.2025 06:54:26; 19.813
 11.11.2025 06:57:27; 19.813
 11.11.2025 07:00:27; 19.813
 11.11.2025 07:03:26; 19.875
 11.11.2025 07:06:27; 19.813
 11.11.2025 07:09:26; 19.750
 11.11.2025 07:12:26; 19.750
 11.11.2025 07:15:27; 19.688
 11.11.2025 07:18:26; 19.688
 11.11.2025 07:21:26; 19.688
 11.11.2025 07:24:27; 19.688
 11.11.2025 07:27:27; 19.688
 11.11.2025 07:30:26; 19.625
 11.11.2025 07:33:27; 19.625
 11.11.2025 07:36:27; 19.625
 11.11.2025 07:39:26; 19.625
 11.11.2025 07:42:27; 19.563
 11.11.2025 07:45:27; 19.563
 11.11.2025 07:48:26; 19.563
 11.11.2025 07:51:27; 19.563
 11.11.2025 07:54:26; 19.500
 11.11.2025 07:57:26; 19.438
 11.11.2025 08:00:27; 19.375
 11.11.2025 08:03:26; 19.313
 11.11.2025 08:06:26; 19.313
 11.11.2025 08:09:27; 19.250
 11.11.2025 08:12:27; 19.250
 11.11.2025 08:15:26; 19.250
 11.11.2025 08:18:27; 19.188
 11.11.2025 08:21:27; 19.125
 11.11.2025 08:24:26; 19.125
 11.11.2025 08:27:27; 19.125
 11.11.2025 08:30:27; 19.063
 11.11.2025 08:33:26; 19.000
 11.11.2025 08:36:27; 18.938
 11.11.2025 08:39:26; 18.938
 11.11.2025 08:42:26; 18.938
 11.11.2025 08:45:27; 18.938
 11.11.2025 08:48:26; 18.938
 11.11.2025 08:51:26; 19.000
 11.11.2025 08:54:27; 19.063
 11.11.2025 08:57:27; 19.063
 11.11.2025 09:00:26; 19.125
 11.11.2025 09:03:27; 19.125
 11.11.2025 09:06:27; 19.125
 11.11.2025 09:09:26; 19.125
 11.11.2025 09:12:27; 19.188
 11.11.2025 09:15:27; 19.188
 11.11.2025 09:18:26; 19.188
 11.11.2025 09:21:27; 19.125
 11.11.2025 09:24:26; 19.125
 11.11.2025 09:27:26; 19.063
 11.11.2025 09:30:27; 19.063
 11.11.2025 09:33:26; 19.000
 11.11.2025 09:36:26; 19.000
 11.11.2025 09:39:27; 19.000
 11.11.2025 09:42:27; 18.938
 11.11.2025 09:45:26; 18.938
 11.11.2025 09:48:27; 18.938
 11.11.2025 09:51:27; 18.938
 11.11.2025 09:54:26; 18.875
 11.11.2025 09:57:27; 18.875
 11.11.2025 10:00:27; 18.875
 11.11.2025 10:03:26; 18.875
 11.11.2025 10:06:27; 18.813
 11.11.2025 10:09:26; 18.875
 11.11.2025 10:12:26; 18.875
 11.11.2025 10:15:27; 18.938
 11.11.2025 10:18:26; 19.000
 11.11.2025 10:21:26; 19.000
 11.11.2025 10:24:27; 19.063
 11.11.2025 10:27:27; 19.063
 11.11.2025 10:30:26; 19.125
 11.11.2025 10:33:27; 19.188
 11.11.2025 10:36:27; 19.250
 11.11.2025 10:39:26; 19.313
 11.11.2025 10:42:27; 19.375
 11.11.2025 10:45:27; 19.438
 11.11.2025 10:48:26; 19.500
 11.11.2025 10:51:27; 19.500
 11.11.2025 10:54:26; 19.563
 11.11.2025 10:57:26; 19.750
 11.11.2025 11:00:27; 19.875
 11.11.2025 11:03:26; 20.000
 11.11.2025 11:06:26; 20.188
 11.11.2025 11:09:27; 20.250
 11.11.2025 11:12:27; 20.375
 11.11.2025 11:15:26; 20.563
 11.11.2025 11:18:27; 20.875
 11.11.2025 11:21:27; 21.125
 11.11.2025 11:24:26; 21.375
 11.11.2025 11:27:27; 21.625
 11.11.2025 11:30:27; 21.875
 11.11.2025 11:33:26; 22.125
 11.11.2025 11:36:27; 22.313
 11.11.2025 11:39:26; 22.500
 11.11.2025 11:42:26; 22.688
 11.11.2025 11:45:27; 22.813
 11.11.2025 11:48:26; 23.125
 11.11.2025 11:51:26; 23.375
 11.11.2025 11:54:27; 23.563
 11.11.2025 11:57:27; 23.875
 11.11.2025 12:00:26; 24.125
 11.11.2025 12:03:27; 24.188
 11.11.2025 12:06:27; 24.438
 11.11.2025 12:09:26; 24.563
 11.11.2025 12:12:27; 24.500
 11.11.2025 12:15:27; 24.438
 11.11.2025 12:18:26; 24.500
 11.11.2025 12:21:27; 24.625
 11.11.2025 12:24:26; 24.688
 11.11.2025 12:27:26; 24.750
 11.11.2025 12:30:27; 24.813
 11.11.2025 12:33:26; 24.813
 11.11.2025 12:36:26; 24.625
 11.11.2025 12:39:27; 24.438
 11.11.2025 12:42:27; 24.563
 11.11.2025 12:45:26; 24.625
 11.11.2025 12:48:27; 24.750
 11.11.2025 12:51:27; 25.063
 11.11.2025 12:54:26; 25.375
 11.11.2025 12:57:27; 25.375
 11.11.2025 13:00:27; 25.438
 11.11.2025 13:03:26; 25.438
 11.11.2025 13:06:27; 25.438
 11.11.2025 13:09:26; 25.438
 11.11.2025 13:12:26; 25.625
 11.11.2025 13:15:27; 25.625
 11.11.2025 13:18:26; 25.438
 11.11.2025 13:21:26; 25.125
 11.11.2025 13:24:27; 25.000
 11.11.2025 13:27:27; 25.313
 11.11.2025 13:30:26; 25.688
 11.11.2025 13:33:27; 26.125
 11.11.2025 13:36:27; 26.438
 11.11.2025 13:39:26; 26.625
 11.11.2025 13:42:27; 26.688
 11.11.2025 13:45:27; 26.875
 11.11.2025 13:48:26; 27.000
 11.11.2025 13:51:27; 27.250
 11.11.2025 13:54:26; 27.125
 11.11.2025 13:57:26; 27.375
 11.11.2025 14:00:27; 27.625
 11.11.2025 14:03:26; 27.875
 11.11.2025 14:06:26; 28.000
 11.11.2025 14:09:27; 27.875
 11.11.2025 14:12:27; 27.688
 11.11.2025 14:15:26; 27.125
 11.11.2025 14:18:27; 27.313
 11.11.2025 14:21:27; 27.250
 11.11.2025 14:24:26; 27.313
 11.11.2025 14:27:27; 27.500
 11.11.2025 14:30:27; 27.750
 11.11.2025 14:33:26; 27.813
 11.11.2025 14:36:27; 27.938
 11.11.2025 14:39:26; 27.688
 11.11.2025 14:42:26; 27.938
 11.11.2025 14:45:27; 28.375
 11.11.2025 14:48:26; 29.000
 11.11.2025 14:51:26; 29.063
 11.11.2025 14:54:27; 28.750
 11.11.2025 14:57:27; 28.688
 11.11.2025 15:00:26; 29.000
 11.11.2025 15:03:27; 28.938
 11.11.2025 15:06:27; 28.688
 11.11.2025 15:09:26; 28.625
 11.11.2025 15:12:27; 28.625
 11.11.2025 15:15:27; 28.625
 11.11.2025 15:18:26; 28.250
 11.11.2025 15:21:27; 28.563
 11.11.2025 15:24:26; 29.500
 11.11.2025 15:27:26; 29.563
 11.11.2025 15:30:27; 29.063
 11.11.2025 15:33:26; 28.938
 11.11.2025 15:36:26; 29.063
 11.11.2025 15:39:27; 29.000
 11.11.2025 15:42:27; 28.750
 11.11.2025 15:45:26; 27.750
 11.11.2025 15:48:27; 27.000
 11.11.2025 15:51:27; 26.438
 11.11.2025 15:54:26; 26.063
 11.11.2025 15:57:27; 25.813
 11.11.2025 16:00:27; 25.625
 11.11.2025 16:03:26; 25.750
 11.11.2025 16:06:27; 25.875
 11.11.2025 16:09:26; 26.125
 11.11.2025 16:12:26; 26.250
 11.11.2025 16:15:27; 26.563
 11.11.2025 16:18:26; 26.750
 11.11.2025 16:21:26; 27.000
 11.11.2025 16:24:27; 27.188
 11.11.2025 16:27:27; 27.375
 11.11.2025 16:30:26; 27.313
 11.11.2025 16:33:27; 27.313
 11.11.2025 16:36:27; 28.063
 11.11.2025 16:39:26; 29.250
 11.11.2025 16:42:27; 29.938
 11.11.2025 16:45:27; 30.063
 11.11.2025 16:48:26; 30.188
 11.11.2025 16:51:27; 30.313
 11.11.2025 16:54:26; 30.438
 11.11.2025 16:57:26; 30.813
 11.11.2025 17:00:27; 31.500
 11.11.2025 17:03:26; 31.688
 11.11.2025 17:06:26; 31.750
 11.11.2025 17:09:27; 31.750
 11.11.2025 17:12:27; 32.250
 11.11.2025 17:15:26; 32.250
 11.11.2025 17:18:27; 33.063
 11.11.2025 17:21:27; 32.938
 11.11.2025 17:24:26; 33.500
 11.11.2025 17:27:27; 34.125
 11.11.2025 17:30:27; 34.625
 11.11.2025 17:33:26; 35.063
 11.11.2025 17:36:27; 35.188
 11.11.2025 17:39:26; 34.750
 11.11.2025 17:42:26; 33.875
 11.11.2025 17:45:27; 34.875
 11.11.2025 17:48:26; 35.938
 11.11.2025 17:51:26; 36.625
 11.11.2025 17:54:27; 37.000
 11.11.2025 17:57:27; 37.125
 11.11.2025 18:00:26; 37.250
 11.11.2025 18:03:27; 37.688
 11.11.2025 18:06:27; 37.563
 11.11.2025 18:09:26; 38.000
 11.11.2025 18:12:27; 38.500
 11.11.2025 18:15:27; 38.625
 11.11.2025 18:18:26; 39.250
 11.11.2025 18:21:27; 38.750
 11.11.2025 18:24:26; 38.750
 11.11.2025 18:27:26; 39.125
 11.11.2025 18:30:27; 39.125
 11.11.2025 18:33:26; 38.063
 11.11.2025 18:36:26; 38.375
 11.11.2025 18:39:27; 38.688
 11.11.2025 18:42:27; 39.125
 11.11.2025 18:45:26; 39.125
 11.11.2025 18:48:27; 39.063
 11.11.2025 18:51:27; 39.063
 11.11.2025 18:54:26; 38.813
 11.11.2025 18:57:27; 38.063
 11.11.2025 19:00:27; 38.000
 11.11.2025 19:03:26; 38.313
 11.11.2025 19:06:27; 37.875
 11.11.2025 19:09:26; 38.250
 11.11.2025 19:12:26; 38.438
 11.11.2025 19:15:27; 37.750
 11.11.2025 19:18:26; 38.313
 11.11.2025 19:21:26; 38.500
 11.11.2025 19:24:27; 38.000
 11.11.2025 19:27:27; 38.375
 11.11.2025 19:30:26; 38.063
 11.11.2025 19:33:27; 37.938
 11.11.2025 19:36:27; 38.813
 11.11.2025 19:39:26; 38.750
 11.11.2025 19:42:27; 37.813
 11.11.2025 19:45:27; 36.938
 11.11.2025 19:48:26; 36.125
 11.11.2025 19:51:27; 37.563
 11.11.2025 19:54:26; 38.000
 11.11.2025 19:57:26; 38.250
 11.11.2025 20:00:27; 38.438
 11.11.2025 20:03:26; 38.188
 11.11.2025 20:06:26; 38.313
 11.11.2025 20:09:27; 38.813
 11.11.2025 20:12:27; 38.750
 11.11.2025 20:15:26; 38.625
 11.11.2025 20:18:27; 37.875
 11.11.2025 20:21:27; 37.938
 11.11.2025 20:24:26; 38.875
 11.11.2025 20:27:27; 39.250
 11.11.2025 20:30:27; 39.500
 11.11.2025 20:33:26; 39.125
 11.11.2025 20:36:27; 39.125
 11.11.2025 20:39:26; 39.313
 11.11.2025 20:42:26; 39.375
 11.11.2025 20:45:27; 39.125
 11.11.2025 20:48:26; 39.438
 11.11.2025 20:51:26; 38.563
 11.11.2025 20:54:27; 38.375
 11.11.2025 20:57:27; 37.438
 11.11.2025 21:00:26; 36.188
 11.11.2025 21:03:27; 36.188
 11.11.2025 21:06:27; 36.125
 11.11.2025 21:09:26; 36.063
 11.11.2025 21:12:27; 35.125
 11.11.2025 21:15:27; 34.813
 11.11.2025 21:18:26; 34.500
 11.11.2025 21:21:27; 34.000
 11.11.2025 21:24:26; 33.250
 11.11.2025 21:27:26; 32.000
 11.11.2025 21:30:27; 30.938
 11.11.2025 21:33:26; 30.250
 11.11.2025 21:36:26; 29.750
 11.11.2025 21:39:27; 29.375
 11.11.2025 21:42:27; 29.188
 11.11.2025 21:45:26; 28.938
 11.11.2025 21:48:27; 28.813
 11.11.2025 21:51:27; 28.688
 11.11.2025 21:54:26; 28.625
 11.11.2025 21:57:27; 28.688
 11.11.2025 22:00:27; 28.813
 11.11.2025 22:03:26; 29.000
 11.11.2025 22:06:27; 29.125
 11.11.2025 22:09:26; 29.000
 11.11.2025 22:12:26; 28.813
 11.11.2025 22:15:27; 28.500
 11.11.2025 22:18:26; 28.063
 11.11.2025 22:21:26; 27.750
 11.11.2025 22:24:27; 27.500
 11.11.2025 22:27:27; 27.375
 11.11.2025 22:30:26; 27.188
 11.11.2025 22:33:27; 27.000
 11.11.2025 22:36:27; 26.813
 11.11.2025 22:39:26; 26.750
 11.11.2025 22:42:27; 26.563
 11.11.2025 22:45:27; 26.500
 11.11.2025 22:48:26; 26.250
 11.11.2025 22:51:27; 26.125
 11.11.2025 22:54:26; 25.938
 11.11.2025 22:57:26; 25.875
 11.11.2025 23:00:27; 25.750
 11.11.2025 23:03:26; 25.688
 11.11.2025 23:06:26; 25.563
 11.11.2025 23:09:27; 25.438
 11.11.2025 23:12:27; 25.313
 11.11.2025 23:15:26; 25.125
 11.11.2025 23:18:27; 25.000
 11.11.2025 23:21:27; 24.750
 11.11.2025 23:24:26; 24.563
 11.11.2025 23:27:27; 24.500
 11.11.2025 23:30:27; 24.438
 11.11.2025 23:33:26; 24.438
 11.11.2025 23:36:27; 24.375
 11.11.2025 23:39:26; 24.375
 11.11.2025 23:42:26; 24.250
 11.11.2025 23:45:27; 24.125
 11.11.2025 23:48:26; 24.063
 11.11.2025 23:51:26; 23.938
 11.11.2025 23:54:27; 23.875
 11.11.2025 23:57:27; 23.750
 12.11.2025 00:00:26; 23.688
 12.11.2025 00:03:27; 23.625
 12.11.2025 00:06:27; 23.563
 12.11.2025 00:09:26; 23.438
 12.11.2025 00:12:27; 23.313
 12.11.2025 00:15:27; 23.250
 12.11.2025 00:18:26; 23.188
 12.11.2025 00:21:27; 23.125
 12.11.2025 00:24:26; 23.125
 12.11.2025 00:27:26; 23.063
 12.11.2025 00:30:27; 23.063
 12.11.2025 00:33:26; 22.938
 12.11.2025 00:36:26; 22.875
 12.11.2025 00:39:27; 22.875
 12.11.2025 00:42:27; 22.750
 12.11.2025 00:45:26; 22.688
 12.11.2025 00:48:27; 22.688
 12.11.2025 00:51:27; 22.750
 12.11.2025 00:54:26; 22.688
 12.11.2025 00:57:27; 22.625
 12.11.2025 01:00:27; 22.625
 12.11.2025 01:03:26; 22.563
 12.11.2025 01:06:27; 22.500
 12.11.2025 01:09:26; 22.438
 12.11.2025 01:12:26; 22.375
 12.11.2025 01:15:27; 22.375
 12.11.2025 01:18:26; 22.313
 12.11.2025 01:21:26; 22.313
 12.11.2025 01:24:27; 22.250
 12.11.2025 01:27:27; 22.188
 12.11.2025 01:30:26; 22.188
 12.11.2025 01:33:27; 22.188
 12.11.2025 01:36:27; 22.125
 12.11.2025 01:39:26; 22.063
 12.11.2025 01:42:27; 22.063
 12.11.2025 01:45:27; 21.938
 12.11.2025 01:48:26; 21.938
 12.11.2025 01:51:27; 22.000
 12.11.2025 01:54:26; 21.938
 12.11.2025 01:57:26; 21.875
 12.11.2025 02:00:27; 21.813
 12.11.2025 02:03:26; 21.750
 12.11.2025 02:06:26; 21.688
 12.11.2025 02:09:27; 21.688
 12.11.2025 02:12:27; 21.625
 12.11.2025 02:15:26; 21.625
 12.11.2025 02:18:27; 21.625
 12.11.2025 02:21:27; 21.563
 12.11.2025 02:24:26; 21.563
 12.11.2025 02:27:27; 21.625
 12.11.2025 02:30:27; 21.625
 12.11.2025 02:33:26; 21.625
 12.11.2025 02:36:27; 21.688
 12.11.2025 02:39:26; 21.750
 12.11.2025 02:42:26; 21.750
 12.11.2025 02:45:27; 21.750
 12.11.2025 02:48:26; 21.750
 12.11.2025 02:51:26; 21.813
 12.11.2025 02:54:27; 21.750
 12.11.2025 02:57:27; 21.688
 12.11.2025 03:00:26; 21.438
 12.11.2025 03:03:27; 21.000
 12.11.2025 03:06:27; 20.500
 12.11.2025 03:09:26; 20.188
 12.11.2025 03:12:27; 20.000
 12.11.2025 03:15:27; 19.813
 12.11.2025 03:18:26; 19.688
 12.11.2025 03:21:27; 19.625
 12.11.2025 03:24:26; 19.500
 12.11.2025 03:27:26; 19.375
 12.11.2025 03:30:27; 19.313
 12.11.2025 03:33:26; 19.250
 12.11.2025 03:36:26; 19.250
 12.11.2025 03:39:27; 19.250
 12.11.2025 03:42:27; 19.188
 12.11.2025 03:45:26; 19.125
 12.11.2025 03:48:27; 19.063
 12.11.2025 03:51:27; 19.000
 12.11.2025 03:54:26; 18.938
 12.11.2025 03:57:27; 18.938
 12.11.2025 04:00:27; 18.875
 12.11.2025 04:03:26; 18.875
 12.11.2025 04:06:27; 18.875
 12.11.2025 04:09:26; 18.813
 12.11.2025 04:12:26; 18.813
 12.11.2025 04:15:27; 18.813
 12.11.2025 04:18:26; 18.750
 12.11.2025 04:21:26; 18.688
 12.11.2025 04:24:27; 18.688
 12.11.2025 04:27:27; 18.688
 12.11.2025 04:30:26; 18.688
 12.11.2025 04:33:27; 18.688
 12.11.2025 04:36:27; 18.688
 12.11.2025 04:39:26; 18.688
 12.11.2025 04:42:27; 18.688
 12.11.2025 04:45:27; 18.750
 12.11.2025 04:48:26; 18.750
 12.11.2025 04:51:27; 18.688
 12.11.2025 04:54:26; 18.688
 12.11.2025 04:57:26; 18.625
 12.11.2025 05:00:27; 18.625
 12.11.2025 05:03:26; 18.563
 12.11.2025 05:06:26; 18.563
 12.11.2025 05:09:27; 18.500
 12.11.2025 05:12:27; 18.438
 12.11.2025 05:15:26; 18.375
 12.11.2025 05:18:27; 18.313
 12.11.2025 05:21:27; 18.250
 12.11.2025 05:24:26; 18.250
 12.11.2025 05:27:27; 18.188
 12.11.2025 05:30:27; 18.125
 12.11.2025 05:33:26; 18.125
 12.11.2025 05:36:27; 18.125
 12.11.2025 05:39:26; 18.063
 12.11.2025 05:42:26; 18.063
 12.11.2025 05:45:27; 18.000
 12.11.2025 05:48:26; 18.000
 12.11.2025 05:51:26; 18.000
 12.11.2025 05:54:27; 17.938
 12.11.2025 05:57:27; 17.938
 12.11.2025 06:00:26; 17.938
 12.11.2025 06:03:27; 17.938
 12.11.2025 06:06:27; 17.875
 12.11.2025 06:09:26; 17.875
 12.11.2025 06:12:27; 17.875
 12.11.2025 06:15:27; 17.938
 12.11.2025 06:18:26; 17.938
 12.11.2025 06:21:27; 17.938
 12.11.2025 06:24:26; 17.938
 12.11.2025 06:27:26; 17.938
 12.11.2025 06:30:27; 17.938
 12.11.2025 06:33:26; 17.938
 12.11.2025 06:36:26; 17.938
 12.11.2025 06:39:27; 17.938
 12.11.2025 06:42:27; 17.938
 12.11.2025 06:45:26; 17.938
 12.11.2025 06:48:27; 17.938
 12.11.2025 06:51:27; 17.938
 12.11.2025 06:54:26; 17.938
 12.11.2025 06:57:27; 17.938
 12.11.2025 07:00:27; 17.938
 12.11.2025 07:03:26; 17.938
 12.11.2025 07:06:27; 17.875
 12.11.2025 07:09:26; 17.875
 12.11.2025 07:12:26; 17.875
 12.11.2025 07:15:27; 17.813
 12.11.2025 07:18:26; 17.813
 12.11.2025 07:21:26; 17.813
 12.11.2025 07:24:27; 17.750
 12.11.2025 07:27:27; 17.750
 12.11.2025 07:30:26; 17.688
 12.11.2025 07:33:27; 17.688
 12.11.2025 07:36:27; 17.688
 12.11.2025 07:39:26; 17.625
 12.11.2025 07:42:27; 17.625
 12.11.2025 07:45:27; 17.625
 12.11.2025 07:48:26; 17.625
 12.11.2025 07:51:27; 17.625
 12.11.2025 07:54:26; 17.625
 12.11.2025 07:57:26; 17.625
 12.11.2025 08:00:27; 17.625
 12.11.2025 08:03:26; 17.688
 12.11.2025 08:06:26; 17.688
 12.11.2025 08:09:27; 17.750
 12.11.2025 08:12:27; 17.750
 12.11.2025 08:15:26; 17.688
 12.11.2025 08:18:27; 17.688
 12.11.2025 08:21:27; 17.688
 12.11.2025 08:24:26; 17.750
 12.11.2025 08:27:27; 17.750
 12.11.2025 08:30:27; 17.813
 12.11.2025 08:33:26; 17.813
 12.11.2025 08:36:27; 17.813
 12.11.2025 08:39:26; 17.875
 12.11.2025 08:42:26; 17.875
 12.11.2025 08:45:27; 17.875
 12.11.2025 08:48:26; 17.938
 12.11.2025 08:51:26; 17.938
 12.11.2025 08:54:27; 17.938
 12.11.2025 08:57:27; 17.938
 12.11.2025 09:00:26; 18.000
 12.11.2025 09:03:27; 18.000
 12.11.2025 09:06:27; 18.000
 12.11.2025 09:09:26; 18.000
 12.11.2025 09:12:27; 18.000
 12.11.2025 09:15:27; 18.000
 12.11.2025 09:18:26; 18.000
 12.11.2025 09:21:27; 18.000
 12.11.2025 09:24:26; 18.063
 12.11.2025 09:27:26; 18.063
 12.11.2025 09:30:27; 18.063
 12.11.2025 09:33:26; 18.063
 12.11.2025 09:36:26; 18.063
 12.11.2025 09:39:27; 18.063
 12.11.2025 09:42:27; 18.063
 12.11.2025 09:45:26; 18.063
 12.11.2025 09:48:27; 18.063
 12.11.2025 09:51:27; 18.063
 12.11.2025 09:54:26; 18.063
 12.11.2025 09:57:27; 18.125
 12.11.2025 10:00:27; 18.125
 12.11.2025 10:03:26; 18.125
 12.11.2025 10:06:27; 18.125
 12.11.2025 10:09:26; 18.125
 12.11.2025 10:12:26; 18.188
 12.11.2025 10:15:27; 18.125
 12.11.2025 10:18:26; 18.125
 12.11.2025 10:21:26; 18.125
 12.11.2025 10:24:27; 18.125
 12.11.2025 10:27:27; 18.188
 12.11.2025 10:30:26; 18.188
 12.11.2025 10:33:27; 18.250
 12.11.2025 10:36:27; 18.250
 12.11.2025 10:39:26; 18.313
 12.11.2025 10:42:27; 18.313
 12.11.2025 10:45:27; 18.313
 12.11.2025 10:48:26; 18.375
 12.11.2025 10:51:27; 18.375
 12.11.2025 10:54:26; 18.500
 12.11.2025 10:57:26; 18.500
 12.11.2025 11:00:27; 18.563
 12.11.2025 11:03:26; 18.500
 12.11.2025 11:06:26; 18.500
 12.11.2025 11:09:27; 18.438
 12.11.2025 11:12:27; 18.500
 12.11.2025 11:15:26; 18.625
 12.11.2025 11:18:27; 18.750
 12.11.2025 11:21:27; 18.813
 12.11.2025 11:24:26; 18.813
 12.11.2025 11:27:27; 18.813
 12.11.2025 11:30:27; 18.938
 12.11.2025 11:33:26; 19.063
 12.11.2025 11:36:27; 19.125
 12.11.2025 11:39:26; 19.250
 12.11.2025 11:42:26; 19.375
 12.11.2025 11:45:27; 19.375
 12.11.2025 11:48:26; 19.250
 12.11.2025 11:51:26; 19.125
 12.11.2025 11:54:27; 19.063
 12.11.2025 11:57:27; 19.063
 12.11.2025 12:00:26; 19.063
 12.11.2025 12:03:27; 19.063
 12.11.2025 12:06:27; 19.125
 12.11.2025 12:09:26; 19.188
 12.11.2025 12:12:27; 19.188
 12.11.2025 12:15:27; 19.250
 12.11.2025 12:18:26; 19.313
 12.11.2025 12:21:27; 19.375
 12.11.2025 12:24:26; 19.375
 12.11.2025 12:27:26; 19.500
 12.11.2025 12:30:27; 19.688
 12.11.2025 12:33:26; 20.188
 12.11.2025 12:36:26; 20.563
 12.11.2025 12:39:27; 21.000
 12.11.2025 12:42:27; 21.250
 12.11.2025 12:45:26; 21.250
 12.11.2025 12:48:27; 21.250
 12.11.2025 12:51:27; 21.063
 12.11.2025 12:54:26; 20.875
 12.11.2025 12:57:27; 20.813
 12.11.2025 13:00:27; 20.750
 12.11.2025 13:03:26; 20.625
 12.11.2025 13:06:27; 20.750
 12.11.2025 13:09:26; 20.938
 12.11.2025 13:12:26; 21.125
 12.11.2025 13:15:27; 21.000
 12.11.2025 13:18:26; 21.000
 12.11.2025 13:21:26; 21.000
 12.11.2025 13:24:27; 21.375
 12.11.2025 13:27:27; 21.625
 12.11.2025 13:30:26; 21.750
 12.11.2025 13:33:27; 21.813
 12.11.2025 13:36:27; 22.188
 12.11.2025 13:39:26; 22.563
 12.11.2025 13:42:27; 23.000
 12.11.2025 13:45:27; 23.313
 12.11.2025 13:48:26; 23.250
 12.11.2025 13:51:27; 23.375
 12.11.2025 13:54:26; 23.250
 12.11.2025 13:57:26; 22.938
 12.11.2025 14:00:27; 23.250
 12.11.2025 14:03:26; 23.813
 12.11.2025 14:06:26; 24.125
 12.11.2025 14:09:27; 24.500
 12.11.2025 14:12:27; 24.625
 12.11.2025 14:15:26; 24.438
 12.11.2025 14:18:27; 24.063
 12.11.2025 14:21:27; 23.563
 12.11.2025 14:24:26; 23.375
 12.11.2025 14:27:27; 23.063
 12.11.2025 14:30:27; 22.813
 12.11.2025 14:33:26; 22.563
 12.11.2025 14:36:27; 22.500
 12.11.2025 14:39:26; 22.563
 12.11.2025 14:42:26; 22.875
 12.11.2025 14:45:27; 22.813
 12.11.2025 14:48:26; 22.750
 12.11.2025 14:51:26; 22.875
 12.11.2025 14:54:27; 23.125
 12.11.2025 14:57:27; 23.563
 12.11.2025 15:00:26; 23.875
 12.11.2025 15:03:27; 24.063
 12.11.2025 15:06:27; 24.313
 12.11.2025 15:09:26; 24.375
 12.11.2025 15:12:27; 24.500
 12.11.2025 15:15:27; 24.500
 12.11.2025 15:18:26; 24.500
 12.11.2025 15:21:27; 25.063
 12.11.2025 15:24:26; 25.813
 12.11.2025 15:27:26; 26.250
 12.11.2025 15:30:27; 26.313
 12.11.2025 15:33:26; 26.000
 12.11.2025 15:36:26; 25.938
 12.11.2025 15:39:27; 25.938
 12.11.2025 15:42:27; 25.938
 12.11.2025 15:45:26; 26.000
 12.11.2025 15:48:27; 25.625
 12.11.2025 15:51:27; 26.313
 12.11.2025 15:54:26; 26.813
 12.11.2025 15:57:27; 26.688
 12.11.2025 16:00:27; 27.813
 12.11.2025 16:03:26; 28.063
 12.11.2025 16:06:27; 27.938
 12.11.2025 16:09:26; 27.688
 12.11.2025 16:12:26; 28.000
 12.11.2025 16:15:27; 28.188
 12.11.2025 16:18:26; 28.375
 12.11.2025 16:21:26; 28.438
 12.11.2025 16:24:27; 28.875
 12.11.2025 16:27:27; 29.313
 12.11.2025 16:30:26; 30.125
 12.11.2025 16:33:27; 30.750
 12.11.2025 16:36:27; 30.000
 12.11.2025 16:39:26; 30.375
 12.11.2025 16:42:27; 30.500
 12.11.2025 16:45:27; 30.563
 12.11.2025 16:48:26; 30.438
 12.11.2025 16:51:27; 29.813
 12.11.2025 16:54:26; 29.188
 12.11.2025 16:57:26; 28.438
 12.11.2025 17:00:27; 27.875
 12.11.2025 17:03:26; 27.500
 12.11.2025 17:06:26; 27.250
 12.11.2025 17:09:27; 27.000
 12.11.2025 17:12:27; 26.875
 12.11.2025 17:15:26; 26.500
 12.11.2025 17:18:27; 26.188
 12.11.2025 17:21:27; 25.875
 12.11.2025 17:24:26; 25.750
 12.11.2025 17:27:27; 25.625
 12.11.2025 17:30:27; 25.500
 12.11.2025 17:33:26; 25.563
 12.11.2025 17:36:27; 26.313
 12.11.2025 17:39:26; 27.875
 12.11.2025 17:42:26; 29.563
 12.11.2025 17:45:27; 30.750
 12.11.2025 17:48:26; 32.250
 12.11.2025 17:51:26; 33.250
 12.11.2025 17:54:27; 33.188
 12.11.2025 17:57:27; 33.563
 12.11.2025 18:00:26; 34.313
 12.11.2025 18:03:27; 33.813
 12.11.2025 18:06:27; 32.563
 12.11.2025 18:09:26; 31.125
 12.11.2025 18:12:27; 31.188
 12.11.2025 18:15:27; 32.875
 12.11.2025 18:18:26; 34.250
 12.11.2025 18:21:27; 35.250
 12.11.2025 18:24:26; 36.250
 12.11.2025 18:27:26; 36.750
 12.11.2025 18:30:27; 37.188
 12.11.2025 18:33:26; 37.500
 12.11.2025 18:36:26; 37.313
 12.11.2025 18:39:27; 36.938
 12.11.2025 18:42:27; 35.313
 12.11.2025 18:45:26; 36.875
 12.11.2025 18:48:27; 37.625
 12.11.2025 18:51:27; 38.313
 12.11.2025 18:54:26; 38.500
 12.11.2025 18:57:27; 39.813
 12.11.2025 19:00:27; 40.125
 12.11.2025 19:03:26; 38.875
 12.11.2025 19:06:27; 36.500
 12.11.2025 19:09:26; 36.875
 12.11.2025 19:12:26; 36.750
 12.11.2025 19:15:27; 38.375
 12.11.2025 19:18:26; 37.750
 12.11.2025 19:21:26; 34.875
 12.11.2025 19:24:27; 33.875
 12.11.2025 19:27:27; 34.250
 12.11.2025 19:30:26; 34.875
 12.11.2025 19:33:27; 35.125
 12.11.2025 19:36:27; 36.063
 12.11.2025 19:39:26; 36.438
 12.11.2025 19:42:27; 36.875
 12.11.2025 19:45:27; 36.438
 12.11.2025 19:48:26; 36.875
 12.11.2025 19:51:27; 37.313
 12.11.2025 19:54:26; 37.313
 12.11.2025 19:57:26; 36.813
 12.11.2025 20:00:27; 36.750
 12.11.2025 20:03:26; 36.875
 12.11.2025 20:06:26; 37.313
 12.11.2025 20:09:27; 37.938
 12.11.2025 20:12:27; 37.813
 12.11.2025 20:15:26; 38.063
 12.11.2025 20:18:27; 38.688
 12.11.2025 20:21:27; 39.188
 12.11.2025 20:24:26; 38.688
 12.11.2025 20:27:27; 38.500
 12.11.2025 20:30:27; 38.000
 12.11.2025 20:33:26; 37.500
 12.11.2025 20:36:27; 37.875
 12.11.2025 20:39:26; 38.250
 12.11.2025 20:42:26; 36.688
 12.11.2025 20:45:27; 37.375
 12.11.2025 20:48:26; 37.938
 12.11.2025 20:51:26; 37.750
 12.11.2025 20:54:27; 37.750
 12.11.2025 20:57:27; 37.688
 12.11.2025 21:00:26; 38.563
 12.11.2025 21:03:27; 38.125
 12.11.2025 21:06:27; 37.250
 12.11.2025 21:09:26; 37.125
 12.11.2025 21:12:27; 36.000
 12.11.2025 21:15:27; 34.875
 12.11.2025 21:18:26; 34.000
 12.11.2025 21:21:27; 34.000
 12.11.2025 21:24:26; 33.375
 12.11.2025 21:27:26; 32.625
 12.11.2025 21:30:27; 31.813
 12.11.2025 21:33:26; 31.000
 12.11.2025 21:36:26; 30.250
 12.11.2025 21:39:27; 29.313
 12.11.2025 21:42:27; 28.625
 12.11.2025 21:45:26; 27.813
 12.11.2025 21:48:27; 27.188
 12.11.2025 21:51:27; 26.813
 12.11.2025 21:54:26; 26.625
 12.11.2025 21:57:27; 26.313
 12.11.2025 22:00:27; 26.000
 12.11.2025 22:03:26; 25.688
 12.11.2025 22:06:27; 25.438
 12.11.2025 22:09:26; 25.313
 12.11.2025 22:12:26; 25.250
 12.11.2025 22:15:27; 25.188
 12.11.2025 22:18:26; 25.063
 12.11.2025 22:21:26; 24.938
 12.11.2025 22:24:27; 24.750
 12.11.2025 22:27:27; 24.625
 12.11.2025 22:30:26; 24.500
 12.11.2025 22:33:27; 24.313
 12.11.2025 22:36:27; 24.188
 12.11.2025 22:39:26; 24.000
 12.11.2025 22:42:27; 23.813
 12.11.2025 22:45:27; 23.688
 12.11.2025 22:48:26; 23.563
 12.11.2025 22:51:27; 23.438
 12.11.2025 22:54:26; 23.313
 12.11.2025 22:57:26; 23.188
 12.11.2025 23:00:27; 23.125
 12.11.2025 23:03:26; 23.000
 12.11.2025 23:06:26; 22.875
 12.11.2025 23:09:27; 22.813
 12.11.2025 23:12:27; 22.750
 12.11.2025 23:15:26; 22.688
 12.11.2025 23:18:27; 22.688
 12.11.2025 23:21:27; 22.625
 12.11.2025 23:24:26; 22.625
 12.11.2025 23:27:27; 22.563
 12.11.2025 23:30:27; 22.500
 12.11.2025 23:33:26; 22.500
 12.11.2025 23:36:27; 22.438
 12.11.2025 23:39:26; 22.375
 12.11.2025 23:42:26; 22.375
 12.11.2025 23:45:27; 22.375
 12.11.2025 23:48:26; 22.375
 12.11.2025 23:51:26; 22.438
 12.11.2025 23:54:27; 22.438
 12.11.2025 23:57:27; 22.438
 13.11.2025 00:00:26; 22.313
 13.11.2025 00:03:27; 22.250
 13.11.2025 00:06:27; 22.188
 13.11.2025 00:09:26; 22.125
 13.11.2025 00:12:27; 22.063
 13.11.2025 00:15:27; 21.938
 13.11.2025 00:18:26; 21.813
 13.11.2025 00:21:27; 21.688
 13.11.2025 00:24:26; 21.563
 13.11.2025 00:27:26; 21.438
 13.11.2025 00:30:27; 21.313
 13.11.2025 00:33:26; 21.188
 13.11.2025 00:36:26; 21.063
 13.11.2025 00:39:27; 20.938
 13.11.2025 00:42:27; 20.813
 13.11.2025 00:45:26; 20.688
 13.11.2025 00:48:27; 20.563
 13.11.2025 00:51:27; 20.438
 13.11.2025 00:54:26; 20.313
 13.11.2025 00:57:27; 20.250
 13.11.2025 01:00:27; 20.125
 13.11.2025 01:03:26; 20.000
 13.11.2025 01:06:27; 19.875
 13.11.2025 01:09:26; 19.813
 13.11.2025 01:12:26; 19.750
 13.11.2025 01:15:27; 19.688
 13.11.2025 01:18:26; 19.563
 13.11.2025 01:21:26; 19.500
 13.11.2025 01:24:27; 19.438
 13.11.2025 01:27:27; 19.313
 13.11.2025 01:30:26; 19.250
 13.11.2025 01:33:27; 19.125
 13.11.2025 01:36:27; 19.063
 13.11.2025 01:39:26; 19.000
 13.11.2025 01:42:27; 18.938
 13.11.2025 01:45:27; 18.875
 13.11.2025 01:48:26; 18.875
 13.11.2025 01:51:27; 18.875
 13.11.2025 01:54:26; 18.813
 13.11.2025 01:57:26; 18.750
 13.11.2025 02:00:27; 18.688
 13.11.2025 02:03:26; 18.625
 13.11.2025 02:06:26; 18.625
 13.11.2025 02:09:27; 18.625
 13.11.2025 02:12:27; 18.563
 13.11.2025 02:15:26; 18.500
 13.11.2025 02:18:27; 18.500
 13.11.2025 02:21:27; 18.438
 13.11.2025 02:24:26; 18.375
 13.11.2025 02:27:27; 18.375
 13.11.2025 02:30:27; 18.313
 13.11.2025 02:33:26; 18.250
 13.11.2025 02:36:27; 18.188
 13.11.2025 02:39:26; 18.063
 13.11.2025 02:42:26; 18.000
 13.11.2025 02:45:27; 18.000
 13.11.2025 02:48:26; 18.063
 13.11.2025 02:51:26; 18.000
 13.11.2025 02:54:27; 18.000
 13.11.2025 02:57:27; 17.938
 13.11.2025 03:00:26; 17.813
 13.11.2025 03:03:27; 17.750
 13.11.2025 03:06:27; 17.750
 13.11.2025 03:09:26; 17.813
 13.11.2025 03:12:27; 17.750
 13.11.2025 03:15:27; 17.750
 13.11.2025 03:18:26; 17.688
 13.11.2025 03:21:27; 17.563
 13.11.2025 03:24:26; 17.563
 13.11.2025 03:27:26; 17.563
 13.11.2025 03:30:27; 17.563
 13.11.2025 03:33:26; 17.500
 13.11.2025 03:36:26; 17.438
 13.11.2025 03:39:27; 17.438
 13.11.2025 03:42:27; 17.438
 13.11.2025 03:45:26; 17.438
 13.11.2025 03:48:27; 17.438
 13.11.2025 03:51:27; 17.438
 13.11.2025 03:54:26; 17.313
 13.11.2025 03:57:27; 17.250
 13.11.2025 04:00:27; 17.250
 13.11.2025 04:03:26; 17.188
 13.11.2025 04:06:27; 17.188
 13.11.2025 04:09:26; 17.188
 13.11.2025 04:12:26; 17.125
 13.11.2025 04:15:27; 17.063
 13.11.2025 04:18:26; 17.000
 13.11.2025 04:21:26; 16.938
 13.11.2025 04:24:27; 16.938
 13.11.2025 04:27:27; 16.875
 13.11.2025 04:30:26; 16.875
 13.11.2025 04:33:27; 16.813
 13.11.2025 04:36:27; 16.750
 13.11.2025 04:39:26; 16.750
 13.11.2025 04:42:27; 16.750
 13.11.2025 04:45:27; 16.750
 13.11.2025 04:48:26; 16.750
 13.11.2025 04:51:27; 16.688
 13.11.2025 04:54:26; 16.688
 13.11.2025 04:57:26; 16.688
 13.11.2025 05:00:27; 16.625
 13.11.2025 05:03:26; 16.625
 13.11.2025 05:06:26; 16.625
 13.11.2025 05:09:27; 16.625
 13.11.2025 05:12:27; 16.563
 13.11.2025 05:15:26; 16.563
 13.11.2025 05:18:27; 16.563
 13.11.2025 05:21:27; 16.500
 13.11.2025 05:24:26; 16.500
 13.11.2025 05:27:27; 16.438
 13.11.2025 05:30:27; 16.438
 13.11.2025 05:33:26; 16.438
 13.11.2025 05:36:27; 16.375
 13.11.2025 05:39:26; 16.313
 13.11.2025 05:42:26; 16.250
 13.11.2025 05:45:27; 16.188
 13.11.2025 05:48:26; 16.125
 13.11.2025 05:51:26; 16.063
 13.11.2025 05:54:27; 16.063
 13.11.2025 05:57:27; 16.063
 13.11.2025 06:00:26; 16.063
 13.11.2025 06:03:27; 16.000
 13.11.2025 06:06:27; 16.000
 13.11.2025 06:09:26; 16.000
 13.11.2025 06:12:27; 15.938
 13.11.2025 06:15:27; 15.938
 13.11.2025 06:18:26; 15.938
 13.11.2025 06:21:27; 15.938
 13.11.2025 06:24:26; 15.875
 13.11.2025 06:27:26; 15.813
 13.11.2025 06:30:27; 15.813
 13.11.2025 06:33:26; 15.750
 13.11.2025 06:36:26; 15.750
 13.11.2025 06:39:27; 15.750
 13.11.2025 06:42:27; 15.750
 13.11.2025 06:45:26; 15.688
 13.11.2025 06:48:27; 15.625
 13.11.2025 06:51:27; 15.625
 13.11.2025 06:54:26; 15.563
 13.11.2025 06:57:27; 15.563
 13.11.2025 07:00:27; 15.563
 13.11.2025 07:03:26; 15.563
 13.11.2025 07:06:27; 15.563
 13.11.2025 07:09:26; 15.500
 13.11.2025 07:12:26; 15.500
 13.11.2025 07:15:27; 15.438
 13.11.2025 07:18:26; 15.375
 13.11.2025 07:21:26; 15.375
 13.11.2025 07:24:27; 15.375
 13.11.2025 07:27:27; 15.313
 13.11.2025 07:30:26; 15.375
 13.11.2025 07:33:27; 15.313
 13.11.2025 07:36:27; 15.313
 13.11.2025 07:39:26; 15.250
 13.11.2025 07:42:27; 15.250
 13.11.2025 07:45:27; 15.188
 13.11.2025 07:48:26; 15.188
 13.11.2025 07:51:27; 15.125
 13.11.2025 07:54:26; 15.125
 13.11.2025 07:57:26; 15.063
 13.11.2025 08:00:27; 15.000
 13.11.2025 08:03:26; 15.000
 13.11.2025 08:06:26; 14.938
 13.11.2025 08:09:27; 14.875
 13.11.2025 08:12:27; 14.875
 13.11.2025 08:15:26; 14.875
 13.11.2025 08:18:27; 14.875
 13.11.2025 08:21:27; 14.813
 13.11.2025 08:24:26; 14.750
 13.11.2025 08:27:27; 14.688
 13.11.2025 08:30:27; 14.625
 13.11.2025 08:33:26; 14.563
 13.11.2025 08:36:27; 14.563
 13.11.2025 08:39:26; 14.563
 13.11.2025 08:42:26; 14.500
 13.11.2025 08:45:27; 14.500
 13.11.2025 08:48:26; 14.500
 13.11.2025 08:51:26; 14.438
 13.11.2025 08:54:27; 14.438
 13.11.2025 08:57:27; 14.438
 13.11.2025 09:00:26; 14.438
 13.11.2025 09:03:27; 14.375
 13.11.2025 09:06:27; 14.313
 13.11.2025 09:09:26; 14.313
 13.11.2025 09:12:27; 14.313
 13.11.2025 09:15:27; 14.250
 13.11.2025 09:18:26; 14.250
 13.11.2025 09:21:27; 14.250
 13.11.2025 09:24:26; 14.250
 13.11.2025 09:27:26; 14.250
 13.11.2025 09:30:27; 14.250
 13.11.2025 09:33:26; 14.188
 13.11.2025 09:36:26; 14.188
 13.11.2025 09:39:27; 14.188
 13.11.2025 09:42:27; 14.188
 13.11.2025 09:45:26; 14.188
 13.11.2025 09:48:27; 14.250
 13.11.2025 09:51:27; 14.250
 13.11.2025 09:54:26; 14.250
 13.11.2025 09:57:27; 14.313
 13.11.2025 10:00:27; 14.313
 13.11.2025 10:03:26; 14.375
 13.11.2025 10:06:27; 14.375
 13.11.2025 10:09:26; 14.438
 13.11.2025 10:12:26; 14.500
 13.11.2025 10:15:27; 14.500
 13.11.2025 10:18:26; 14.500
 13.11.2025 10:21:26; 14.563
 13.11.2025 10:24:27; 14.563
 13.11.2025 10:27:27; 14.625
 13.11.2025 10:30:26; 14.688
 13.11.2025 10:33:27; 14.750
 13.11.2025 10:36:27; 14.875
 13.11.2025 10:39:26; 14.938
 13.11.2025 10:42:27; 15.000
 13.11.2025 10:45:27; 15.125
 13.11.2025 10:48:26; 15.250
 13.11.2025 10:51:27; 15.313
 13.11.2025 10:54:26; 15.438
 13.11.2025 10:57:26; 15.625
 13.11.2025 11:00:27; 15.750
 13.11.2025 11:03:26; 15.938
 13.11.2025 11:06:26; 16.125
 13.11.2025 11:09:27; 16.313
 13.11.2025 11:12:27; 16.500
 13.11.2025 11:15:26; 16.750
 13.11.2025 11:18:27; 17.000
 13.11.2025 11:21:27; 17.188
 13.11.2025 11:24:26; 17.375
 13.11.2025 11:27:27; 17.563
 13.11.2025 11:30:27; 17.750
 13.11.2025 11:33:26; 17.938
 13.11.2025 11:36:27; 18.125
 13.11.2025 11:39:26; 18.250
 13.11.2025 11:42:26; 18.438
 13.11.2025 11:45:27; 18.563
 13.11.2025 11:48:26; 18.688
 13.11.2025 11:51:26; 18.813
 13.11.2025 11:54:27; 18.875
 13.11.2025 11:57:27; 18.875
 13.11.2025 12:00:26; 19.000
 13.11.2025 12:03:27; 19.188
 13.11.2025 12:06:27; 19.375
 13.11.2025 12:09:26; 19.500
 13.11.2025 12:12:27; 19.625
 13.11.2025 12:15:27; 19.875
 13.11.2025 12:18:26; 20.063
 13.11.2025 12:21:27; 20.250
 13.11.2025 12:24:26; 20.438
 13.11.2025 12:27:26; 20.625
 13.11.2025 12:30:27; 20.688
 13.11.2025 12:33:26; 20.813
 13.11.2025 12:36:26; 21.000
 13.11.2025 12:39:27; 21.250
 13.11.2025 12:42:27; 21.438
 13.11.2025 12:45:26; 21.750
 13.11.2025 12:48:27; 21.875
 13.11.2025 12:51:27; 22.000
 13.11.2025 12:54:26; 22.188
 13.11.2025 12:57:27; 22.438
 13.11.2025 13:00:27; 22.563
 13.11.2025 13:03:26; 22.688
 13.11.2025 13:06:27; 22.813
 13.11.2025 13:09:26; 22.750
 13.11.2025 13:12:26; 22.813
 13.11.2025 13:15:27; 22.875
 13.11.2025 13:18:26; 22.938
 13.11.2025 13:21:26; 23.125
 13.11.2025 13:24:27; 23.313
 13.11.2025 13:27:27; 23.375
 13.11.2025 13:30:26; 23.313
 13.11.2025 13:33:27; 23.250
 13.11.2025 13:36:27; 23.375
 13.11.2025 13:39:26; 23.563
 13.11.2025 13:42:27; 23.750
 13.11.2025 13:45:27; 23.938
 13.11.2025 13:48:26; 24.250
 13.11.2025 13:51:27; 24.375
 13.11.2025 13:54:26; 24.563
 13.11.2025 13:57:26; 24.688
 13.11.2025 14:00:27; 24.875
 13.11.2025 14:03:26; 25.250
 13.11.2025 14:06:26; 25.500
 13.11.2025 14:09:27; 25.563
 13.11.2025 14:12:27; 25.500
 13.11.2025 14:15:26; 25.438
 13.11.2025 14:18:27; 25.438
 13.11.2025 14:21:27; 25.500
 13.11.2025 14:24:26; 25.438
 13.11.2025 14:27:27; 25.688
 13.11.2025 14:30:27; 25.875
 13.11.2025 14:33:26; 25.750
 13.11.2025 14:36:27; 25.813
 13.11.2025 14:39:26; 25.875
 13.11.2025 14:42:26; 25.813
 13.11.2025 14:45:27; 26.063
 13.11.2025 14:48:26; 26.375
 13.11.2025 14:51:26; 26.375
 13.11.2025 14:54:27; 26.875
 13.11.2025 14:57:27; 27.125
 13.11.2025 15:00:26; 27.313
 13.11.2025 15:03:27; 27.313
 13.11.2025 15:06:27; 27.750
 13.11.2025 15:09:26; 27.750
 13.11.2025 15:12:27; 27.688
 13.11.2025 15:15:27; 28.000
 13.11.2025 15:18:26; 28.438
 13.11.2025 15:21:27; 28.438
 13.11.2025 15:24:26; 28.438
 13.11.2025 15:27:26; 28.750
 13.11.2025 15:30:27; 28.625
 13.11.2025 15:33:26; 28.500
 13.11.2025 15:36:26; 28.438
 13.11.2025 15:39:27; 28.563
 13.11.2025 15:42:27; 28.813
 13.11.2025 15:45:26; 29.188
 13.11.2025 15:48:27; 29.375
 13.11.2025 15:51:27; 29.688
 13.11.2025 15:54:26; 29.688
 13.11.2025 15:57:27; 29.688
 13.11.2025 16:00:27; 29.563
 13.11.2025 16:03:26; 29.625
 13.11.2025 16:06:27; 29.875
 13.11.2025 16:09:26; 29.750
 13.11.2025 16:12:26; 30.063
 13.11.2025 16:15:27; 29.813
 13.11.2025 16:18:26; 30.063
 13.11.2025 16:21:26; 30.063
 13.11.2025 16:24:27; 30.063
 13.11.2025 16:27:27; 30.375
 13.11.2025 16:30:26; 30.875
 13.11.2025 16:33:27; 31.063
 13.11.2025 16:36:27; 31.188
 13.11.2025 16:39:26; 31.250
 13.11.2025 16:42:27; 31.000
 13.11.2025 16:45:27; 31.188
 13.11.2025 16:48:26; 31.313
 13.11.2025 16:51:27; 31.438
 13.11.2025 16:54:26; 31.313
 13.11.2025 16:57:26; 31.625
 13.11.2025 17:00:27; 31.938
 13.11.2025 17:03:26; 31.813
 13.11.2025 17:06:26; 32.375
 13.11.2025 17:09:27; 31.875
 13.11.2025 17:12:27; 31.813
 13.11.2025 17:15:26; 32.125
 13.11.2025 17:18:27; 32.000
 13.11.2025 17:21:27; 32.313
 13.11.2025 17:24:26; 33.063
 13.11.2025 17:27:27; 33.063
 13.11.2025 17:30:27; 33.938
 13.11.2025 17:33:26; 34.375
 13.11.2025 17:36:27; 34.500
 13.11.2025 17:39:26; 34.563
 13.11.2025 17:42:26; 34.688
 13.11.2025 17:45:27; 35.250
 13.11.2025 17:48:26; 35.188
 13.11.2025 17:51:26; 35.125
 13.11.2025 17:54:27; 34.750
 13.11.2025 17:57:27; 35.625
 13.11.2025 18:00:26; 35.750
 13.11.2025 18:03:27; 35.438
 13.11.2025 18:06:27; 35.750
 13.11.2025 18:09:26; 36.000
 13.11.2025 18:12:27; 35.938
 13.11.2025 18:15:27; 36.063
 13.11.2025 18:18:26; 36.625
 13.11.2025 18:21:27; 37.313
 13.11.2025 18:24:26; 37.063
 13.11.2025 18:27:26; 37.500
 13.11.2025 18:30:27; 37.938
 13.11.2025 18:33:26; 37.938
 13.11.2025 18:36:26; 38.688
 13.11.2025 18:39:27; 39.250
 13.11.2025 18:42:27; 38.563
 13.11.2025 18:45:26; 38.625
 13.11.2025 18:48:27; 39.063
 13.11.2025 18:51:27; 40.000
 13.11.2025 18:54:26; 39.563
 13.11.2025 18:57:27; 38.875
 13.11.2025 19:00:27; 38.500
 13.11.2025 19:03:26; 38.625
 13.11.2025 19:06:27; 39.438
 13.11.2025 19:09:26; 40.313
 13.11.2025 19:12:26; 40.125
 13.11.2025 19:15:27; 39.938
 13.11.2025 19:18:26; 39.250
 13.11.2025 19:21:26; 39.313
 13.11.2025 19:24:27; 38.938
 13.11.2025 19:27:27; 38.188
 13.11.2025 19:30:26; 36.500
 13.11.2025 19:33:27; 35.563
 13.11.2025 19:36:27; 35.875
 13.11.2025 19:39:26; 36.813
 13.11.2025 19:42:27; 38.188
 13.11.2025 19:45:27; 39.000
 13.11.2025 19:48:26; 38.875
 13.11.2025 19:51:27; 39.375
 13.11.2025 19:54:26; 39.688
 13.11.2025 19:57:26; 39.688
 13.11.2025 20:00:27; 39.063
 13.11.2025 20:03:26; 39.500
 13.11.2025 20:06:26; 39.375
 13.11.2025 20:09:27; 39.125
 13.11.2025 20:12:27; 39.125
 13.11.2025 20:15:26; 38.938
 13.11.2025 20:18:27; 39.563
 13.11.2025 20:21:27; 39.500
 13.11.2025 20:24:26; 40.063
 13.11.2025 20:27:27; 40.063
 13.11.2025 20:30:27; 39.938
 13.11.2025 20:33:26; 40.000
 13.11.2025 20:36:27; 39.750
 13.11.2025 20:39:26; 39.438
 13.11.2025 20:42:26; 39.125
 13.11.2025 20:45:27; 37.688
 13.11.2025 20:48:26; 35.313
 13.11.2025 20:51:26; 33.625
 13.11.2025 20:54:27; 33.688
 13.11.2025 20:57:27; 34.938
 13.11.2025 21:00:26; 35.375
 13.11.2025 21:03:27; 35.375
 13.11.2025 21:06:27; 35.125
 13.11.2025 21:09:26; 34.625
 13.11.2025 21:12:27; 34.063
 13.11.2025 21:15:27; 33.750
 13.11.2025 21:18:26; 33.250
 13.11.2025 21:21:27; 33.375
 13.11.2025 21:24:26; 33.000
 13.11.2025 21:27:26; 32.063
 13.11.2025 21:30:27; 30.938
 13.11.2025 21:33:26; 29.938
 13.11.2025 21:36:26; 29.063
 13.11.2025 21:39:27; 28.500
 13.11.2025 21:42:27; 28.063
 13.11.2025 21:45:26; 27.563
 13.11.2025 21:48:27; 27.188
 13.11.2025 21:51:27; 27.125
 13.11.2025 21:54:26; 27.313
 13.11.2025 21:57:27; 27.188
 13.11.2025 22:00:27; 26.938
 13.11.2025 22:03:26; 26.875
 13.11.2025 22:06:27; 26.750
 13.11.2025 22:09:26; 26.313
 13.11.2025 22:12:26; 25.938
 13.11.2025 22:15:27; 25.750
 13.11.2025 22:18:26; 25.500
 13.11.2025 22:21:26; 25.250
 13.11.2025 22:24:27; 25.000
 13.11.2025 22:27:27; 24.813
 13.11.2025 22:30:26; 24.625
 13.11.2025 22:33:27; 24.563
 13.11.2025 22:36:27; 24.438
 13.11.2025 22:39:26; 24.250
 13.11.2025 22:42:27; 24.000
 13.11.2025 22:45:27; 23.813
 13.11.2025 22:48:26; 23.625
 13.11.2025 22:51:27; 23.625
 13.11.2025 22:54:26; 23.438
 13.11.2025 22:57:26; 23.188
 13.11.2025 23:00:27; 23.000
 13.11.2025 23:03:26; 22.875
 13.11.2025 23:06:26; 22.688
 13.11.2025 23:09:27; 22.500
 13.11.2025 23:12:27; 22.438
 13.11.2025 23:15:26; 22.313
 13.11.2025 23:18:27; 22.250
 13.11.2025 23:21:27; 22.125
 13.11.2025 23:24:26; 22.000
 13.11.2025 23:27:27; 22.000
 13.11.2025 23:30:27; 21.938
 13.11.2025 23:33:26; 21.813
 13.11.2025 23:36:27; 21.750
 13.11.2025 23:39:26; 21.750
 13.11.2025 23:42:26; 21.688
 13.11.2025 23:45:27; 21.563
 13.11.2025 23:48:26; 21.500
 13.11.2025 23:51:26; 21.438
 13.11.2025 23:54:27; 21.375
 13.11.2025 23:57:27; 21.313
 14.11.2025 00:00:26; 21.250
 14.11.2025 00:03:27; 21.250
 14.11.2025 00:06:27; 21.125
 14.11.2025 00:09:26; 21.063
 14.11.2025 00:12:27; 21.000
 14.11.2025 00:15:27; 20.875
 14.11.2025 00:18:26; 20.813
 14.11.2025 00:21:27; 20.750
 14.11.2025 00:24:26; 20.688
 14.11.2025 00:27:26; 20.625
 14.11.2025 00:30:27; 20.563
 14.11.2025 00:33:26; 20.500
 14.11.2025 00:36:26; 20.438
 14.11.2025 00:39:27; 20.375
 14.11.2025 00:42:27; 20.313
 14.11.2025 00:45:26; 20.250
 14.11.2025 00:48:27; 20.250
 14.11.2025 00:51:27; 20.188
 14.11.2025 00:54:26; 20.188
 14.11.2025 00:57:27; 20.125
 14.11.2025 01:00:27; 20.063
 14.11.2025 01:03:26; 20.063
 14.11.2025 01:06:27; 20.063
 14.11.2025 01:09:26; 20.063
 14.11.2025 01:12:26; 20.000
 14.11.2025 01:15:27; 20.000
 14.11.2025 01:18:26; 19.938
 14.11.2025 01:21:26; 19.875
 14.11.2025 01:24:27; 19.813
 14.11.2025 01:27:27; 19.688
 14.11.2025 01:30:26; 19.688
 14.11.2025 01:33:27; 19.625
 14.11.2025 01:36:27; 19.563
 14.11.2025 01:39:26; 19.500
 14.11.2025 01:42:27; 19.438
 14.11.2025 01:45:27; 19.375
 14.11.2025 01:48:26; 19.313
 14.11.2025 01:51:27; 19.313
 14.11.2025 01:54:26; 19.313
 14.11.2025 01:57:26; 19.250
 14.11.2025 02:00:27; 19.250
 14.11.2025 02:03:26; 19.250
 14.11.2025 02:06:26; 19.188
 14.11.2025 02:09:27; 19.188
 14.11.2025 02:12:27; 19.125
 14.11.2025 02:15:26; 19.125
 14.11.2025 02:18:27; 19.063
 14.11.2025 02:21:27; 19.063
 14.11.2025 02:24:26; 19.063
 14.11.2025 02:27:27; 19.063
 14.11.2025 02:30:27; 19.063
 14.11.2025 02:33:26; 19.000
 14.11.2025 02:36:27; 18.938
 14.11.2025 02:39:26; 18.938
 14.11.2025 02:42:26; 18.875
 14.11.2025 02:45:27; 18.813
 14.11.2025 02:48:26; 18.750
 14.11.2025 02:51:26; 18.688
 14.11.2025 02:54:27; 18.688
 14.11.2025 02:57:27; 18.625
 14.11.2025 03:00:26; 18.625
 14.11.2025 03:03:27; 18.563
 14.11.2025 03:06:27; 18.563
 14.11.2025 03:09:26; 18.438
 14.11.2025 03:12:27; 18.375
 14.11.2025 03:15:27; 18.313
 14.11.2025 03:18:26; 18.313
 14.11.2025 03:21:27; 18.313
 14.11.2025 03:24:26; 18.250
 14.11.2025 03:27:26; 18.250
 14.11.2025 03:30:27; 18.188
 14.11.2025 03:33:26; 18.188
 14.11.2025 03:36:26; 18.188
 14.11.2025 03:39:27; 18.188
 14.11.2025 03:42:27; 18.125
 14.11.2025 03:45:26; 18.063
 14.11.2025 03:48:27; 18.000
 14.11.2025 03:51:27; 17.938
 14.11.2025 03:54:26; 17.875
 14.11.2025 03:57:27; 17.813
 14.11.2025 04:00:27; 17.750
 14.11.2025 04:03:26; 17.688
 14.11.2025 04:06:27; 17.625
 14.11.2025 04:09:26; 17.625
 14.11.2025 04:12:26; 17.625
 14.11.2025 04:15:27; 17.563
 14.11.2025 04:18:26; 17.563
 14.11.2025 04:21:26; 17.500
 14.11.2025 04:24:27; 17.375
 14.11.2025 04:27:27; 17.375
 14.11.2025 04:30:26; 17.438
 14.11.2025 04:33:27; 17.438
 14.11.2025 04:36:27; 17.500
 14.11.2025 04:39:26; 17.500
 14.11.2025 04:42:27; 17.500
 14.11.2025 04:45:27; 17.563
 14.11.2025 04:48:26; 17.563
 14.11.2025 04:51:27; 17.563
 14.11.2025 04:54:26; 17.500
 14.11.2025 04:57:26; 17.438
 14.11.2025 05:00:27; 17.438
 14.11.2025 05:03:26; 17.500
 14.11.2025 05:06:26; 17.500
 14.11.2025 05:09:27; 17.500
 14.11.2025 05:12:27; 17.438
 14.11.2025 05:15:26; 17.438
 14.11.2025 05:18:27; 17.500
 14.11.2025 05:21:27; 17.438
 14.11.2025 05:24:26; 17.438
 14.11.2025 05:27:27; 17.438
 14.11.2025 05:30:27; 17.438
 14.11.2025 05:33:26; 17.438
 14.11.2025 05:36:27; 17.438
 14.11.2025 05:39:26; 17.438
 14.11.2025 05:42:26; 17.438
 14.11.2025 05:45:27; 17.375
 14.11.2025 05:48:26; 17.375
 14.11.2025 05:51:26; 17.375
 14.11.2025 05:54:27; 17.313
 14.11.2025 05:57:27; 17.313
 14.11.2025 06:00:26; 17.250
 14.11.2025 06:03:27; 17.250
 14.11.2025 06:06:27; 17.188
 14.11.2025 06:09:26; 17.188
 14.11.2025 06:12:27; 17.063
 14.11.2025 06:15:27; 17.000
 14.11.2025 06:18:26; 16.938
 14.11.2025 06:21:27; 16.813
 14.11.2025 06:24:26; 16.750
 14.11.2025 06:27:26; 16.688
 14.11.2025 06:30:27; 16.625
 14.11.2025 06:33:26; 16.563
 14.11.2025 06:36:26; 16.500
 14.11.2025 06:39:27; 16.500
 14.11.2025 06:42:27; 16.438
 14.11.2025 06:45:26; 16.313
 14.11.2025 06:48:27; 16.313
 14.11.2025 06:51:27; 16.250
 14.11.2025 06:54:26; 16.250
 14.11.2025 06:57:27; 16.250
 14.11.2025 07:00:27; 16.250
 14.11.2025 07:03:26; 16.188
 14.11.2025 07:06:27; 16.250
 14.11.2025 07:09:26; 16.250
 14.11.2025 07:12:26; 16.188
 14.11.2025 07:15:27; 16.188
 14.11.2025 07:18:26; 16.125
 14.11.2025 07:21:26; 16.063
 14.11.2025 07:24:27; 16.063
 14.11.2025 07:27:27; 16.000
 14.11.2025 07:30:26; 16.000
 14.11.2025 07:33:27; 16.063
 14.11.2025 07:36:27; 16.063
 14.11.2025 07:39:26; 16.000
 14.11.2025 07:42:27; 16.000
 14.11.2025 07:45:27; 16.000
 14.11.2025 07:48:26; 16.000
 14.11.2025 07:51:27; 16.000
 14.11.2025 07:54:26; 15.938
 14.11.2025 07:57:26; 15.875
 14.11.2025 08:00:27; 15.938
 14.11.2025 08:03:26; 15.938
 14.11.2025 08:06:26; 15.938
 14.11.2025 08:09:27; 15.875
 14.11.2025 08:12:27; 15.813
 14.11.2025 08:15:26; 15.750
 14.11.2025 08:18:27; 15.750
 14.11.2025 08:21:27; 15.813
 14.11.2025 08:24:26; 15.750
 14.11.2025 08:27:27; 15.750
 14.11.2025 08:30:27; 15.750
 14.11.2025 08:33:26; 15.625
 14.11.2025 08:36:27; 15.625
 14.11.2025 08:39:26; 15.563
 14.11.2025 08:42:26; 15.500
 14.11.2025 08:45:27; 15.438
 14.11.2025 08:48:26; 15.375
 14.11.2025 08:51:26; 15.313
 14.11.2025 08:54:27; 15.313
 14.11.2025 08:57:27; 15.250
 14.11.2025 09:00:26; 15.188
 14.11.2025 09:03:27; 15.063
 14.11.2025 09:06:27; 15.000
 14.11.2025 09:09:26; 14.938
 14.11.2025 09:12:27; 14.875
 14.11.2025 09:15:27; 14.875
 14.11.2025 09:18:26; 14.875
 14.11.2025 09:21:27; 14.813
 14.11.2025 09:24:26; 14.813
 14.11.2025 09:27:26; 14.813
 14.11.2025 09:30:27; 14.813
 14.11.2025 09:33:26; 14.813
 14.11.2025 09:36:26; 14.750
 14.11.2025 09:39:27; 14.750
 14.11.2025 09:42:27; 14.750
 14.11.2025 09:45:26; 14.750
 14.11.2025 09:48:27; 14.750
 14.11.2025 09:51:27; 14.813
 14.11.2025 09:54:26; 14.813
 14.11.2025 09:57:27; 14.875
 14.11.2025 10:00:27; 14.875
 14.11.2025 10:03:26; 14.938
 14.11.2025 10:06:27; 15.000
 14.11.2025 10:09:26; 15.063
 14.11.2025 10:12:26; 15.125
 14.11.2025 10:15:27; 15.188
 14.11.2025 10:18:26; 15.188
 14.11.2025 10:21:26; 15.250
 14.11.2025 10:24:27; 15.313
 14.11.2025 10:27:27; 15.375
 14.11.2025 10:30:26; 15.438
 14.11.2025 10:33:27; 15.500
 14.11.2025 10:36:27; 15.563
 14.11.2025 10:39:26; 15.688
 14.11.2025 10:42:27; 15.750
 14.11.2025 10:45:27; 15.813
 14.11.2025 10:48:26; 15.938
 14.11.2025 10:51:27; 16.063
 14.11.2025 10:54:26; 16.250
 14.11.2025 10:57:26; 16.375
 14.11.2025 11:00:27; 16.500
 14.11.2025 11:03:26; 16.688
 14.11.2025 11:06:26; 16.813
 14.11.2025 11:09:27; 17.000
 14.11.2025 11:12:27; 17.125
 14.11.2025 11:15:26; 17.188
 14.11.2025 11:18:27; 17.313
 14.11.2025 11:21:27; 17.375
 14.11.2025 11:24:26; 17.375
 14.11.2025 11:27:27; 17.500
 14.11.2025 11:30:27; 17.625
 14.11.2025 11:33:26; 17.875
 14.11.2025 11:36:27; 18.188
 14.11.2025 11:39:26; 18.500
 14.11.2025 11:42:26; 18.750
 14.11.2025 11:45:27; 18.938
 14.11.2025 11:48:26; 19.000
 14.11.2025 11:51:26; 19.000
 14.11.2025 11:54:27; 19.063
 14.11.2025 11:57:27; 19.125
 14.11.2025 12:00:26; 19.313
 14.11.2025 12:03:27; 19.625
 14.11.2025 12:06:27; 19.875
 14.11.2025 12:09:26; 19.875
 14.11.2025 12:12:27; 19.938
 14.11.2025 12:15:27; 19.875
 14.11.2025 12:18:26; 19.750
 14.11.2025 12:21:27; 19.688
 14.11.2025 12:24:26; 19.625
 14.11.2025 12:27:26; 19.563
 14.11.2025 12:30:27; 19.500
 14.11.2025 12:33:26; 19.500
 14.11.2025 12:36:26; 19.625
 14.11.2025 12:39:27; 19.750
 14.11.2025 12:42:27; 19.688
 14.11.2025 12:45:26; 19.875
 14.11.2025 12:48:27; 20.375
 14.11.2025 12:51:27; 20.875
 14.11.2025 12:54:26; 21.375
 14.11.2025 12:57:27; 21.500
 14.11.2025 13:00:27; 21.625
 14.11.2025 13:03:26; 21.938
 14.11.2025 13:06:27; 22.000
 14.11.2025 13:09:26; 22.188
 14.11.2025 13:12:26; 22.250
 14.11.2025 13:15:27; 22.313
 14.11.2025 13:18:26; 22.313
 14.11.2025 13:21:26; 22.063
 14.11.2025 13:24:27; 22.125
 14.11.2025 13:27:27; 22.438
 14.11.2025 13:30:26; 22.813
 14.11.2025 13:33:27; 23.000
 14.11.2025 13:36:27; 23.063
 14.11.2025 13:39:26; 23.188
 14.11.2025 13:42:27; 23.375
 14.11.2025 13:45:27; 23.375
 14.11.2025 13:48:26; 23.625
 14.11.2025 13:51:27; 24.000
 14.11.2025 13:54:26; 24.313
 14.11.2025 13:57:26; 24.438
 14.11.2025 14:00:27; 24.500
 14.11.2025 14:03:26; 24.688
 14.11.2025 14:06:26; 25.063
 14.11.2025 14:09:27; 25.188
 14.11.2025 14:12:27; 25.313
 14.11.2025 14:15:26; 25.313
 14.11.2025 14:18:27; 25.625
 14.11.2025 14:21:27; 25.500
 14.11.2025 14:24:26; 25.625
 14.11.2025 14:27:27; 25.813
 14.11.2025 14:30:27; 26.063
 14.11.2025 14:33:26; 26.500
 14.11.2025 14:36:27; 27.063
 14.11.2025 14:39:26; 27.563
 14.11.2025 14:42:26; 28.188
 14.11.2025 14:45:27; 29.000
 14.11.2025 14:48:26; 29.250
 14.11.2025 14:51:26; 29.063
 14.11.2025 14:54:27; 28.688
 14.11.2025 14:57:27; 28.438
 14.11.2025 15:00:26; 28.063
 14.11.2025 15:03:27; 28.000
 14.11.2025 15:06:27; 27.813
 14.11.2025 15:09:26; 28.000
 14.11.2025 15:12:27; 28.563
 14.11.2025 15:15:27; 28.625
 14.11.2025 15:18:26; 27.938
 14.11.2025 15:21:27; 27.375
 14.11.2025 15:24:26; 26.563
 14.11.2025 15:27:26; 25.875
 14.11.2025 15:30:27; 25.625
 14.11.2025 15:33:26; 25.375
 14.11.2025 15:36:26; 25.188
 14.11.2025 15:39:27; 24.875
 14.11.2025 15:42:27; 25.625
 14.11.2025 15:45:26; 26.688
 14.11.2025 15:48:27; 27.250
 14.11.2025 15:51:27; 27.813
 14.11.2025 15:54:26; 28.188
 14.11.2025 15:57:27; 28.875
 14.11.2025 16:00:27; 29.063
 14.11.2025 16:03:26; 28.438
 14.11.2025 16:06:27; 28.250
 14.11.2025 16:09:26; 27.625
 14.11.2025 16:12:26; 26.813
 14.11.2025 16:15:27; 26.250
 14.11.2025 16:18:26; 25.688
 14.11.2025 16:21:26; 25.250
 14.11.2025 16:24:27; 24.938
 14.11.2025 16:27:27; 24.813
 14.11.2025 16:30:26; 24.625
 14.11.2025 16:33:27; 24.563
 14.11.2025 16:36:27; 24.250
 14.11.2025 16:39:26; 24.000
 14.11.2025 16:42:27; 23.875
 14.11.2025 16:45:27; 23.813
 14.11.2025 16:48:26; 23.813
 14.11.2025 16:51:27; 23.688
 14.11.2025 16:54:26; 23.563
 14.11.2025 16:57:26; 23.438
 14.11.2025 17:00:27; 23.063
 14.11.2025 17:03:26; 22.813
 14.11.2025 17:06:26; 22.688
 14.11.2025 17:09:27; 22.625
 14.11.2025 17:12:27; 22.625
 14.11.2025 17:15:26; 22.750
 14.11.2025 17:18:27; 23.125
 14.11.2025 17:21:27; 23.438
 14.11.2025 17:24:26; 23.750
 14.11.2025 17:27:27; 24.063
 14.11.2025 17:30:27; 24.250
 14.11.2025 17:33:26; 24.313
 14.11.2025 17:36:27; 24.375
 14.11.2025 17:39:26; 24.313
 14.11.2025 17:42:26; 24.250
 14.11.2025 17:45:27; 24.125
 14.11.2025 17:48:26; 23.875
 14.11.2025 17:51:26; 23.688
 14.11.2025 17:54:27; 23.563
 14.11.2025 17:57:27; 23.500
 14.11.2025 18:00:26; 23.188
 14.11.2025 18:03:27; 22.938
 14.11.2025 18:06:27; 22.688
 14.11.2025 18:09:26; 22.500
 14.11.2025 18:12:27; 22.250
 14.11.2025 18:15:27; 22.188
 14.11.2025 18:18:26; 22.188
 14.11.2025 18:21:27; 22.188
 14.11.2025 18:24:26; 22.125
 14.11.2025 18:27:26; 22.250
 14.11.2025 18:30:27; 22.438
 14.11.2025 18:33:26; 22.500
 14.11.2025 18:36:26; 22.688
 14.11.2025 18:39:27; 22.875
 14.11.2025 18:42:27; 22.938
 14.11.2025 18:45:26; 23.000
 14.11.2025 18:48:27; 22.938
 14.11.2025 18:51:27; 22.875
 14.11.2025 18:54:26; 22.875
 14.11.2025 18:57:27; 22.938
 14.11.2025 19:00:27; 23.000
 14.11.2025 19:03:26; 23.000
 14.11.2025 19:06:27; 22.938
 14.11.2025 19:09:26; 22.875
 14.11.2025 19:12:26; 22.813
 14.11.2025 19:15:27; 22.750
 14.11.2025 19:18:26; 22.750
 14.11.2025 19:21:26; 22.750
 14.11.2025 19:24:27; 22.750
 14.11.2025 19:27:27; 22.813
 14.11.2025 19:30:26; 22.875
 14.11.2025 19:33:27; 22.813
 14.11.2025 19:36:27; 22.688
 14.11.2025 19:39:26; 22.563
 14.11.2025 19:42:27; 22.438
 14.11.2025 19:45:27; 22.250
 14.11.2025 19:48:26; 21.875
 14.11.2025 19:51:27; 21.750
 14.11.2025 19:54:26; 21.813
 14.11.2025 19:57:26; 21.938
 14.11.2025 20:00:27; 22.063
 14.11.2025 20:03:26; 22.188
 14.11.2025 20:06:26; 22.313
 14.11.2025 20:09:27; 22.563
 14.11.2025 20:12:27; 22.813
 14.11.2025 20:15:26; 23.125
 14.11.2025 20:18:27; 23.313
 14.11.2025 20:21:27; 23.250
 14.11.2025 20:24:26; 23.188
 14.11.2025 20:27:27; 23.125
 14.11.2025 20:30:27; 23.000
 14.11.2025 20:33:26; 23.000
 14.11.2025 20:36:27; 22.938
 14.11.2025 20:39:26; 22.813
 14.11.2025 20:42:26; 22.688
 14.11.2025 20:45:27; 22.563
 14.11.2025 20:48:26; 22.438
 14.11.2025 20:51:26; 22.313
 14.11.2025 20:54:27; 22.250
 14.11.2025 20:57:27; 22.250
 14.11.2025 21:00:26; 22.250
 14.11.2025 21:03:27; 22.313
 14.11.2025 21:06:27; 22.375
 14.11.2025 21:09:26; 22.438
 14.11.2025 21:12:27; 22.438
 14.11.2025 21:15:27; 22.438
 14.11.2025 21:18:26; 22.438
 14.11.2025 21:21:27; 22.375
 14.11.2025 21:24:26; 22.438
 14.11.2025 21:27:26; 22.438
 14.11.2025 21:30:27; 22.500
 14.11.2025 21:33:26; 22.438
 14.11.2025 21:36:26; 22.375
 14.11.2025 21:39:27; 22.313
 14.11.2025 21:42:27; 22.188
 14.11.2025 21:45:26; 22.063
 14.11.2025 21:48:27; 22.063
 14.11.2025 21:51:27; 22.125
 14.11.2025 21:54:26; 22.188
 14.11.2025 21:57:27; 22.250
 14.11.2025 22:00:27; 22.250
 14.11.2025 22:03:26; 22.313
 14.11.2025 22:06:27; 22.375
 14.11.2025 22:09:26; 22.313
 14.11.2025 22:12:26; 22.125
 14.11.2025 22:15:27; 21.813
 14.11.2025 22:18:26; 21.500
 14.11.2025 22:21:26; 21.313
 14.11.2025 22:24:27; 21.125
 14.11.2025 22:27:27; 20.938
 14.11.2025 22:30:26; 21.063
 14.11.2025 22:33:27; 21.250
 14.11.2025 22:36:27; 21.313
 14.11.2025 22:39:26; 21.375
 14.11.2025 22:42:27; 21.313
 14.11.2025 22:45:27; 21.250
 14.11.2025 22:48:26; 21.188
 14.11.2025 22:51:27; 21.125
 14.11.2025 22:54:26; 21.000
 14.11.2025 22:57:26; 20.875
 14.11.2025 23:00:27; 20.750
 14.11.2025 23:03:26; 20.625
 14.11.2025 23:06:26; 20.563
 14.11.2025 23:09:27; 20.500
 14.11.2025 23:12:27; 20.438
 14.11.2025 23:15:26; 20.375
 14.11.2025 23:18:27; 20.313
 14.11.2025 23:21:27; 20.250
 14.11.2025 23:24:26; 19.875
 14.11.2025 23:27:27; 19.563
 14.11.2025 23:30:27; 19.313
 14.11.2025 23:33:26; 19.125
 14.11.2025 23:36:27; 19.063
 14.11.2025 23:39:26; 19.000
 14.11.2025 23:42:26; 18.938
 14.11.2025 23:45:27; 18.875
 14.11.2025 23:48:26; 18.813
 14.11.2025 23:51:26; 18.813
 14.11.2025 23:54:27; 18.750
 14.11.2025 23:57:27; 18.750
 15.11.2025 00:00:26; 18.688
 15.11.2025 00:03:27; 18.688
 15.11.2025 00:06:27; 18.625
 15.11.2025 00:09:26; 18.500
 15.11.2025 00:12:27; 18.438
 15.11.2025 00:15:27; 18.313
 15.11.2025 00:18:26; 18.125
 15.11.2025 00:21:27; 17.875
 15.11.2025 00:24:26; 17.688
 15.11.2025 00:27:26; 17.500
 15.11.2025 00:30:27; 17.375
 15.11.2025 00:33:26; 17.250
 15.11.2025 00:36:26; 17.125
 15.11.2025 00:39:27; 17.000
 15.11.2025 00:42:27; 16.875
 15.11.2025 00:45:26; 16.813
 15.11.2025 00:48:27; 16.688
 15.11.2025 00:51:27; 16.500
 15.11.2025 00:54:26; 16.250
 15.11.2025 00:57:27; 16.125
 15.11.2025 01:00:27; 16.000
 15.11.2025 01:03:26; 15.938
 15.11.2025 01:06:27; 15.875
 15.11.2025 01:09:26; 15.750
 15.11.2025 01:12:26; 15.750
 15.11.2025 01:15:27; 15.625
 15.11.2025 01:18:26; 15.438
 15.11.2025 01:21:26; 15.250
 15.11.2025 01:24:27; 15.125
 15.11.2025 01:27:27; 15.063
 15.11.2025 01:30:26; 15.000
 15.11.2025 01:33:27; 14.875
 15.11.2025 01:36:27; 14.813
 15.11.2025 01:39:26; 14.813
 15.11.2025 01:42:27; 14.750
 15.11.2025 01:45:27; 14.688
 15.11.2025 01:48:26; 14.688
 15.11.2025 01:51:27; 14.625
 15.11.2025 01:54:26; 14.500
 15.11.2025 01:57:26; 14.313
 15.11.2025 02:00:27; 14.188
 15.11.2025 02:03:26; 14.125
 15.11.2025 02:06:26; 14.063
 15.11.2025 02:09:27; 14.000
 15.11.2025 02:12:27; 13.938
 15.11.2025 02:15:26; 13.938
 15.11.2025 02:18:27; 13.875
 15.11.2025 02:21:27; 13.813
 15.11.2025 02:24:26; 13.813
 15.11.2025 02:27:27; 13.813
 15.11.2025 02:30:27; 13.813
 15.11.2025 02:33:26; 13.813
 15.11.2025 02:36:27; 13.813
 15.11.2025 02:39:26; 13.813
 15.11.2025 02:42:26; 13.688
 15.11.2025 02:45:27; 13.625
 15.11.2025 02:48:26; 13.563
 15.11.2025 02:51:26; 13.500
 15.11.2025 02:54:27; 13.438
 15.11.2025 02:57:27; 13.375
 15.11.2025 03:00:26; 13.313
 15.11.2025 03:03:27; 13.250
 15.11.2025 03:06:27; 13.250
 15.11.2025 03:09:26; 13.188
 15.11.2025 03:12:27; 13.188
 15.11.2025 03:15:27; 13.188
 15.11.2025 03:18:26; 13.125
 15.11.2025 03:21:27; 13.125
 15.11.2025 03:24:26; 13.125
 15.11.2025 03:27:26; 13.063
 15.11.2025 03:30:27; 13.063
 15.11.2025 03:33:26; 13.063
 15.11.2025 03:36:26; 13.000
 15.11.2025 03:39:27; 13.063
 15.11.2025 03:42:27; 13.063
 15.11.2025 03:45:26; 13.063
 15.11.2025 03:48:27; 13.063
 15.11.2025 03:51:27; 13.063
 15.11.2025 03:54:26; 13.063
 15.11.2025 03:57:27; 13.063
 15.11.2025 04:00:27; 13.063
 15.11.2025 04:03:26; 13.063
 15.11.2025 04:06:27; 13.125
 15.11.2025 04:09:26; 13.125
 15.11.2025 04:12:26; 13.125
 15.11.2025 04:15:27; 13.188
 15.11.2025 04:18:26; 13.188
 15.11.2025 04:21:26; 13.188
 15.11.2025 04:24:27; 13.250
 15.11.2025 04:27:27; 13.250
 15.11.2025 04:30:26; 13.250
 15.11.2025 04:33:27; 13.250
 15.11.2025 04:36:27; 13.250
 15.11.2025 04:39:26; 13.313
 15.11.2025 04:42:27; 13.313
 15.11.2025 04:45:27; 13.313
 15.11.2025 04:48:26; 13.250
 15.11.2025 04:51:27; 13.313
 15.11.2025 04:54:26; 13.313
 15.11.2025 04:57:26; 13.313
 15.11.2025 05:00:27; 13.375
 15.11.2025 05:03:26; 13.375
 15.11.2025 05:06:26; 13.438
 15.11.2025 05:09:27; 13.438
 15.11.2025 05:12:27; 13.438
 15.11.2025 05:15:26; 13.500
 15.11.2025 05:18:27; 13.500
 15.11.2025 05:21:27; 13.500
 15.11.2025 05:24:26; 13.563
 15.11.2025 05:27:27; 13.563
 15.11.2025 05:30:27; 13.625
 15.11.2025 05:33:26; 13.625
 15.11.2025 05:36:27; 13.688
 15.11.2025 05:39:26; 13.688
 15.11.2025 05:42:26; 13.750
 15.11.2025 05:45:27; 13.750
 15.11.2025 05:48:26; 13.750
 15.11.2025 05:51:26; 13.813
 15.11.2025 05:54:27; 13.813
 15.11.2025 05:57:27; 13.813
 15.11.2025 06:00:26; 13.813
 15.11.2025 06:03:27; 13.875
 15.11.2025 06:06:27; 13.875
 15.11.2025 06:09:26; 13.875
 15.11.2025 06:12:27; 13.875
 15.11.2025 06:15:27; 13.938
 15.11.2025 06:18:26; 13.938
 15.11.2025 06:21:27; 13.938
 15.11.2025 06:24:26; 14.000
 15.11.2025 06:27:26; 14.000
 15.11.2025 06:30:27; 14.063
 15.11.2025 06:33:26; 14.063
 15.11.2025 06:36:26; 14.125
 15.11.2025 06:39:27; 14.188
 15.11.2025 06:42:27; 14.188
 15.11.2025 06:45:26; 14.313
 15.11.2025 06:48:27; 14.313
 15.11.2025 06:51:27; 14.313
 15.11.2025 06:54:26; 14.313
 15.11.2025 06:57:27; 14.250
 15.11.2025 07:00:27; 14.250
 15.11.2025 07:03:26; 14.188
 15.11.2025 07:06:27; 14.188
 15.11.2025 07:09:26; 14.188
 15.11.2025 07:12:26; 14.188
 15.11.2025 07:15:27; 14.188
 15.11.2025 07:18:26; 14.188
 15.11.2025 07:21:26; 14.188
 15.11.2025 07:24:27; 14.250
 15.11.2025 07:27:27; 14.188
 15.11.2025 07:30:26; 14.188
 15.11.2025 07:33:27; 14.188
 15.11.2025 07:36:27; 14.188
 15.11.2025 07:39:26; 14.188
 15.11.2025 07:42:27; 14.250
 15.11.2025 07:45:27; 14.250
 15.11.2025 07:48:26; 14.250
 15.11.2025 07:51:27; 14.250
 15.11.2025 07:54:26; 14.250
 15.11.2025 07:57:26; 14.250
 15.11.2025 08:00:27; 14.250
 15.11.2025 08:03:26; 14.188
 15.11.2025 08:06:26; 14.188
 15.11.2025 08:09:27; 14.188
 15.11.2025 08:12:27; 14.188
 15.11.2025 08:15:26; 14.125
 15.11.2025 08:18:27; 14.125
 15.11.2025 08:21:27; 14.063
 15.11.2025 08:24:26; 14.063
 15.11.2025 08:27:27; 14.125
 15.11.2025 08:30:27; 14.063
 15.11.2025 08:33:26; 14.063
 15.11.2025 08:36:27; 14.063
 15.11.2025 08:39:26; 14.125
 15.11.2025 08:42:26; 14.125
 15.11.2025 08:45:27; 14.188
 15.11.2025 08:48:26; 14.188
 15.11.2025 08:51:26; 14.188
 15.11.2025 08:54:27; 14.250
 15.11.2025 08:57:27; 14.313
 15.11.2025 09:00:26; 14.250
 15.11.2025 09:03:27; 14.313
 15.11.2025 09:06:27; 14.313
 15.11.2025 09:09:26; 14.375
 15.11.2025 09:12:27; 14.375
 15.11.2025 09:15:27; 14.375
 15.11.2025 09:18:26; 14.375
 15.11.2025 09:21:27; 14.313
 15.11.2025 09:24:26; 14.313
 15.11.2025 09:27:26; 14.375
 15.11.2025 09:30:27; 14.375
 15.11.2025 09:33:26; 14.375
 15.11.2025 09:36:26; 14.375
 15.11.2025 09:39:27; 14.375
 15.11.2025 09:42:27; 14.438
 15.11.2025 09:45:26; 14.438
 15.11.2025 09:48:27; 14.438
 15.11.2025 09:51:27; 14.500
 15.11.2025 09:54:26; 14.500
 15.11.2025 09:57:27; 14.500
 15.11.2025 10:00:27; 14.500
 15.11.2025 10:03:26; 14.500
 15.11.2025 10:06:27; 14.563
 15.11.2025 10:09:26; 14.625
 15.11.2025 10:12:26; 14.625
 15.11.2025 10:15:27; 14.688
 15.11.2025 10:18:26; 14.750
 15.11.2025 10:21:26; 14.750
 15.11.2025 10:24:27; 14.750
 15.11.2025 10:27:27; 14.813
 15.11.2025 10:30:26; 14.875
 15.11.2025 10:33:27; 14.875
 15.11.2025 10:36:27; 14.875
 15.11.2025 10:39:26; 14.875
 15.11.2025 10:42:27; 14.938
 15.11.2025 10:45:27; 14.938
 15.11.2025 10:48:26; 14.938
 15.11.2025 10:51:27; 14.938
 15.11.2025 10:54:26; 15.000
 15.11.2025 10:57:26; 15.063
 15.11.2025 11:00:27; 15.063
 15.11.2025 11:03:26; 15.000
 15.11.2025 11:06:26; 15.000
 15.11.2025 11:09:27; 15.000
 15.11.2025 11:12:27; 15.000
 15.11.2025 11:15:26; 14.938
 15.11.2025 11:18:27; 14.938
 15.11.2025 11:21:27; 14.875
 15.11.2025 11:24:26; 14.875
 15.11.2025 11:27:27; 14.938
 15.11.2025 11:30:27; 14.938
 15.11.2025 11:33:26; 14.938
 15.11.2025 11:36:27; 15.000
 15.11.2025 11:39:26; 15.063
 15.11.2025 11:42:26; 15.125
 15.11.2025 11:45:27; 15.188
 15.11.2025 11:48:26; 15.125
 15.11.2025 11:51:26; 15.000
 15.11.2025 11:54:27; 14.875
 15.11.2025 11:57:27; 14.688
 15.11.2025 12:00:26; 14.563
 15.11.2025 12:03:27; 14.500
 15.11.2025 12:06:27; 14.438
 15.11.2025 12:09:26; 14.438
 15.11.2025 12:12:27; 14.438
 15.11.2025 12:15:27; 14.438
 15.11.2025 12:18:26; 14.438
 15.11.2025 12:21:27; 14.375
 15.11.2025 12:24:26; 14.438
 15.11.2025 12:27:26; 14.563
 15.11.2025 12:30:27; 14.563
 15.11.2025 12:33:26; 14.563
 15.11.2025 12:36:26; 14.438
 15.11.2025 12:39:27; 14.438
 15.11.2025 12:42:27; 14.375
 15.11.2025 12:45:26; 14.375
 15.11.2025 12:48:27; 14.500
 15.11.2025 12:51:27; 14.500
 15.11.2025 12:54:26; 14.500
 15.11.2025 12:57:27; 14.500
 15.11.2025 13:00:27; 14.563
 15.11.2025 13:03:26; 14.688
 15.11.2025 13:06:27; 14.750
 15.11.2025 13:09:26; 14.875
 15.11.2025 13:12:26; 15.000
 15.11.2025 13:15:27; 15.063
 15.11.2025 13:18:26; 15.063
 15.11.2025 13:21:26; 15.063
 15.11.2025 13:24:27; 14.938
 15.11.2025 13:27:27; 14.875
 15.11.2025 13:30:26; 14.813
 15.11.2025 13:33:27; 14.875
 15.11.2025 13:36:27; 14.938
 15.11.2025 13:39:26; 14.938
 15.11.2025 13:42:27; 15.000
 15.11.2025 13:45:27; 15.000
 15.11.2025 13:48:26; 14.938
 15.11.2025 13:51:27; 14.875
 15.11.2025 13:54:26; 14.938
 15.11.2025 13:57:26; 15.063
 15.11.2025 14:00:27; 15.000
 15.11.2025 14:03:26; 15.000
 15.11.2025 14:06:26; 15.063
 15.11.2025 14:09:27; 15.125
 15.11.2025 14:12:27; 15.250
 15.11.2025 14:15:26; 15.375
 15.11.2025 14:18:27; 15.438
 15.11.2025 14:21:27; 15.375
 15.11.2025 14:24:26; 15.313
 15.11.2025 14:27:27; 15.250
 15.11.2025 14:30:27; 15.250
 15.11.2025 14:33:26; 15.438
 15.11.2025 14:36:27; 15.625
 15.11.2025 14:39:26; 15.875
 15.11.2025 14:42:26; 16.125
 15.11.2025 14:45:27; 16.063
 15.11.2025 14:48:26; 15.938
 15.11.2025 14:51:26; 15.750
 15.11.2025 14:54:27; 15.563
 15.11.2025 14:57:27; 15.500
 15.11.2025 15:00:26; 15.500
 15.11.2025 15:03:27; 15.500
 15.11.2025 15:06:27; 15.563
 15.11.2025 15:09:26; 15.688
 15.11.2025 15:12:27; 15.625
 15.11.2025 15:15:27; 15.625
 15.11.2025 15:18:26; 15.875
 15.11.2025 15:21:27; 16.250
 15.11.2025 15:24:26; 16.438
 15.11.2025 15:27:26; 16.500
 15.11.2025 15:30:27; 16.500
 15.11.2025 15:33:26; 16.563
 15.11.2025 15:36:26; 16.625
 15.11.2025 15:39:27; 16.688
 15.11.2025 15:42:27; 16.875
 15.11.2025 15:45:26; 17.188
 15.11.2025 15:48:27; 17.000
 15.11.2025 15:51:27; 16.688
 15.11.2025 15:54:26; 16.438
 15.11.2025 15:57:27; 16.375
 15.11.2025 16:00:27; 16.500
 15.11.2025 16:03:26; 16.875
 15.11.2025 16:06:27; 17.063
 15.11.2025 16:09:26; 17.125
 15.11.2025 16:12:26; 17.188
 15.11.2025 16:15:27; 17.313
 15.11.2025 16:18:26; 17.313
 15.11.2025 16:21:26; 17.250
 15.11.2025 16:24:27; 17.250
 15.11.2025 16:27:27; 17.250
 15.11.2025 16:30:26; 17.125
 15.11.2025 16:33:27; 17.125
 15.11.2025 16:36:27; 17.188
 15.11.2025 16:39:26; 17.188
 15.11.2025 16:42:27; 17.063
 15.11.2025 16:45:27; 17.125
 15.11.2025 16:48:26; 17.125
 15.11.2025 16:51:27; 17.063
 15.11.2025 16:54:26; 17.063
 15.11.2025 16:57:26; 16.938
 15.11.2025 17:00:27; 16.750
 15.11.2025 17:03:26; 16.625
 15.11.2025 17:06:26; 16.750
 15.11.2025 17:09:27; 16.813
 15.11.2025 17:12:27; 16.875
 15.11.2025 17:15:26; 16.938
 15.11.2025 17:18:27; 17.125
 15.11.2025 17:21:27; 17.250
 15.11.2025 17:24:26; 17.375
 15.11.2025 17:27:27; 17.750
 15.11.2025 17:30:27; 18.250
 15.11.2025 17:33:26; 18.938
 15.11.2025 17:36:27; 19.188
 15.11.2025 17:39:26; 18.938
 15.11.2025 17:42:26; 18.875
 15.11.2025 17:45:27; 18.938
 15.11.2025 17:48:26; 19.313
 15.11.2025 17:51:26; 19.500
 15.11.2025 17:54:27; 19.563
 15.11.2025 17:57:27; 19.563
 15.11.2025 18:00:26; 19.625
 15.11.2025 18:03:27; 19.563
 15.11.2025 18:06:27; 19.500
 15.11.2025 18:09:26; 19.375
 15.11.2025 18:12:27; 19.313
 15.11.2025 18:15:27; 19.375
 15.11.2025 18:18:26; 19.438
 15.11.2025 18:21:27; 19.750
 15.11.2025 18:24:26; 20.000
 15.11.2025 18:27:26; 20.313
 15.11.2025 18:30:27; 20.500
 15.11.2025 18:33:26; 20.563
 15.11.2025 18:36:26; 20.563
 15.11.2025 18:39:27; 20.500
 15.11.2025 18:42:27; 20.438
 15.11.2025 18:45:26; 20.563
 15.11.2025 18:48:27; 21.250
 15.11.2025 18:51:27; 20.813
 15.11.2025 18:54:26; 19.813
 15.11.2025 18:57:27; 18.813
 15.11.2025 19:00:27; 18.063
 15.11.2025 19:03:26; 17.438
 15.11.2025 19:06:27; 16.938
 15.11.2025 19:09:26; 16.250
 15.11.2025 19:12:26; 15.438
 15.11.2025 19:15:27; 15.188
 15.11.2025 19:18:26; 16.500
 15.11.2025 19:21:26; 16.188
 15.11.2025 19:24:27; 15.750
 15.11.2025 19:27:27; 15.375
 15.11.2025 19:30:26; 15.063
 15.11.2025 19:33:27; 14.688
 15.11.2025 19:36:27; 14.500
 15.11.2025 19:39:26; 14.250
 15.11.2025 19:42:27; 14.188
 15.11.2025 19:45:27; 14.000
 15.11.2025 19:48:26; 13.938
 15.11.2025 19:51:27; 13.938
 15.11.2025 19:54:26; 14.000
 15.11.2025 19:57:26; 13.938
 15.11.2025 20:00:27; 14.063
 15.11.2025 20:03:26; 14.125
 15.11.2025 20:06:26; 14.063
 15.11.2025 20:09:27; 14.188
 15.11.2025 20:12:27; 14.250
 15.11.2025 20:15:26; 14.250
 15.11.2025 20:18:27; 14.125
 15.11.2025 20:21:27; 14.063
 15.11.2025 20:24:26; 14.063
 15.11.2025 20:27:27; 14.063
 15.11.2025 20:30:27; 14.000
 15.11.2025 20:33:26; 14.000
 15.11.2025 20:36:27; 13.875
 15.11.2025 20:39:26; 13.813
 15.11.2025 20:42:26; 13.750
 15.11.2025 20:45:27; 13.750
 15.11.2025 20:48:26; 13.750
 15.11.2025 20:51:26; 13.750
 15.11.2025 20:54:27; 13.750
 15.11.2025 20:57:27; 13.750
 15.11.2025 21:00:26; 13.688
 15.11.2025 21:03:27; 13.750
 15.11.2025 21:06:27; 13.688
 15.11.2025 21:09:26; 13.625
 15.11.2025 21:12:27; 13.500
 15.11.2025 21:15:27; 13.500
 15.11.2025 21:18:26; 13.500
 15.11.2025 21:21:27; 13.500
 15.11.2025 21:24:26; 13.375
 15.11.2025 21:27:26; 13.313
 15.11.2025 21:30:27; 13.250
 15.11.2025 21:33:26; 13.250
 15.11.2025 21:36:26; 13.250
 15.11.2025 21:39:27; 13.313
 15.11.2025 21:42:27; 13.313
 15.11.2025 21:45:26; 13.375
 15.11.2025 21:48:27; 13.438
 15.11.2025 21:51:27; 13.563
 15.11.2025 21:54:26; 13.563
 15.11.2025 21:57:27; 13.625
 15.11.2025 22:00:27; 13.563
 15.11.2025 22:03:26; 13.563
 15.11.2025 22:06:27; 13.563
 15.11.2025 22:09:26; 13.563
 15.11.2025 22:12:26; 13.500
 15.11.2025 22:15:27; 13.438
 15.11.2025 22:18:26; 13.500
 15.11.2025 22:21:26; 13.500
 15.11.2025 22:24:27; 13.500
 15.11.2025 22:27:27; 13.500
 15.11.2025 22:30:26; 13.563
 15.11.2025 22:33:27; 13.625
 15.11.2025 22:36:27; 13.688
 15.11.2025 22:39:26; 13.750
 15.11.2025 22:42:27; 13.813
 15.11.2025 22:45:27; 13.813
 15.11.2025 22:48:26; 13.813
 15.11.2025 22:51:27; 13.813
 15.11.2025 22:54:26; 13.813
 15.11.2025 22:57:26; 13.813
 15.11.2025 23:00:27; 13.813
 15.11.2025 23:03:26; 13.813
 15.11.2025 23:06:26; 13.875
 15.11.2025 23:09:27; 13.938
 15.11.2025 23:12:27; 14.000
 15.11.2025 23:15:26; 14.063
 15.11.2025 23:18:27; 14.313
 15.11.2025 23:21:27; 14.500
 15.11.2025 23:24:26; 14.750
 15.11.2025 23:27:27; 14.875
 15.11.2025 23:30:27; 14.875
 15.11.2025 23:33:26; 14.875
 15.11.2025 23:36:27; 14.813
 15.11.2025 23:39:26; 14.750
 15.11.2025 23:42:26; 14.750
 15.11.2025 23:45:27; 14.688
 15.11.2025 23:48:26; 14.563
 15.11.2025 23:51:26; 14.500
 15.11.2025 23:54:27; 14.500
 15.11.2025 23:57:27; 14.500
 16.11.2025 00:00:26; 14.438
 16.11.2025 00:03:27; 14.438
 16.11.2025 00:06:27; 14.438
 16.11.2025 00:09:26; 14.375
 16.11.2025 00:12:27; 14.375
 16.11.2025 00:15:27; 14.438
 16.11.2025 00:18:26; 14.563
 16.11.2025 00:21:27; 14.625
 16.11.2025 00:24:26; 14.688
 16.11.2025 00:27:26; 14.750
 16.11.2025 00:30:27; 14.750
 16.11.2025 00:33:26; 14.750
 16.11.2025 00:36:26; 14.750
 16.11.2025 00:39:27; 14.688
 16.11.2025 00:42:27; 14.625
 16.11.2025 00:45:26; 14.563
 16.11.2025 00:48:27; 14.500
 16.11.2025 00:51:27; 14.500
 16.11.2025 00:54:26; 14.375
 16.11.2025 00:57:27; 14.313
 16.11.2025 01:00:27; 14.250
 16.11.2025 01:03:26; 14.125
 16.11.2025 01:06:27; 14.000
 16.11.2025 01:09:26; 13.875
 16.11.2025 01:12:26; 13.750
 16.11.2025 01:15:27; 13.688
 16.11.2025 01:18:26; 13.625
 16.11.2025 01:21:26; 13.563
 16.11.2025 01:24:27; 13.563
 16.11.2025 01:27:27; 13.438
 16.11.2025 01:30:26; 13.375
 16.11.2025 01:33:27; 13.250
 16.11.2025 01:36:27; 13.125
 16.11.2025 01:39:26; 13.063
 16.11.2025 01:42:27; 13.000
 16.11.2025 01:45:27; 12.938
 16.11.2025 01:48:26; 12.938
 16.11.2025 01:51:27; 12.875
 16.11.2025 01:54:26; 12.813
 16.11.2025 01:57:26; 12.813
 16.11.2025 02:00:27; 12.813
 16.11.2025 02:03:26; 12.813
 16.11.2025 02:06:26; 12.813
 16.11.2025 02:09:27; 12.750
 16.11.2025 02:12:27; 12.750
 16.11.2025 02:15:26; 12.750
 16.11.2025 02:18:27; 12.750
 16.11.2025 02:21:27; 12.688
 16.11.2025 02:24:26; 12.750
 16.11.2025 02:27:27; 12.813
 16.11.2025 02:30:27; 12.813
 16.11.2025 02:33:26; 12.813
 16.11.2025 02:36:27; 12.813
 16.11.2025 02:39:26; 12.813
 16.11.2025 02:42:26; 12.813
 16.11.2025 02:45:27; 12.813
 16.11.2025 02:48:26; 12.750
 16.11.2025 02:51:26; 12.688
 16.11.2025 02:54:27; 12.625
 16.11.2025 02:57:27; 12.563
 16.11.2025 03:00:26; 12.563
 16.11.2025 03:03:27; 12.563
 16.11.2025 03:06:27; 12.563
 16.11.2025 03:09:26; 12.500
 16.11.2025 03:12:27; 12.500
 16.11.2025 03:15:27; 12.563
 16.11.2025 03:18:26; 12.563
 16.11.2025 03:21:27; 12.625
 16.11.2025 03:24:26; 12.625
 16.11.2025 03:27:26; 12.625
 16.11.2025 03:30:27; 12.625
 16.11.2025 03:33:26; 12.625
 16.11.2025 03:36:26; 12.625
 16.11.2025 03:39:27; 12.625
 16.11.2025 03:42:27; 12.625
 16.11.2025 03:45:26; 12.625
 16.11.2025 03:48:27; 12.625
 16.11.2025 03:51:27; 12.625
 16.11.2025 03:54:26; 12.625
 16.11.2025 03:57:27; 12.625
 16.11.2025 04:00:27; 12.625
 16.11.2025 04:03:26; 12.625
 16.11.2025 04:06:27; 12.625
 16.11.2025 04:09:26; 12.625
 16.11.2025 04:12:26; 12.625
 16.11.2025 04:15:27; 12.625
 16.11.2025 04:18:26; 12.625
 16.11.2025 04:21:26; 12.625
 16.11.2025 04:24:27; 12.625
 16.11.2025 04:27:27; 12.625
 16.11.2025 04:30:26; 12.688
 16.11.2025 04:33:27; 12.688
 16.11.2025 04:36:27; 12.688
 16.11.2025 04:39:26; 12.625
 16.11.2025 04:42:27; 12.625
 16.11.2025 04:45:27; 12.625
 16.11.2025 04:48:26; 12.625
 16.11.2025 04:51:27; 12.625
 16.11.2025 04:54:26; 12.625
 16.11.2025 04:57:26; 12.625
 16.11.2025 05:00:27; 12.563
 16.11.2025 05:03:26; 12.563
 16.11.2025 05:06:26; 12.563
 16.11.2025 05:09:27; 12.563
 16.11.2025 05:12:27; 12.563
 16.11.2025 05:15:26; 12.563
 16.11.2025 05:18:27; 12.563
 16.11.2025 05:21:27; 12.563
 16.11.2025 05:24:26; 12.563
 16.11.2025 05:27:27; 12.563
 16.11.2025 05:30:27; 12.563
 16.11.2025 05:33:26; 12.563
 16.11.2025 05:36:27; 12.563
 16.11.2025 05:39:26; 12.563
 16.11.2025 05:42:26; 12.625
 16.11.2025 05:45:27; 12.625
 16.11.2025 05:48:26; 12.625
 16.11.2025 05:51:26; 12.625
 16.11.2025 05:54:27; 12.625
 16.11.2025 05:57:27; 12.625
 16.11.2025 06:00:26; 12.625
 16.11.2025 06:03:27; 12.625
 16.11.2025 06:06:27; 12.625
 16.11.2025 06:09:26; 12.625
 16.11.2025 06:12:27; 12.625
 16.11.2025 06:15:27; 12.688
 16.11.2025 06:18:26; 12.625
 16.11.2025 06:21:27; 12.625
 16.11.2025 06:24:26; 12.625
 16.11.2025 06:27:26; 12.625
 16.11.2025 06:30:27; 12.625
 16.11.2025 06:33:26; 12.625
 16.11.2025 06:36:26; 12.688
 16.11.2025 06:39:27; 12.688
 16.11.2025 06:42:27; 12.688
 16.11.2025 06:45:26; 12.688
 16.11.2025 06:48:27; 12.688
 16.11.2025 06:51:27; 12.688
 16.11.2025 06:54:26; 12.688
 16.11.2025 06:57:27; 12.688
 16.11.2025 07:00:27; 12.688
 16.11.2025 07:03:26; 12.625
 16.11.2025 07:06:27; 12.625
 16.11.2025 07:09:26; 12.625
 16.11.2025 07:12:26; 12.563
 16.11.2025 07:15:27; 12.563
 16.11.2025 07:18:26; 12.625
 16.11.2025 07:21:26; 12.625
 16.11.2025 07:24:27; 12.625
 16.11.2025 07:27:27; 12.625
 16.11.2025 07:30:26; 12.625
 16.11.2025 07:33:27; 12.625
 16.11.2025 07:36:27; 12.625
 16.11.2025 07:39:26; 12.625
 16.11.2025 07:42:27; 12.563
 16.11.2025 07:45:27; 12.563
 16.11.2025 07:48:26; 12.563
 16.11.2025 07:51:27; 12.563
 16.11.2025 07:54:26; 12.500
 16.11.2025 07:57:26; 12.438
 16.11.2025 08:00:27; 12.375
 16.11.2025 08:03:26; 12.313
 16.11.2025 08:06:26; 12.313
 16.11.2025 08:09:27; 12.313
 16.11.2025 08:12:27; 12.313
 16.11.2025 08:15:26; 12.313
 16.11.2025 08:18:27; 12.313
 16.11.2025 08:21:27; 12.313
 16.11.2025 08:24:26; 12.375
 16.11.2025 08:27:27; 12.375
 16.11.2025 08:30:27; 12.375
 16.11.2025 08:33:26; 12.375
 16.11.2025 08:36:27; 12.375
 16.11.2025 08:39:26; 12.375
 16.11.2025 08:42:26; 12.438
 16.11.2025 08:45:27; 12.438
 16.11.2025 08:48:26; 12.438
 16.11.2025 08:51:26; 12.438
 16.11.2025 08:54:27; 12.438
 16.11.2025 08:57:27; 12.500
 16.11.2025 09:00:26; 12.500
 16.11.2025 09:03:27; 12.500
 16.11.2025 09:06:27; 12.500
 16.11.2025 09:09:26; 12.500
 16.11.2025 09:12:27; 12.500
 16.11.2025 09:15:27; 12.500
 16.11.2025 09:18:26; 12.438
 16.11.2025 09:21:27; 12.438
 16.11.2025 09:24:26; 12.438
 16.11.2025 09:27:26; 12.375
 16.11.2025 09:30:27; 12.375
 16.11.2025 09:33:26; 12.375
 16.11.2025 09:36:26; 12.375
 16.11.2025 09:39:27; 12.375
 16.11.2025 09:42:27; 12.375
 16.11.2025 09:45:26; 12.313
 16.11.2025 09:48:27; 12.313
 16.11.2025 09:51:27; 12.313
 16.11.2025 09:54:26; 12.313
 16.11.2025 09:57:27; 12.313
 16.11.2025 10:00:27; 12.250
 16.11.2025 10:03:26; 12.250
 16.11.2025 10:06:27; 12.188
 16.11.2025 10:09:26; 12.125
 16.11.2025 10:12:26; 12.125
 16.11.2025 10:15:27; 12.063
 16.11.2025 10:18:26; 12.063
 16.11.2025 10:21:26; 12.063
 16.11.2025 10:24:27; 12.063
 16.11.2025 10:27:27; 12.063
 16.11.2025 10:30:26; 12.063
 16.11.2025 10:33:27; 12.063
 16.11.2025 10:36:27; 12.000
 16.11.2025 10:39:26; 12.000
 16.11.2025 10:42:27; 12.000
 16.11.2025 10:45:27; 12.000
 16.11.2025 10:48:26; 12.000
 16.11.2025 10:51:27; 12.000
 16.11.2025 10:54:26; 12.000
 16.11.2025 10:57:26; 12.000
 16.11.2025 11:00:27; 12.000
 16.11.2025 11:03:26; 12.000
 16.11.2025 11:06:26; 12.000
 16.11.2025 11:09:27; 12.000
 16.11.2025 11:12:27; 12.000
 16.11.2025 11:15:26; 12.000
 16.11.2025 11:18:27; 12.000
 16.11.2025 11:21:27; 12.063
 16.11.2025 11:24:26; 12.063
 16.11.2025 11:27:27; 12.063
 16.11.2025 11:30:27; 12.063
 16.11.2025 11:33:26; 12.000
 16.11.2025 11:36:27; 12.000
 16.11.2025 11:39:26; 12.000
 16.11.2025 11:42:26; 12.000
 16.11.2025 11:45:27; 11.938
 16.11.2025 11:48:26; 11.938
 16.11.2025 11:51:26; 11.938
 16.11.2025 11:54:27; 11.875
 16.11.2025 11:57:27; 11.813
 16.11.2025 12:00:26; 11.750
 16.11.2025 12:03:27; 11.750
 16.11.2025 12:06:27; 11.688
 16.11.2025 12:09:26; 11.688
 16.11.2025 12:12:27; 11.625
 16.11.2025 12:15:27; 11.625
 16.11.2025 12:18:26; 11.688
 16.11.2025 12:21:27; 11.625
 16.11.2025 12:24:26; 11.563
 16.11.2025 12:27:26; 11.500
 16.11.2025 12:30:27; 11.438
 16.11.2025 12:33:26; 11.375
 16.11.2025 12:36:26; 11.375
 16.11.2025 12:39:27; 11.375
 16.11.2025 12:42:27; 11.375
 16.11.2025 12:45:26; 11.375
 16.11.2025 12:48:27; 11.375
 16.11.2025 12:51:27; 11.438
 16.11.2025 12:54:26; 11.438
 16.11.2025 12:57:27; 11.438
 16.11.2025 13:00:27; 11.438
 16.11.2025 13:03:26; 11.375
 16.11.2025 13:06:27; 11.313
 16.11.2025 13:09:26; 11.313
 16.11.2025 13:12:26; 11.250
 16.11.2025 13:15:27; 11.188
 16.11.2025 13:18:26; 11.125
 16.11.2025 13:21:26; 11.125
 16.11.2025 13:24:27; 11.188
 16.11.2025 13:27:27; 11.250
 16.11.2025 13:30:26; 11.250
 16.11.2025 13:33:27; 11.375
 16.11.2025 13:36:27; 11.625
 16.11.2025 13:39:26; 11.563
 16.11.2025 13:42:27; 11.500
 16.11.2025 13:45:27; 11.438
 16.11.2025 13:48:26; 11.313
 16.11.2025 13:51:27; 11.375
 16.11.2025 13:54:26; 11.375
 16.11.2025 13:57:26; 11.438
 16.11.2025 14:00:27; 11.563
 16.11.2025 14:03:26; 11.688
 16.11.2025 14:06:26; 11.688
 16.11.2025 14:09:27; 11.563
 16.11.2025 14:12:27; 11.563
 16.11.2025 14:15:26; 11.625
 16.11.2025 14:18:27; 11.625
 16.11.2025 14:21:27; 11.625
 16.11.2025 14:24:26; 11.688
 16.11.2025 14:27:27; 11.813
 16.11.2025 14:30:27; 11.813
 16.11.2025 14:33:26; 11.938
 16.11.2025 14:36:27; 12.063
 16.11.2025 14:39:26; 12.125
 16.11.2025 14:42:26; 12.250
 16.11.2025 14:45:27; 12.438
 16.11.2025 14:48:26; 12.688
 16.11.2025 14:51:26; 13.000
 16.11.2025 14:54:27; 13.125
 16.11.2025 14:57:27; 13.188
 16.11.2025 15:00:26; 13.313
 16.11.2025 15:03:27; 13.375
 16.11.2025 15:06:27; 13.563
 16.11.2025 15:09:26; 13.813
 16.11.2025 15:12:27; 13.813
 16.11.2025 15:15:27; 13.750
 16.11.2025 15:18:26; 13.625
 16.11.2025 15:21:27; 13.563
 16.11.2025 15:24:26; 13.375
 16.11.2025 15:27:26; 13.250
 16.11.2025 15:30:27; 13.125
 16.11.2025 15:33:26; 12.938
 16.11.2025 15:36:26; 12.750
 16.11.2025 15:39:27; 12.688
 16.11.2025 15:42:27; 12.563
 16.11.2025 15:45:26; 12.563
 16.11.2025 15:48:27; 12.625
 16.11.2025 15:51:27; 12.625
 16.11.2025 15:54:26; 12.750
 16.11.2025 15:57:27; 12.625
 16.11.2025 16:00:27; 12.563
 16.11.2025 16:03:26; 12.688
 16.11.2025 16:06:27; 12.750
 16.11.2025 16:09:26; 12.938
 16.11.2025 16:12:26; 13.125
 16.11.2025 16:15:27; 13.313
 16.11.2025 16:18:26; 13.500
 16.11.2025 16:21:26; 13.688
 16.11.2025 16:24:27; 13.938
 16.11.2025 16:27:27; 14.125
 16.11.2025 16:30:26; 14.250
 16.11.2025 16:33:27; 14.688
 16.11.2025 16:36:27; 15.500
 16.11.2025 16:39:26; 16.625
 16.11.2025 16:42:27; 17.438
 16.11.2025 16:45:27; 17.813
 16.11.2025 16:48:26; 18.188
 16.11.2025 16:51:27; 18.250
 16.11.2025 16:54:26; 18.438
 16.11.2025 16:57:26; 18.938
 16.11.2025 17:00:27; 19.125
 16.11.2025 17:03:26; 18.938
 16.11.2025 17:06:26; 18.750
 16.11.2025 17:09:27; 18.063
 16.11.2025 17:12:27; 17.938
 16.11.2025 17:15:26; 18.813
 16.11.2025 17:18:27; 18.688
 16.11.2025 17:21:27; 18.188
 16.11.2025 17:24:26; 18.313
 16.11.2025 17:27:27; 19.500
 16.11.2025 17:30:27; 20.688
 16.11.2025 17:33:26; 21.625
 16.11.2025 17:36:27; 22.188
 16.11.2025 17:39:26; 21.563
 16.11.2025 17:42:26; 20.313
 16.11.2025 17:45:27; 19.063
 16.11.2025 17:48:26; 18.250
 16.11.2025 17:51:26; 17.813
 16.11.2025 17:54:27; 17.438
 16.11.2025 17:57:27; 17.000
 16.11.2025 18:00:26; 16.563
 16.11.2025 18:03:27; 16.063
 16.11.2025 18:06:27; 15.500
 16.11.2025 18:09:26; 15.063
 16.11.2025 18:12:27; 14.875
 16.11.2025 18:15:27; 14.500
 16.11.2025 18:18:26; 14.125
 16.11.2025 18:21:27; 13.750
 16.11.2025 18:24:26; 13.438
 16.11.2025 18:27:26; 12.938
 16.11.2025 18:30:27; 12.500
 16.11.2025 18:33:26; 12.188
 16.11.2025 18:36:26; 11.813
 16.11.2025 18:39:27; 11.563
 16.11.2025 18:42:27; 11.313
 16.11.2025 18:45:26; 11.438
 16.11.2025 18:48:27; 11.938
 16.11.2025 18:51:27; 12.563
 16.11.2025 18:54:26; 12.875
 16.11.2025 18:57:27; 13.313
 16.11.2025 19:00:27; 13.625
 16.11.2025 19:03:26; 14.063
 16.11.2025 19:06:27; 14.438
 16.11.2025 19:09:26; 14.688
 16.11.2025 19:12:26; 15.875
 16.11.2025 19:15:27; 17.500
 16.11.2025 19:18:26; 17.250
 16.11.2025 19:21:26; 16.688
 16.11.2025 19:24:27; 17.375
 16.11.2025 19:27:27; 18.250
 16.11.2025 19:30:26; 19.500
 16.11.2025 19:33:27; 21.125
 16.11.2025 19:36:27; 19.563
 16.11.2025 19:39:26; 21.375
 16.11.2025 19:42:27; 24.125
 16.11.2025 19:45:27; 23.563
 16.11.2025 19:48:26; 21.688
 16.11.2025 19:51:27; 21.438
 16.11.2025 19:54:26; 21.438
 16.11.2025 19:57:26; 22.563
 16.11.2025 20:00:27; 24.875
 16.11.2025 20:03:26; 26.375
 16.11.2025 20:06:26; 27.000
 16.11.2025 20:09:27; 27.188
 16.11.2025 20:12:27; 27.188
 16.11.2025 20:15:26; 27.875
 16.11.2025 20:18:27; 28.000
 16.11.2025 20:21:27; 28.438
 16.11.2025 20:24:26; 28.750
 16.11.2025 20:27:27; 28.875
 16.11.2025 20:30:27; 29.375
 16.11.2025 20:33:26; 29.938
 16.11.2025 20:36:27; 30.000
 16.11.2025 20:39:26; 29.875
 16.11.2025 20:42:26; 30.250
 16.11.2025 20:45:27; 29.438
 16.11.2025 20:48:26; 29.000
 16.11.2025 20:51:26; 29.250
 16.11.2025 20:54:27; 28.875
 16.11.2025 20:57:27; 25.750
 16.11.2025 21:00:26; 23.000
 16.11.2025 21:03:27; 20.813
 16.11.2025 21:06:27; 19.125
 16.11.2025 21:09:26; 17.750
 16.11.2025 21:12:27; 16.625
 16.11.2025 21:15:27; 15.438
 16.11.2025 21:18:26; 13.750
 16.11.2025 21:21:27; 12.750
 16.11.2025 21:24:26; 12.375
 16.11.2025 21:27:26; 12.313
 16.11.2025 21:30:27; 12.313
 16.11.2025 21:33:26; 12.438
 16.11.2025 21:36:26; 12.438
 16.11.2025 21:39:27; 12.750
 16.11.2025 21:42:27; 13.063
 16.11.2025 21:45:26; 12.813
 16.11.2025 21:48:27; 12.438
 16.11.2025 21:51:27; 12.313
 16.11.2025 21:54:26; 12.500
 16.11.2025 21:57:27; 12.875
 16.11.2025 22:00:27; 13.000
 16.11.2025 22:03:26; 13.063
 16.11.2025 22:06:27; 13.500
 16.11.2025 22:09:26; 13.563
 16.11.2025 22:12:26; 13.188
 16.11.2025 22:15:27; 13.000
 16.11.2025 22:18:26; 12.938
 16.11.2025 22:21:26; 12.875
 16.11.2025 22:24:27; 12.875
 16.11.2025 22:27:27; 12.875
 16.11.2025 22:30:26; 12.875
 16.11.2025 22:33:27; 12.750
 16.11.2025 22:36:27; 12.688
 16.11.2025 22:39:26; 12.625
 16.11.2025 22:42:27; 12.563
 16.11.2025 22:45:27; 12.500
 16.11.2025 22:48:26; 12.438
 16.11.2025 22:51:27; 12.438
 16.11.2025 22:54:26; 12.375
 16.11.2025 22:57:26; 12.313
 16.11.2025 23:00:27; 12.250
 16.11.2025 23:03:26; 12.188
 16.11.2025 23:06:26; 12.250
 16.11.2025 23:09:27; 12.438
 16.11.2025 23:12:27; 12.563
 16.11.2025 23:15:26; 12.625
 16.11.2025 23:18:27; 12.625
 16.11.2025 23:21:27; 12.625
 16.11.2025 23:24:26; 12.688
 16.11.2025 23:27:27; 12.625
 16.11.2025 23:30:27; 12.625
 16.11.2025 23:33:26; 12.563
 16.11.2025 23:36:27; 12.500
 16.11.2025 23:39:26; 12.438
 16.11.2025 23:42:26; 12.375
 16.11.2025 23:45:27; 12.313
 16.11.2025 23:48:26; 12.188
 16.11.2025 23:51:26; 12.125
 16.11.2025 23:54:27; 12.063
 16.11.2025 23:57:27; 12.063
 17.11.2025 00:00:26; 12.063
 17.11.2025 00:03:27; 12.063
 17.11.2025 00:06:27; 11.938
 17.11.2025 00:09:26; 11.813
 17.11.2025 00:12:27; 11.750
 17.11.2025 00:15:27; 11.563
 17.11.2025 00:18:26; 11.438
 17.11.2025 00:21:27; 11.313
 17.11.2025 00:24:26; 11.250
 17.11.2025 00:27:26; 11.125
 17.11.2025 00:30:27; 11.063
 17.11.2025 00:33:26; 11.000
 17.11.2025 00:36:26; 10.938
 17.11.2025 00:39:27; 10.813
 17.11.2025 00:42:27; 10.750
 17.11.2025 00:45:26; 10.688
 17.11.2025 00:48:27; 10.625
 17.11.2025 00:51:27; 10.563
 17.11.2025 00:54:26; 10.500
 17.11.2025 00:57:27; 10.438
 17.11.2025 01:00:27; 10.438
 17.11.2025 01:03:26; 10.438
 17.11.2025 01:06:27; 10.438
 17.11.2025 01:09:26; 10.438
 17.11.2025 01:12:26; 10.375
 17.11.2025 01:15:27; 10.375
 17.11.2025 01:18:26; 10.375
 17.11.2025 01:21:26; 10.375
 17.11.2025 01:24:27; 10.438
 17.11.2025 01:27:27; 10.438
 17.11.2025 01:30:26; 10.500
 17.11.2025 01:33:27; 10.563
 17.11.2025 01:36:27; 10.625
 17.11.2025 01:39:26; 10.625
 17.11.2025 01:42:27; 10.688
 17.11.2025 01:45:27; 10.688
 17.11.2025 01:48:26; 10.750
 17.11.2025 01:51:27; 10.750
 17.11.2025 01:54:26; 10.750
 17.11.2025 01:57:26; 10.750
 17.11.2025 02:00:27; 10.750
 17.11.2025 02:03:26; 10.750
 17.11.2025 02:06:26; 10.750
 17.11.2025 02:09:27; 10.750
 17.11.2025 02:12:27; 10.688
 17.11.2025 02:15:26; 10.688
 17.11.2025 02:18:27; 10.688
 17.11.2025 02:21:27; 10.750
 17.11.2025 02:24:26; 10.750
 17.11.2025 02:27:27; 10.750
 17.11.2025 02:30:27; 10.750
 17.11.2025 02:33:26; 10.688
 17.11.2025 02:36:27; 10.625
 17.11.2025 02:39:26; 10.563
 17.11.2025 02:42:26; 10.500
 17.11.2025 02:45:27; 10.500
 17.11.2025 02:48:26; 10.438
 17.11.2025 02:51:26; 10.438
 17.11.2025 02:54:27; 10.375
 17.11.2025 02:57:27; 10.375
 17.11.2025 03:00:26; 10.438
 17.11.2025 03:03:27; 10.438
 17.11.2025 03:06:27; 10.500
 17.11.2025 03:09:26; 10.500
 17.11.2025 03:12:27; 10.563
 17.11.2025 03:15:27; 10.625
 17.11.2025 03:18:26; 10.625
 17.11.2025 03:21:27; 10.625
 17.11.2025 03:24:26; 10.688
 17.11.2025 03:27:26; 10.688
 17.11.2025 03:30:27; 10.688
 17.11.2025 03:33:26; 10.750
 17.11.2025 03:36:26; 10.750
 17.11.2025 03:39:27; 10.750
 17.11.2025 03:42:27; 10.813
 17.11.2025 03:45:26; 10.813
 17.11.2025 03:48:27; 10.875
 17.11.2025 03:51:27; 10.875
 17.11.2025 03:54:26; 10.875
 17.11.2025 03:57:27; 10.938
 17.11.2025 04:00:27; 10.938
 17.11.2025 04:03:26; 10.938
 17.11.2025 04:06:27; 10.938
 17.11.2025 04:09:26; 10.938
 17.11.2025 04:12:26; 10.938
 17.11.2025 04:15:27; 10.938
 17.11.2025 04:18:26; 10.938
 17.11.2025 04:21:26; 11.000
 17.11.2025 04:24:27; 11.000
 17.11.2025 04:27:27; 11.000
 17.11.2025 04:30:26; 11.000
 17.11.2025 04:33:27; 11.000
 17.11.2025 04:36:27; 11.000
 17.11.2025 04:39:26; 11.000
 17.11.2025 04:42:27; 11.000
 17.11.2025 04:45:27; 11.063
 17.11.2025 04:48:26; 11.000
 17.11.2025 04:51:27; 11.000
 17.11.2025 04:54:26; 11.000
 17.11.2025 04:57:26; 10.938
 17.11.2025 05:00:27; 10.938
 17.11.2025 05:03:26; 10.875
 17.11.2025 05:06:26; 10.813
 17.11.2025 05:09:27; 10.750
 17.11.2025 05:12:27; 10.688
 17.11.2025 05:15:26; 10.625
 17.11.2025 05:18:27; 10.625
 17.11.2025 05:21:27; 10.625
 17.11.2025 05:24:26; 10.625
 17.11.2025 05:27:27; 10.563
 17.11.2025 05:30:27; 10.563
 17.11.2025 05:33:26; 10.563
 17.11.2025 05:36:27; 10.500
 17.11.2025 05:39:26; 10.438
 17.11.2025 05:42:26; 10.375
 17.11.2025 05:45:27; 10.313
 17.11.2025 05:48:26; 10.313
 17.11.2025 05:51:26; 10.250
 17.11.2025 05:54:27; 10.188
 17.11.2025 05:57:27; 10.125
 17.11.2025 06:00:26; 10.125
 17.11.2025 06:03:27; 10.063
 17.11.2025 06:06:27; 10.000
 17.11.2025 06:09:26; 10.000
 17.11.2025 06:12:27; 10.000
 17.11.2025 06:15:27; 10.000
 17.11.2025 06:18:26; 10.000
 17.11.2025 06:21:27; 10.000
 17.11.2025 06:24:26; 10.063
 17.11.2025 06:27:26; 10.125
 17.11.2025 06:30:27; 10.125
 17.11.2025 06:33:26; 10.188
 17.11.2025 06:36:26; 10.188
 17.11.2025 06:39:27; 10.250
 17.11.2025 06:42:27; 10.250
 17.11.2025 06:45:26; 10.250
 17.11.2025 06:48:27; 10.313
 17.11.2025 06:51:27; 10.313
 17.11.2025 06:54:26; 10.313
 17.11.2025 06:57:27; 10.375
 17.11.2025 07:00:27; 10.313
 17.11.2025 07:03:26; 10.375
 17.11.2025 07:06:27; 10.375
 17.11.2025 07:09:26; 10.375
 17.11.2025 07:12:26; 10.313
 17.11.2025 07:15:27; 10.313
 17.11.2025 07:18:26; 10.313
 17.11.2025 07:21:26; 10.313
 17.11.2025 07:24:27; 10.250
 17.11.2025 07:27:27; 10.250
 17.11.2025 07:30:26; 10.250
 17.11.2025 07:33:27; 10.188
 17.11.2025 07:36:27; 10.125
 17.11.2025 07:39:26; 10.063
 17.11.2025 07:42:27; 10.063
 17.11.2025 07:45:27; 10.000
 17.11.2025 07:48:26;  9.938
 17.11.2025 07:51:27;  9.875
 17.11.2025 07:54:26;  9.875
 17.11.2025 07:57:26;  9.813
 17.11.2025 08:00:27;  9.813
 17.11.2025 08:03:26;  9.750
 17.11.2025 08:06:26;  9.688
 17.11.2025 08:09:27;  9.688
 17.11.2025 08:12:27;  9.625
 17.11.2025 08:15:26;  9.563
 17.11.2025 08:18:27;  9.563
 17.11.2025 08:21:27;  9.563
 17.11.2025 08:24:26;  9.500
 17.11.2025 08:27:27;  9.500
 17.11.2025 08:30:27;  9.438
 17.11.2025 08:33:26;  9.438
 17.11.2025 08:36:27;  9.438
 17.11.2025 08:39:26;  9.500
 17.11.2025 08:42:26;  9.500
 17.11.2025 08:45:27;  9.500
 17.11.2025 08:48:26;  9.563
 17.11.2025 08:51:26;  9.563
 17.11.2025 08:54:27;  9.563
 17.11.2025 08:57:27;  9.625
 17.11.2025 09:00:26;  9.625
 17.11.2025 09:03:27;  9.563
 17.11.2025 09:06:27;  9.563
 17.11.2025 09:09:26;  9.563
 17.11.2025 09:12:27;  9.563
 17.11.2025 09:15:27;  9.500
 17.11.2025 09:18:26;  9.438
 17.11.2025 09:21:27;  9.438
 17.11.2025 09:24:26;  9.375
 17.11.2025 09:27:26;  9.375
 17.11.2025 09:30:27;  9.313
 17.11.2025 09:33:26;  9.250
 17.11.2025 09:36:26;  9.250
 17.11.2025 09:39:27;  9.188
 17.11.2025 09:42:27;  9.188
 17.11.2025 09:45:26;  9.188
 17.11.2025 09:48:27;  9.188
 17.11.2025 09:51:27;  9.188
 17.11.2025 09:54:26;  9.188
 17.11.2025 09:57:27;  9.188
 17.11.2025 10:00:27;  9.188
 17.11.2025 10:03:26;  9.188
 17.11.2025 10:06:27;  9.250
 17.11.2025 10:09:26;  9.313
 17.11.2025 10:12:26;  9.375
 17.11.2025 10:15:27;  9.438
 17.11.2025 10:18:26;  9.438
 17.11.2025 10:21:26;  9.500
 17.11.2025 10:24:27;  9.500
 17.11.2025 10:27:27;  9.500
 17.11.2025 10:30:26;  9.563
 17.11.2025 10:33:27;  9.563
 17.11.2025 10:36:27;  9.563
 17.11.2025 10:39:26;  9.688
 17.11.2025 10:42:27;  9.750
 17.11.2025 10:45:27;  9.938
 17.11.2025 10:48:26; 10.125
 17.11.2025 10:51:27; 10.313
 17.11.2025 10:54:26; 10.438
 17.11.2025 10:57:26; 10.500
 17.11.2025 11:00:27; 10.625
 17.11.2025 11:03:26; 10.750
 17.11.2025 11:06:26; 10.938
 17.11.2025 11:09:27; 11.063
 17.11.2025 11:12:27; 11.188
 17.11.2025 11:15:26; 11.250
 17.11.2025 11:18:27; 11.375
 17.11.2025 11:21:27; 11.500
 17.11.2025 11:24:26; 11.625
 17.11.2025 11:27:27; 11.750
 17.11.2025 11:30:27; 11.813
 17.11.2025 11:33:26; 11.938
 17.11.2025 11:36:27; 12.125
 17.11.2025 11:39:26; 12.250
 17.11.2025 11:42:26; 12.375
 17.11.2025 11:45:27; 12.563
 17.11.2025 11:48:26; 12.625
 17.11.2025 11:51:26; 12.625
 17.11.2025 11:54:27; 12.750
 17.11.2025 11:57:27; 12.875
 17.11.2025 12:00:26; 13.063
 17.11.2025 12:03:27; 13.250
 17.11.2025 12:06:27; 13.375
 17.11.2025 12:09:26; 13.500
 17.11.2025 12:12:27; 13.563
 17.11.2025 12:15:27; 13.625
 17.11.2025 12:18:26; 13.750
 17.11.2025 12:21:27; 13.875
 17.11.2025 12:24:26; 13.938
 17.11.2025 12:27:26; 14.125
 17.11.2025 12:30:27; 14.188
 17.11.2025 12:33:26; 14.313
 17.11.2025 12:36:26; 14.438
 17.11.2025 12:39:27; 14.625
 17.11.2025 12:42:27; 14.750
 17.11.2025 12:45:26; 14.438
 17.11.2025 12:48:27; 14.188
 17.11.2025 12:51:27; 14.125
 17.11.2025 12:54:26; 14.063
 17.11.2025 12:57:27; 14.188
 17.11.2025 13:00:27; 14.063
 17.11.2025 13:03:26; 14.125
 17.11.2025 13:06:27; 14.563
 17.11.2025 13:09:26; 15.000
 17.11.2025 13:12:26; 15.000
 17.11.2025 13:15:27; 14.938
 17.11.2025 13:18:26; 14.938
 17.11.2025 13:21:26; 15.000
 17.11.2025 13:24:27; 15.250
 17.11.2025 13:27:27; 15.438
 17.11.2025 13:30:26; 15.813
 17.11.2025 13:33:27; 16.188
 17.11.2025 13:36:27; 16.500
 17.11.2025 13:39:26; 16.500
 17.11.2025 13:42:27; 16.500
 17.11.2025 13:45:27; 16.625
 17.11.2025 13:48:26; 16.625
 17.11.2025 13:51:27; 16.688
 17.11.2025 13:54:26; 16.688
 17.11.2025 13:57:26; 16.813
 17.11.2025 14:00:27; 17.125
 17.11.2025 14:03:26; 17.563
 17.11.2025 14:06:26; 17.875
 17.11.2025 14:09:27; 18.000
 17.11.2025 14:12:27; 18.375
 17.11.2025 14:15:26; 18.688
 17.11.2025 14:18:27; 19.000
 17.11.2025 14:21:27; 18.563
 17.11.2025 14:24:26; 18.250
 17.11.2025 14:27:27; 18.125
 17.11.2025 14:30:27; 18.313
 17.11.2025 14:33:26; 18.625
 17.11.2025 14:36:27; 18.563
 17.11.2025 14:39:26; 18.563
 17.11.2025 14:42:26; 18.625
 17.11.2025 14:45:27; 18.688
 17.11.2025 14:48:26; 19.000
 17.11.2025 14:51:26; 19.250
 17.11.2025 14:54:27; 19.250
 17.11.2025 14:57:27; 19.188
 17.11.2025 15:00:26; 19.063
 17.11.2025 15:03:27; 18.750
 17.11.2025 15:06:27; 18.563
 17.11.2025 15:09:26; 18.625
 17.11.2025 15:12:27; 18.813
 17.11.2025 15:15:27; 19.125
 17.11.2025 15:18:26; 19.250
 17.11.2025 15:21:27; 19.750
 17.11.2025 15:24:26; 20.063
 17.11.2025 15:27:26; 20.313
 17.11.2025 15:30:27; 20.063
 17.11.2025 15:33:26; 20.250
 17.11.2025 15:36:26; 20.375
 17.11.2025 15:39:27; 20.313
 17.11.2025 15:42:27; 20.375
 17.11.2025 15:45:26; 20.500
 17.11.2025 15:48:27; 20.813
 17.11.2025 15:51:27; 20.875
 17.11.2025 15:54:26; 20.813
 17.11.2025 15:57:27; 20.813
 17.11.2025 16:00:27; 21.125
 17.11.2025 16:03:26; 21.000
 17.11.2025 16:06:27; 21.125
 17.11.2025 16:09:26; 20.688
 17.11.2025 16:12:26; 20.313
 17.11.2025 16:15:27; 20.500
 17.11.2025 16:18:26; 20.813
 17.11.2025 16:21:26; 21.188
 17.11.2025 16:24:27; 20.688
 17.11.2025 16:27:27; 20.313
 17.11.2025 16:30:26; 20.500
 17.11.2025 16:33:27; 21.938
 17.11.2025 16:36:27; 22.875
 17.11.2025 16:39:26; 23.625
 17.11.2025 16:42:27; 24.125
 17.11.2025 16:45:27; 23.938
 17.11.2025 16:48:26; 23.250
 17.11.2025 16:51:27; 22.500
 17.11.2025 16:54:26; 21.875
 17.11.2025 16:57:26; 21.813
 17.11.2025 17:00:27; 22.688
 17.11.2025 17:03:26; 23.438
 17.11.2025 17:06:26; 24.313
 17.11.2025 17:09:27; 24.938
 17.11.2025 17:12:27; 24.625
 17.11.2025 17:15:26; 24.063
 17.11.2025 17:18:27; 23.563
 17.11.2025 17:21:27; 22.813
 17.11.2025 17:24:26; 24.125
 17.11.2025 17:27:27; 25.438
 17.11.2025 17:30:27; 25.813
 17.11.2025 17:33:26; 26.063
 17.11.2025 17:36:27; 26.000
 17.11.2025 17:39:26; 26.188
 17.11.2025 17:42:26; 27.188
 17.11.2025 17:45:27; 27.875
 17.11.2025 17:48:26; 28.125
 17.11.2025 17:51:26; 28.188
 17.11.2025 17:54:27; 28.250
 17.11.2025 17:57:27; 28.125
 17.11.2025 18:00:26; 27.563
 17.11.2025 18:03:27; 26.438
 17.11.2025 18:06:27; 25.750
 17.11.2025 18:09:26; 25.313
 17.11.2025 18:12:27; 24.688
 17.11.2025 18:15:27; 24.313
 17.11.2025 18:18:26; 25.125
 17.11.2025 18:21:27; 25.313
 17.11.2025 18:24:26; 25.188
 17.11.2025 18:27:26; 24.625
 17.11.2025 18:30:27; 24.188
 17.11.2025 18:33:26; 23.625
 17.11.2025 18:36:26; 22.938
 17.11.2025 18:39:27; 22.750
 17.11.2025 18:42:27; 23.000
 17.11.2025 18:45:26; 24.563
 17.11.2025 18:48:27; 26.938
 17.11.2025 18:51:27; 25.875
 17.11.2025 18:54:26; 24.813
 17.11.2025 18:57:27; 24.125
 17.11.2025 19:00:27; 23.688
 17.11.2025 19:03:26; 25.250
 17.11.2025 19:06:27; 25.625
 17.11.2025 19:09:26; 25.500
 17.11.2025 19:12:26; 26.000
 17.11.2025 19:15:27; 27.000
 17.11.2025 19:18:26; 26.125
 17.11.2025 19:21:26; 26.375
 17.11.2025 19:24:27; 25.813
 17.11.2025 19:27:27; 25.688
 17.11.2025 19:30:26; 27.563
 17.11.2025 19:33:27; 27.375
 17.11.2025 19:36:27; 26.625
 17.11.2025 19:39:26; 27.438
 17.11.2025 19:42:27; 27.063
 17.11.2025 19:45:27; 26.563
 17.11.2025 19:48:26; 26.375
 17.11.2025 19:51:27; 25.875
 17.11.2025 19:54:26; 25.063
 17.11.2025 19:57:26; 24.250
 17.11.2025 20:00:27; 23.938
 17.11.2025 20:03:26; 24.125
 17.11.2025 20:06:26; 24.500
 17.11.2025 20:09:27; 24.250
 17.11.2025 20:12:27; 23.625
 17.11.2025 20:15:26; 23.313
 17.11.2025 20:18:27; 23.563
 17.11.2025 20:21:27; 25.688
 17.11.2025 20:24:26; 27.313
 17.11.2025 20:27:27; 28.625
 17.11.2025 20:30:27; 28.938
 17.11.2025 20:33:26; 29.125
 17.11.2025 20:36:27; 29.250
 17.11.2025 20:39:26; 27.688
 17.11.2025 20:42:26; 26.500
 17.11.2025 20:45:27; 25.438
 17.11.2025 20:48:26; 25.000
 17.11.2025 20:51:26; 25.250
 17.11.2025 20:54:27; 25.438
 17.11.2025 20:57:27; 25.188
 17.11.2025 21:00:26; 24.188
 17.11.2025 21:03:27; 23.813
 17.11.2025 21:06:27; 23.625
 17.11.2025 21:09:26; 23.438
 17.11.2025 21:12:27; 23.188
 17.11.2025 21:15:27; 22.750
 17.11.2025 21:18:26; 22.313
 17.11.2025 21:21:27; 22.063
 17.11.2025 21:24:26; 21.875
 17.11.2025 21:27:26; 21.563
 17.11.2025 21:30:27; 21.438
 17.11.2025 21:33:26; 21.313
 17.11.2025 21:36:26; 21.500
 17.11.2025 21:39:27; 21.313
 17.11.2025 21:42:27; 21.125
 17.11.2025 21:45:26; 21.000
 17.11.2025 21:48:27; 21.125
 17.11.2025 21:51:27; 21.063
 17.11.2025 21:54:26; 20.938
 17.11.2025 21:57:27; 20.875
 17.11.2025 22:00:27; 20.625
 17.11.2025 22:03:26; 20.375
 17.11.2025 22:06:27; 20.063
 17.11.2025 22:09:26; 19.875
 17.11.2025 22:12:26; 19.813
 17.11.2025 22:15:27; 19.625
 17.11.2025 22:18:26; 19.313
 17.11.2025 22:21:26; 19.000
 17.11.2025 22:24:27; 18.875
 17.11.2025 22:27:27; 18.875
 17.11.2025 22:30:26; 18.813
 17.11.2025 22:33:27; 18.688
 17.11.2025 22:36:27; 18.438
 17.11.2025 22:39:26; 18.188
 17.11.2025 22:42:27; 18.000
 17.11.2025 22:45:27; 17.813
 17.11.2025 22:48:26; 17.563
 17.11.2025 22:51:27; 17.500
 17.11.2025 22:54:26; 17.375
 17.11.2025 22:57:26; 17.250
 17.11.2025 23:00:27; 17.125
 17.11.2025 23:03:26; 17.000
 17.11.2025 23:06:26; 16.875
 17.11.2025 23:09:27; 16.750
 17.11.2025 23:12:27; 16.688
 17.11.2025 23:15:26; 16.563
 17.11.2025 23:18:27; 16.438
 17.11.2025 23:21:27; 16.375
 17.11.2025 23:24:26; 16.250
 17.11.2025 23:27:27; 16.188
 17.11.2025 23:30:27; 16.125
 17.11.2025 23:33:26; 16.063
 17.11.2025 23:36:27; 16.000
 17.11.2025 23:39:26; 15.938
 17.11.2025 23:42:26; 15.875
 17.11.2025 23:45:27; 15.875
 17.11.2025 23:48:26; 15.813
 17.11.2025 23:51:26; 15.750
 17.11.2025 23:54:27; 15.688
 17.11.2025 23:57:27; 15.625
 18.11.2025 00:00:26; 15.625
 18.11.2025 00:03:27; 15.563
 18.11.2025 00:06:27; 15.500
 18.11.2025 00:09:26; 15.438
 18.11.2025 00:12:27; 15.375
 18.11.2025 00:15:27; 15.375
 18.11.2025 00:18:26; 15.313
 18.11.2025 00:21:27; 15.250
 18.11.2025 00:24:26; 15.250
 18.11.2025 00:27:26; 15.188
 18.11.2025 00:30:27; 15.125
 18.11.2025 00:33:26; 15.063
 18.11.2025 00:36:26; 15.063
 18.11.2025 00:39:27; 15.000
 18.11.2025 00:42:27; 14.938
 18.11.2025 00:45:26; 14.938
 18.11.2025 00:48:27; 14.875
 18.11.2025 00:51:27; 14.813
 18.11.2025 00:54:26; 14.750
 18.11.2025 00:57:27; 14.688
 18.11.2025 01:00:27; 14.625
 18.11.2025 01:03:26; 14.563
 18.11.2025 01:06:27; 14.438
 18.11.2025 01:09:26; 14.375
 18.11.2025 01:12:26; 14.250
 18.11.2025 01:15:27; 14.125
 18.11.2025 01:18:26; 14.000
 18.11.2025 01:21:26; 13.938
 18.11.2025 01:24:27; 13.875
 18.11.2025 01:27:27; 13.813
 18.11.2025 01:30:26; 13.750
 18.11.2025 01:33:27; 13.750
 18.11.2025 01:36:27; 13.625
 18.11.2025 01:39:26; 13.625
 18.11.2025 01:42:27; 13.563
 18.11.2025 01:45:27; 13.500
 18.11.2025 01:48:26; 13.500
 18.11.2025 01:51:27; 13.438
 18.11.2025 01:54:26; 13.438
 18.11.2025 01:57:26; 13.500
 18.11.2025 02:00:27; 13.500
 18.11.2025 02:03:26; 13.500
 18.11.2025 02:06:26; 13.563
 18.11.2025 02:09:27; 13.563
 18.11.2025 02:12:27; 13.563
 18.11.2025 02:15:26; 13.563
 18.11.2025 02:18:27; 13.563
 18.11.2025 02:21:27; 13.500
 18.11.2025 02:24:26; 13.500
 18.11.2025 02:27:27; 13.438
 18.11.2025 02:30:27; 13.438
 18.11.2025 02:33:26; 13.375
 18.11.2025 02:36:27; 13.375
 18.11.2025 02:39:26; 13.313
 18.11.2025 02:42:26; 13.313
 18.11.2025 02:45:27; 13.313
 18.11.2025 02:48:26; 13.313
 18.11.2025 02:51:26; 13.313
 18.11.2025 02:54:27; 13.250
 18.11.2025 02:57:27; 13.188
 18.11.2025 03:00:26; 13.188
 18.11.2025 03:03:27; 13.125
 18.11.2025 03:06:27; 13.125
 18.11.2025 03:09:26; 13.063
 18.11.2025 03:12:27; 13.063
 18.11.2025 03:15:27; 13.000
 18.11.2025 03:18:26; 13.000
 18.11.2025 03:21:27; 13.000
 18.11.2025 03:24:26; 12.938
 18.11.2025 03:27:26; 12.938
 18.11.2025 03:30:27; 12.938
 18.11.2025 03:33:26; 12.875
 18.11.2025 03:36:26; 12.875
 18.11.2025 03:39:27; 12.875
 18.11.2025 03:42:27; 12.875
 18.11.2025 03:45:26; 12.875
 18.11.2025 03:48:27; 12.875
 18.11.2025 03:51:27; 12.813
 18.11.2025 03:54:26; 12.813
 18.11.2025 03:57:27; 12.750
 18.11.2025 04:00:27; 12.750
 18.11.2025 04:03:26; 12.688
 18.11.2025 04:06:27; 12.688
 18.11.2025 04:09:26; 12.688
 18.11.2025 04:12:26; 12.688
 18.11.2025 04:15:27; 12.625
 18.11.2025 04:18:26; 12.625
 18.11.2025 04:21:26; 12.625
 18.11.2025 04:24:27; 12.563
 18.11.2025 04:27:27; 12.563
 18.11.2025 04:30:26; 12.500
 18.11.2025 04:33:27; 12.438
 18.11.2025 04:36:27; 12.375
 18.11.2025 04:39:26; 12.313
 18.11.2025 04:42:27; 12.250
 18.11.2025 04:45:27; 12.188
 18.11.2025 04:48:26; 12.125
 18.11.2025 04:51:27; 12.063
 18.11.2025 04:54:26; 12.000
 18.11.2025 04:57:26; 11.938
 18.11.2025 05:00:27; 11.875
 18.11.2025 05:03:26; 11.813
 18.11.2025 05:06:26; 11.813
 18.11.2025 05:09:27; 11.750
 18.11.2025 05:12:27; 11.750
 18.11.2025 05:15:26; 11.688
 18.11.2025 05:18:27; 11.625
 18.11.2025 05:21:27; 11.563
 18.11.2025 05:24:26; 11.500
 18.11.2025 05:27:27; 11.500
 18.11.2025 05:30:27; 11.438
 18.11.2025 05:33:26; 11.438
 18.11.2025 05:36:27; 11.438
 18.11.2025 05:39:26; 11.375
 18.11.2025 05:42:26; 11.375
 18.11.2025 05:45:27; 11.375
 18.11.2025 05:48:26; 11.375
 18.11.2025 05:51:26; 11.375
 18.11.2025 05:54:27; 11.375
 18.11.2025 05:57:27; 11.375
 18.11.2025 06:00:26; 11.438
 18.11.2025 06:03:27; 11.438
 18.11.2025 06:06:27; 11.438
 18.11.2025 06:09:26; 11.438
 18.11.2025 06:12:27; 11.438
 18.11.2025 06:15:27; 11.438
 18.11.2025 06:18:26; 11.375
 18.11.2025 06:21:27; 11.375
 18.11.2025 06:24:26; 11.313
 18.11.2025 06:27:26; 11.313
 18.11.2025 06:30:27; 11.313
 18.11.2025 06:33:26; 11.313
 18.11.2025 06:36:26; 11.313
 18.11.2025 06:39:27; 11.313
 18.11.2025 06:42:27; 11.250
 18.11.2025 06:45:26; 11.250
 18.11.2025 06:48:27; 11.188
 18.11.2025 06:51:27; 11.188
 18.11.2025 06:54:26; 11.125
 18.11.2025 06:57:27; 11.125
 18.11.2025 07:00:27; 11.063
 18.11.2025 07:03:26; 11.063
 18.11.2025 07:06:27; 11.063
 18.11.2025 07:09:26; 11.000
 18.11.2025 07:12:26; 10.938
 18.11.2025 07:15:27; 10.875
 18.11.2025 07:18:26; 10.875
 18.11.2025 07:21:26; 10.813
 18.11.2025 07:24:27; 10.750
 18.11.2025 07:27:27; 10.750
 18.11.2025 07:30:26; 10.688
 18.11.2025 07:33:27; 10.688
 18.11.2025 07:36:27; 10.688
 18.11.2025 07:39:26; 10.625
 18.11.2025 07:42:27; 10.625
 18.11.2025 07:45:27; 10.563
 18.11.2025 07:48:26; 10.563
 18.11.2025 07:51:27; 10.500
 18.11.2025 07:54:26; 10.500
 18.11.2025 07:57:26; 10.500
 18.11.2025 08:00:27; 10.500
 18.11.2025 08:03:26; 10.500
 18.11.2025 08:06:26; 10.500
 18.11.2025 08:09:27; 10.438
 18.11.2025 08:12:27; 10.438
 18.11.2025 08:15:26; 10.375
 18.11.2025 08:18:27; 10.375
 18.11.2025 08:21:27; 10.375
 18.11.2025 08:24:26; 10.313
 18.11.2025 08:27:27; 10.313
 18.11.2025 08:30:27; 10.250
 18.11.2025 08:33:26; 10.250
 18.11.2025 08:36:27; 10.250
 18.11.2025 08:39:26; 10.188
 18.11.2025 08:42:26; 10.188
 18.11.2025 08:45:27; 10.125
 18.11.2025 08:48:26; 10.125
 18.11.2025 08:51:26; 10.063
 18.11.2025 08:54:27; 10.063
 18.11.2025 08:57:27; 10.063
 18.11.2025 09:00:26; 10.000
 18.11.2025 09:03:27; 10.000
 18.11.2025 09:06:27; 10.000
 18.11.2025 09:09:26;  9.938
 18.11.2025 09:12:27;  9.938
 18.11.2025 09:15:27;  9.875
 18.11.2025 09:18:26;  9.875
 18.11.2025 09:21:27;  9.875
 18.11.2025 09:24:26;  9.875
 18.11.2025 09:27:26;  9.813
 18.11.2025 09:30:27;  9.813
 18.11.2025 09:33:26;  9.813
 18.11.2025 09:36:26;  9.813
 18.11.2025 09:39:27;  9.813
 18.11.2025 09:42:27;  9.813
 18.11.2025 09:45:26;  9.813
 18.11.2025 09:48:27;  9.813
 18.11.2025 09:51:27;  9.813
 18.11.2025 09:54:26;  9.813
 18.11.2025 09:57:27;  9.813
 18.11.2025 10:00:27;  9.875
 18.11.2025 10:03:26;  9.875
 18.11.2025 10:06:27;  9.938
 18.11.2025 10:09:26; 10.000
 18.11.2025 10:12:26; 10.063
 18.11.2025 10:15:27; 10.125
 18.11.2025 10:18:26; 10.188
 18.11.2025 10:21:26; 10.250
 18.11.2025 10:24:27; 10.375
 18.11.2025 10:27:27; 10.438
 18.11.2025 10:30:26; 10.500
 18.11.2025 10:33:27; 10.625
 18.11.2025 10:36:27; 10.688
 18.11.2025 10:39:26; 10.813
 18.11.2025 10:42:27; 10.938
 18.11.2025 10:45:27; 11.000
 18.11.2025 10:48:26; 11.125
 18.11.2025 10:51:27; 11.250
 18.11.2025 10:54:26; 11.438
 18.11.2025 10:57:26; 11.563
 18.11.2025 11:00:27; 11.750
 18.11.2025 11:03:26; 12.000
 18.11.2025 11:06:26; 12.188
 18.11.2025 11:09:27; 12.313
 18.11.2025 11:12:27; 12.500
 18.11.2025 11:15:26; 12.688
 18.11.2025 11:18:27; 12.875
 18.11.2025 11:21:27; 13.000
 18.11.2025 11:24:26; 13.188
 18.11.2025 11:27:27; 13.313
 18.11.2025 11:30:27; 13.563
 18.11.2025 11:33:26; 13.750
 18.11.2025 11:36:27; 13.938
 18.11.2025 11:39:26; 14.125
 18.11.2025 11:42:26; 14.313
 18.11.2025 11:45:27; 14.500
 18.11.2025 11:48:26; 14.750
 18.11.2025 11:51:26; 15.000
 18.11.2025 11:54:27; 15.125
 18.11.2025 11:57:27; 15.250
 18.11.2025 12:00:26; 15.375
 18.11.2025 12:03:27; 15.500
 18.11.2025 12:06:27; 15.688
 18.11.2025 12:09:26; 15.813
 18.11.2025 12:12:27; 16.000
 18.11.2025 12:15:27; 16.188
 18.11.2025 12:18:26; 16.375
 18.11.2025 12:21:27; 16.500
 18.11.2025 12:24:26; 16.563
 18.11.2025 12:27:26; 16.750
 18.11.2025 12:30:27; 16.938
 18.11.2025 12:33:26; 17.063
 18.11.2025 12:36:26; 17.188
 18.11.2025 12:39:27; 17.250
 18.11.2025 12:42:27; 17.500
 18.11.2025 12:45:26; 17.688
 18.11.2025 12:48:27; 17.813
 18.11.2025 12:51:27; 18.000
 18.11.2025 12:54:26; 18.063
 18.11.2025 12:57:27; 18.250
 18.11.2025 13:00:27; 18.313
 18.11.2025 13:03:26; 18.438
 18.11.2025 13:06:27; 18.688
 18.11.2025 13:09:26; 18.875
 18.11.2025 13:12:26; 19.063
 18.11.2025 13:15:27; 19.188
 18.11.2025 13:18:26; 19.250
 18.11.2025 13:21:26; 19.313
 18.11.2025 13:24:27; 19.438
 18.11.2025 13:27:27; 19.438
 18.11.2025 13:30:26; 19.563
 18.11.2025 13:33:27; 19.625
 18.11.2025 13:36:27; 19.688
 18.11.2025 13:39:26; 19.813
 18.11.2025 13:42:27; 19.938
 18.11.2025 13:45:27; 20.000
 18.11.2025 13:48:26; 20.063
 18.11.2025 13:51:27; 20.125
 18.11.2025 13:54:26; 20.125
 18.11.2025 13:57:26; 20.313
 18.11.2025 14:00:27; 20.563
 18.11.2025 14:03:26; 20.688
 18.11.2025 14:06:26; 20.750
 18.11.2025 14:09:27; 20.875
 18.11.2025 14:12:27; 21.063
 18.11.2025 14:15:26; 21.188
 18.11.2025 14:18:27; 21.375
 18.11.2025 14:21:27; 21.500
 18.11.2025 14:24:26; 21.625
 18.11.2025 14:27:27; 21.875
 18.11.2025 14:30:27; 22.125
 18.11.2025 14:33:26; 22.188
 18.11.2025 14:36:27; 22.188
 18.11.2025 14:39:26; 22.250
 18.11.2025 14:42:26; 22.313
 18.11.2025 14:45:27; 22.438
 18.11.2025 14:48:26; 22.625
 18.11.2025 14:51:26; 23.000
 18.11.2025 14:54:27; 23.000
 18.11.2025 14:57:27; 23.125
 18.11.2025 15:00:26; 23.250
 18.11.2025 15:03:27; 23.500
 18.11.2025 15:06:27; 23.563
 18.11.2025 15:09:26; 23.688
 18.11.2025 15:12:27; 23.750
 18.11.2025 15:15:27; 24.000
 18.11.2025 15:18:26; 24.188
 18.11.2025 15:21:27; 24.063
 18.11.2025 15:24:26; 24.250
 18.11.2025 15:27:26; 24.313
 18.11.2025 15:30:27; 24.563
 18.11.2025 15:33:26; 24.688
 18.11.2025 15:36:26; 24.875
 18.11.2025 15:39:27; 25.250
 18.11.2025 15:42:27; 25.688
 18.11.2025 15:45:26; 25.000
 18.11.2025 15:48:27; 25.000
 18.11.2025 15:51:27; 25.563
 18.11.2025 15:54:26; 25.750
 18.11.2025 15:57:27; 26.188
 18.11.2025 16:00:27; 26.438
 18.11.2025 16:03:26; 26.563
 18.11.2025 16:06:27; 26.438
 18.11.2025 16:09:26; 25.500
 18.11.2025 16:12:26; 24.875
 18.11.2025 16:15:27; 25.250
 18.11.2025 16:18:26; 24.500
 18.11.2025 16:21:26; 24.125
 18.11.2025 16:24:27; 24.938
 18.11.2025 16:27:27; 25.563
 18.11.2025 16:30:26; 26.250
 18.11.2025 16:33:27; 26.563
 18.11.2025 16:36:27; 27.000
 18.11.2025 16:39:26; 27.625
 18.11.2025 16:42:27; 27.063
 18.11.2025 16:45:27; 26.063
 18.11.2025 16:48:26; 25.188
 18.11.2025 16:51:27; 24.563
 18.11.2025 16:54:26; 24.125
 18.11.2025 16:57:26; 24.938
 18.11.2025 17:00:27; 26.063
 18.11.2025 17:03:26; 26.188
 18.11.2025 17:06:26; 26.438
 18.11.2025 17:09:27; 27.188
 18.11.2025 17:12:27; 27.688
 18.11.2025 17:15:26; 27.938
 18.11.2025 17:18:27; 28.125
 18.11.2025 17:21:27; 28.688
 18.11.2025 17:24:26; 29.438
 18.11.2025 17:27:27; 29.813
 18.11.2025 17:30:27; 30.000
 18.11.2025 17:33:26; 29.313
 18.11.2025 17:36:27; 28.438
 18.11.2025 17:39:26; 29.313
 18.11.2025 17:42:26; 30.000
 18.11.2025 17:45:27; 30.500
 18.11.2025 17:48:26; 31.000
 18.11.2025 17:51:26; 31.500
 18.11.2025 17:54:27; 32.000
 18.11.2025 17:57:27; 30.625
 18.11.2025 18:00:26; 28.625
 18.11.2025 18:03:27; 28.438
 18.11.2025 18:06:27; 27.313
 18.11.2025 18:09:26; 26.250
 18.11.2025 18:12:27; 26.938
 18.11.2025 18:15:27; 29.125
 18.11.2025 18:18:26; 30.813
 18.11.2025 18:21:27; 31.875
 18.11.2025 18:24:26; 30.000
 18.11.2025 18:27:26; 31.438
 18.11.2025 18:30:27; 33.188
 18.11.2025 18:33:26; 34.063
 18.11.2025 18:36:26; 33.750
 18.11.2025 18:39:27; 33.375
 18.11.2025 18:42:27; 34.813
 18.11.2025 18:45:26; 35.188
 18.11.2025 18:48:27; 36.063
 18.11.2025 18:51:27; 36.938
 18.11.2025 18:54:26; 37.375
 18.11.2025 18:57:27; 37.125
 18.11.2025 19:00:27; 37.438
 18.11.2025 19:03:26; 37.750
 18.11.2025 19:06:27; 37.250
 18.11.2025 19:09:26; 36.375
 18.11.2025 19:12:26; 35.938
 18.11.2025 19:15:27; 36.375
 18.11.2025 19:18:26; 36.938
 18.11.2025 19:21:26; 37.500
 18.11.2025 19:24:27; 37.813
 18.11.2025 19:27:27; 38.125
 18.11.2025 19:30:26; 36.250
 18.11.2025 19:33:27; 36.438
 18.11.2025 19:36:27; 36.688
 18.11.2025 19:39:26; 36.750
 18.11.2025 19:42:27; 36.875
 18.11.2025 19:45:27; 36.500
 18.11.2025 19:48:26; 35.625
 18.11.2025 19:51:27; 34.875
 18.11.2025 19:54:26; 35.375
 18.11.2025 19:57:26; 35.625
 18.11.2025 20:00:27; 35.125
 18.11.2025 20:03:26; 35.125
 18.11.2025 20:06:26; 34.813
 18.11.2025 20:09:27; 34.750
 18.11.2025 20:12:27; 34.750
 18.11.2025 20:15:26; 34.063
 18.11.2025 20:18:27; 34.063
 18.11.2025 20:21:27; 33.625
 18.11.2025 20:24:26; 33.938
 18.11.2025 20:27:27; 35.125
 18.11.2025 20:30:27; 33.688
 18.11.2025 20:33:26; 33.813
 18.11.2025 20:36:27; 33.688
 18.11.2025 20:39:26; 34.438
 18.11.2025 20:42:26; 35.188
 18.11.2025 20:45:27; 35.875
 18.11.2025 20:48:26; 35.250
 18.11.2025 20:51:26; 35.125
 18.11.2025 20:54:27; 33.688
 18.11.2025 20:57:27; 33.750
 18.11.2025 21:00:26; 33.750
 18.11.2025 21:03:27; 33.563
 18.11.2025 21:06:27; 34.625
 18.11.2025 21:09:26; 34.875
 18.11.2025 21:12:27; 33.750
 18.11.2025 21:15:27; 32.563
 18.11.2025 21:18:26; 32.313
 18.11.2025 21:21:27; 32.125
 18.11.2025 21:24:26; 31.500
 18.11.2025 21:27:26; 29.000
 18.11.2025 21:30:27; 29.313
 18.11.2025 21:33:26; 28.500
 18.11.2025 21:36:26; 27.313
 18.11.2025 21:39:27; 25.938
 18.11.2025 21:42:27; 24.938
 18.11.2025 21:45:26; 24.250
 18.11.2025 21:48:27; 23.750
 18.11.2025 21:51:27; 23.375
 18.11.2025 21:54:26; 23.000
 18.11.2025 21:57:27; 22.813
 18.11.2025 22:00:27; 22.500
 18.11.2025 22:03:26; 22.188
 18.11.2025 22:06:27; 21.813
 18.11.2025 22:09:26; 21.563
 18.11.2025 22:12:26; 21.375
 18.11.2025 22:15:27; 21.188
 18.11.2025 22:18:26; 21.188
 18.11.2025 22:21:26; 21.063
 18.11.2025 22:24:27; 20.813
 18.11.2025 22:27:27; 20.625
 18.11.2025 22:30:26; 20.313
 18.11.2025 22:33:27; 20.125
 18.11.2025 22:36:27; 20.000
 18.11.2025 22:39:26; 19.875
 18.11.2025 22:42:27; 19.750
 18.11.2025 22:45:27; 19.688
 18.11.2025 22:48:26; 19.563
 18.11.2025 22:51:27; 19.500
 18.11.2025 22:54:26; 19.375
 18.11.2025 22:57:26; 19.250
 18.11.2025 23:00:27; 19.125
 18.11.2025 23:03:26; 19.063
 18.11.2025 23:06:26; 19.000
 18.11.2025 23:09:27; 18.938
 18.11.2025 23:12:27; 18.875
 18.11.2025 23:15:26; 18.813
 18.11.2025 23:18:27; 18.688
 18.11.2025 23:21:27; 18.625
 18.11.2025 23:24:26; 18.563
 18.11.2025 23:27:27; 18.500
 18.11.2025 23:30:27; 18.438
 18.11.2025 23:33:26; 18.375
 18.11.2025 23:36:27; 18.375
 18.11.2025 23:39:26; 18.313
 18.11.2025 23:42:26; 18.250
 18.11.2025 23:45:27; 18.188
 18.11.2025 23:48:26; 18.188
 18.11.2025 23:51:26; 18.125
 18.11.2025 23:54:27; 18.063
 18.11.2025 23:57:27; 18.063
 19.11.2025 00:00:26; 18.000
 19.11.2025 00:03:27; 17.938
 19.11.2025 00:06:27; 17.875
 19.11.2025 00:09:26; 17.813
 19.11.2025 00:12:27; 17.750
 19.11.2025 00:15:27; 17.688
 19.11.2025 00:18:26; 17.625
 19.11.2025 00:21:27; 17.625
 19.11.2025 00:24:26; 17.563
 19.11.2025 00:27:26; 17.500
 19.11.2025 00:30:27; 17.375
 19.11.2025 00:33:26; 17.375
 19.11.2025 00:36:26; 17.250
 19.11.2025 00:39:27; 17.250
 19.11.2025 00:42:27; 17.125
 19.11.2025 00:45:26; 17.125
 19.11.2025 00:48:27; 17.000
 19.11.2025 00:51:27; 16.938
 19.11.2025 00:54:26; 16.813
 19.11.2025 00:57:27; 16.688
 19.11.2025 01:00:27; 16.688
 19.11.2025 01:03:26; 16.625
 19.11.2025 01:06:27; 16.563
 19.11.2025 01:09:26; 16.563
 19.11.2025 01:12:26; 16.438
 19.11.2025 01:15:27; 16.375
 19.11.2025 01:18:26; 16.250
 19.11.2025 01:21:26; 16.188
 19.11.2025 01:24:27; 16.125
 19.11.2025 01:27:27; 16.063
 19.11.2025 01:30:26; 16.000
 19.11.2025 01:33:27; 15.938
 19.11.2025 01:36:27; 15.813
 19.11.2025 01:39:26; 15.750
 19.11.2025 01:42:27; 15.688
 19.11.2025 01:45:27; 15.625
 19.11.2025 01:48:26; 15.563
 19.11.2025 01:51:27; 15.500
 19.11.2025 01:54:26; 15.500
 19.11.2025 01:57:26; 15.438
 19.11.2025 02:00:27; 15.375
 19.11.2025 02:03:26; 15.375
 19.11.2025 02:06:26; 15.313
 19.11.2025 02:09:27; 15.250
 19.11.2025 02:12:27; 15.250
 19.11.2025 02:15:26; 15.250
 19.11.2025 02:18:27; 15.188
 19.11.2025 02:21:27; 15.188
 19.11.2025 02:24:26; 15.188
 19.11.2025 02:27:27; 15.063
 19.11.2025 02:30:27; 15.063
 19.11.2025 02:33:26; 15.063
 19.11.2025 02:36:27; 15.000
 19.11.2025 02:39:26; 15.000
 19.11.2025 02:42:26; 15.000
 19.11.2025 02:45:27; 14.938
 19.11.2025 02:48:26; 14.875
 19.11.2025 02:51:26; 14.875
 19.11.2025 02:54:27; 14.750
 19.11.2025 02:57:27; 14.688
 19.11.2025 03:00:26; 14.625
 19.11.2025 03:03:27; 14.625
 19.11.2025 03:06:27; 14.625
 19.11.2025 03:09:26; 14.688
 19.11.2025 03:12:27; 14.750
 19.11.2025 03:15:27; 14.813
 19.11.2025 03:18:26; 14.813
 19.11.2025 03:21:27; 14.813
 19.11.2025 03:24:26; 14.750
 19.11.2025 03:27:26; 14.688
 19.11.2025 03:30:27; 14.625
 19.11.2025 03:33:26; 14.563
 19.11.2025 03:36:26; 14.500
 19.11.2025 03:39:27; 14.500
 19.11.2025 03:42:27; 14.438
 19.11.2025 03:45:26; 14.438
 19.11.2025 03:48:27; 14.500
 19.11.2025 03:51:27; 14.438
 19.11.2025 03:54:26; 14.438
 19.11.2025 03:57:27; 14.375
 19.11.2025 04:00:27; 14.375
 19.11.2025 04:03:26; 14.375
 19.11.2025 04:06:27; 14.313
 19.11.2025 04:09:26; 14.313
 19.11.2025 04:12:26; 14.250
 19.11.2025 04:15:27; 14.250
 19.11.2025 04:18:26; 14.188
 19.11.2025 04:21:26; 14.125
 19.11.2025 04:24:27; 14.063
 19.11.2025 04:27:27; 14.000
 19.11.2025 04:30:26; 14.000
 19.11.2025 04:33:27; 14.000
 19.11.2025 04:36:27; 13.938
 19.11.2025 04:39:26; 13.875
 19.11.2025 04:42:27; 13.875
 19.11.2025 04:45:27; 13.875
 19.11.2025 04:48:26; 13.875
 19.11.2025 04:51:27; 13.875
 19.11.2025 04:54:26; 13.813
 19.11.2025 04:57:26; 13.813
 19.11.2025 05:00:27; 13.875
 19.11.2025 05:03:26; 13.875
 19.11.2025 05:06:26; 13.813
 19.11.2025 05:09:27; 13.750
 19.11.2025 05:12:27; 13.750
 19.11.2025 05:15:26; 13.750
 19.11.2025 05:18:27; 13.750
 19.11.2025 05:21:27; 13.688
 19.11.2025 05:24:26; 13.688
 19.11.2025 05:27:27; 13.625
 19.11.2025 05:30:27; 13.625
 19.11.2025 05:33:26; 13.625
 19.11.2025 05:36:27; 13.563
 19.11.2025 05:39:26; 13.500
 19.11.2025 05:42:26; 13.438
 19.11.2025 05:45:27; 13.438
 19.11.2025 05:48:26; 13.500
 19.11.2025 05:51:26; 13.500
 19.11.2025 05:54:27; 13.500
 19.11.2025 05:57:27; 13.500
 19.11.2025 06:00:26; 13.438
 19.11.2025 06:03:27; 13.438
 19.11.2025 06:06:27; 13.375
 19.11.2025 06:09:26; 13.313
 19.11.2025 06:12:27; 13.250
 19.11.2025 06:15:27; 13.188
 19.11.2025 06:18:26; 13.125
 19.11.2025 06:21:27; 13.063
 19.11.2025 06:24:26; 13.000
 19.11.2025 06:27:26; 12.938
 19.11.2025 06:30:27; 12.875
 19.11.2025 06:33:26; 12.813
 19.11.2025 06:36:26; 12.813
 19.11.2025 06:39:27; 12.750
 19.11.2025 06:42:27; 12.750
 19.11.2025 06:45:26; 12.688
 19.11.2025 06:48:27; 12.625
 19.11.2025 06:51:27; 12.563
 19.11.2025 06:54:26; 12.500
 19.11.2025 06:57:27; 12.500
 19.11.2025 07:00:27; 12.438
 19.11.2025 07:03:26; 12.375
 19.11.2025 07:06:27; 12.375
 19.11.2025 07:09:26; 12.313
 19.11.2025 07:12:26; 12.313
 19.11.2025 07:15:27; 12.313
 19.11.2025 07:18:26; 12.313
 19.11.2025 07:21:26; 12.313
 19.11.2025 07:24:27; 12.250
 19.11.2025 07:27:27; 12.250
 19.11.2025 07:30:26; 12.188
 19.11.2025 07:33:27; 12.188
 19.11.2025 07:36:27; 12.188
 19.11.2025 07:39:26; 12.188
 19.11.2025 07:42:27; 12.125
 19.11.2025 07:45:27; 12.125
 19.11.2025 07:48:26; 12.188
 19.11.2025 07:51:27; 12.188
 19.11.2025 07:54:26; 12.188
 19.11.2025 07:57:26; 12.125
 19.11.2025 08:00:27; 12.125
 19.11.2025 08:03:26; 12.063
 19.11.2025 08:06:26; 12.063
 19.11.2025 08:09:27; 12.000
 19.11.2025 08:12:27; 11.938
 19.11.2025 08:15:26; 11.938
 19.11.2025 08:18:27; 11.875
 19.11.2025 08:21:27; 11.875
 19.11.2025 08:24:26; 11.875
 19.11.2025 08:27:27; 11.813
 19.11.2025 08:30:27; 11.750
 19.11.2025 08:33:26; 11.750
 19.11.2025 08:36:27; 11.688
 19.11.2025 08:39:26; 11.688
 19.11.2025 08:42:26; 11.625
 19.11.2025 08:45:27; 11.625
 19.11.2025 08:48:26; 11.563
 19.11.2025 08:51:26; 11.563
 19.11.2025 08:54:27; 11.500
 19.11.2025 08:57:27; 11.500
 19.11.2025 09:00:26; 11.438
 19.11.2025 09:03:27; 11.438
 19.11.2025 09:06:27; 11.438
 19.11.2025 09:09:26; 11.375
 19.11.2025 09:12:27; 11.313
 19.11.2025 09:15:27; 11.250
 19.11.2025 09:18:26; 11.250
 19.11.2025 09:21:27; 11.188
 19.11.2025 09:24:26; 11.188
 19.11.2025 09:27:26; 11.125
 19.11.2025 09:30:27; 11.125
 19.11.2025 09:33:26; 11.063
 19.11.2025 09:36:26; 11.125
 19.11.2025 09:39:27; 11.125
 19.11.2025 09:42:27; 11.125
 19.11.2025 09:45:26; 11.125
 19.11.2025 09:48:27; 11.125
 19.11.2025 09:51:27; 11.188
 19.11.2025 09:54:26; 11.188
 19.11.2025 09:57:27; 11.188
 19.11.2025 10:00:27; 11.250
 19.11.2025 10:03:26; 11.313
 19.11.2025 10:06:27; 11.375
 19.11.2025 10:09:26; 11.438
 19.11.2025 10:12:26; 11.500
 19.11.2025 10:15:27; 11.563
 19.11.2025 10:18:26; 11.688
 19.11.2025 10:21:26; 11.750
 19.11.2025 10:24:27; 11.813
 19.11.2025 10:27:27; 11.938
 19.11.2025 10:30:26; 12.063
 19.11.2025 10:33:27; 12.125
 19.11.2025 10:36:27; 12.250
 19.11.2025 10:39:26; 12.313
 19.11.2025 10:42:27; 12.438
 19.11.2025 10:45:27; 12.563
 19.11.2025 10:48:26; 12.625
 19.11.2025 10:51:27; 12.813
 19.11.2025 10:54:26; 12.938
 19.11.2025 10:57:26; 13.125
 19.11.2025 11:00:27; 13.313
 19.11.2025 11:03:26; 13.500
 19.11.2025 11:06:26; 13.688
 19.11.2025 11:09:27; 13.875
 19.11.2025 11:12:27; 14.063
 19.11.2025 11:15:26; 14.188
 19.11.2025 11:18:27; 14.313
 19.11.2025 11:21:27; 14.563
 19.11.2025 11:24:26; 14.750
 19.11.2025 11:27:27; 14.875
 19.11.2025 11:30:27; 15.063
 19.11.2025 11:33:26; 15.250
 19.11.2025 11:36:27; 15.438
 19.11.2025 11:39:26; 15.625
 19.11.2025 11:42:26; 15.813
 19.11.2025 11:45:27; 15.938
 19.11.2025 11:48:26; 16.188
 19.11.2025 11:51:26; 16.375
 19.11.2025 11:54:27; 16.625
 19.11.2025 11:57:27; 16.750
 19.11.2025 12:00:26; 16.938
 19.11.2025 12:03:27; 17.063
 19.11.2025 12:06:27; 17.250
 19.11.2025 12:09:26; 17.438
 19.11.2025 12:12:27; 17.625
 19.11.2025 12:15:27; 17.875
 19.11.2025 12:18:26; 18.000
 19.11.2025 12:21:27; 18.188
 19.11.2025 12:24:26; 18.375
 19.11.2025 12:27:26; 18.563
 19.11.2025 12:30:27; 18.688
 19.11.2025 12:33:26; 18.875
 19.11.2025 12:36:26; 19.125
 19.11.2025 12:39:27; 19.313
 19.11.2025 12:42:27; 19.500
 19.11.2025 12:45:26; 19.688
 19.11.2025 12:48:27; 19.813
 19.11.2025 12:51:27; 19.938
 19.11.2025 12:54:26; 20.125
 19.11.2025 12:57:27; 20.188
 19.11.2025 13:00:27; 20.313
 19.11.2025 13:03:26; 20.438
 19.11.2025 13:06:27; 20.563
 19.11.2025 13:09:26; 20.688
 19.11.2025 13:12:26; 20.813
 19.11.2025 13:15:27; 20.875
 19.11.2025 13:18:26; 21.000
 19.11.2025 13:21:26; 21.188
 19.11.2025 13:24:27; 21.375
 19.11.2025 13:27:27; 21.563
 19.11.2025 13:30:26; 21.625
 19.11.2025 13:33:27; 21.688
 19.11.2025 13:36:27; 21.750
 19.11.2025 13:39:26; 21.875
 19.11.2025 13:42:27; 22.000
 19.11.2025 13:45:27; 22.000
 19.11.2025 13:48:26; 22.000
 19.11.2025 13:51:27; 22.000
 19.11.2025 13:54:26; 22.188
 19.11.2025 13:57:26; 22.313
 19.11.2025 14:00:27; 22.375
 19.11.2025 14:03:26; 22.500
 19.11.2025 14:06:26; 22.625
 19.11.2025 14:09:27; 22.813
 19.11.2025 14:12:27; 22.813
 19.11.2025 14:15:26; 23.000
 19.11.2025 14:18:27; 23.063
 19.11.2025 14:21:27; 22.938
 19.11.2025 14:24:26; 23.125
 19.11.2025 14:27:27; 23.125
 19.11.2025 14:30:27; 23.063
 19.11.2025 14:33:26; 23.188
 19.11.2025 14:36:27; 23.313
 19.11.2025 14:39:26; 23.563
 19.11.2025 14:42:26; 23.813
 19.11.2025 14:45:27; 24.063
 19.11.2025 14:48:26; 23.938
 19.11.2025 14:51:26; 23.938
 19.11.2025 14:54:27; 24.313
 19.11.2025 14:57:27; 24.500
 19.11.2025 15:00:26; 24.750
 19.11.2025 15:03:27; 25.125
 19.11.2025 15:06:27; 24.938
 19.11.2025 15:09:26; 25.000
 19.11.2025 15:12:27; 25.375
 19.11.2025 15:15:27; 25.563
 19.11.2025 15:18:26; 25.563
 19.11.2025 15:21:27; 25.813
 19.11.2025 15:24:26; 26.188
 19.11.2025 15:27:26; 26.250
 19.11.2025 15:30:27; 25.938
 19.11.2025 15:33:26; 26.188
 19.11.2025 15:36:26; 26.625
 19.11.2025 15:39:27; 27.063
 19.11.2025 15:42:27; 27.125
 19.11.2025 15:45:26; 27.438
 19.11.2025 15:48:27; 27.438
 19.11.2025 15:51:27; 27.875
 19.11.2025 15:54:26; 27.938
 19.11.2025 15:57:27; 27.875
 19.11.2025 16:00:27; 27.375
 19.11.2025 16:03:26; 27.438
 19.11.2025 16:06:27; 27.813
 19.11.2025 16:09:26; 26.813
 19.11.2025 16:12:26; 25.750
 19.11.2025 16:15:27; 25.188
 19.11.2025 16:18:26; 25.000
 19.11.2025 16:21:26; 24.938
 19.11.2025 16:24:27; 24.938
 19.11.2025 16:27:27; 25.813
 19.11.2025 16:30:26; 26.125
 19.11.2025 16:33:27; 26.313
 19.11.2025 16:36:27; 26.313
 19.11.2025 16:39:26; 25.875
 19.11.2025 16:42:27; 26.000
 19.11.2025 16:45:27; 26.125
 19.11.2025 16:48:26; 26.188
 19.11.2025 16:51:27; 27.500
 19.11.2025 16:54:26; 28.938
 19.11.2025 16:57:26; 30.000
 19.11.2025 17:00:27; 29.938
 19.11.2025 17:03:26; 29.875
 19.11.2025 17:06:26; 30.313
 19.11.2025 17:09:27; 29.500
 19.11.2025 17:12:27; 28.938
 19.11.2025 17:15:26; 28.313
 19.11.2025 17:18:27; 27.813
 19.11.2025 17:21:27; 27.875
 19.11.2025 17:24:26; 28.313
 19.11.2025 17:27:27; 28.063
 19.11.2025 17:30:27; 27.438
 19.11.2025 17:33:26; 27.500
 19.11.2025 17:36:27; 27.250
 19.11.2025 17:39:26; 27.250
 19.11.2025 17:42:26; 27.375
 19.11.2025 17:45:27; 27.563
 19.11.2025 17:48:26; 27.188
 19.11.2025 17:51:26; 27.313
 19.11.2025 17:54:27; 29.625
 19.11.2025 17:57:27; 31.313
 19.11.2025 18:00:26; 32.188
 19.11.2025 18:03:27; 32.813
 19.11.2025 18:06:27; 32.125
 19.11.2025 18:09:26; 30.000
 19.11.2025 18:12:27; 30.938
 19.11.2025 18:15:27; 32.500
 19.11.2025 18:18:26; 34.063
 19.11.2025 18:21:27; 35.375
 19.11.2025 18:24:26; 36.000
 19.11.2025 18:27:26; 34.938
 19.11.2025 18:30:27; 35.750
 19.11.2025 18:33:26; 35.063
 19.11.2025 18:36:26; 31.938
 19.11.2025 18:39:27; 30.188
 19.11.2025 18:42:27; 28.625
 19.11.2025 18:45:26; 29.438
 19.11.2025 18:48:27; 29.813
 19.11.2025 18:51:27; 32.188
 19.11.2025 18:54:26; 34.188
 19.11.2025 18:57:27; 33.813
 19.11.2025 19:00:27; 31.563
 19.11.2025 19:03:26; 29.938
 19.11.2025 19:06:27; 29.063
 19.11.2025 19:09:26; 31.813
 19.11.2025 19:12:26; 33.938
 19.11.2025 19:15:27; 34.313
 19.11.2025 19:18:26; 34.313
 19.11.2025 19:21:26; 35.188
 19.11.2025 19:24:27; 35.938
 19.11.2025 19:27:27; 37.375
 19.11.2025 19:30:26; 37.813
 19.11.2025 19:33:27; 36.875
 19.11.2025 19:36:27; 36.563
 19.11.2025 19:39:26; 37.188
 19.11.2025 19:42:27; 38.250
 19.11.2025 19:45:27; 38.938
 19.11.2025 19:48:26; 36.750
 19.11.2025 19:51:27; 33.438
 19.11.2025 19:54:26; 31.875
 19.11.2025 19:57:26; 30.938
 19.11.2025 20:00:27; 29.750
 19.11.2025 20:03:26; 29.063
 19.11.2025 20:06:26; 28.375
 19.11.2025 20:09:27; 27.813
 19.11.2025 20:12:27; 27.313
 19.11.2025 20:15:26; 27.188
 19.11.2025 20:18:27; 29.500
 19.11.2025 20:21:27; 30.313
 19.11.2025 20:24:26; 30.750
 19.11.2025 20:27:27; 30.000
 19.11.2025 20:30:27; 31.500
 19.11.2025 20:33:26; 32.438
 19.11.2025 20:36:27; 33.375
 19.11.2025 20:39:26; 33.750
 19.11.2025 20:42:26; 34.188
 19.11.2025 20:45:27; 33.688
 19.11.2025 20:48:26; 33.813
 19.11.2025 20:51:26; 33.563
 19.11.2025 20:54:27; 34.063
 19.11.2025 20:57:27; 34.500
 19.11.2025 21:00:26; 34.438
 19.11.2025 21:03:27; 33.938
 19.11.2025 21:06:27; 35.188
 19.11.2025 21:09:26; 35.625
 19.11.2025 21:12:27; 34.750
 19.11.2025 21:15:27; 32.938
 19.11.2025 21:18:26; 30.875
 19.11.2025 21:21:27; 29.250
 19.11.2025 21:24:26; 28.750
 19.11.2025 21:27:26; 27.563
 19.11.2025 21:30:27; 26.625
 19.11.2025 21:33:26; 25.875
 19.11.2025 21:36:26; 25.188
 19.11.2025 21:39:27; 24.875
 19.11.2025 21:42:27; 24.688
 19.11.2025 21:45:26; 24.750
 19.11.2025 21:48:27; 24.750
 19.11.2025 21:51:27; 24.313
 19.11.2025 21:54:26; 24.000
 19.11.2025 21:57:27; 23.750
 19.11.2025 22:00:27; 23.500
 19.11.2025 22:03:26; 23.313
 19.11.2025 22:06:27; 23.188
 19.11.2025 22:09:26; 23.000
 19.11.2025 22:12:26; 22.813
 19.11.2025 22:15:27; 22.688
 19.11.2025 22:18:26; 22.375
 19.11.2025 22:21:26; 22.188
 19.11.2025 22:24:27; 22.000
 19.11.2025 22:27:27; 21.813
 19.11.2025 22:30:26; 21.688
 19.11.2025 22:33:27; 21.500
 19.11.2025 22:36:27; 21.313
 19.11.2025 22:39:26; 21.125
 19.11.2025 22:42:27; 21.000
 19.11.2025 22:45:27; 20.875
 19.11.2025 22:48:26; 20.813
 19.11.2025 22:51:27; 20.750
 19.11.2025 22:54:26; 20.688
 19.11.2025 22:57:26; 20.625
 19.11.2025 23:00:27; 20.563
 19.11.2025 23:03:26; 20.500
 19.11.2025 23:06:26; 20.500
 19.11.2025 23:09:27; 20.438
 19.11.2025 23:12:27; 20.438
 19.11.2025 23:15:26; 20.375
 19.11.2025 23:18:27; 20.250
 19.11.2025 23:21:27; 20.125
 19.11.2025 23:24:26; 20.000
 19.11.2025 23:27:27; 19.938
 19.11.2025 23:30:27; 19.813
 19.11.2025 23:33:26; 19.750
 19.11.2025 23:36:27; 19.688
 19.11.2025 23:39:26; 19.688
 19.11.2025 23:42:26; 19.625
 19.11.2025 23:45:27; 19.625
 19.11.2025 23:48:26; 19.563
 19.11.2025 23:51:26; 19.500
 19.11.2025 23:54:27; 19.500
 19.11.2025 23:57:27; 19.438
 20.11.2025 00:00:26; 19.438
 20.11.2025 00:03:27; 19.375
 20.11.2025 00:06:27; 19.375
 20.11.2025 00:09:26; 19.375
 20.11.2025 00:12:27; 19.313
 20.11.2025 00:15:27; 19.313
 20.11.2025 00:18:26; 19.250
 20.11.2025 00:21:27; 19.250
 20.11.2025 00:24:26; 19.188
 20.11.2025 00:27:26; 19.125
 20.11.2025 00:30:27; 19.125
 20.11.2025 00:33:26; 19.063
 20.11.2025 00:36:26; 19.000
 20.11.2025 00:39:27; 18.938
 20.11.2025 00:42:27; 18.875
 20.11.2025 00:45:26; 18.813
 20.11.2025 00:48:27; 18.688
 20.11.2025 00:51:27; 18.625
 20.11.2025 00:54:26; 18.563
 20.11.2025 00:57:27; 18.500
 20.11.2025 01:00:27; 18.438
 20.11.2025 01:03:26; 18.375
 20.11.2025 01:06:27; 18.313
 20.11.2025 01:09:26; 18.250
 20.11.2025 01:12:26; 18.188
 20.11.2025 01:15:27; 18.188
 20.11.2025 01:18:26; 18.063
 20.11.2025 01:21:26; 18.063
 20.11.2025 01:24:27; 18.000
 20.11.2025 01:27:27; 17.875
 20.11.2025 01:30:26; 17.750
 20.11.2025 01:33:27; 17.625
 20.11.2025 01:36:27; 17.563
 20.11.2025 01:39:26; 17.563
 20.11.2025 01:42:27; 17.500
 20.11.2025 01:45:27; 17.438
 20.11.2025 01:48:26; 17.313
 20.11.2025 01:51:27; 17.313
 20.11.2025 01:54:26; 17.250
 20.11.2025 01:57:26; 17.313
 20.11.2025 02:00:27; 17.313
 20.11.2025 02:03:26; 17.375
 20.11.2025 02:06:26; 17.375
 20.11.2025 02:09:27; 17.313
 20.11.2025 02:12:27; 17.313
 20.11.2025 02:15:26; 17.250
 20.11.2025 02:18:27; 17.188
 20.11.2025 02:21:27; 17.125
 20.11.2025 02:24:26; 17.125
 20.11.2025 02:27:27; 17.063
 20.11.2025 02:30:27; 16.938
 20.11.2025 02:33:26; 16.875
 20.11.2025 02:36:27; 16.813
 20.11.2025 02:39:26; 16.813
 20.11.2025 02:42:26; 16.750
 20.11.2025 02:45:27; 16.750
 20.11.2025 02:48:26; 16.688
 20.11.2025 02:51:26; 16.688
 20.11.2025 02:54:27; 16.688
 20.11.2025 02:57:27; 16.625
 20.11.2025 03:00:26; 16.625
 20.11.2025 03:03:27; 16.563
 20.11.2025 03:06:27; 16.563
 20.11.2025 03:09:26; 16.625
 20.11.2025 03:12:27; 16.625
 20.11.2025 03:15:27; 16.625
 20.11.2025 03:18:26; 16.625
 20.11.2025 03:21:27; 16.625
 20.11.2025 03:24:26; 16.563
 20.11.2025 03:27:26; 16.500
 20.11.2025 03:30:27; 16.500
 20.11.2025 03:33:26; 16.500
 20.11.2025 03:36:26; 16.500
 20.11.2025 03:39:27; 16.563
 20.11.2025 03:42:27; 16.688
 20.11.2025 03:45:26; 16.750
 20.11.2025 03:48:27; 16.750
 20.11.2025 03:51:27; 16.688
 20.11.2025 03:54:26; 16.563
 20.11.2025 03:57:27; 16.500
 20.11.2025 04:00:27; 16.375
 20.11.2025 04:03:26; 16.250
 20.11.2025 04:06:27; 16.125
 20.11.2025 04:09:26; 16.063
 20.11.2025 04:12:26; 16.000
 20.11.2025 04:15:27; 15.875
 20.11.2025 04:18:26; 15.875
 20.11.2025 04:21:26; 15.813
 20.11.2025 04:24:27; 15.750
 20.11.2025 04:27:27; 15.750
 20.11.2025 04:30:26; 15.625
 20.11.2025 04:33:27; 15.625
 20.11.2025 04:36:27; 15.625
 20.11.2025 04:39:26; 15.625
 20.11.2025 04:42:27; 15.563
 20.11.2025 04:45:27; 15.563
 20.11.2025 04:48:26; 15.438
 20.11.2025 04:51:27; 15.438
 20.11.2025 04:54:26; 15.375
 20.11.2025 04:57:26; 15.375
 20.11.2025 05:00:27; 15.375
 20.11.2025 05:03:26; 15.375
 20.11.2025 05:06:26; 15.438
 20.11.2025 05:09:27; 15.438
 20.11.2025 05:12:27; 15.375
 20.11.2025 05:15:26; 15.375
 20.11.2025 05:18:27; 15.375
 20.11.2025 05:21:27; 15.313
 20.11.2025 05:24:26; 15.313
 20.11.2025 05:27:27; 15.250
 20.11.2025 05:30:27; 15.188
 20.11.2025 05:33:26; 15.188
 20.11.2025 05:36:27; 15.188
 20.11.2025 05:39:26; 15.188
 20.11.2025 05:42:26; 15.125
 20.11.2025 05:45:27; 15.125
 20.11.2025 05:48:26; 15.063
 20.11.2025 05:51:26; 15.063
 20.11.2025 05:54:27; 15.000
 20.11.2025 05:57:27; 15.000
 20.11.2025 06:00:26; 15.000
 20.11.2025 06:03:27; 14.938
 20.11.2025 06:06:27; 14.938
 20.11.2025 06:09:26; 14.813
 20.11.2025 06:12:27; 14.750
 20.11.2025 06:15:27; 14.750
 20.11.2025 06:18:26; 14.688
 20.11.2025 06:21:27; 14.625
 20.11.2025 06:24:26; 14.625
 20.11.2025 06:27:26; 14.563
 20.11.2025 06:30:27; 14.500
 20.11.2025 06:33:26; 14.500
 20.11.2025 06:36:26; 14.438
 20.11.2025 06:39:27; 14.438
 20.11.2025 06:42:27; 14.375
 20.11.2025 06:45:26; 14.313
 20.11.2025 06:48:27; 14.250
 20.11.2025 06:51:27; 14.250
 20.11.2025 06:54:26; 14.250
 20.11.2025 06:57:27; 14.250
 20.11.2025 07:00:27; 14.250
 20.11.2025 07:03:26; 14.313
 20.11.2025 07:06:27; 14.313
 20.11.2025 07:09:26; 14.375
 20.11.2025 07:12:26; 14.375
 20.11.2025 07:15:27; 14.375
 20.11.2025 07:18:26; 14.375
 20.11.2025 07:21:26; 14.375
 20.11.2025 07:24:27; 14.375
 20.11.2025 07:27:27; 14.375
 20.11.2025 07:30:26; 14.375
 20.11.2025 07:33:27; 14.375
 20.11.2025 07:36:27; 14.313
 20.11.2025 07:39:26; 14.313
 20.11.2025 07:42:27; 14.313
 20.11.2025 07:45:27; 14.250
 20.11.2025 07:48:26; 14.250
 20.11.2025 07:51:27; 14.250
 20.11.2025 07:54:26; 14.188
 20.11.2025 07:57:26; 14.125
 20.11.2025 08:00:27; 14.063
 20.11.2025 08:03:26; 14.000
 20.11.2025 08:06:26; 14.000
 20.11.2025 08:09:27; 13.875
 20.11.2025 08:12:27; 13.813
 20.11.2025 08:15:26; 13.813
 20.11.2025 08:18:27; 13.750
 20.11.2025 08:21:27; 13.688
 20.11.2025 08:24:26; 13.625
 20.11.2025 08:27:27; 13.563
 20.11.2025 08:30:27; 13.500
 20.11.2025 08:33:26; 13.438
 20.11.2025 08:36:27; 13.438
 20.11.2025 08:39:26; 13.375
 20.11.2025 08:42:26; 13.375
 20.11.2025 08:45:27; 13.375
 20.11.2025 08:48:26; 13.313
 20.11.2025 08:51:26; 13.313
 20.11.2025 08:54:27; 13.250
 20.11.2025 08:57:27; 13.250
 20.11.2025 09:00:26; 13.250
 20.11.2025 09:03:27; 13.250
 20.11.2025 09:06:27; 13.250
 20.11.2025 09:09:26; 13.250
 20.11.2025 09:12:27; 13.313
 20.11.2025 09:15:27; 13.250
 20.11.2025 09:18:26; 13.250
 20.11.2025 09:21:27; 13.188
 20.11.2025 09:24:26; 13.125
 20.11.2025 09:27:26; 13.063
 20.11.2025 09:30:27; 13.000
 20.11.2025 09:33:26; 13.000
 20.11.2025 09:36:26; 13.000
 20.11.2025 09:39:27; 12.938
 20.11.2025 09:42:27; 12.938
 20.11.2025 09:45:26; 12.938
 20.11.2025 09:48:27; 12.938
 20.11.2025 09:51:27; 13.000
 20.11.2025 09:54:26; 13.000
 20.11.2025 09:57:27; 13.063
 20.11.2025 10:00:27; 13.125
 20.11.2025 10:03:26; 13.125
 20.11.2025 10:06:27; 13.188
 20.11.2025 10:09:26; 13.188
 20.11.2025 10:12:26; 13.250
 20.11.2025 10:15:27; 13.250
 20.11.2025 10:18:26; 13.313
 20.11.2025 10:21:26; 13.375
 20.11.2025 10:24:27; 13.375
 20.11.2025 10:27:27; 13.375
 20.11.2025 10:30:26; 13.375
 20.11.2025 10:33:27; 13.375
 20.11.2025 10:36:27; 13.375
 20.11.2025 10:39:26; 13.375
 20.11.2025 10:42:27; 13.438
 20.11.2025 10:45:27; 13.500
 20.11.2025 10:48:26; 13.563
 20.11.2025 10:51:27; 13.688
 20.11.2025 10:54:26; 13.813
 20.11.2025 10:57:26; 13.938
 20.11.2025 11:00:27; 14.063
 20.11.2025 11:03:26; 14.188
 20.11.2025 11:06:26; 14.375
 20.11.2025 11:09:27; 14.563
 20.11.2025 11:12:27; 14.750
 20.11.2025 11:15:26; 14.938
 20.11.2025 11:18:27; 15.125
 20.11.2025 11:21:27; 15.375
 20.11.2025 11:24:26; 15.500
 20.11.2025 11:27:27; 15.688
 20.11.2025 11:30:27; 15.938
 20.11.2025 11:33:26; 16.125
 20.11.2025 11:36:27; 16.375
 20.11.2025 11:39:26; 16.625
 20.11.2025 11:42:26; 16.813
 20.11.2025 11:45:27; 17.063
 20.11.2025 11:48:26; 17.250
 20.11.2025 11:51:26; 17.375
 20.11.2025 11:54:27; 17.500
 20.11.2025 11:57:27; 17.625
 20.11.2025 12:00:26; 17.813
 20.11.2025 12:03:27; 17.938
 20.11.2025 12:06:27; 18.125
 20.11.2025 12:09:26; 18.313
 20.11.2025 12:12:27; 18.438
 20.11.2025 12:15:27; 18.625
 20.11.2025 12:18:26; 18.875
 20.11.2025 12:21:27; 19.063
 20.11.2025 12:24:26; 19.188
 20.11.2025 12:27:26; 19.250
 20.11.2025 12:30:27; 19.375
 20.11.2025 12:33:26; 19.563
 20.11.2025 12:36:26; 19.688
 20.11.2025 12:39:27; 19.688
 20.11.2025 12:42:27; 19.875
 20.11.2025 12:45:26; 20.000
 20.11.2025 12:48:27; 20.188
 20.11.2025 12:51:27; 20.375
 20.11.2025 12:54:26; 20.438
 20.11.2025 12:57:27; 20.625
 20.11.2025 13:00:27; 20.813
 20.11.2025 13:03:26; 21.000
 20.11.2025 13:06:27; 21.063
 20.11.2025 13:09:26; 21.250
 20.11.2025 13:12:26; 21.375
 20.11.2025 13:15:27; 21.625
 20.11.2025 13:18:26; 21.625
 20.11.2025 13:21:26; 21.813
 20.11.2025 13:24:27; 21.875
 20.11.2025 13:27:27; 22.063
 20.11.2025 13:30:26; 22.000
 20.11.2025 13:33:27; 22.063
 20.11.2025 13:36:27; 22.188
 20.11.2025 13:39:26; 22.438
 20.11.2025 13:42:27; 22.625
 20.11.2025 13:45:27; 22.438
 20.11.2025 13:48:26; 22.500
 20.11.2025 13:51:27; 22.625
 20.11.2025 13:54:26; 22.875
 20.11.2025 13:57:26; 23.000
 20.11.2025 14:00:27; 22.938
 20.11.2025 14:03:26; 22.750
 20.11.2025 14:06:26; 22.813
 20.11.2025 14:09:27; 22.750
 20.11.2025 14:12:27; 23.063
 20.11.2025 14:15:26; 23.375
 20.11.2025 14:18:27; 23.438
 20.11.2025 14:21:27; 23.625
 20.11.2025 14:24:26; 23.313
 20.11.2025 14:27:27; 23.188
 20.11.2025 14:30:27; 23.500
 20.11.2025 14:33:26; 23.813
 20.11.2025 14:36:27; 24.188
 20.11.2025 14:39:26; 24.500
 20.11.2025 14:42:26; 24.750
 20.11.2025 14:45:27; 24.813
 20.11.2025 14:48:26; 24.875
 20.11.2025 14:51:26; 24.875
 20.11.2025 14:54:27; 24.750
 20.11.2025 14:57:27; 25.125
 20.11.2025 15:00:26; 25.250
 20.11.2025 15:03:27; 25.438
 20.11.2025 15:06:27; 25.688
 20.11.2025 15:09:26; 25.438
 20.11.2025 15:12:27; 25.000
 20.11.2025 15:15:27; 24.188
 20.11.2025 15:18:26; 23.500
 20.11.2025 15:21:27; 23.563
 20.11.2025 15:24:26; 24.188
 20.11.2025 15:27:26; 24.750
 20.11.2025 15:30:27; 25.125
 20.11.2025 15:33:26; 25.063
 20.11.2025 15:36:26; 24.813
 20.11.2025 15:39:27; 24.563
 20.11.2025 15:42:27; 25.188
 20.11.2025 15:45:26; 25.688
 20.11.2025 15:48:27; 25.750
 20.11.2025 15:51:27; 25.813
 20.11.2025 15:54:26; 26.000
 20.11.2025 15:57:27; 26.250
 20.11.2025 16:00:27; 26.938
 20.11.2025 16:03:26; 27.375
 20.11.2025 16:06:27; 27.313
 20.11.2025 16:09:26; 27.813
 20.11.2025 16:12:26; 27.563
 20.11.2025 16:15:27; 27.250
 20.11.2025 16:18:26; 27.188
 20.11.2025 16:21:26; 27.625
 20.11.2025 16:24:27; 27.813
 20.11.2025 16:27:27; 28.063
 20.11.2025 16:30:26; 27.688
 20.11.2025 16:33:27; 27.438
 20.11.2025 16:36:27; 27.750
 20.11.2025 16:39:26; 28.250
 20.11.2025 16:42:27; 27.875
 20.11.2025 16:45:27; 27.813
 20.11.2025 16:48:26; 27.875
 20.11.2025 16:51:27; 28.313
 20.11.2025 16:54:26; 28.938
 20.11.2025 16:57:26; 29.188
 20.11.2025 17:00:27; 29.063
 20.11.2025 17:03:26; 29.188
 20.11.2025 17:06:26; 29.313
 20.11.2025 17:09:27; 29.563
 20.11.2025 17:12:27; 28.625
 20.11.2025 17:15:26; 28.125
 20.11.2025 17:18:27; 28.750
 20.11.2025 17:21:27; 29.438
 20.11.2025 17:24:26; 30.125
 20.11.2025 17:27:27; 29.750
 20.11.2025 17:30:27; 30.125
 20.11.2025 17:33:26; 30.500
 20.11.2025 17:36:27; 31.500
 20.11.2025 17:39:26; 31.250
 20.11.2025 17:42:26; 31.188
 20.11.2025 17:45:27; 31.688
 20.11.2025 17:48:26; 31.875
 20.11.2025 17:51:26; 31.938
 20.11.2025 17:54:27; 32.250
 20.11.2025 17:57:27; 32.563
 20.11.2025 18:00:26; 33.250
 20.11.2025 18:03:27; 33.313
 20.11.2025 18:06:27; 33.125
 20.11.2025 18:09:26; 33.688
 20.11.2025 18:12:27; 33.563
 20.11.2025 18:15:27; 34.563
 20.11.2025 18:18:26; 33.438
 20.11.2025 18:21:27; 33.938
 20.11.2025 18:24:26; 34.750
 20.11.2025 18:27:26; 35.000
 20.11.2025 18:30:27; 35.938
 20.11.2025 18:33:26; 36.250
 20.11.2025 18:36:26; 35.750
 20.11.2025 18:39:27; 36.063
 20.11.2025 18:42:27; 35.625
 20.11.2025 18:45:26; 35.063
 20.11.2025 18:48:27; 35.625
 20.11.2025 18:51:27; 36.438
 20.11.2025 18:54:26; 36.438
 20.11.2025 18:57:27; 36.625
 20.11.2025 19:00:27; 36.813
 20.11.2025 19:03:26; 37.938
 20.11.2025 19:06:27; 38.438
 20.11.2025 19:09:26; 38.813
 20.11.2025 19:12:26; 37.938
 20.11.2025 19:15:27; 35.875
 20.11.2025 19:18:26; 36.125
 20.11.2025 19:21:26; 36.438
 20.11.2025 19:24:27; 37.188
 20.11.2025 19:27:27; 37.563
 20.11.2025 19:30:26; 37.375
 20.11.2025 19:33:27; 37.250
 20.11.2025 19:36:27; 37.625
 20.11.2025 19:39:26; 37.938
 20.11.2025 19:42:27; 38.500
 20.11.2025 19:45:27; 38.000
 20.11.2025 19:48:26; 37.125
 20.11.2025 19:51:27; 36.688
 20.11.2025 19:54:26; 36.000
 20.11.2025 19:57:26; 37.000
 20.11.2025 20:00:27; 37.875
 20.11.2025 20:03:26; 37.375
 20.11.2025 20:06:26; 37.000
 20.11.2025 20:09:27; 37.063
 20.11.2025 20:12:27; 36.313
 20.11.2025 20:15:26; 36.000
 20.11.2025 20:18:27; 36.000
 20.11.2025 20:21:27; 35.688
 20.11.2025 20:24:26; 36.750
 20.11.2025 20:27:27; 37.250
 20.11.2025 20:30:27; 36.250
 20.11.2025 20:33:26; 36.188
 20.11.2025 20:36:27; 35.500
 20.11.2025 20:39:26; 35.438
 20.11.2025 20:42:26; 35.688
 20.11.2025 20:45:27; 36.063
 20.11.2025 20:48:26; 36.000
 20.11.2025 20:51:26; 36.313
 20.11.2025 20:54:27; 36.313
 20.11.2025 20:57:27; 37.125
 20.11.2025 21:00:26; 37.563
 20.11.2025 21:03:27; 37.563
 20.11.2025 21:06:27; 36.250
 20.11.2025 21:09:26; 36.063
 20.11.2025 21:12:27; 35.688
 20.11.2025 21:15:27; 35.375
 20.11.2025 21:18:26; 35.188
 20.11.2025 21:21:27; 35.500
 20.11.2025 21:24:26; 35.750
 20.11.2025 21:27:26; 35.750
 20.11.2025 21:30:27; 34.875
 20.11.2025 21:33:26; 33.625
 20.11.2025 21:36:26; 32.813
 20.11.2025 21:39:27; 30.750
 20.11.2025 21:42:27; 29.125
 20.11.2025 21:45:26; 28.125
 20.11.2025 21:48:27; 27.250
 20.11.2025 21:51:27; 26.625
 20.11.2025 21:54:26; 26.125
 20.11.2025 21:57:27; 25.625
 20.11.2025 22:00:27; 25.188
 20.11.2025 22:03:26; 24.875
 20.11.2025 22:06:27; 24.813
 20.11.2025 22:09:26; 24.750
 20.11.2025 22:12:26; 24.625
 20.11.2025 22:15:27; 24.313
 20.11.2025 22:18:26; 24.250
 20.11.2025 22:21:26; 23.875
 20.11.2025 22:24:27; 23.625
 20.11.2025 22:27:27; 23.375
 20.11.2025 22:30:26; 23.063
 20.11.2025 22:33:27; 22.688
 20.11.2025 22:36:27; 22.375
 20.11.2025 22:39:26; 22.063
 20.11.2025 22:42:27; 21.750
 20.11.2025 22:45:27; 21.500
 20.11.2025 22:48:26; 21.313
 20.11.2025 22:51:27; 21.125
 20.11.2025 22:54:26; 20.938
 20.11.2025 22:57:26; 20.813
 20.11.2025 23:00:27; 20.688
 20.11.2025 23:03:26; 20.563
 20.11.2025 23:06:26; 20.438
 20.11.2025 23:09:27; 20.313
 20.11.2025 23:12:27; 20.188
 20.11.2025 23:15:26; 20.125
 20.11.2025 23:18:27; 20.000
 20.11.2025 23:21:27; 19.938
 20.11.2025 23:24:26; 19.875
 20.11.2025 23:27:27; 19.813
 20.11.2025 23:30:27; 19.750
 20.11.2025 23:33:26; 19.688
 20.11.2025 23:36:27; 19.625
 20.11.2025 23:39:26; 19.563
 20.11.2025 23:42:26; 19.500
 20.11.2025 23:45:27; 19.438
 20.11.2025 23:48:26; 19.375
 20.11.2025 23:51:26; 19.375
 20.11.2025 23:54:27; 19.313
 20.11.2025 23:57:27; 19.250
 21.11.2025 00:00:26; 19.250
 21.11.2025 00:03:27; 19.188
 21.11.2025 00:06:27; 19.125
 21.11.2025 00:09:26; 19.125
 21.11.2025 00:12:27; 19.063
 21.11.2025 00:15:27; 19.063
 21.11.2025 00:18:26; 19.000
 21.11.2025 00:21:27; 19.000
 21.11.2025 00:24:26; 19.000
 21.11.2025 00:27:26; 19.000
 21.11.2025 00:30:27; 18.938
 21.11.2025 00:33:26; 18.875
 21.11.2025 00:36:26; 18.875
 21.11.2025 00:39:27; 18.813
 21.11.2025 00:42:27; 18.750
 21.11.2025 00:45:26; 18.688
 21.11.2025 00:48:27; 18.625
 21.11.2025 00:51:27; 18.563
 21.11.2025 00:54:26; 18.500
 21.11.2025 00:57:27; 18.500
 21.11.2025 01:00:27; 18.438
 21.11.2025 01:03:26; 18.375
 21.11.2025 01:06:27; 18.250
 21.11.2025 01:09:26; 18.125
 21.11.2025 01:12:26; 18.063
 21.11.2025 01:15:27; 17.938
 21.11.2025 01:18:26; 17.875
 21.11.2025 01:21:26; 17.813
 21.11.2025 01:24:27; 17.750
 21.11.2025 01:27:27; 17.688
 21.11.2025 01:30:26; 17.563
 21.11.2025 01:33:27; 17.563
 21.11.2025 01:36:27; 17.500
 21.11.2025 01:39:26; 17.438
 21.11.2025 01:42:27; 17.313
 21.11.2025 01:45:27; 17.188
 21.11.2025 01:48:26; 17.125
 21.11.2025 01:51:27; 17.063
 21.11.2025 01:54:26; 17.000
 21.11.2025 01:57:26; 16.938
 21.11.2025 02:00:27; 16.875
 21.11.2025 02:03:26; 16.813
 21.11.2025 02:06:26; 16.750
 21.11.2025 02:09:27; 16.750
 21.11.2025 02:12:27; 16.750
 21.11.2025 02:15:26; 16.750
 21.11.2025 02:18:27; 16.750
 21.11.2025 02:21:27; 16.750
 21.11.2025 02:24:26; 16.688
 21.11.2025 02:27:27; 16.625
 21.11.2025 02:30:27; 16.563
 21.11.2025 02:33:26; 16.500
 21.11.2025 02:36:27; 16.438
 21.11.2025 02:39:26; 16.375
 21.11.2025 02:42:26; 16.313
 21.11.2025 02:45:27; 16.313
 21.11.2025 02:48:26; 16.313
 21.11.2025 02:51:26; 16.313
 21.11.2025 02:54:27; 16.313
 21.11.2025 02:57:27; 16.313
 21.11.2025 03:00:26; 16.250
 21.11.2025 03:03:27; 16.250
 21.11.2025 03:06:27; 16.125
 21.11.2025 03:09:26; 16.063
 21.11.2025 03:12:27; 16.125
 21.11.2025 03:15:27; 16.125
 21.11.2025 03:18:26; 16.063
 21.11.2025 03:21:27; 16.000
 21.11.2025 03:24:26; 15.938
 21.11.2025 03:27:26; 15.875
 21.11.2025 03:30:27; 15.813
 21.11.2025 03:33:26; 15.813
 21.11.2025 03:36:26; 15.688
 21.11.2025 03:39:27; 15.625
 21.11.2025 03:42:27; 15.563
 21.11.2025 03:45:26; 15.500
 21.11.2025 03:48:27; 15.438
 21.11.2025 03:51:27; 15.375
 21.11.2025 03:54:26; 15.375
 21.11.2025 03:57:27; 15.375
 21.11.2025 04:00:27; 15.375
 21.11.2025 04:03:26; 15.438
 21.11.2025 04:06:27; 15.375
 21.11.2025 04:09:26; 15.375
 21.11.2025 04:12:26; 15.375
 21.11.2025 04:15:27; 15.313
 21.11.2025 04:18:26; 15.250
 21.11.2025 04:21:26; 15.250
 21.11.2025 04:24:27; 15.250
 21.11.2025 04:27:27; 15.250
 21.11.2025 04:30:26; 15.188
 21.11.2025 04:33:27; 15.188
 21.11.2025 04:36:27; 15.188
 21.11.2025 04:39:26; 15.188
 21.11.2025 04:42:27; 15.063
 21.11.2025 04:45:27; 15.063
 21.11.2025 04:48:26; 15.063
 21.11.2025 04:51:27; 15.063
 21.11.2025 04:54:26; 15.000
 21.11.2025 04:57:26; 14.938
 21.11.2025 05:00:27; 14.875
 21.11.2025 05:03:26; 14.813
 21.11.2025 05:06:26; 14.750
 21.11.2025 05:09:27; 14.688
 21.11.2025 05:12:27; 14.625
 21.11.2025 05:15:26; 14.625
 21.11.2025 05:18:27; 14.625
 21.11.2025 05:21:27; 14.625
 21.11.2025 05:24:26; 14.625
 21.11.2025 05:27:27; 14.563
 21.11.2025 05:30:27; 14.500
 21.11.2025 05:33:26; 14.438
 21.11.2025 05:36:27; 14.313
 21.11.2025 05:39:26; 14.313
 21.11.2025 05:42:26; 14.375
 21.11.2025 05:45:27; 14.375
 21.11.2025 05:48:26; 14.375
 21.11.2025 05:51:26; 14.375
 21.11.2025 05:54:27; 14.313
 21.11.2025 05:57:27; 14.313
 21.11.2025 06:00:26; 14.250
 21.11.2025 06:03:27; 14.250
 21.11.2025 06:06:27; 14.250
 21.11.2025 06:09:26; 14.188
 21.11.2025 06:12:27; 14.188
 21.11.2025 06:15:27; 14.125
 21.11.2025 06:18:26; 14.063
 21.11.2025 06:21:27; 14.063
 21.11.2025 06:24:26; 14.000
 21.11.2025 06:27:26; 13.938
 21.11.2025 06:30:27; 13.875
 21.11.2025 06:33:26; 13.875
 21.11.2025 06:36:26; 13.813
 21.11.2025 06:39:27; 13.813
 21.11.2025 06:42:27; 13.750
 21.11.2025 06:45:26; 13.750
 21.11.2025 06:48:27; 13.750
 21.11.2025 06:51:27; 13.750
 21.11.2025 06:54:26; 13.688
 21.11.2025 06:57:27; 13.750
 21.11.2025 07:00:27; 13.813
 21.11.2025 07:03:26; 13.750
 21.11.2025 07:06:27; 13.688
 21.11.2025 07:09:26; 13.625
 21.11.2025 07:12:26; 13.500
 21.11.2025 07:15:27; 13.500
 21.11.2025 07:18:26; 13.438
 21.11.2025 07:21:26; 13.438
 21.11.2025 07:24:27; 13.375
 21.11.2025 07:27:27; 13.313
 21.11.2025 07:30:26; 13.250
 21.11.2025 07:33:27; 13.188
 21.11.2025 07:36:27; 13.188
 21.11.2025 07:39:26; 13.125
 21.11.2025 07:42:27; 13.125
 21.11.2025 07:45:27; 13.125
 21.11.2025 07:48:26; 13.125
 21.11.2025 07:51:27; 13.063
 21.11.2025 07:54:26; 13.000
 21.11.2025 07:57:26; 13.000
 21.11.2025 08:00:27; 12.938
 21.11.2025 08:03:26; 12.938
 21.11.2025 08:06:26; 12.938
 21.11.2025 08:09:27; 12.938
 21.11.2025 08:12:27; 12.938
 21.11.2025 08:15:26; 12.875
 21.11.2025 08:18:27; 12.875
 21.11.2025 08:21:27; 12.813
 21.11.2025 08:24:26; 12.813
 21.11.2025 08:27:27; 12.750
 21.11.2025 08:30:27; 12.750
 21.11.2025 08:33:26; 12.750
 21.11.2025 08:36:27; 12.750
 21.11.2025 08:39:26; 12.750
 21.11.2025 08:42:26; 12.688
 21.11.2025 08:45:27; 12.625
 21.11.2025 08:48:26; 12.625
 21.11.2025 08:51:26; 12.563
 21.11.2025 08:54:27; 12.500
 21.11.2025 08:57:27; 12.500
 21.11.2025 09:00:26; 12.438
 21.11.2025 09:03:27; 12.438
 21.11.2025 09:06:27; 12.375
 21.11.2025 09:09:26; 12.375
 21.11.2025 09:12:27; 12.375
 21.11.2025 09:15:27; 12.438
 21.11.2025 09:18:26; 12.500
 21.11.2025 09:21:27; 12.625
 21.11.2025 09:24:26; 12.688
 21.11.2025 09:27:26; 12.813
 21.11.2025 09:30:27; 12.875
 21.11.2025 09:33:26; 12.875
 21.11.2025 09:36:26; 12.938
 21.11.2025 09:39:27; 12.938
 21.11.2025 09:42:27; 12.938
 21.11.2025 09:45:26; 12.938
 21.11.2025 09:48:27; 12.938
 21.11.2025 09:51:27; 12.938
 21.11.2025 09:54:26; 12.938
 21.11.2025 09:57:27; 12.938
 21.11.2025 10:00:27; 12.938
 21.11.2025 10:03:26; 12.938
 21.11.2025 10:06:27; 12.938
 21.11.2025 10:09:26; 12.938
 21.11.2025 10:12:26; 13.000
 21.11.2025 10:15:27; 13.000
 21.11.2025 10:18:26; 13.063
 21.11.2025 10:21:26; 13.063
 21.11.2025 10:24:27; 13.125
 21.11.2025 10:27:27; 13.188
 21.11.2025 10:30:26; 13.188
 21.11.2025 10:33:27; 13.250
 21.11.2025 10:36:27; 13.313
 21.11.2025 10:39:26; 13.438
 21.11.2025 10:42:27; 13.500
 21.11.2025 10:45:27; 13.625
 21.11.2025 10:48:26; 13.750
 21.11.2025 10:51:27; 13.875
 21.11.2025 10:54:26; 14.000
 21.11.2025 10:57:26; 14.063
 21.11.2025 11:00:27; 14.188
 21.11.2025 11:03:26; 14.250
 21.11.2025 11:06:26; 14.438
 21.11.2025 11:09:27; 14.625
 21.11.2025 11:12:27; 14.813
 21.11.2025 11:15:26; 14.938
 21.11.2025 11:18:27; 15.188
 21.11.2025 11:21:27; 15.375
 21.11.2025 11:24:26; 15.563
 21.11.2025 11:27:27; 15.688
 21.11.2025 11:30:27; 15.813
 21.11.2025 11:33:26; 16.125
 21.11.2025 11:36:27; 16.375
 21.11.2025 11:39:26; 16.625
 21.11.2025 11:42:26; 16.813
 21.11.2025 11:45:27; 17.063
 21.11.2025 11:48:26; 17.188
 21.11.2025 11:51:26; 17.250
 21.11.2025 11:54:27; 17.375
 21.11.2025 11:57:27; 17.500
 21.11.2025 12:00:26; 17.625
 21.11.2025 12:03:27; 17.813
 21.11.2025 12:06:27; 18.000
 21.11.2025 12:09:26; 18.188
 21.11.2025 12:12:27; 18.375
 21.11.2025 12:15:27; 18.625
 21.11.2025 12:18:26; 18.875
 21.11.2025 12:21:27; 19.125
 21.11.2025 12:24:26; 19.250
 21.11.2025 12:27:26; 19.375
 21.11.2025 12:30:27; 19.563
 21.11.2025 12:33:26; 19.813
 21.11.2025 12:36:26; 20.063
 21.11.2025 12:39:27; 20.250
 21.11.2025 12:42:27; 20.438
 21.11.2025 12:45:26; 20.563
 21.11.2025 12:48:27; 20.688
 21.11.2025 12:51:27; 20.875
 21.11.2025 12:54:26; 21.063
 21.11.2025 12:57:27; 21.250
 21.11.2025 13:00:27; 21.375
 21.11.2025 13:03:26; 21.438
 21.11.2025 13:06:27; 21.563
 21.11.2025 13:09:26; 21.750
 21.11.2025 13:12:26; 21.938
 21.11.2025 13:15:27; 22.063
 21.11.2025 13:18:26; 22.188
 21.11.2025 13:21:26; 22.063
 21.11.2025 13:24:27; 22.125
 21.11.2025 13:27:27; 22.188
 21.11.2025 13:30:26; 22.188
 21.11.2025 13:33:27; 22.063
 21.11.2025 13:36:27; 22.063
 21.11.2025 13:39:26; 22.000
 21.11.2025 13:42:27; 22.188
 21.11.2025 13:45:27; 22.250
 21.11.2025 13:48:26; 22.375
 21.11.2025 13:51:27; 22.625
 21.11.2025 13:54:26; 22.813
 21.11.2025 13:57:26; 23.063
 21.11.2025 14:00:27; 23.250
 21.11.2025 14:03:26; 23.375
 21.11.2025 14:06:26; 23.375
 21.11.2025 14:09:27; 23.563
 21.11.2025 14:12:27; 23.563
 21.11.2025 14:15:26; 23.688
 21.11.2025 14:18:27; 23.750
 21.11.2025 14:21:27; 23.813
 21.11.2025 14:24:26; 24.000
 21.11.2025 14:27:27; 24.375
 21.11.2025 14:30:27; 24.750
 21.11.2025 14:33:26; 24.875
 21.11.2025 14:36:27; 25.188
 21.11.2025 14:39:26; 25.188
 21.11.2025 14:42:26; 25.438
 21.11.2025 14:45:27; 25.500
 21.11.2025 14:48:26; 25.500
 21.11.2025 14:51:26; 25.500
 21.11.2025 14:54:27; 25.813
 21.11.2025 14:57:27; 25.938
 21.11.2025 15:00:26; 26.125
 21.11.2025 15:03:27; 26.188
 21.11.2025 15:06:27; 26.500
 21.11.2025 15:09:26; 26.875
 21.11.2025 15:12:27; 27.125
 21.11.2025 15:15:27; 27.188
 21.11.2025 15:18:26; 27.188
 21.11.2025 15:21:27; 27.188
 21.11.2025 15:24:26; 27.438
 21.11.2025 15:27:26; 27.563
 21.11.2025 15:30:27; 27.750
 21.11.2025 15:33:26; 27.875
 21.11.2025 15:36:26; 28.188
 21.11.2025 15:39:27; 28.188
 21.11.2025 15:42:27; 28.125
 21.11.2025 15:45:26; 28.250
 21.11.2025 15:48:27; 28.313
 21.11.2025 15:51:27; 28.250
 21.11.2025 15:54:26; 28.250
 21.11.2025 15:57:27; 28.438
 21.11.2025 16:00:27; 28.750
 21.11.2025 16:03:26; 28.938
 21.11.2025 16:06:27; 28.813
 21.11.2025 16:09:26; 29.000
 21.11.2025 16:12:26; 28.813
 21.11.2025 16:15:27; 28.625
 21.11.2025 16:18:26; 29.000
 21.11.2025 16:21:26; 28.813
 21.11.2025 16:24:27; 28.688
 21.11.2025 16:27:27; 28.813
 21.11.2025 16:30:26; 28.875
 21.11.2025 16:33:27; 29.063
 21.11.2025 16:36:27; 28.813
 21.11.2025 16:39:26; 29.188
 21.11.2025 16:42:27; 29.313
 21.11.2025 16:45:27; 29.313
 21.11.2025 16:48:26; 29.438
 21.11.2025 16:51:27; 29.563
 21.11.2025 16:54:26; 29.563
 21.11.2025 16:57:26; 29.688
 21.11.2025 17:00:27; 30.063
 21.11.2025 17:03:26; 30.375
 21.11.2025 17:06:26; 30.375
 21.11.2025 17:09:27; 30.563
 21.11.2025 17:12:27; 30.813
 21.11.2025 17:15:26; 31.000
 21.11.2025 17:18:27; 31.250
 21.11.2025 17:21:27; 31.438
 21.11.2025 17:24:26; 31.625
 21.11.2025 17:27:27; 31.813
 21.11.2025 17:30:27; 31.750
 21.11.2025 17:33:26; 32.125
 21.11.2025 17:36:27; 32.375
 21.11.2025 17:39:26; 32.750
 21.11.2025 17:42:26; 32.875
 21.11.2025 17:45:27; 32.938
 21.11.2025 17:48:26; 33.188
 21.11.2025 17:51:26; 33.500
 21.11.2025 17:54:27; 33.875
 21.11.2025 17:57:27; 34.688
 21.11.2025 18:00:26; 33.938
 21.11.2025 18:03:27; 34.188
 21.11.2025 18:06:27; 33.688
 21.11.2025 18:09:26; 34.438
 21.11.2025 18:12:27; 35.625
 21.11.2025 18:15:27; 36.125
 21.11.2025 18:18:26; 36.188
 21.11.2025 18:21:27; 36.563
 21.11.2025 18:24:26; 35.125
 21.11.2025 18:27:26; 34.063
 21.11.2025 18:30:27; 33.875
 21.11.2025 18:33:26; 33.313
 21.11.2025 18:36:26; 34.750
 21.11.2025 18:39:27; 35.250
 21.11.2025 18:42:27; 36.250
 21.11.2025 18:45:26; 37.250
 21.11.2025 18:48:27; 37.313
 21.11.2025 18:51:27; 37.875
 21.11.2025 18:54:26; 38.250
 21.11.2025 18:57:27; 39.313
 21.11.2025 19:00:27; 39.750
 21.11.2025 19:03:26; 38.813
 21.11.2025 19:06:27; 36.875
 21.11.2025 19:09:26; 37.750
 21.11.2025 19:12:26; 38.313
 21.11.2025 19:15:27; 37.813
 21.11.2025 19:18:26; 35.313
 21.11.2025 19:21:26; 34.625
 21.11.2025 19:24:27; 33.875
 21.11.2025 19:27:27; 33.500
 21.11.2025 19:30:26; 34.500
 21.11.2025 19:33:27; 35.188
 21.11.2025 19:36:27; 35.750
 21.11.2025 19:39:26; 36.125
 21.11.2025 19:42:27; 36.563
 21.11.2025 19:45:27; 36.250
 21.11.2025 19:48:26; 36.313
 21.11.2025 19:51:27; 36.500
 21.11.2025 19:54:26; 36.813
 21.11.2025 19:57:26; 36.875
 21.11.2025 20:00:27; 35.188
 21.11.2025 20:03:26; 33.500
 21.11.2025 20:06:26; 32.563
 21.11.2025 20:09:27; 33.438
 21.11.2025 20:12:27; 33.438
 21.11.2025 20:15:26; 33.313
 21.11.2025 20:18:27; 34.375
 21.11.2025 20:21:27; 35.250
 21.11.2025 20:24:26; 36.938
 21.11.2025 20:27:27; 37.250
 21.11.2025 20:30:27; 35.875
 21.11.2025 20:33:26; 36.938
 21.11.2025 20:36:27; 37.813
 21.11.2025 20:39:26; 38.250
 21.11.2025 20:42:26; 38.750
 21.11.2025 20:45:27; 39.500
 21.11.2025 20:48:26; 39.188
 21.11.2025 20:51:26; 39.563
 21.11.2025 20:54:27; 39.813
 21.11.2025 20:57:27; 40.125
 21.11.2025 21:00:26; 40.313
 21.11.2025 21:03:27; 40.438
 21.11.2025 21:06:27; 38.313
 21.11.2025 21:09:26; 37.313
 21.11.2025 21:12:27; 34.875
 21.11.2025 21:15:27; 34.188
 21.11.2025 21:18:26; 34.875
 21.11.2025 21:21:27; 36.375
 21.11.2025 21:24:26; 37.500
 21.11.2025 21:27:26; 36.813
 21.11.2025 21:30:27; 36.875
 21.11.2025 21:33:26; 36.125
 21.11.2025 21:36:26; 35.625
 21.11.2025 21:39:27; 33.375
 21.11.2025 21:42:27; 31.438
 21.11.2025 21:45:26; 30.125
 21.11.2025 21:48:27; 29.313
 21.11.2025 21:51:27; 28.688
 21.11.2025 21:54:26; 28.375
 21.11.2025 21:57:27; 28.125
 21.11.2025 22:00:27; 27.813
 21.11.2025 22:03:26; 27.563
 21.11.2025 22:06:27; 27.438
 21.11.2025 22:09:26; 27.250
 21.11.2025 22:12:26; 27.188
 21.11.2025 22:15:27; 26.938
 21.11.2025 22:18:26; 26.875
 21.11.2025 22:21:26; 26.813
 21.11.2025 22:24:27; 26.750
 21.11.2025 22:27:27; 26.750
 21.11.2025 22:30:26; 26.750
 21.11.2025 22:33:27; 26.688
 21.11.2025 22:36:27; 26.500
 21.11.2025 22:39:26; 26.313
 21.11.2025 22:42:27; 26.125
 21.11.2025 22:45:27; 25.875
 21.11.2025 22:48:26; 25.625
 21.11.2025 22:51:27; 25.250
 21.11.2025 22:54:26; 25.000
 21.11.2025 22:57:26; 24.688
 21.11.2025 23:00:27; 24.500
 21.11.2025 23:03:26; 24.313
 21.11.2025 23:06:26; 24.125
 21.11.2025 23:09:27; 24.063
 21.11.2025 23:12:27; 23.938
 21.11.2025 23:15:26; 23.813
 21.11.2025 23:18:27; 23.688
 21.11.2025 23:21:27; 23.563
 21.11.2025 23:24:26; 23.438
 21.11.2025 23:27:27; 23.250
 21.11.2025 23:30:27; 23.313
 21.11.2025 23:33:26; 23.500
 21.11.2025 23:36:27; 23.563
 21.11.2025 23:39:26; 23.688
 21.11.2025 23:42:26; 23.688
 21.11.2025 23:45:27; 23.750
 21.11.2025 23:48:26; 23.875
 21.11.2025 23:51:26; 23.875
 21.11.2025 23:54:27; 23.750
 21.11.2025 23:57:27; 23.500
 22.11.2025 00:00:26; 23.313
 22.11.2025 00:03:27; 23.063
 22.11.2025 00:06:27; 22.938
 22.11.2025 00:09:26; 22.813
 22.11.2025 00:12:27; 22.625
 22.11.2025 00:15:27; 22.438
 22.11.2025 00:18:26; 22.313
 22.11.2025 00:21:27; 22.188
 22.11.2025 00:24:26; 22.063
 22.11.2025 00:27:26; 21.938
 22.11.2025 00:30:27; 21.875
 22.11.2025 00:33:26; 21.813
 22.11.2025 00:36:26; 21.750
 22.11.2025 00:39:27; 21.688
 22.11.2025 00:42:27; 21.688
 22.11.2025 00:45:26; 21.625
 22.11.2025 00:48:27; 21.563
 22.11.2025 00:51:27; 21.438
 22.11.2025 00:54:26; 21.375
 22.11.2025 00:57:27; 21.313
 22.11.2025 01:00:27; 21.188
 22.11.2025 01:03:26; 21.125
 22.11.2025 01:06:27; 21.063
 22.11.2025 01:09:26; 20.938
 22.11.2025 01:12:26; 20.875
 22.11.2025 01:15:27; 20.813
 22.11.2025 01:18:26; 20.750
 22.11.2025 01:21:26; 20.625
 22.11.2025 01:24:27; 20.563
 22.11.2025 01:27:27; 20.500
 22.11.2025 01:30:26; 20.438
 22.11.2025 01:33:27; 20.375
 22.11.2025 01:36:27; 20.313
 22.11.2025 01:39:26; 20.250
 22.11.2025 01:42:27; 20.188
 22.11.2025 01:45:27; 20.188
 22.11.2025 01:48:26; 20.125
 22.11.2025 01:51:27; 20.063
 22.11.2025 01:54:26; 20.063
 22.11.2025 01:57:26; 20.000
 22.11.2025 02:00:27; 19.938
 22.11.2025 02:03:26; 19.938
 22.11.2025 02:06:26; 19.875
 22.11.2025 02:09:27; 19.938
 22.11.2025 02:12:27; 19.938
 22.11.2025 02:15:26; 20.125
 22.11.2025 02:18:27; 20.250
 22.11.2025 02:21:27; 20.250
 22.11.2025 02:24:26; 20.313
 22.11.2025 02:27:27; 20.250
 22.11.2025 02:30:27; 20.188
 22.11.2025 02:33:26; 20.063
 22.11.2025 02:36:27; 20.063
 22.11.2025 02:39:26; 19.938
 22.11.2025 02:42:26; 19.938
 22.11.2025 02:45:27; 19.875
 22.11.2025 02:48:26; 19.875
 22.11.2025 02:51:26; 19.813
 22.11.2025 02:54:27; 19.750
 22.11.2025 02:57:27; 19.750
 22.11.2025 03:00:26; 19.688
 22.11.2025 03:03:27; 19.688
 22.11.2025 03:06:27; 19.563
 22.11.2025 03:09:26; 19.563
 22.11.2025 03:12:27; 19.500
 22.11.2025 03:15:27; 19.438
 22.11.2025 03:18:26; 19.375
 22.11.2025 03:21:27; 19.375
 22.11.2025 03:24:26; 19.438
 22.11.2025 03:27:26; 19.438
 22.11.2025 03:30:27; 19.438
 22.11.2025 03:33:26; 19.438
 22.11.2025 03:36:26; 19.438
 22.11.2025 03:39:27; 19.563
 22.11.2025 03:42:27; 19.438
 22.11.2025 03:45:26; 19.313
 22.11.2025 03:48:27; 19.313
 22.11.2025 03:51:27; 19.250
 22.11.2025 03:54:26; 19.250
 22.11.2025 03:57:27; 19.250
 22.11.2025 04:00:27; 19.188
 22.11.2025 04:03:26; 19.250
 22.11.2025 04:06:27; 19.250
 22.11.2025 04:09:26; 19.250
 22.11.2025 04:12:26; 19.375
 22.11.2025 04:15:27; 19.563
 22.11.2025 04:18:26; 19.938
 22.11.2025 04:21:26; 20.125
 22.11.2025 04:24:27; 20.188
 22.11.2025 04:27:27; 20.313
 22.11.2025 04:30:26; 20.313
 22.11.2025 04:33:27; 20.250
 22.11.2025 04:36:27; 20.125
 22.11.2025 04:39:26; 20.125
 22.11.2025 04:42:27; 20.000
 22.11.2025 04:45:27; 19.813
 22.11.2025 04:48:26; 19.625
 22.11.2025 04:51:27; 19.500
 22.11.2025 04:54:26; 19.375
 22.11.2025 04:57:26; 19.313
 22.11.2025 05:00:27; 19.250
 22.11.2025 05:03:26; 19.188
 22.11.2025 05:06:26; 19.125
 22.11.2025 05:09:27; 19.063
 22.11.2025 05:12:27; 18.938
 22.11.2025 05:15:26; 18.813
 22.11.2025 05:18:27; 18.750
 22.11.2025 05:21:27; 18.688
 22.11.2025 05:24:26; 18.563
 22.11.2025 05:27:27; 18.500
 22.11.2025 05:30:27; 18.500
 22.11.2025 05:33:26; 18.438
 22.11.2025 05:36:27; 18.375
 22.11.2025 05:39:26; 18.313
 22.11.2025 05:42:26; 18.250
 22.11.2025 05:45:27; 18.250
 22.11.2025 05:48:26; 18.188
 22.11.2025 05:51:26; 18.125
 22.11.2025 05:54:27; 18.063
 22.11.2025 05:57:27; 18.000
 22.11.2025 06:00:26; 18.000
 22.11.2025 06:03:27; 17.938
 22.11.2025 06:06:27; 17.875
 22.11.2025 06:09:26; 17.875
 22.11.2025 06:12:27; 17.813
 22.11.2025 06:15:27; 17.813
 22.11.2025 06:18:26; 17.813
 22.11.2025 06:21:27; 17.813
 22.11.2025 06:24:26; 17.813
 22.11.2025 06:27:26; 17.813
 22.11.2025 06:30:27; 17.813
 22.11.2025 06:33:26; 17.813
 22.11.2025 06:36:26; 17.750
 22.11.2025 06:39:27; 17.750
 22.11.2025 06:42:27; 17.688
 22.11.2025 06:45:26; 17.625
 22.11.2025 06:48:27; 17.563
 22.11.2025 06:51:27; 17.563
 22.11.2025 06:54:26; 17.750
 22.11.2025 06:57:27; 17.750
 22.11.2025 07:00:27; 17.750
 22.11.2025 07:03:26; 17.875
 22.11.2025 07:06:27; 18.000
 22.11.2025 07:09:26; 18.000
 22.11.2025 07:12:26; 18.125
 22.11.2025 07:15:27; 18.188
 22.11.2025 07:18:26; 18.188
 22.11.2025 07:21:26; 18.313
 22.11.2025 07:24:27; 18.500
 22.11.2025 07:27:27; 18.500
 22.11.2025 07:30:26; 18.563
 22.11.2025 07:33:27; 18.750
 22.11.2025 07:36:27; 18.750
 22.11.2025 07:39:26; 19.000
 22.11.2025 07:42:27; 19.000
 22.11.2025 07:45:27; 19.000
 22.11.2025 07:48:26; 19.125
 22.11.2025 07:51:27; 19.188
 22.11.2025 07:54:26; 19.188
 22.11.2025 07:57:26; 19.250
 22.11.2025 08:00:27; 19.250
 22.11.2025 08:03:26; 19.313
 22.11.2025 08:06:26; 19.438
 22.11.2025 08:09:27; 19.500
 22.11.2025 08:12:27; 19.563
 22.11.2025 08:15:26; 19.625
 22.11.2025 08:18:27; 19.688
 22.11.2025 08:21:27; 19.688
 22.11.2025 08:24:26; 19.750
 22.11.2025 08:27:27; 19.688
 22.11.2025 08:30:27; 19.750
 22.11.2025 08:33:26; 19.750
 22.11.2025 08:36:27; 19.750
 22.11.2025 08:39:26; 19.688
 22.11.2025 08:42:26; 19.625
 22.11.2025 08:45:27; 19.625
 22.11.2025 08:48:26; 19.563
 22.11.2025 08:51:26; 19.500
 22.11.2025 08:54:27; 19.500
 22.11.2025 08:57:27; 19.438
 22.11.2025 09:00:26; 19.375
 22.11.2025 09:03:27; 19.313
 22.11.2025 09:06:27; 19.313
 22.11.2025 09:09:26; 19.188
 22.11.2025 09:12:27; 19.125
 22.11.2025 09:15:27; 19.000
 22.11.2025 09:18:26; 18.875
 22.11.2025 09:21:27; 18.750
 22.11.2025 09:24:26; 18.688
 22.11.2025 09:27:26; 18.625
 22.11.2025 09:30:27; 18.500
 22.11.2025 09:33:26; 18.438
 22.11.2025 09:36:26; 18.375
 22.11.2025 09:39:27; 18.313
 22.11.2025 09:42:27; 18.313
 22.11.2025 09:45:26; 18.250
 22.11.2025 09:48:27; 18.250
 22.11.2025 09:51:27; 18.250
 22.11.2025 09:54:26; 18.188
 22.11.2025 09:57:27; 18.188
 22.11.2025 10:00:27; 18.125
 22.11.2025 10:03:26; 18.063
 22.11.2025 10:06:27; 18.000
 22.11.2025 10:09:26; 18.000
 22.11.2025 10:12:26; 17.938
 22.11.2025 10:15:27; 17.875
 22.11.2025 10:18:26; 17.938
 22.11.2025 10:21:26; 17.938
 22.11.2025 10:24:27; 17.938
 22.11.2025 10:27:27; 17.938
 22.11.2025 10:30:26; 17.938
 22.11.2025 10:33:27; 17.938
 22.11.2025 10:36:27; 17.938
 22.11.2025 10:39:26; 17.938
 22.11.2025 10:42:27; 17.938
 22.11.2025 10:45:27; 17.938
 22.11.2025 10:48:26; 17.938
 22.11.2025 10:51:27; 17.938
 22.11.2025 10:54:26; 18.063
 22.11.2025 10:57:26; 18.063
 22.11.2025 11:00:27; 18.063
 22.11.2025 11:03:26; 18.000
 22.11.2025 11:06:26; 18.000
 22.11.2025 11:09:27; 17.938
 22.11.2025 11:12:27; 17.938
 22.11.2025 11:15:26; 17.875
 22.11.2025 11:18:27; 17.875
 22.11.2025 11:21:27; 17.813
 22.11.2025 11:24:26; 17.813
 22.11.2025 11:27:27; 17.750
 22.11.2025 11:30:27; 17.625
 22.11.2025 11:33:26; 17.625
 22.11.2025 11:36:27; 17.563
 22.11.2025 11:39:26; 17.563
 22.11.2025 11:42:26; 17.500
 22.11.2025 11:45:27; 17.500
 22.11.2025 11:48:26; 17.500
 22.11.2025 11:51:26; 17.438
 22.11.2025 11:54:27; 17.438
 22.11.2025 11:57:27; 17.500
 22.11.2025 12:00:26; 17.500
 22.11.2025 12:03:27; 17.500
 22.11.2025 12:06:27; 17.500
 22.11.2025 12:09:26; 17.500
 22.11.2025 12:12:27; 17.500
 22.11.2025 12:15:27; 17.313
 22.11.2025 12:18:26; 17.125
 22.11.2025 12:21:27; 17.000
 22.11.2025 12:24:26; 16.875
 22.11.2025 12:27:26; 16.750
 22.11.2025 12:30:27; 16.750
 22.11.2025 12:33:26; 16.688
 22.11.2025 12:36:26; 16.688
 22.11.2025 12:39:27; 16.688
 22.11.2025 12:42:27; 16.688
 22.11.2025 12:45:26; 16.750
 22.11.2025 12:48:27; 16.813
 22.11.2025 12:51:27; 16.813
 22.11.2025 12:54:26; 16.875
 22.11.2025 12:57:27; 17.000
 22.11.2025 13:00:27; 17.000
 22.11.2025 13:03:26; 17.063
 22.11.2025 13:06:27; 17.063
 22.11.2025 13:09:26; 17.125
 22.11.2025 13:12:26; 17.063
 22.11.2025 13:15:27; 17.063
 22.11.2025 13:18:26; 17.000
 22.11.2025 13:21:26; 16.938
 22.11.2025 13:24:27; 16.875
 22.11.2025 13:27:27; 16.875
 22.11.2025 13:30:26; 16.875
 22.11.2025 13:33:27; 16.875
 22.11.2025 13:36:27; 16.875
 22.11.2025 13:39:26; 16.938
 22.11.2025 13:42:27; 16.938
 22.11.2025 13:45:27; 16.938
 22.11.2025 13:48:26; 17.000
 22.11.2025 13:51:27; 17.063
 22.11.2025 13:54:26; 17.250
 22.11.2025 13:57:26; 17.313
 22.11.2025 14:00:27; 17.313
 22.11.2025 14:03:26; 17.250
 22.11.2025 14:06:26; 17.063
 22.11.2025 14:09:27; 16.938
 22.11.2025 14:12:27; 16.875
 22.11.2025 14:15:26; 16.813
 22.11.2025 14:18:27; 16.750
 22.11.2025 14:21:27; 16.813
 22.11.2025 14:24:26; 16.813
 22.11.2025 14:27:27; 16.875
 22.11.2025 14:30:27; 16.938
 22.11.2025 14:33:26; 17.000
 22.11.2025 14:36:27; 17.125
 22.11.2025 14:39:26; 17.188
 22.11.2025 14:42:26; 17.250
 22.11.2025 14:45:27; 17.313
 22.11.2025 14:48:26; 17.313
 22.11.2025 14:51:26; 17.313
 22.11.2025 14:54:27; 17.438
 22.11.2025 14:57:27; 17.500
 22.11.2025 15:00:26; 17.500
 22.11.2025 15:03:27; 17.563
 22.11.2025 15:06:27; 17.625
 22.11.2025 15:09:26; 17.750
 22.11.2025 15:12:27; 17.813
 22.11.2025 15:15:27; 17.875
 22.11.2025 15:18:26; 17.875
 22.11.2025 15:21:27; 18.125
 22.11.2025 15:24:26; 18.375
 22.11.2025 15:27:26; 18.625
 22.11.2025 15:30:27; 18.750
 22.11.2025 15:33:26; 18.875
 22.11.2025 15:36:26; 18.938
 22.11.2025 15:39:27; 18.750
 22.11.2025 15:42:27; 19.125
 22.11.2025 15:45:26; 19.875
 22.11.2025 15:48:27; 20.188
 22.11.2025 15:51:27; 20.625
 22.11.2025 15:54:26; 20.625
 22.11.2025 15:57:27; 20.563
 22.11.2025 16:00:27; 20.375
 22.11.2025 16:03:26; 20.375
 22.11.2025 16:06:27; 20.500
 22.11.2025 16:09:26; 20.563
 22.11.2025 16:12:26; 20.750
 22.11.2025 16:15:27; 21.125
 22.11.2025 16:18:26; 21.563
 22.11.2025 16:21:26; 22.313
 22.11.2025 16:24:27; 22.500
 22.11.2025 16:27:27; 22.313
 22.11.2025 16:30:26; 22.000
 22.11.2025 16:33:27; 22.500
 22.11.2025 16:36:27; 22.500
 22.11.2025 16:39:26; 22.938
 22.11.2025 16:42:27; 23.438
 22.11.2025 16:45:27; 23.938
 22.11.2025 16:48:26; 24.375
 22.11.2025 16:51:27; 24.813
 22.11.2025 16:54:26; 24.438
 22.11.2025 16:57:26; 25.188
 22.11.2025 17:00:27; 25.313
 22.11.2025 17:03:26; 25.250
 22.11.2025 17:06:26; 26.063
 22.11.2025 17:09:27; 26.063
 22.11.2025 17:12:27; 26.375
 22.11.2025 17:15:26; 26.438
 22.11.2025 17:18:27; 26.438
 22.11.2025 17:21:27; 26.000
 22.11.2025 17:24:26; 25.625
 22.11.2025 17:27:27; 25.625
 22.11.2025 17:30:27; 25.375
 22.11.2025 17:33:26; 25.438
 22.11.2025 17:36:27; 26.813
 22.11.2025 17:39:26; 27.063
 22.11.2025 17:42:26; 27.938
 22.11.2025 17:45:27; 27.500
 22.11.2025 17:48:26; 27.063
 22.11.2025 17:51:26; 26.875
 22.11.2025 17:54:27; 26.000
 22.11.2025 17:57:27; 25.750
 22.11.2025 18:00:26; 25.563
 22.11.2025 18:03:27; 25.000
 22.11.2025 18:06:27; 24.375
 22.11.2025 18:09:26; 24.250
 22.11.2025 18:12:27; 24.500
 22.11.2025 18:15:27; 26.313
 22.11.2025 18:18:26; 27.438
 22.11.2025 18:21:27; 26.625
 22.11.2025 18:24:26; 25.688
 22.11.2025 18:27:26; 25.250
 22.11.2025 18:30:27; 25.063
 22.11.2025 18:33:26; 24.563
 22.11.2025 18:36:26; 24.188
 22.11.2025 18:39:27; 23.938
 22.11.2025 18:42:27; 23.813
 22.11.2025 18:45:26; 24.938
 22.11.2025 18:48:27; 25.688
 22.11.2025 18:51:27; 28.188
 22.11.2025 18:54:26; 28.000
 22.11.2025 18:57:27; 27.000
 22.11.2025 19:00:27; 25.813
 22.11.2025 19:03:26; 24.750
 22.11.2025 19:06:27; 23.938
 22.11.2025 19:09:26; 23.063
 22.11.2025 19:12:26; 22.375
 22.11.2025 19:15:27; 23.063
 22.11.2025 19:18:26; 26.313
 22.11.2025 19:21:26; 28.000
 22.11.2025 19:24:27; 28.938
 22.11.2025 19:27:27; 29.500
 22.11.2025 19:30:26; 30.438
 22.11.2025 19:33:27; 31.188
 22.11.2025 19:36:27; 31.813
 22.11.2025 19:39:26; 32.438
 22.11.2025 19:42:27; 32.813
 22.11.2025 19:45:27; 32.688
 22.11.2025 19:48:26; 32.813
 22.11.2025 19:51:27; 32.938
 22.11.2025 19:54:26; 33.563
 22.11.2025 19:57:26; 34.313
 22.11.2025 20:00:27; 34.688
 22.11.2025 20:03:26; 35.250
 22.11.2025 20:06:26; 35.500
 22.11.2025 20:09:27; 35.750
 22.11.2025 20:12:27; 36.063
 22.11.2025 20:15:26; 36.375
 22.11.2025 20:18:27; 36.500
 22.11.2025 20:21:27; 37.000
 22.11.2025 20:24:26; 37.438
 22.11.2025 20:27:27; 38.250
 22.11.2025 20:30:27; 38.125
 22.11.2025 20:33:26; 38.250
 22.11.2025 20:36:27; 37.750
 22.11.2025 20:39:26; 37.500
 22.11.2025 20:42:26; 37.063
 22.11.2025 20:45:27; 36.250
 22.11.2025 20:48:26; 35.750
 22.11.2025 20:51:26; 35.313
 22.11.2025 20:54:27; 32.250
 22.11.2025 20:57:27; 29.438
 22.11.2025 21:00:26; 27.563
 22.11.2025 21:03:27; 26.125
 22.11.2025 21:06:27; 24.875
 22.11.2025 21:09:26; 24.000
 22.11.2025 21:12:27; 23.500
 22.11.2025 21:15:27; 25.188
 22.11.2025 21:18:26; 26.750
 22.11.2025 21:21:27; 27.875
 22.11.2025 21:24:26; 28.875
 22.11.2025 21:27:26; 29.625
 22.11.2025 21:30:27; 29.813
 22.11.2025 21:33:26; 29.688
 22.11.2025 21:36:26; 29.625
 22.11.2025 21:39:27; 28.063
 22.11.2025 21:42:27; 26.875
 22.11.2025 21:45:26; 26.000
 22.11.2025 21:48:27; 25.250
 22.11.2025 21:51:27; 24.750
 22.11.2025 21:54:26; 24.313
 22.11.2025 21:57:27; 23.813
 22.11.2025 22:00:27; 23.500
 22.11.2025 22:03:26; 23.250
 22.11.2025 22:06:27; 23.125
 22.11.2025 22:09:26; 23.063
 22.11.2025 22:12:26; 22.875
 22.11.2025 22:15:27; 22.563
 22.11.2025 22:18:26; 22.313
 22.11.2025 22:21:26; 22.188
 22.11.2025 22:24:27; 22.125
 22.11.2025 22:27:27; 22.000
 22.11.2025 22:30:26; 21.938
 22.11.2025 22:33:27; 21.938
 22.11.2025 22:36:27; 21.750
 22.11.2025 22:39:26; 21.625
 22.11.2025 22:42:27; 21.500
 22.11.2025 22:45:27; 21.438
 22.11.2025 22:48:26; 21.313
 22.11.2025 22:51:27; 21.250
 22.11.2025 22:54:26; 21.125
 22.11.2025 22:57:26; 21.125
 22.11.2025 23:00:27; 21.000
 22.11.2025 23:03:26; 20.938
 22.11.2025 23:06:26; 20.875
 22.11.2025 23:09:27; 20.750
 22.11.2025 23:12:27; 20.688
 22.11.2025 23:15:26; 20.563
 22.11.2025 23:18:27; 20.500
 22.11.2025 23:21:27; 20.375
 22.11.2025 23:24:26; 20.313
 22.11.2025 23:27:27; 20.250
 22.11.2025 23:30:27; 20.125
 22.11.2025 23:33:26; 20.063
 22.11.2025 23:36:27; 20.000
 22.11.2025 23:39:26; 19.938
 22.11.2025 23:42:26; 19.875
 22.11.2025 23:45:27; 19.813
 22.11.2025 23:48:26; 19.813
 22.11.2025 23:51:26; 19.750
 22.11.2025 23:54:27; 19.688
 22.11.2025 23:57:27; 19.625
 23.11.2025 00:00:26; 19.625
 23.11.2025 00:03:27; 19.625
 23.11.2025 00:06:27; 19.688
 23.11.2025 00:09:26; 19.688
 23.11.2025 00:12:27; 19.750
 23.11.2025 00:15:27; 19.750
 23.11.2025 00:18:26; 19.813
 23.11.2025 00:21:27; 19.875
 23.11.2025 00:24:26; 19.875
 23.11.2025 00:27:26; 19.875
 23.11.2025 00:30:27; 19.875
 23.11.2025 00:33:26; 19.875
 23.11.2025 00:36:26; 19.813
 23.11.2025 00:39:27; 19.750
 23.11.2025 00:42:27; 19.688
 23.11.2025 00:45:26; 19.625
 23.11.2025 00:48:27; 19.563
 23.11.2025 00:51:27; 19.500
 23.11.2025 00:54:26; 19.438
 23.11.2025 00:57:27; 19.375
 23.11.2025 01:00:27; 19.250
 23.11.2025 01:03:26; 19.125
 23.11.2025 01:06:27; 19.063
 23.11.2025 01:09:26; 19.000
 23.11.2025 01:12:26; 18.938
 23.11.2025 01:15:27; 18.875
 23.11.2025 01:18:26; 18.813
 23.11.2025 01:21:26; 18.750
 23.11.2025 01:24:27; 18.688
 23.11.2025 01:27:27; 18.688
 23.11.2025 01:30:26; 18.625
 23.11.2025 01:33:27; 18.625
 23.11.2025 01:36:27; 18.563
 23.11.2025 01:39:26; 18.500
 23.11.2025 01:42:27; 18.438
 23.11.2025 01:45:27; 18.375
 23.11.2025 01:48:26; 18.313
 23.11.2025 01:51:27; 18.250
 23.11.2025 01:54:26; 18.188
 23.11.2025 01:57:26; 18.188
 23.11.2025 02:00:27; 18.188
 23.11.2025 02:03:26; 18.188
 23.11.2025 02:06:26; 18.188
 23.11.2025 02:09:27; 18.188
 23.11.2025 02:12:27; 18.188
 23.11.2025 02:15:26; 18.188
 23.11.2025 02:18:27; 18.125
 23.11.2025 02:21:27; 18.125
 23.11.2025 02:24:26; 18.063
 23.11.2025 02:27:27; 18.000
 23.11.2025 02:30:27; 17.938
 23.11.2025 02:33:26; 17.875
 23.11.2025 02:36:27; 17.813
 23.11.2025 02:39:26; 17.813
 23.11.2025 02:42:26; 17.750
 23.11.2025 02:45:27; 17.750
 23.11.2025 02:48:26; 17.688
 23.11.2025 02:51:26; 17.688
 23.11.2025 02:54:27; 17.688
 23.11.2025 02:57:27; 17.688
 23.11.2025 03:00:26; 17.688
 23.11.2025 03:03:27; 17.688
 23.11.2025 03:06:27; 17.688
 23.11.2025 03:09:26; 17.688
 23.11.2025 03:12:27; 17.688
 23.11.2025 03:15:27; 17.750
 23.11.2025 03:18:26; 17.750
 23.11.2025 03:21:27; 17.813
 23.11.2025 03:24:26; 17.813
 23.11.2025 03:27:26; 17.813
 23.11.2025 03:30:27; 17.813
 23.11.2025 03:33:26; 17.813
 23.11.2025 03:36:26; 17.813
 23.11.2025 03:39:27; 17.813
 23.11.2025 03:42:27; 17.875
 23.11.2025 03:45:26; 17.875
 23.11.2025 03:48:27; 17.875
 23.11.2025 03:51:27; 17.813
 23.11.2025 03:54:26; 17.813
 23.11.2025 03:57:27; 17.750
 23.11.2025 04:00:27; 17.813
 23.11.2025 04:03:26; 17.813
 23.11.2025 04:06:27; 17.813
 23.11.2025 04:09:26; 17.875
 23.11.2025 04:12:26; 17.875
 23.11.2025 04:15:27; 17.875
 23.11.2025 04:18:26; 17.875
 23.11.2025 04:21:26; 17.875
 23.11.2025 04:24:27; 17.813
 23.11.2025 04:27:27; 17.813
 23.11.2025 04:30:26; 17.813
 23.11.2025 04:33:27; 17.813
 23.11.2025 04:36:27; 17.750
 23.11.2025 04:39:26; 17.750
 23.11.2025 04:42:27; 17.688
 23.11.2025 04:45:27; 17.688
 23.11.2025 04:48:26; 17.625
 23.11.2025 04:51:27; 17.625
 23.11.2025 04:54:26; 17.563
 23.11.2025 04:57:26; 17.563
 23.11.2025 05:00:27; 17.500
 23.11.2025 05:03:26; 17.500
 23.11.2025 05:06:26; 17.500
 23.11.2025 05:09:27; 17.500
 23.11.2025 05:12:27; 17.500
 23.11.2025 05:15:26; 17.438
 23.11.2025 05:18:27; 17.438
 23.11.2025 05:21:27; 17.438
 23.11.2025 05:24:26; 17.375
 23.11.2025 05:27:27; 17.375
 23.11.2025 05:30:27; 17.375
 23.11.2025 05:33:26; 17.313
 23.11.2025 05:36:27; 17.313
 23.11.2025 05:39:26; 17.313
 23.11.2025 05:42:26; 17.313
 23.11.2025 05:45:27; 17.313
 23.11.2025 05:48:26; 17.313
 23.11.2025 05:51:26; 17.250
 23.11.2025 05:54:27; 17.250
 23.11.2025 05:57:27; 17.188
 23.11.2025 06:00:26; 17.125
 23.11.2025 06:03:27; 17.125
 23.11.2025 06:06:27; 17.063
 23.11.2025 06:09:26; 17.063
 23.11.2025 06:12:27; 17.000
 23.11.2025 06:15:27; 16.938
 23.11.2025 06:18:26; 16.938
 23.11.2025 06:21:27; 16.875
 23.11.2025 06:24:26; 16.813
 23.11.2025 06:27:26; 16.813
 23.11.2025 06:30:27; 16.750
 23.11.2025 06:33:26; 16.688
 23.11.2025 06:36:26; 16.688
 23.11.2025 06:39:27; 16.688
 23.11.2025 06:42:27; 16.688
 23.11.2025 06:45:26; 16.688
 23.11.2025 06:48:27; 16.688
 23.11.2025 06:51:27; 16.750
 23.11.2025 06:54:26; 16.750
 23.11.2025 06:57:27; 16.750
 23.11.2025 07:00:27; 16.750
 23.11.2025 07:03:26; 16.813
 23.11.2025 07:06:27; 16.813
 23.11.2025 07:09:26; 16.813
 23.11.2025 07:12:26; 16.813
 23.11.2025 07:15:27; 16.813
 23.11.2025 07:18:26; 16.750
 23.11.2025 07:21:26; 16.688
 23.11.2025 07:24:27; 16.688
 23.11.2025 07:27:27; 16.625
 23.11.2025 07:30:26; 16.625
 23.11.2025 07:33:27; 16.625
 23.11.2025 07:36:27; 16.625
 23.11.2025 07:39:26; 16.625
 23.11.2025 07:42:27; 16.625
 23.11.2025 07:45:27; 16.625
 23.11.2025 07:48:26; 16.625
 23.11.2025 07:51:27; 16.688
 23.11.2025 07:54:26; 16.750
 23.11.2025 07:57:26; 16.750
 23.11.2025 08:00:27; 16.750
 23.11.2025 08:03:26; 16.750
 23.11.2025 08:06:26; 16.750
 23.11.2025 08:09:27; 16.688
 23.11.2025 08:12:27; 16.688
 23.11.2025 08:15:26; 16.625
 23.11.2025 08:18:27; 16.625
 23.11.2025 08:21:27; 16.625
 23.11.2025 08:24:26; 16.688
 23.11.2025 08:27:27; 16.688
 23.11.2025 08:30:27; 16.688
 23.11.2025 08:33:26; 16.750
 23.11.2025 08:36:27; 16.813
 23.11.2025 08:39:26; 16.875
 23.11.2025 08:42:26; 16.875
 23.11.2025 08:45:27; 16.813
 23.11.2025 08:48:26; 16.750
 23.11.2025 08:51:26; 16.688
 23.11.2025 08:54:27; 16.688
 23.11.2025 08:57:27; 16.625
 23.11.2025 09:00:26; 16.625
 23.11.2025 09:03:27; 16.625
 23.11.2025 09:06:27; 16.563
 23.11.2025 09:09:26; 16.563
 23.11.2025 09:12:27; 16.563
 23.11.2025 09:15:27; 16.563
 23.11.2025 09:18:26; 16.500
 23.11.2025 09:21:27; 16.500
 23.11.2025 09:24:26; 16.438
 23.11.2025 09:27:26; 16.375
 23.11.2025 09:30:27; 16.375
 23.11.2025 09:33:26; 16.375
 23.11.2025 09:36:26; 16.375
 23.11.2025 09:39:27; 16.375
 23.11.2025 09:42:27; 16.375
 23.11.2025 09:45:26; 16.375
 23.11.2025 09:48:27; 16.438
 23.11.2025 09:51:27; 16.438
 23.11.2025 09:54:26; 16.500
 23.11.2025 09:57:27; 16.500
 23.11.2025 10:00:27; 16.563
 23.11.2025 10:03:26; 16.563
 23.11.2025 10:06:27; 16.625
 23.11.2025 10:09:26; 16.625
 23.11.2025 10:12:26; 16.625
 23.11.2025 10:15:27; 16.688
 23.11.2025 10:18:26; 16.688
 23.11.2025 10:21:26; 16.750
 23.11.2025 10:24:27; 16.750
 23.11.2025 10:27:27; 16.750
 23.11.2025 10:30:26; 16.750
 23.11.2025 10:33:27; 16.750
 23.11.2025 10:36:27; 16.813
 23.11.2025 10:39:26; 16.813
 23.11.2025 10:42:27; 16.813
 23.11.2025 10:45:27; 16.813
 23.11.2025 10:48:26; 16.875
 23.11.2025 10:51:27; 16.875
 23.11.2025 10:54:26; 16.875
 23.11.2025 10:57:26; 16.875
 23.11.2025 11:00:27; 16.875
 23.11.2025 11:03:26; 16.875
 23.11.2025 11:06:26; 16.938
 23.11.2025 11:09:27; 16.938
 23.11.2025 11:12:27; 16.938
 23.11.2025 11:15:26; 16.938
 23.11.2025 11:18:27; 17.000
 23.11.2025 11:21:27; 17.000
 23.11.2025 11:24:26; 17.000
 23.11.2025 11:27:27; 16.938
 23.11.2025 11:30:27; 17.000
 23.11.2025 11:33:26; 17.000
 23.11.2025 11:36:27; 17.000
 23.11.2025 11:39:26; 17.000
 23.11.2025 11:42:26; 17.000
 23.11.2025 11:45:27; 17.063
 23.11.2025 11:48:26; 17.125
 23.11.2025 11:51:26; 17.188
 23.11.2025 11:54:27; 17.250
 23.11.2025 11:57:27; 17.313
 23.11.2025 12:00:26; 17.438
 23.11.2025 12:03:27; 17.563
 23.11.2025 12:06:27; 17.625
 23.11.2025 12:09:26; 17.688
 23.11.2025 12:12:27; 17.688
 23.11.2025 12:15:27; 17.750
 23.11.2025 12:18:26; 17.750
 23.11.2025 12:21:27; 17.750
 23.11.2025 12:24:26; 17.750
 23.11.2025 12:27:26; 17.625
 23.11.2025 12:30:27; 17.563
 23.11.2025 12:33:26; 17.563
 23.11.2025 12:36:26; 17.625
 23.11.2025 12:39:27; 17.750
 23.11.2025 12:42:27; 17.875
 23.11.2025 12:45:26; 18.063
 23.11.2025 12:48:27; 18.188
 23.11.2025 12:51:27; 18.250
 23.11.2025 12:54:26; 18.250
 23.11.2025 12:57:27; 18.313
 23.11.2025 13:00:27; 18.438
 23.11.2025 13:03:26; 18.625
 23.11.2025 13:06:27; 18.688
 23.11.2025 13:09:26; 18.813
 23.11.2025 13:12:26; 18.750
 23.11.2025 13:15:27; 19.063
 23.11.2025 13:18:26; 19.500
 23.11.2025 13:21:26; 19.750
 23.11.2025 13:24:27; 19.563
 23.11.2025 13:27:27; 19.563
 23.11.2025 13:30:26; 19.188
 23.11.2025 13:33:27; 18.938
 23.11.2025 13:36:27; 18.750
 23.11.2025 13:39:26; 18.625
 23.11.2025 13:42:27; 18.563
 23.11.2025 13:45:27; 18.688
 23.11.2025 13:48:26; 18.938
 23.11.2025 13:51:27; 19.188
 23.11.2025 13:54:26; 19.375
 23.11.2025 13:57:26; 19.563
 23.11.2025 14:00:27; 19.438
 23.11.2025 14:03:26; 19.500
 23.11.2025 14:06:26; 19.750
 23.11.2025 14:09:27; 19.875
 23.11.2025 14:12:27; 20.188
 23.11.2025 14:15:26; 20.313
 23.11.2025 14:18:27; 20.563
 23.11.2025 14:21:27; 20.875
 23.11.2025 14:24:26; 20.875
 23.11.2025 14:27:27; 20.750
 23.11.2025 14:30:27; 20.938
 23.11.2025 14:33:26; 21.375
 23.11.2025 14:36:27; 21.813
 23.11.2025 14:39:26; 22.125
 23.11.2025 14:42:26; 22.188
 23.11.2025 14:45:27; 22.250
 23.11.2025 14:48:26; 22.063
 23.11.2025 14:51:26; 21.875
 23.11.2025 14:54:27; 22.063
 23.11.2025 14:57:27; 21.875
 23.11.2025 15:00:26; 21.813
 23.11.2025 15:03:27; 22.063
 23.11.2025 15:06:27; 22.250
 23.11.2025 15:09:26; 22.438
 23.11.2025 15:12:27; 22.813
 23.11.2025 15:15:27; 22.875
 23.11.2025 15:18:26; 22.875
 23.11.2025 15:21:27; 22.813
 23.11.2025 15:24:26; 22.875
 23.11.2025 15:27:26; 23.063
 23.11.2025 15:30:27; 23.250
 23.11.2025 15:33:26; 23.375
 23.11.2025 15:36:26; 23.938
 23.11.2025 15:39:27; 23.625
 23.11.2025 15:42:27; 23.688
 23.11.2025 15:45:26; 23.500
 23.11.2025 15:48:27; 23.375
 23.11.2025 15:51:27; 23.188
 23.11.2025 15:54:26; 23.125
 23.11.2025 15:57:27; 23.438
 23.11.2025 16:00:27; 23.563
 23.11.2025 16:03:26; 23.438
 23.11.2025 16:06:27; 23.313
 23.11.2025 16:09:26; 23.375
 23.11.2025 16:12:26; 23.125
 23.11.2025 16:15:27; 23.313
 23.11.2025 16:18:26; 23.063
 23.11.2025 16:21:26; 22.500
 23.11.2025 16:24:27; 22.000
 23.11.2025 16:27:27; 21.563
 23.11.2025 16:30:26; 21.313
 23.11.2025 16:33:27; 21.375
 23.11.2025 16:36:27; 22.250
 23.11.2025 16:39:26; 23.438
 23.11.2025 16:42:27; 24.438
 23.11.2025 16:45:27; 24.563
 23.11.2025 16:48:26; 24.500
 23.11.2025 16:51:27; 24.125
 23.11.2025 16:54:26; 23.688
 23.11.2025 16:57:26; 23.438
 23.11.2025 17:00:27; 23.125
 23.11.2025 17:03:26; 22.875
 23.11.2025 17:06:26; 22.875
 23.11.2025 17:09:27; 23.563
 23.11.2025 17:12:27; 24.750
 23.11.2025 17:15:26; 25.375
 23.11.2025 17:18:27; 25.625
 23.11.2025 17:21:27; 26.438
 23.11.2025 17:24:26; 27.188
 23.11.2025 17:27:27; 26.688
 23.11.2025 17:30:27; 26.125
 23.11.2025 17:33:26; 25.500
 23.11.2025 17:36:27; 25.188
 23.11.2025 17:39:26; 25.125
 23.11.2025 17:42:26; 24.625
 23.11.2025 17:45:27; 24.313
 23.11.2025 17:48:26; 24.125
 23.11.2025 17:51:26; 23.875
 23.11.2025 17:54:27; 23.625
 23.11.2025 17:57:27; 23.375
 23.11.2025 18:00:26; 23.188
 23.11.2025 18:03:27; 22.938
 23.11.2025 18:06:27; 22.688
 23.11.2025 18:09:26; 22.500
 23.11.2025 18:12:27; 22.375
 23.11.2025 18:15:27; 22.250
 23.11.2025 18:18:26; 22.125
 23.11.2025 18:21:27; 22.188
 23.11.2025 18:24:26; 23.625
 23.11.2025 18:27:26; 25.188
 23.11.2025 18:30:27; 25.938
 23.11.2025 18:33:26; 25.813
 23.11.2025 18:36:26; 25.188
 23.11.2025 18:39:27; 24.750
 23.11.2025 18:42:27; 24.125
 23.11.2025 18:45:26; 23.813
 23.11.2025 18:48:27; 24.688
 23.11.2025 18:51:27; 24.813
 23.11.2025 18:54:26; 24.500
 23.11.2025 18:57:27; 25.375
 23.11.2025 19:00:27; 27.500
 23.11.2025 19:03:26; 27.688
 23.11.2025 19:06:27; 26.500
 23.11.2025 19:09:26; 25.750
 23.11.2025 19:12:26; 25.250
 23.11.2025 19:15:27; 25.688
 23.11.2025 19:18:26; 26.000
 23.11.2025 19:21:26; 28.750
 23.11.2025 19:24:27; 31.188
 23.11.2025 19:27:27; 32.875
 23.11.2025 19:30:26; 32.000
 23.11.2025 19:33:27; 31.500
 23.11.2025 19:36:27; 31.063
 23.11.2025 19:39:26; 31.375
 23.11.2025 19:42:27; 32.313
 23.11.2025 19:45:27; 32.313
 23.11.2025 19:48:26; 32.563
 23.11.2025 19:51:27; 32.500
 23.11.2025 19:54:26; 33.063
 23.11.2025 19:57:26; 32.438
 23.11.2025 20:00:27; 33.000
 23.11.2025 20:03:26; 33.375
 23.11.2025 20:06:26; 33.438
 23.11.2025 20:09:27; 33.313
 23.11.2025 20:12:27; 32.875
 23.11.2025 20:15:26; 32.750
 23.11.2025 20:18:27; 32.938
 23.11.2025 20:21:27; 32.875
 23.11.2025 20:24:26; 32.750
 23.11.2025 20:27:27; 32.125
 23.11.2025 20:30:27; 31.938
 23.11.2025 20:33:26; 31.750
 23.11.2025 20:36:27; 32.000
 23.11.2025 20:39:26; 32.188
 23.11.2025 20:42:26; 32.563
 23.11.2025 20:45:27; 33.000
 23.11.2025 20:48:26; 32.813
 23.11.2025 20:51:26; 32.875
 23.11.2025 20:54:27; 34.063
 23.11.2025 20:57:27; 33.188
 23.11.2025 21:00:26; 33.688
 23.11.2025 21:03:27; 33.250
 23.11.2025 21:06:27; 31.250
 23.11.2025 21:09:26; 31.563
 23.11.2025 21:12:27; 32.188
 23.11.2025 21:15:27; 32.813
 23.11.2025 21:18:26; 32.313
 23.11.2025 21:21:27; 31.250
 23.11.2025 21:24:26; 29.813
 23.11.2025 21:27:26; 28.438
 23.11.2025 21:30:27; 27.938
 23.11.2025 21:33:26; 28.063
 23.11.2025 21:36:26; 27.688
 23.11.2025 21:39:27; 26.875
 23.11.2025 21:42:27; 26.125
 23.11.2025 21:45:26; 25.625
 23.11.2025 21:48:27; 25.313
 23.11.2025 21:51:27; 25.063
 23.11.2025 21:54:26; 24.813
 23.11.2025 21:57:27; 24.625
 23.11.2025 22:00:27; 24.563
 23.11.2025 22:03:26; 24.313
 23.11.2025 22:06:27; 24.000
 23.11.2025 22:09:26; 23.813
 23.11.2025 22:12:26; 23.438
 23.11.2025 22:15:27; 23.188
 23.11.2025 22:18:26; 23.313
 23.11.2025 22:21:26; 23.250
 23.11.2025 22:24:27; 22.813
 23.11.2025 22:27:27; 22.500
 23.11.2025 22:30:26; 22.250
 23.11.2025 22:33:27; 22.063
 23.11.2025 22:36:27; 21.938
 23.11.2025 22:39:26; 21.938
 23.11.2025 22:42:27; 22.063
 23.11.2025 22:45:27; 22.125
 23.11.2025 22:48:26; 22.188
 23.11.2025 22:51:27; 22.188
 23.11.2025 22:54:26; 22.063
 23.11.2025 22:57:26; 22.000
 23.11.2025 23:00:27; 21.813
 23.11.2025 23:03:26; 21.625
 23.11.2025 23:06:26; 21.500
 23.11.2025 23:09:27; 21.375
 23.11.2025 23:12:27; 21.250
 23.11.2025 23:15:26; 21.125
 23.11.2025 23:18:27; 20.938
 23.11.2025 23:21:27; 20.750
 23.11.2025 23:24:26; 20.625
 23.11.2025 23:27:27; 20.500
 23.11.2025 23:30:27; 20.375
 23.11.2025 23:33:26; 20.250
 23.11.2025 23:36:27; 20.125
 23.11.2025 23:39:26; 20.063
 23.11.2025 23:42:26; 20.000
 23.11.2025 23:45:27; 19.938
 23.11.2025 23:48:26; 19.938
 23.11.2025 23:51:26; 19.875
 23.11.2025 23:54:27; 19.813
 23.11.2025 23:57:27; 19.688
 24.11.2025 00:00:26; 19.625
 24.11.2025 00:03:27; 19.500
 24.11.2025 00:06:27; 19.375
 24.11.2025 00:09:26; 19.375
 24.11.2025 00:12:27; 19.313
 24.11.2025 00:15:27; 19.250
 24.11.2025 00:18:26; 19.188
 24.11.2025 00:21:27; 19.125
 24.11.2025 00:24:26; 19.000
 24.11.2025 00:27:26; 18.938
 24.11.2025 00:30:27; 18.813
 24.11.2025 00:33:26; 18.688
 24.11.2025 00:36:26; 18.625
 24.11.2025 00:39:27; 18.563
 24.11.2025 00:42:27; 18.563
 24.11.2025 00:45:26; 18.500
 24.11.2025 00:48:27; 18.438
 24.11.2025 00:51:27; 18.375
 24.11.2025 00:54:26; 18.313
 24.11.2025 00:57:27; 18.250
 24.11.2025 01:00:27; 18.188
 24.11.2025 01:03:26; 18.125
 24.11.2025 01:06:27; 18.063
 24.11.2025 01:09:26; 18.063
 24.11.2025 01:12:26; 18.000
 24.11.2025 01:15:27; 17.938
 24.11.2025 01:18:26; 17.938
 24.11.2025 01:21:26; 17.875
 24.11.2025 01:24:27; 17.875
 24.11.2025 01:27:27; 17.875
 24.11.2025 01:30:26; 17.813
 24.11.2025 01:33:27; 17.750
 24.11.2025 01:36:27; 17.688
 24.11.2025 01:39:26; 17.688
 24.11.2025 01:42:27; 17.625
 24.11.2025 01:45:27; 17.563
 24.11.2025 01:48:26; 17.563
 24.11.2025 01:51:27; 17.500
 24.11.2025 01:54:26; 17.438
 24.11.2025 01:57:26; 17.375
 24.11.2025 02:00:27; 17.375
 24.11.2025 02:03:26; 17.375
 24.11.2025 02:06:26; 17.375
 24.11.2025 02:09:27; 17.375
 24.11.2025 02:12:27; 17.375
 24.11.2025 02:15:26; 17.375
 24.11.2025 02:18:27; 17.375
 24.11.2025 02:21:27; 17.375
 24.11.2025 02:24:26; 17.375
 24.11.2025 02:27:27; 17.438
 24.11.2025 02:30:27; 17.438
 24.11.2025 02:33:26; 17.438
 24.11.2025 02:36:27; 17.438
 24.11.2025 02:39:26; 17.438
 24.11.2025 02:42:26; 17.500
 24.11.2025 02:45:27; 17.500
 24.11.2025 02:48:26; 17.438
 24.11.2025 02:51:26; 17.438
 24.11.2025 02:54:27; 17.438
 24.11.2025 02:57:27; 17.438
 24.11.2025 03:00:26; 17.438
 24.11.2025 03:03:27; 17.375
 24.11.2025 03:06:27; 17.375
 24.11.2025 03:09:26; 17.375
 24.11.2025 03:12:27; 17.375
 24.11.2025 03:15:27; 17.375
 24.11.2025 03:18:26; 17.375
 24.11.2025 03:21:27; 17.375
 24.11.2025 03:24:26; 17.375
 24.11.2025 03:27:26; 17.375
 24.11.2025 03:30:27; 17.375
 24.11.2025 03:33:26; 17.375
 24.11.2025 03:36:26; 17.313
 24.11.2025 03:39:27; 17.313
 24.11.2025 03:42:27; 17.250
 24.11.2025 03:45:26; 17.125
 24.11.2025 03:48:27; 17.125
 24.11.2025 03:51:27; 17.125
 24.11.2025 03:54:26; 17.125
 24.11.2025 03:57:27; 17.125
 24.11.2025 04:00:27; 17.063
 24.11.2025 04:03:26; 17.000
 24.11.2025 04:06:27; 17.000
 24.11.2025 04:09:26; 17.000
 24.11.2025 04:12:26; 17.000
 24.11.2025 04:15:27; 17.000
 24.11.2025 04:18:26; 17.000
 24.11.2025 04:21:26; 17.000
 24.11.2025 04:24:27; 17.000
 24.11.2025 04:27:27; 16.938
 24.11.2025 04:30:26; 16.938
 24.11.2025 04:33:27; 16.875
 24.11.2025 04:36:27; 16.875
 24.11.2025 04:39:26; 16.875
 24.11.2025 04:42:27; 16.875
 24.11.2025 04:45:27; 16.813
 24.11.2025 04:48:26; 16.813
 24.11.2025 04:51:27; 16.750
 24.11.2025 04:54:26; 16.750
 24.11.2025 04:57:26; 16.688
 24.11.2025 05:00:27; 16.625
 24.11.2025 05:03:26; 16.563
 24.11.2025 05:06:26; 16.500
 24.11.2025 05:09:27; 16.438
 24.11.2025 05:12:27; 16.438
 24.11.2025 05:15:26; 16.375
 24.11.2025 05:18:27; 16.375
 24.11.2025 05:21:27; 16.313
 24.11.2025 05:24:26; 16.250
 24.11.2025 05:27:27; 16.188
 24.11.2025 05:30:27; 16.125
 24.11.2025 05:33:26; 16.125
 24.11.2025 05:36:27; 16.125
 24.11.2025 05:39:26; 16.125
 24.11.2025 05:42:26; 16.125
 24.11.2025 05:45:27; 16.125
 24.11.2025 05:48:26; 16.063
 24.11.2025 05:51:26; 16.063
 24.11.2025 05:54:27; 16.063
 24.11.2025 05:57:27; 16.063
 24.11.2025 06:00:26; 16.000
 24.11.2025 06:03:27; 16.000
 24.11.2025 06:06:27; 15.938
 24.11.2025 06:09:26; 15.938
 24.11.2025 06:12:27; 15.938
 24.11.2025 06:15:27; 15.875
 24.11.2025 06:18:26; 15.813
 24.11.2025 06:21:27; 15.813
 24.11.2025 06:24:26; 15.813
 24.11.2025 06:27:26; 15.813
 24.11.2025 06:30:27; 15.813
 24.11.2025 06:33:26; 15.750
 24.11.2025 06:36:26; 15.750
 24.11.2025 06:39:27; 15.750
 24.11.2025 06:42:27; 15.688
 24.11.2025 06:45:26; 15.625
 24.11.2025 06:48:27; 15.625
 24.11.2025 06:51:27; 15.625
 24.11.2025 06:54:26; 15.563
 24.11.2025 06:57:27; 15.500
 24.11.2025 07:00:27; 15.500
 24.11.2025 07:03:26; 15.438
 24.11.2025 07:06:27; 15.438
 24.11.2025 07:09:26; 15.375
 24.11.2025 07:12:26; 15.375
 24.11.2025 07:15:27; 15.375
 24.11.2025 07:18:26; 15.313
 24.11.2025 07:21:26; 15.313
 24.11.2025 07:24:27; 15.313
 24.11.2025 07:27:27; 15.313
 24.11.2025 07:30:26; 15.313
 24.11.2025 07:33:27; 15.313
 24.11.2025 07:36:27; 15.313
 24.11.2025 07:39:26; 15.313
 24.11.2025 07:42:27; 15.313
 24.11.2025 07:45:27; 15.313
 24.11.2025 07:48:26; 15.375
 24.11.2025 07:51:27; 15.375
 24.11.2025 07:54:26; 15.375
 24.11.2025 07:57:26; 15.375
 24.11.2025 08:00:27; 15.375
 24.11.2025 08:03:26; 15.438
 24.11.2025 08:06:26; 15.438
 24.11.2025 08:09:27; 15.438
 24.11.2025 08:12:27; 15.438
 24.11.2025 08:15:26; 15.438
 24.11.2025 08:18:27; 15.500
 24.11.2025 08:21:27; 15.500
 24.11.2025 08:24:26; 15.500
 24.11.2025 08:27:27; 15.500
 24.11.2025 08:30:27; 15.500
 24.11.2025 08:33:26; 15.500
 24.11.2025 08:36:27; 15.500
 24.11.2025 08:39:26; 15.500
 24.11.2025 08:42:26; 15.500
 24.11.2025 08:45:27; 15.500
 24.11.2025 08:48:26; 15.438
 24.11.2025 08:51:26; 15.375
 24.11.2025 08:54:27; 15.375
 24.11.2025 08:57:27; 15.313
 24.11.2025 09:00:26; 15.250
 24.11.2025 09:03:27; 15.250
 24.11.2025 09:06:27; 15.250
 24.11.2025 09:09:26; 15.313
 24.11.2025 09:12:27; 15.313
 24.11.2025 09:15:27; 15.313
 24.11.2025 09:18:26; 15.313
 24.11.2025 09:21:27; 15.313
 24.11.2025 09:24:26; 15.313
 24.11.2025 09:27:26; 15.313
 24.11.2025 09:30:27; 15.375
 24.11.2025 09:33:26; 15.375
 24.11.2025 09:36:26; 15.375
 24.11.2025 09:39:27; 15.375
 24.11.2025 09:42:27; 15.375
 24.11.2025 09:45:26; 15.438
 24.11.2025 09:48:27; 15.438
 24.11.2025 09:51:27; 15.500
 24.11.2025 09:54:26; 15.500
 24.11.2025 09:57:27; 15.500
 24.11.2025 10:00:27; 15.500
 24.11.2025 10:03:26; 15.563
 24.11.2025 10:06:27; 15.563
 24.11.2025 10:09:26; 15.563
 24.11.2025 10:12:26; 15.625
 24.11.2025 10:15:27; 15.625
 24.11.2025 10:18:26; 15.625
 24.11.2025 10:21:26; 15.625
 24.11.2025 10:24:27; 15.688
 24.11.2025 10:27:27; 15.688
 24.11.2025 10:30:26; 15.688
 24.11.2025 10:33:27; 15.688
 24.11.2025 10:36:27; 15.625
 24.11.2025 10:39:26; 15.625
 24.11.2025 10:42:27; 15.688
 24.11.2025 10:45:27; 15.750
 24.11.2025 10:48:26; 15.813
 24.11.2025 10:51:27; 15.875
 24.11.2025 10:54:26; 15.938
 24.11.2025 10:57:26; 16.000
 24.11.2025 11:00:27; 16.000
 24.11.2025 11:03:26; 15.938
 24.11.2025 11:06:26; 15.938
 24.11.2025 11:09:27; 15.875
 24.11.2025 11:12:27; 15.875
 24.11.2025 11:15:26; 15.938
 24.11.2025 11:18:27; 16.000
 24.11.2025 11:21:27; 16.000
 24.11.2025 11:24:26; 16.125
 24.11.2025 11:27:27; 16.250
 24.11.2025 11:30:27; 16.500
 24.11.2025 11:33:26; 16.625
 24.11.2025 11:36:27; 16.688
 24.11.2025 11:39:26; 16.688
 24.11.2025 11:42:26; 16.813
 24.11.2025 11:45:27; 16.875
 24.11.2025 11:48:26; 17.063
 24.11.2025 11:51:26; 17.188
 24.11.2025 11:54:27; 17.375
 24.11.2025 11:57:27; 17.563
 24.11.2025 12:00:26; 17.750
 24.11.2025 12:03:27; 17.875
 24.11.2025 12:06:27; 18.063
 24.11.2025 12:09:26; 18.188
 24.11.2025 12:12:27; 18.313
 24.11.2025 12:15:27; 18.375
 24.11.2025 12:18:26; 18.500
 24.11.2025 12:21:27; 18.563
 24.11.2025 12:24:26; 18.688
 24.11.2025 12:27:26; 18.750
 24.11.2025 12:30:27; 18.750
 24.11.2025 12:33:26; 18.750
 24.11.2025 12:36:26; 18.813
 24.11.2025 12:39:27; 18.875
 24.11.2025 12:42:27; 18.938
 24.11.2025 12:45:26; 18.938
 24.11.2025 12:48:27; 19.063
 24.11.2025 12:51:27; 19.250
 24.11.2025 12:54:26; 19.500
 24.11.2025 12:57:27; 19.625
 24.11.2025 13:00:27; 19.688
 24.11.2025 13:03:26; 19.750
 24.11.2025 13:06:27; 19.875
 24.11.2025 13:09:26; 20.000
 24.11.2025 13:12:26; 20.250
 24.11.2025 13:15:27; 20.438
 24.11.2025 13:18:26; 20.438
 24.11.2025 13:21:26; 20.375
 24.11.2025 13:24:27; 20.375
 24.11.2025 13:27:27; 20.375
 24.11.2025 13:30:26; 20.313
 24.11.2025 13:33:27; 20.313
 24.11.2025 13:36:27; 20.313
 24.11.2025 13:39:26; 20.313
 24.11.2025 13:42:27; 20.375
 24.11.2025 13:45:27; 20.500
 24.11.2025 13:48:26; 20.688
 24.11.2025 13:51:27; 20.938
 24.11.2025 13:54:26; 21.000
 24.11.2025 13:57:26; 21.188
 24.11.2025 14:00:27; 21.250
 24.11.2025 14:03:26; 21.375
 24.11.2025 14:06:26; 21.438
 24.11.2025 14:09:27; 21.563
 24.11.2025 14:12:27; 21.563
 24.11.2025 14:15:26; 21.438
 24.11.2025 14:18:27; 21.500
 24.11.2025 14:21:27; 21.500
 24.11.2025 14:24:26; 21.500
 24.11.2025 14:27:27; 21.500
 24.11.2025 14:30:27; 21.500
 24.11.2025 14:33:26; 21.500
 24.11.2025 14:36:27; 21.438
 24.11.2025 14:39:26; 21.313
 24.11.2025 14:42:26; 21.313
 24.11.2025 14:45:27; 21.688
 24.11.2025 14:48:26; 22.000
 24.11.2025 14:51:26; 22.313
 24.11.2025 14:54:27; 22.688
 24.11.2025 14:57:27; 23.063
 24.11.2025 15:00:26; 23.313
 24.11.2025 15:03:27; 23.313
 24.11.2025 15:06:27; 23.313
 24.11.2025 15:09:26; 23.500
 24.11.2025 15:12:27; 23.438
 24.11.2025 15:15:27; 23.375
 24.11.2025 15:18:26; 23.750
 24.11.2025 15:21:27; 23.875
 24.11.2025 15:24:26; 24.063
 24.11.2025 15:27:26; 24.625
 24.11.2025 15:30:27; 25.125
 24.11.2025 15:33:26; 24.938
 24.11.2025 15:36:26; 24.938
 24.11.2025 15:39:27; 25.000
 24.11.2025 15:42:27; 25.313
 24.11.2025 15:45:26; 25.250
 24.11.2025 15:48:27; 25.125
 24.11.2025 15:51:27; 25.063
 24.11.2025 15:54:26; 25.000
 24.11.2025 15:57:27; 24.813
 24.11.2025 16:00:27; 24.313
 24.11.2025 16:03:26; 24.125
 24.11.2025 16:06:27; 23.875
 24.11.2025 16:09:26; 23.625
 24.11.2025 16:12:26; 23.500
 24.11.2025 16:15:27; 23.313
 24.11.2025 16:18:26; 23.000
 24.11.2025 16:21:26; 22.625
 24.11.2025 16:24:27; 22.375
 24.11.2025 16:27:27; 22.063
 24.11.2025 16:30:26; 21.875
 24.11.2025 16:33:27; 21.813
 24.11.2025 16:36:27; 21.813
 24.11.2025 16:39:26; 22.188
 24.11.2025 16:42:27; 22.500
 24.11.2025 16:45:27; 22.688
 24.11.2025 16:48:26; 22.750
 24.11.2025 16:51:27; 22.750
 24.11.2025 16:54:26; 22.875
 24.11.2025 16:57:26; 23.000
 24.11.2025 17:00:27; 23.313
 24.11.2025 17:03:26; 23.750
 24.11.2025 17:06:26; 24.313
 24.11.2025 17:09:27; 24.313
 24.11.2025 17:12:27; 24.125
 24.11.2025 17:15:26; 23.938
 24.11.2025 17:18:27; 23.625
 24.11.2025 17:21:27; 23.250
 24.11.2025 17:24:26; 23.188
 24.11.2025 17:27:27; 23.063
 24.11.2025 17:30:27; 23.250
 24.11.2025 17:33:26; 23.500
 24.11.2025 17:36:27; 23.938
 24.11.2025 17:39:26; 24.125
 24.11.2025 17:42:26; 24.000
 24.11.2025 17:45:27; 23.438
 24.11.2025 17:48:26; 23.000
 24.11.2025 17:51:26; 22.625
 24.11.2025 17:54:27; 22.500
 24.11.2025 17:57:27; 22.438
 24.11.2025 18:00:26; 22.313
 24.11.2025 18:03:27; 22.313
 24.11.2025 18:06:27; 22.500
 24.11.2025 18:09:26; 22.938
 24.11.2025 18:12:27; 23.063
 24.11.2025 18:15:27; 23.000
 24.11.2025 18:18:26; 23.000
 24.11.2025 18:21:27; 22.875
 24.11.2025 18:24:26; 22.625
 24.11.2025 18:27:26; 22.438
 24.11.2025 18:30:27; 22.500
 24.11.2025 18:33:26; 23.000
 24.11.2025 18:36:26; 23.750
 24.11.2025 18:39:27; 24.438
 24.11.2025 18:42:27; 24.438
 24.11.2025 18:45:26; 24.438
 24.11.2025 18:48:27; 24.250
 24.11.2025 18:51:27; 23.750
 24.11.2025 18:54:26; 23.750
 24.11.2025 18:57:27; 24.000
 24.11.2025 19:00:27; 24.313
 24.11.2025 19:03:26; 24.125
 24.11.2025 19:06:27; 23.688
 24.11.2025 19:09:26; 23.563
 24.11.2025 19:12:26; 23.625
 24.11.2025 19:15:27; 23.688
 24.11.2025 19:18:26; 23.688
 24.11.2025 19:21:26; 23.438
 24.11.2025 19:24:27; 23.313
 24.11.2025 19:27:27; 23.313
 24.11.2025 19:30:26; 23.313
 24.11.2025 19:33:27; 23.188
 24.11.2025 19:36:27; 23.063
 24.11.2025 19:39:26; 23.000
 24.11.2025 19:42:27; 23.000
 24.11.2025 19:45:27; 23.188
 24.11.2025 19:48:26; 23.875
 24.11.2025 19:51:27; 24.563
 24.11.2025 19:54:26; 25.250
 24.11.2025 19:57:26; 25.125
 24.11.2025 20:00:27; 25.063
 24.11.2025 20:03:26; 25.063
 24.11.2025 20:06:26; 25.063
 24.11.2025 20:09:27; 24.688
 24.11.2025 20:12:27; 24.125
 24.11.2025 20:15:26; 23.500
 24.11.2025 20:18:27; 23.188
 24.11.2025 20:21:27; 22.875
 24.11.2025 20:24:26; 22.875
 24.11.2025 20:27:27; 22.750
 24.11.2025 20:30:27; 22.500
 24.11.2025 20:33:26; 22.438
 24.11.2025 20:36:27; 22.313
 24.11.2025 20:39:26; 22.313
 24.11.2025 20:42:26; 22.313
 24.11.2025 20:45:27; 22.500
 24.11.2025 20:48:26; 22.813
 24.11.2025 20:51:26; 23.000
 24.11.2025 20:54:27; 23.000
 24.11.2025 20:57:27; 23.063
 24.11.2025 21:00:26; 23.063
 24.11.2025 21:03:27; 25.250
 24.11.2025 21:06:27; 28.063
 24.11.2025 21:09:26; 28.250
 24.11.2025 21:12:27; 27.375
 24.11.2025 21:15:27; 26.500
 24.11.2025 21:18:26; 25.313
 24.11.2025 21:21:27; 24.313
 24.11.2025 21:24:26; 23.625
 24.11.2025 21:27:26; 22.938
 24.11.2025 21:30:27; 22.563
 24.11.2025 21:33:26; 22.188
 24.11.2025 21:36:26; 21.750
 24.11.2025 21:39:27; 21.500
 24.11.2025 21:42:27; 21.438
 24.11.2025 21:45:26; 21.438
 24.11.2025 21:48:27; 21.438
 24.11.2025 21:51:27; 21.563
 24.11.2025 21:54:26; 21.625
 24.11.2025 21:57:27; 21.688
 24.11.2025 22:00:27; 21.750
 24.11.2025 22:03:26; 21.688
 24.11.2025 22:06:27; 21.625
 24.11.2025 22:09:26; 21.438
 24.11.2025 22:12:26; 21.375
 24.11.2025 22:15:27; 21.125
 24.11.2025 22:18:26; 21.063
 24.11.2025 22:21:26; 20.938
 24.11.2025 22:24:27; 20.875
 24.11.2025 22:27:27; 20.813
 24.11.2025 22:30:26; 20.688
 24.11.2025 22:33:27; 20.625
 24.11.2025 22:36:27; 20.625
 24.11.2025 22:39:26; 20.750
 24.11.2025 22:42:27; 20.875
 24.11.2025 22:45:27; 20.875
 24.11.2025 22:48:26; 20.813
 24.11.2025 22:51:27; 20.813
 24.11.2025 22:54:26; 20.813
 24.11.2025 22:57:26; 20.750
 24.11.2025 23:00:27; 20.625
 24.11.2025 23:03:26; 20.375
 24.11.2025 23:06:26; 20.188
 24.11.2025 23:09:27; 20.063
 24.11.2025 23:12:27; 20.000
 24.11.2025 23:15:26; 19.875
 24.11.2025 23:18:27; 19.875
 24.11.2025 23:21:27; 19.938
 24.11.2025 23:24:26; 20.188
 24.11.2025 23:27:27; 20.250
 24.11.2025 23:30:27; 20.250
 24.11.2025 23:33:26; 20.250
 24.11.2025 23:36:27; 20.250
 24.11.2025 23:39:26; 20.188
 24.11.2025 23:42:26; 20.063
 24.11.2025 23:45:27; 19.938
 24.11.2025 23:48:26; 19.750
 24.11.2025 23:51:26; 19.688
 24.11.2025 23:54:27; 19.563
 24.11.2025 23:57:27; 19.438
 25.11.2025 00:00:26; 19.375
 25.11.2025 00:03:27; 19.313
 25.11.2025 00:06:27; 19.188
 25.11.2025 00:09:26; 19.125
 25.11.2025 00:12:27; 19.063
 25.11.2025 00:15:27; 18.938
 25.11.2025 00:18:26; 18.813
 25.11.2025 00:21:27; 18.750
 25.11.2025 00:24:26; 18.688
 25.11.2025 00:27:26; 18.625
 25.11.2025 00:30:27; 18.625
 25.11.2025 00:33:26; 18.625
 25.11.2025 00:36:26; 18.563
 25.11.2025 00:39:27; 18.500
 25.11.2025 00:42:27; 18.375
 25.11.2025 00:45:26; 18.250
 25.11.2025 00:48:27; 18.125
 25.11.2025 00:51:27; 18.063
 25.11.2025 00:54:26; 18.000
 25.11.2025 00:57:27; 17.938
 25.11.2025 01:00:27; 17.875
 25.11.2025 01:03:26; 17.875
 25.11.2025 01:06:27; 17.813
 25.11.2025 01:09:26; 17.813
 25.11.2025 01:12:26; 17.750
 25.11.2025 01:15:27; 17.688
 25.11.2025 01:18:26; 17.625
 25.11.2025 01:21:26; 17.625
 25.11.2025 01:24:27; 17.563
 25.11.2025 01:27:27; 17.563
 25.11.2025 01:30:26; 17.500
 25.11.2025 01:33:27; 17.500
 25.11.2025 01:36:27; 17.438
 25.11.2025 01:39:26; 17.438
 25.11.2025 01:42:27; 17.375
 25.11.2025 01:45:27; 17.313
 25.11.2025 01:48:26; 17.250
 25.11.2025 01:51:27; 17.188
 25.11.2025 01:54:26; 17.188
 25.11.2025 01:57:26; 17.125
 25.11.2025 02:00:27; 17.125
 25.11.2025 02:03:26; 17.125
 25.11.2025 02:06:26; 17.063
 25.11.2025 02:09:27; 16.938
 25.11.2025 02:12:27; 16.813
 25.11.2025 02:15:26; 16.750
 25.11.2025 02:18:27; 16.688
 25.11.2025 02:21:27; 16.688
 25.11.2025 02:24:26; 16.750
 25.11.2025 02:27:27; 16.750
 25.11.2025 02:30:27; 16.813
 25.11.2025 02:33:26; 16.813
 25.11.2025 02:36:27; 16.875
 25.11.2025 02:39:26; 16.875
 25.11.2025 02:42:26; 16.875
 25.11.2025 02:45:27; 16.875
 25.11.2025 02:48:26; 16.875
 25.11.2025 02:51:26; 16.938
 25.11.2025 02:54:27; 17.000
 25.11.2025 02:57:27; 17.000
 25.11.2025 03:00:26; 17.000
 25.11.2025 03:03:27; 17.000
 25.11.2025 03:06:27; 17.000
 25.11.2025 03:09:26; 17.000
 25.11.2025 03:12:27; 17.000
 25.11.2025 03:15:27; 17.000
 25.11.2025 03:18:26; 17.000
 25.11.2025 03:21:27; 17.188
 25.11.2025 03:24:26; 17.188
 25.11.2025 03:27:26; 17.188
 25.11.2025 03:30:27; 17.188
 25.11.2025 03:33:26; 17.125
 25.11.2025 03:36:26; 17.188
 25.11.2025 03:39:27; 17.188
 25.11.2025 03:42:27; 17.250
 25.11.2025 03:45:26; 17.250
 25.11.2025 03:48:27; 17.188
 25.11.2025 03:51:27; 17.188
 25.11.2025 03:54:26; 17.188
 25.11.2025 03:57:27; 17.188
 25.11.2025 04:00:27; 17.188
 25.11.2025 04:03:26; 17.188
 25.11.2025 04:06:27; 17.188
 25.11.2025 04:09:26; 17.188
 25.11.2025 04:12:26; 17.250
 25.11.2025 04:15:27; 17.313
 25.11.2025 04:18:26; 17.313
 25.11.2025 04:21:26; 17.313
 25.11.2025 04:24:27; 17.188
 25.11.2025 04:27:27; 17.063
 25.11.2025 04:30:26; 16.875
 25.11.2025 04:33:27; 16.438
 25.11.2025 04:36:27; 16.063
 25.11.2025 04:39:26; 15.813
 25.11.2025 04:42:27; 15.563
 25.11.2025 04:45:27; 15.438
 25.11.2025 04:48:26; 15.250
 25.11.2025 04:51:27; 15.063
 25.11.2025 04:54:26; 15.000
 25.11.2025 04:57:26; 14.875
 25.11.2025 05:00:27; 14.875
 25.11.2025 05:03:26; 14.813
 25.11.2025 05:06:26; 14.813
 25.11.2025 05:09:27; 14.750
 25.11.2025 05:12:27; 14.688
 25.11.2025 05:15:26; 14.688
 25.11.2025 05:18:27; 14.625
 25.11.2025 05:21:27; 14.625
 25.11.2025 05:24:26; 14.563
 25.11.2025 05:27:27; 14.500
 25.11.2025 05:30:27; 14.500
 25.11.2025 05:33:26; 14.438
 25.11.2025 05:36:27; 14.375
 25.11.2025 05:39:26; 14.313
 25.11.2025 05:42:26; 14.313
 25.11.2025 05:45:27; 14.250
 25.11.2025 05:48:26; 14.188
 25.11.2025 05:51:26; 14.125
 25.11.2025 05:54:27; 14.063
 25.11.2025 05:57:27; 14.000
 25.11.2025 06:00:26; 13.938
 25.11.2025 06:03:27; 13.875
 25.11.2025 06:06:27; 13.813
 25.11.2025 06:09:26; 13.750
 25.11.2025 06:12:27; 13.625
 25.11.2025 06:15:27; 13.563
 25.11.2025 06:18:26; 13.500
 25.11.2025 06:21:27; 13.500
 25.11.2025 06:24:26; 13.438
 25.11.2025 06:27:26; 13.438
 25.11.2025 06:30:27; 13.438
 25.11.2025 06:33:26; 13.438
 25.11.2025 06:36:26; 13.438
 25.11.2025 06:39:27; 13.438
 25.11.2025 06:42:27; 13.375
 25.11.2025 06:45:26; 13.375
 25.11.2025 06:48:27; 13.375
 25.11.2025 06:51:27; 13.375
 25.11.2025 06:54:26; 13.375
 25.11.2025 06:57:27; 13.375
 25.11.2025 07:00:27; 13.375
 25.11.2025 07:03:26; 13.375
 25.11.2025 07:06:27; 13.375
 25.11.2025 07:09:26; 13.375
 25.11.2025 07:12:26; 13.313
 25.11.2025 07:15:27; 13.313
 25.11.2025 07:18:26; 13.250
 25.11.2025 07:21:26; 13.188
 25.11.2025 07:24:27; 13.188
 25.11.2025 07:27:27; 13.250
 25.11.2025 07:30:26; 13.250
 25.11.2025 07:33:27; 13.250
 25.11.2025 07:36:27; 13.313
 25.11.2025 07:39:26; 13.313
 25.11.2025 07:42:27; 13.313
 25.11.2025 07:45:27; 13.375
 25.11.2025 07:48:26; 13.375
 25.11.2025 07:51:27; 13.375
 25.11.2025 07:54:26; 13.438
 25.11.2025 07:57:26; 13.438
 25.11.2025 08:00:27; 13.438
 25.11.2025 08:03:26; 13.438
 25.11.2025 08:06:26; 13.438
 25.11.2025 08:09:27; 13.438
 25.11.2025 08:12:27; 13.438
 25.11.2025 08:15:26; 13.438
 25.11.2025 08:18:27; 13.375
 25.11.2025 08:21:27; 13.375
 25.11.2025 08:24:26; 13.375
 25.11.2025 08:27:27; 13.313
 25.11.2025 08:30:27; 13.313
 25.11.2025 08:33:26; 13.250
 25.11.2025 08:36:27; 13.188
 25.11.2025 08:39:26; 13.125
 25.11.2025 08:42:26; 13.063
 25.11.2025 08:45:27; 13.000
 25.11.2025 08:48:26; 12.938
 25.11.2025 08:51:26; 12.938
 25.11.2025 08:54:27; 12.875
 25.11.2025 08:57:27; 12.750
 25.11.2025 09:00:26; 12.688
 25.11.2025 09:03:27; 12.625
 25.11.2025 09:06:27; 12.500
 25.11.2025 09:09:26; 12.438
 25.11.2025 09:12:27; 12.375
 25.11.2025 09:15:27; 12.313
 25.11.2025 09:18:26; 12.250
 25.11.2025 09:21:27; 12.188
 25.11.2025 09:24:26; 12.188
 25.11.2025 09:27:26; 12.125
 25.11.2025 09:30:27; 12.125
 25.11.2025 09:33:26; 12.063
 25.11.2025 09:36:26; 12.125
 25.11.2025 09:39:27; 12.125
 25.11.2025 09:42:27; 12.063
 25.11.2025 09:45:26; 12.063
 25.11.2025 09:48:27; 12.063
 25.11.2025 09:51:27; 12.063
 25.11.2025 09:54:26; 12.000
 25.11.2025 09:57:27; 12.000
 25.11.2025 10:00:27; 12.000
 25.11.2025 10:03:26; 12.000
 25.11.2025 10:06:27; 12.063
 25.11.2025 10:09:26; 12.063
 25.11.2025 10:12:26; 12.063
 25.11.2025 10:15:27; 12.125
 25.11.2025 10:18:26; 12.188
 25.11.2025 10:21:26; 12.250
 25.11.2025 10:24:27; 12.375
 25.11.2025 10:27:27; 12.438
 25.11.2025 10:30:26; 12.563
 25.11.2025 10:33:27; 12.688
 25.11.2025 10:36:27; 12.875
 25.11.2025 10:39:26; 13.000
 25.11.2025 10:42:27; 13.125
 25.11.2025 10:45:27; 13.188
 25.11.2025 10:48:26; 13.313
 25.11.2025 10:51:27; 13.438
 25.11.2025 10:54:26; 13.563
 25.11.2025 10:57:26; 13.688
 25.11.2025 11:00:27; 13.813
 25.11.2025 11:03:26; 13.813
 25.11.2025 11:06:26; 13.875
 25.11.2025 11:09:27; 13.875
 25.11.2025 11:12:27; 13.938
 25.11.2025 11:15:26; 14.000
 25.11.2025 11:18:27; 14.063
 25.11.2025 11:21:27; 14.125
 25.11.2025 11:24:26; 14.188
 25.11.2025 11:27:27; 14.250
 25.11.2025 11:30:27; 14.375
 25.11.2025 11:33:26; 14.500
 25.11.2025 11:36:27; 14.625
 25.11.2025 11:39:26; 14.813
 25.11.2025 11:42:26; 14.813
 25.11.2025 11:45:27; 14.688
 25.11.2025 11:48:26; 14.625
 25.11.2025 11:51:26; 14.625
 25.11.2025 11:54:27; 14.813
 25.11.2025 11:57:27; 14.875
 25.11.2025 12:00:26; 15.000
 25.11.2025 12:03:27; 15.000
 25.11.2025 12:06:27; 15.063
 25.11.2025 12:09:26; 15.250
 25.11.2025 12:12:27; 15.313
 25.11.2025 12:15:27; 15.563
 25.11.2025 12:18:26; 15.625
 25.11.2025 12:21:27; 15.563
 25.11.2025 12:24:26; 15.500
 25.11.2025 12:27:26; 15.438
 25.11.2025 12:30:27; 15.438
 25.11.2025 12:33:26; 15.563
 25.11.2025 12:36:26; 15.688
 25.11.2025 12:39:27; 15.688
 25.11.2025 12:42:27; 15.750
 25.11.2025 12:45:26; 15.875
 25.11.2025 12:48:27; 16.000
 25.11.2025 12:51:27; 16.063
 25.11.2025 12:54:26; 16.188
 25.11.2025 12:57:27; 16.313
 25.11.2025 13:00:27; 16.500
 25.11.2025 13:03:26; 16.750
 25.11.2025 13:06:27; 17.188
 25.11.2025 13:09:26; 17.875
 25.11.2025 13:12:26; 18.063
 25.11.2025 13:15:27; 17.750
 25.11.2025 13:18:26; 17.375
 25.11.2025 13:21:26; 17.063
 25.11.2025 13:24:27; 17.313
 25.11.2025 13:27:27; 17.563
 25.11.2025 13:30:26; 17.938
 25.11.2025 13:33:27; 18.000
 25.11.2025 13:36:27; 18.375
 25.11.2025 13:39:26; 18.313
 25.11.2025 13:42:27; 18.750
 25.11.2025 13:45:27; 19.313
 25.11.2025 13:48:26; 19.500
 25.11.2025 13:51:27; 19.938
 25.11.2025 13:54:26; 20.063
 25.11.2025 13:57:26; 20.063
 25.11.2025 14:00:27; 19.938
 25.11.2025 14:03:26; 19.938
 25.11.2025 14:06:26; 19.625
 25.11.2025 14:09:27; 19.000
 25.11.2025 14:12:27; 18.688
 25.11.2025 14:15:26; 18.875
 25.11.2025 14:18:27; 19.000
 25.11.2025 14:21:27; 19.063
 25.11.2025 14:24:26; 19.438
 25.11.2025 14:27:27; 19.750
 25.11.2025 14:30:27; 20.063
 25.11.2025 14:33:26; 20.375
 25.11.2025 14:36:27; 20.563
 25.11.2025 14:39:26; 20.500
 25.11.2025 14:42:26; 20.375
 25.11.2025 14:45:27; 20.500
 25.11.2025 14:48:26; 20.563
 25.11.2025 14:51:26; 20.750
 25.11.2025 14:54:27; 20.875
 25.11.2025 14:57:27; 21.125
 25.11.2025 15:00:26; 21.688
 25.11.2025 15:03:27; 22.125
 25.11.2025 15:06:27; 22.688
 25.11.2025 15:09:26; 23.125
 25.11.2025 15:12:27; 23.125
 25.11.2025 15:15:27; 22.813
 25.11.2025 15:18:26; 22.625
 25.11.2025 15:21:27; 22.563
 25.11.2025 15:24:26; 22.625
 25.11.2025 15:27:26; 22.500
 25.11.2025 15:30:27; 22.813
 25.11.2025 15:33:26; 22.813
 25.11.2025 15:36:26; 22.938
 25.11.2025 15:39:27; 23.000
 25.11.2025 15:42:27; 23.000
 25.11.2025 15:45:26; 22.688
 25.11.2025 15:48:27; 22.625
 25.11.2025 15:51:27; 22.563
 25.11.2025 15:54:26; 22.125
 25.11.2025 15:57:27; 22.250
 25.11.2025 16:00:27; 21.625
 25.11.2025 16:03:26; 20.938
 25.11.2025 16:06:27; 21.813
 25.11.2025 16:09:26; 22.750
 25.11.2025 16:12:26; 23.625
 25.11.2025 16:15:27; 24.563
 25.11.2025 16:18:26; 25.063
 25.11.2025 16:21:26; 25.500
 25.11.2025 16:24:27; 25.313
 25.11.2025 16:27:27; 25.500
 25.11.2025 16:30:26; 25.563
 25.11.2025 16:33:27; 25.000
 25.11.2025 16:36:27; 24.625
 25.11.2025 16:39:26; 25.250
 25.11.2025 16:42:27; 24.563
 25.11.2025 16:45:27; 24.250
 25.11.2025 16:48:26; 24.938
 25.11.2025 16:51:27; 25.125
 25.11.2025 16:54:26; 25.188
 25.11.2025 16:57:26; 24.563
 25.11.2025 17:00:27; 25.500
 25.11.2025 17:03:26; 25.750
 25.11.2025 17:06:26; 25.000
 25.11.2025 17:09:27; 24.000
 25.11.2025 17:12:27; 24.688
 25.11.2025 17:15:26; 25.563
 25.11.2025 17:18:27; 26.000
 25.11.2025 17:21:27; 26.750
 25.11.2025 17:24:26; 26.563
 25.11.2025 17:27:27; 26.938
 25.11.2025 17:30:27; 26.188
 25.11.2025 17:33:26; 26.875
 25.11.2025 17:36:27; 27.250
 25.11.2025 17:39:26; 27.625
 25.11.2025 17:42:26; 28.375
 25.11.2025 17:45:27; 28.313
 25.11.2025 17:48:26; 28.375
 25.11.2025 17:51:26; 29.125
 25.11.2025 17:54:27; 29.563
 25.11.2025 17:57:27; 30.688
 25.11.2025 18:00:26; 31.500
 25.11.2025 18:03:27; 31.250
 25.11.2025 18:06:27; 31.563
 25.11.2025 18:09:26; 32.563
 25.11.2025 18:12:27; 31.688
 25.11.2025 18:15:27; 31.625
 25.11.2025 18:18:26; 32.563
 25.11.2025 18:21:27; 33.000
 25.11.2025 18:24:26; 32.813
 25.11.2025 18:27:26; 31.000
 25.11.2025 18:30:27; 29.063
 25.11.2025 18:33:26; 28.563
 25.11.2025 18:36:26; 30.313
 25.11.2025 18:39:27; 31.438
 25.11.2025 18:42:27; 32.563
 25.11.2025 18:45:26; 33.125
 25.11.2025 18:48:27; 33.313
 25.11.2025 18:51:27; 34.250
 25.11.2025 18:54:26; 34.250
 25.11.2025 18:57:27; 32.000
 25.11.2025 19:00:27; 30.438
 25.11.2025 19:03:26; 30.563
 25.11.2025 19:06:27; 31.875
 25.11.2025 19:09:26; 32.813
 25.11.2025 19:12:26; 33.875
 25.11.2025 19:15:27; 33.500
 25.11.2025 19:18:26; 34.313
 25.11.2025 19:21:26; 35.188
 25.11.2025 19:24:27; 35.625
 25.11.2025 19:27:27; 35.625
 25.11.2025 19:30:26; 36.063
 25.11.2025 19:33:27; 35.813
 25.11.2025 19:36:27; 35.688
 25.11.2025 19:39:26; 35.750
 25.11.2025 19:42:27; 34.875
 25.11.2025 19:45:27; 34.125
 25.11.2025 19:48:26; 32.188
 25.11.2025 19:51:27; 31.125
 25.11.2025 19:54:26; 31.750
 25.11.2025 19:57:26; 32.313
 25.11.2025 20:00:27; 32.875
 25.11.2025 20:03:26; 33.625
 25.11.2025 20:06:26; 33.938
 25.11.2025 20:09:27; 33.750
 25.11.2025 20:12:27; 32.938
 25.11.2025 20:15:26; 33.125
 25.11.2025 20:18:27; 33.500
 25.11.2025 20:21:27; 33.813
 25.11.2025 20:24:26; 34.125
 25.11.2025 20:27:27; 34.063
 25.11.2025 20:30:27; 33.875
 25.11.2025 20:33:26; 33.813
 25.11.2025 20:36:27; 33.250
 25.11.2025 20:39:26; 33.125
 25.11.2025 20:42:26; 33.375
 25.11.2025 20:45:27; 33.500
 25.11.2025 20:48:26; 34.250
 25.11.2025 20:51:26; 34.063
 25.11.2025 20:54:27; 34.375
 25.11.2025 20:57:27; 34.500
 25.11.2025 21:00:26; 34.625
 25.11.2025 21:03:27; 35.250
 25.11.2025 21:06:27; 35.313
 25.11.2025 21:09:26; 34.813
 25.11.2025 21:12:27; 35.250
 25.11.2025 21:15:27; 35.875
 25.11.2025 21:18:26; 36.375
 25.11.2025 21:21:27; 35.500
 25.11.2025 21:24:26; 36.000
 25.11.2025 21:27:26; 36.313
 25.11.2025 21:30:27; 36.188
 25.11.2025 21:33:26; 37.063
 25.11.2025 21:36:26; 34.000
 25.11.2025 21:39:27; 30.250
 25.11.2025 21:42:27; 28.125
 25.11.2025 21:45:26; 26.750
 25.11.2025 21:48:27; 25.625
 25.11.2025 21:51:27; 24.875
 25.11.2025 21:54:26; 24.250
 25.11.2025 21:57:27; 23.688
 25.11.2025 22:00:27; 23.438
 25.11.2025 22:03:26; 23.188
 25.11.2025 22:06:27; 22.875
 25.11.2025 22:09:26; 22.500
 25.11.2025 22:12:26; 22.313
 25.11.2025 22:15:27; 22.188
 25.11.2025 22:18:26; 22.000
 25.11.2025 22:21:26; 21.938
 25.11.2025 22:24:27; 21.750
 25.11.2025 22:27:27; 21.500
 25.11.2025 22:30:26; 21.313
 25.11.2025 22:33:27; 21.063
 25.11.2025 22:36:27; 20.875
 25.11.2025 22:39:26; 20.813
 25.11.2025 22:42:27; 20.625
 25.11.2025 22:45:27; 20.500
 25.11.2025 22:48:26; 20.313
 25.11.2025 22:51:27; 20.063
 25.11.2025 22:54:26; 19.875
 25.11.2025 22:57:26; 19.688
 25.11.2025 23:00:27; 19.438
 25.11.2025 23:03:26; 19.250
 25.11.2025 23:06:26; 19.125
 25.11.2025 23:09:27; 19.000
 25.11.2025 23:12:27; 18.875
 25.11.2025 23:15:26; 18.750
 25.11.2025 23:18:27; 18.625
 25.11.2025 23:21:27; 18.500
 25.11.2025 23:24:26; 18.438
 25.11.2025 23:27:27; 18.313
 25.11.2025 23:30:27; 18.250
 25.11.2025 23:33:26; 18.188
 25.11.2025 23:36:27; 18.063
 25.11.2025 23:39:26; 18.063
 25.11.2025 23:42:26; 18.000
 25.11.2025 23:45:27; 17.938
 25.11.2025 23:48:26; 17.875
 25.11.2025 23:51:26; 17.813
 25.11.2025 23:54:27; 17.750
 25.11.2025 23:57:27; 17.688
 26.11.2025 00:00:26; 17.625
 26.11.2025 00:03:27; 17.625
 26.11.2025 00:06:27; 17.563
 26.11.2025 00:09:26; 17.563
 26.11.2025 00:12:27; 17.500
 26.11.2025 00:15:27; 17.500
 26.11.2025 00:18:26; 17.438
 26.11.2025 00:21:27; 17.438
 26.11.2025 00:24:26; 17.375
 26.11.2025 00:27:26; 17.375
 26.11.2025 00:30:27; 17.313
 26.11.2025 00:33:26; 17.250
 26.11.2025 00:36:26; 17.250
 26.11.2025 00:39:27; 17.188
 26.11.2025 00:42:27; 17.125
 26.11.2025 00:45:26; 17.063
 26.11.2025 00:48:27; 17.063
 26.11.2025 00:51:27; 17.000
 26.11.2025 00:54:26; 16.938
 26.11.2025 00:57:27; 16.875
 26.11.2025 01:00:27; 16.813
 26.11.2025 01:03:26; 16.750
 26.11.2025 01:06:27; 16.688
 26.11.2025 01:09:26; 16.625
 26.11.2025 01:12:26; 16.563
 26.11.2025 01:15:27; 16.500
 26.11.2025 01:18:26; 16.500
 26.11.2025 01:21:26; 16.438
 26.11.2025 01:24:27; 16.438
 26.11.2025 01:27:27; 16.375
 26.11.2025 01:30:26; 16.313
 26.11.2025 01:33:27; 16.250
 26.11.2025 01:36:27; 16.188
 26.11.2025 01:39:26; 16.188
 26.11.2025 01:42:27; 16.063
 26.11.2025 01:45:27; 15.938
 26.11.2025 01:48:26; 15.875
 26.11.2025 01:51:27; 15.813
 26.11.2025 01:54:26; 15.750
 26.11.2025 01:57:26; 15.750
 26.11.2025 02:00:27; 15.688
 26.11.2025 02:03:26; 15.688
 26.11.2025 02:06:26; 15.625
 26.11.2025 02:09:27; 15.625
 26.11.2025 02:12:27; 15.500
 26.11.2025 02:15:26; 15.438
 26.11.2025 02:18:27; 15.438
 26.11.2025 02:21:27; 15.375
 26.11.2025 02:24:26; 15.375
 26.11.2025 02:27:27; 15.375
 26.11.2025 02:30:27; 15.313
 26.11.2025 02:33:26; 15.250
 26.11.2025 02:36:27; 15.250
 26.11.2025 02:39:26; 15.188
 26.11.2025 02:42:26; 15.125
 26.11.2025 02:45:27; 15.188
 26.11.2025 02:48:26; 15.188
 26.11.2025 02:51:26; 15.125
 26.11.2025 02:54:27; 15.125
 26.11.2025 02:57:27; 15.188
 26.11.2025 03:00:26; 15.188
 26.11.2025 03:03:27; 15.188
 26.11.2025 03:06:27; 15.125
 26.11.2025 03:09:26; 15.125
 26.11.2025 03:12:27; 15.125
 26.11.2025 03:15:27; 15.125
 26.11.2025 03:18:26; 15.063
 26.11.2025 03:21:27; 15.063
 26.11.2025 03:24:26; 15.000
 26.11.2025 03:27:26; 14.938
 26.11.2025 03:30:27; 14.938
 26.11.2025 03:33:26; 15.000
 26.11.2025 03:36:26; 14.938
 26.11.2025 03:39:27; 14.938
 26.11.2025 03:42:27; 14.875
 26.11.2025 03:45:26; 14.813
 26.11.2025 03:48:27; 14.813
 26.11.2025 03:51:27; 14.688
 26.11.2025 03:54:26; 14.688
 26.11.2025 03:57:27; 14.625
 26.11.2025 04:00:27; 14.625
 26.11.2025 04:03:26; 14.625
 26.11.2025 04:06:27; 14.563
 26.11.2025 04:09:26; 14.563
 26.11.2025 04:12:26; 14.625
 26.11.2025 04:15:27; 14.625
 26.11.2025 04:18:26; 14.625
 26.11.2025 04:21:26; 14.625
 26.11.2025 04:24:27; 14.688
 26.11.2025 04:27:27; 14.688
 26.11.2025 04:30:26; 14.750
 26.11.2025 04:33:27; 14.813
 26.11.2025 04:36:27; 14.875
 26.11.2025 04:39:26; 14.938
 26.11.2025 04:42:27; 15.000
 26.11.2025 04:45:27; 15.000
 26.11.2025 04:48:26; 15.063
 26.11.2025 04:51:27; 15.125
 26.11.2025 04:54:26; 15.188
 26.11.2025 04:57:26; 15.188
 26.11.2025 05:00:27; 15.250
 26.11.2025 05:03:26; 15.250
 26.11.2025 05:06:26; 15.313
 26.11.2025 05:09:27; 15.313
 26.11.2025 05:12:27; 15.313
 26.11.2025 05:15:26; 15.250
 26.11.2025 05:18:27; 15.188
 26.11.2025 05:21:27; 15.125
 26.11.2025 05:24:26; 15.000
 26.11.2025 05:27:27; 14.938
 26.11.2025 05:30:27; 14.875
 26.11.2025 05:33:26; 14.813
 26.11.2025 05:36:27; 14.688
 26.11.2025 05:39:26; 14.625
 26.11.2025 05:42:26; 14.563
 26.11.2025 05:45:27; 14.500
 26.11.2025 05:48:26; 14.438
 26.11.2025 05:51:26; 14.375
 26.11.2025 05:54:27; 14.313
 26.11.2025 05:57:27; 14.313
 26.11.2025 06:00:26; 14.250
 26.11.2025 06:03:27; 14.250
 26.11.2025 06:06:27; 14.188
 26.11.2025 06:09:26; 14.188
 26.11.2025 06:12:27; 14.125
 26.11.2025 06:15:27; 14.063
 26.11.2025 06:18:26; 14.000
 26.11.2025 06:21:27; 13.938
 26.11.2025 06:24:26; 13.875
 26.11.2025 06:27:26; 13.813
 26.11.2025 06:30:27; 13.750
 26.11.2025 06:33:26; 13.688
 26.11.2025 06:36:26; 13.625
 26.11.2025 06:39:27; 13.563
 26.11.2025 06:42:27; 13.500
 26.11.2025 06:45:26; 13.438
 26.11.2025 06:48:27; 13.438
 26.11.2025 06:51:27; 13.438
 26.11.2025 06:54:26; 13.438
 26.11.2025 06:57:27; 13.438
 26.11.2025 07:00:27; 13.438
 26.11.2025 07:03:26; 13.438
 26.11.2025 07:06:27; 13.438
 26.11.2025 07:09:26; 13.438
 26.11.2025 07:12:26; 13.438
 26.11.2025 07:15:27; 13.438
 26.11.2025 07:18:26; 13.375
 26.11.2025 07:21:26; 13.375
 26.11.2025 07:24:27; 13.313
 26.11.2025 07:27:27; 13.313
 26.11.2025 07:30:26; 13.250
 26.11.2025 07:33:27; 13.250
 26.11.2025 07:36:27; 13.250
 26.11.2025 07:39:26; 13.188
 26.11.2025 07:42:27; 13.188
 26.11.2025 07:45:27; 13.188
 26.11.2025 07:48:26; 13.125
 26.11.2025 07:51:27; 13.125
 26.11.2025 07:54:26; 13.063
 26.11.2025 07:57:26; 13.063
 26.11.2025 08:00:27; 13.063
 26.11.2025 08:03:26; 13.063
 26.11.2025 08:06:26; 13.000
 26.11.2025 08:09:27; 13.000
 26.11.2025 08:12:27; 13.000
 26.11.2025 08:15:26; 12.938
 26.11.2025 08:18:27; 12.938
 26.11.2025 08:21:27; 12.875
 26.11.2025 08:24:26; 12.875
 26.11.2025 08:27:27; 12.813
 26.11.2025 08:30:27; 12.813
 26.11.2025 08:33:26; 12.813
 26.11.2025 08:36:27; 12.750
 26.11.2025 08:39:26; 12.750
 26.11.2025 08:42:26; 12.688
 26.11.2025 08:45:27; 12.688
 26.11.2025 08:48:26; 12.688
 26.11.2025 08:51:26; 12.625
 26.11.2025 08:54:27; 12.625
 26.11.2025 08:57:27; 12.625
 26.11.2025 09:00:26; 12.625
 26.11.2025 09:03:27; 12.625
 26.11.2025 09:06:27; 12.625
 26.11.2025 09:09:26; 12.625
 26.11.2025 09:12:27; 12.563
 26.11.2025 09:15:27; 12.563
 26.11.2025 09:18:26; 12.563
 26.11.2025 09:21:27; 12.500
 26.11.2025 09:24:26; 12.500
 26.11.2025 09:27:26; 12.500
 26.11.2025 09:30:27; 12.500
 26.11.2025 09:33:26; 12.500
 26.11.2025 09:36:26; 12.500
 26.11.2025 09:39:27; 12.500
 26.11.2025 09:42:27; 12.438
 26.11.2025 09:45:26; 12.438
 26.11.2025 09:48:27; 12.438
 26.11.2025 09:51:27; 12.438
 26.11.2025 09:54:26; 12.500
 26.11.2025 09:57:27; 12.500
 26.11.2025 10:00:27; 12.500
 26.11.2025 10:03:26; 12.563
 26.11.2025 10:06:27; 12.625
 26.11.2025 10:09:26; 12.688
 26.11.2025 10:12:26; 12.750
 26.11.2025 10:15:27; 12.813
 26.11.2025 10:18:26; 12.938
 26.11.2025 10:21:26; 13.063
 26.11.2025 10:24:27; 13.125
 26.11.2025 10:27:27; 13.250
 26.11.2025 10:30:26; 13.375
 26.11.2025 10:33:27; 13.500
 26.11.2025 10:36:27; 13.625
 26.11.2025 10:39:26; 13.750
 26.11.2025 10:42:27; 13.875
 26.11.2025 10:45:27; 14.063
 26.11.2025 10:48:26; 14.250
 26.11.2025 10:51:27; 14.313
 26.11.2025 10:54:26; 14.500
 26.11.2025 10:57:26; 14.625
 26.11.2025 11:00:27; 14.813
 26.11.2025 11:03:26; 15.000
 26.11.2025 11:06:26; 15.188
 26.11.2025 11:09:27; 15.313
 26.11.2025 11:12:27; 15.438
 26.11.2025 11:15:26; 15.438
 26.11.2025 11:18:27; 15.438
 26.11.2025 11:21:27; 15.313
 26.11.2025 11:24:26; 15.250
 26.11.2025 11:27:27; 15.188
 26.11.2025 11:30:27; 15.063
 26.11.2025 11:33:26; 15.000
 26.11.2025 11:36:27; 15.000
 26.11.2025 11:39:26; 14.938
 26.11.2025 11:42:26; 14.938
 26.11.2025 11:45:27; 14.938
 26.11.2025 11:48:26; 15.000
 26.11.2025 11:51:26; 15.250
 26.11.2025 11:54:27; 15.625
 26.11.2025 11:57:27; 16.000
 26.11.2025 12:00:26; 16.438
 26.11.2025 12:03:27; 16.750
 26.11.2025 12:06:27; 17.125
 26.11.2025 12:09:26; 17.500
 26.11.2025 12:12:27; 17.813
 26.11.2025 12:15:27; 18.125
 26.11.2025 12:18:26; 18.438
 26.11.2025 12:21:27; 18.750
 26.11.2025 12:24:26; 18.938
 26.11.2025 12:27:26; 19.125
 26.11.2025 12:30:27; 19.375
 26.11.2025 12:33:26; 19.625
 26.11.2025 12:36:26; 19.750
 26.11.2025 12:39:27; 19.938
 26.11.2025 12:42:27; 20.063
 26.11.2025 12:45:26; 20.125
 26.11.2025 12:48:27; 20.125
 26.11.2025 12:51:27; 20.063
 26.11.2025 12:54:26; 20.063
 26.11.2025 12:57:27; 20.125
 26.11.2025 13:00:27; 20.063
 26.11.2025 13:03:26; 20.188
 26.11.2025 13:06:27; 20.438
 26.11.2025 13:09:26; 20.500
 26.11.2025 13:12:26; 20.688
 26.11.2025 13:15:27; 20.875
 26.11.2025 13:18:26; 21.188
 26.11.2025 13:21:26; 21.438
 26.11.2025 13:24:27; 21.500
 26.11.2025 13:27:27; 21.375
 26.11.2025 13:30:26; 21.250
 26.11.2025 13:33:27; 21.313
 26.11.2025 13:36:27; 21.438
 26.11.2025 13:39:26; 21.500
 26.11.2025 13:42:27; 21.688
 26.11.2025 13:45:27; 22.000
 26.11.2025 13:48:26; 22.250
 26.11.2025 13:51:27; 22.313
 26.11.2025 13:54:26; 22.438
 26.11.2025 13:57:26; 22.625
 26.11.2025 14:00:27; 22.688
 26.11.2025 14:03:26; 22.688
 26.11.2025 14:06:26; 22.875
 26.11.2025 14:09:27; 23.125
 26.11.2025 14:12:27; 23.313
 26.11.2025 14:15:26; 23.563
 26.11.2025 14:18:27; 23.563
 26.11.2025 14:21:27; 23.813
 26.11.2025 14:24:26; 24.125
 26.11.2025 14:27:27; 24.313
 26.11.2025 14:30:27; 24.438
 26.11.2025 14:33:26; 24.188
 26.11.2025 14:36:27; 24.375
 26.11.2025 14:39:26; 24.500
 26.11.2025 14:42:26; 24.438
 26.11.2025 14:45:27; 24.313
 26.11.2025 14:48:26; 24.125
 26.11.2025 14:51:26; 23.938
 26.11.2025 14:54:27; 24.063
 26.11.2025 14:57:27; 24.375
 26.11.2025 15:00:26; 24.938
 26.11.2025 15:03:27; 25.313
 26.11.2025 15:06:27; 25.313
 26.11.2025 15:09:26; 25.500
 26.11.2025 15:12:27; 25.500
 26.11.2025 15:15:27; 25.500
 26.11.2025 15:18:26; 25.188
 26.11.2025 15:21:27; 25.063
 26.11.2025 15:24:26; 25.438
 26.11.2025 15:27:26; 25.688
 26.11.2025 15:30:27; 25.938
 26.11.2025 15:33:26; 26.313
 26.11.2025 15:36:26; 26.500
 26.11.2025 15:39:27; 26.688
 26.11.2025 15:42:27; 27.125
 26.11.2025 15:45:26; 27.313
 26.11.2025 15:48:27; 27.500
 26.11.2025 15:51:27; 27.813
 26.11.2025 15:54:26; 28.063
 26.11.2025 15:57:27; 28.125
 26.11.2025 16:00:27; 28.250
 26.11.2025 16:03:26; 28.313
 26.11.2025 16:06:27; 28.438
 26.11.2025 16:09:26; 28.375
 26.11.2025 16:12:26; 27.750
 26.11.2025 16:15:27; 27.813
 26.11.2025 16:18:26; 28.375
 26.11.2025 16:21:26; 28.813
 26.11.2025 16:24:27; 28.813
 26.11.2025 16:27:27; 29.063
 26.11.2025 16:30:26; 29.313
 26.11.2025 16:33:27; 29.625
 26.11.2025 16:36:27; 29.938
 26.11.2025 16:39:26; 30.000
 26.11.2025 16:42:27; 30.250
 26.11.2025 16:45:27; 30.000
 26.11.2025 16:48:26; 29.563
 26.11.2025 16:51:27; 29.313
 26.11.2025 16:54:26; 29.500
 26.11.2025 16:57:26; 29.563
 26.11.2025 17:00:27; 29.813
 26.11.2025 17:03:26; 30.125
 26.11.2025 17:06:26; 30.375
 26.11.2025 17:09:27; 30.063
 26.11.2025 17:12:27; 29.875
 26.11.2025 17:15:26; 30.188
 26.11.2025 17:18:27; 30.875
 26.11.2025 17:21:27; 31.563
 26.11.2025 17:24:26; 31.938
 26.11.2025 17:27:27; 32.375
 26.11.2025 17:30:27; 32.438
 26.11.2025 17:33:26; 32.938
 26.11.2025 17:36:27; 33.375
 26.11.2025 17:39:26; 33.875
 26.11.2025 17:42:26; 32.938
 26.11.2025 17:45:27; 32.438
 26.11.2025 17:48:26; 32.563
 26.11.2025 17:51:26; 33.375
 26.11.2025 17:54:27; 33.938
 26.11.2025 17:57:27; 34.125
 26.11.2025 18:00:26; 34.438
 26.11.2025 18:03:27; 34.813
 26.11.2025 18:06:27; 35.438
 26.11.2025 18:09:26; 36.188
 26.11.2025 18:12:27; 36.625
 26.11.2025 18:15:27; 36.625
 26.11.2025 18:18:26; 36.875
 26.11.2025 18:21:27; 36.313
 26.11.2025 18:24:26; 36.188
 26.11.2025 18:27:26; 36.563
 26.11.2025 18:30:27; 36.813
 26.11.2025 18:33:26; 36.563
 26.11.2025 18:36:26; 36.563
 26.11.2025 18:39:27; 36.563
 26.11.2025 18:42:27; 37.000
 26.11.2025 18:45:26; 37.188
 26.11.2025 18:48:27; 36.625
 26.11.2025 18:51:27; 36.500
 26.11.2025 18:54:26; 37.188
 26.11.2025 18:57:27; 38.188
 26.11.2025 19:00:27; 38.875
 26.11.2025 19:03:26; 39.500
 26.11.2025 19:06:27; 39.188
 26.11.2025 19:09:26; 39.563
 26.11.2025 19:12:26; 38.625
 26.11.2025 19:15:27; 39.000
 26.11.2025 19:18:26; 39.563
 26.11.2025 19:21:26; 39.750
 26.11.2025 19:24:27; 38.563
 26.11.2025 19:27:27; 37.000
 26.11.2025 19:30:26; 36.375
 26.11.2025 19:33:27; 35.438
 26.11.2025 19:36:27; 35.188
 26.11.2025 19:39:26; 35.000
 26.11.2025 19:42:27; 33.875
 26.11.2025 19:45:27; 32.750
 26.11.2025 19:48:26; 32.875
 26.11.2025 19:51:27; 33.125
 26.11.2025 19:54:26; 34.063
 26.11.2025 19:57:26; 34.625
 26.11.2025 20:00:27; 34.625
 26.11.2025 20:03:26; 34.938
 26.11.2025 20:06:26; 35.625
 26.11.2025 20:09:27; 35.750
 26.11.2025 20:12:27; 36.188
 26.11.2025 20:15:26; 36.313
 26.11.2025 20:18:27; 36.438
 26.11.2025 20:21:27; 36.188
 26.11.2025 20:24:26; 36.438
 26.11.2025 20:27:27; 37.063
 26.11.2025 20:30:27; 38.188
 26.11.2025 20:33:26; 38.563
 26.11.2025 20:36:27; 38.688
 26.11.2025 20:39:26; 39.000
 26.11.2025 20:42:26; 39.063
 26.11.2025 20:45:27; 39.250
 26.11.2025 20:48:26; 39.563
 26.11.2025 20:51:26; 40.000
 26.11.2025 20:54:27; 40.375
 26.11.2025 20:57:27; 39.313
 26.11.2025 21:00:26; 39.250
 26.11.2025 21:03:27; 39.250
 26.11.2025 21:06:27; 38.813
 26.11.2025 21:09:26; 38.375
 26.11.2025 21:12:27; 38.500
 26.11.2025 21:15:27; 38.938
 26.11.2025 21:18:26; 39.063
 26.11.2025 21:21:27; 38.500
 26.11.2025 21:24:26; 38.188
 26.11.2025 21:27:26; 37.688
 26.11.2025 21:30:27; 36.625
 26.11.2025 21:33:26; 35.813
 26.11.2025 21:36:26; 33.875
 26.11.2025 21:39:27; 31.875
 26.11.2025 21:42:27; 30.438
 26.11.2025 21:45:26; 29.188
 26.11.2025 21:48:27; 28.125
 26.11.2025 21:51:27; 27.313
 26.11.2025 21:54:26; 26.688
 26.11.2025 21:57:27; 26.250
 26.11.2025 22:00:27; 25.875
 26.11.2025 22:03:26; 25.563
 26.11.2025 22:06:27; 25.250
 26.11.2025 22:09:26; 24.938
 26.11.2025 22:12:26; 24.750
 26.11.2025 22:15:27; 24.500
 26.11.2025 22:18:26; 24.313
 26.11.2025 22:21:26; 24.125
 26.11.2025 22:24:27; 23.875
 26.11.2025 22:27:27; 23.625
 26.11.2025 22:30:26; 23.438
 26.11.2025 22:33:27; 23.250
 26.11.2025 22:36:27; 23.063
 26.11.2025 22:39:26; 22.938
 26.11.2025 22:42:27; 22.750
 26.11.2025 22:45:27; 22.563
 26.11.2025 22:48:26; 22.438
 26.11.2025 22:51:27; 22.250
 26.11.2025 22:54:26; 22.125
 26.11.2025 22:57:26; 22.000
 26.11.2025 23:00:27; 21.875
 26.11.2025 23:03:26; 21.750
 26.11.2025 23:06:26; 21.625
 26.11.2025 23:09:27; 21.563
 26.11.2025 23:12:27; 21.500
 26.11.2025 23:15:26; 21.438
 26.11.2025 23:18:27; 21.375
 26.11.2025 23:21:27; 21.313
 26.11.2025 23:24:26; 21.250
 26.11.2025 23:27:27; 21.188
 26.11.2025 23:30:27; 21.125
 26.11.2025 23:33:26; 21.063
 26.11.2025 23:36:27; 21.000
 26.11.2025 23:39:26; 20.938
 26.11.2025 23:42:26; 20.875
 26.11.2025 23:45:27; 20.813
 26.11.2025 23:48:26; 20.813
 26.11.2025 23:51:26; 20.750
 26.11.2025 23:54:27; 20.688
 26.11.2025 23:57:27; 20.625
 27.11.2025 00:00:26; 20.563
 27.11.2025 00:03:27; 20.500
 27.11.2025 00:06:27; 20.438
 27.11.2025 00:09:26; 20.375
 27.11.2025 00:12:27; 20.250
 27.11.2025 00:15:27; 20.125
 27.11.2025 00:18:26; 20.063
 27.11.2025 00:21:27; 20.000
 27.11.2025 00:24:26; 19.875
 27.11.2025 00:27:26; 19.813
 27.11.2025 00:30:27; 19.625
 27.11.2025 00:33:26; 19.563
 27.11.2025 00:36:26; 19.438
 27.11.2025 00:39:27; 19.438
 27.11.2025 00:42:27; 19.313
 27.11.2025 00:45:26; 19.250
 27.11.2025 00:48:27; 19.188
 27.11.2025 00:51:27; 19.125
 27.11.2025 00:54:26; 19.125
 27.11.2025 00:57:27; 19.125
 27.11.2025 01:00:27; 19.063
 27.11.2025 01:03:26; 18.938
 27.11.2025 01:06:27; 18.750
 27.11.2025 01:09:26; 18.688
 27.11.2025 01:12:26; 18.625
 27.11.2025 01:15:27; 18.563
 27.11.2025 01:18:26; 18.438
 27.11.2025 01:21:26; 18.313
 27.11.2025 01:24:27; 18.250
 27.11.2025 01:27:27; 18.250
 27.11.2025 01:30:26; 18.188
 27.11.2025 01:33:27; 18.063
 27.11.2025 01:36:27; 18.063
 27.11.2025 01:39:26; 18.063
 27.11.2025 01:42:27; 18.063
 27.11.2025 01:45:27; 18.063
 27.11.2025 01:48:26; 18.063
 27.11.2025 01:51:27; 18.000
 27.11.2025 01:54:26; 17.875
 27.11.2025 01:57:26; 17.813
 27.11.2025 02:00:27; 17.750
 27.11.2025 02:03:26; 17.625
 27.11.2025 02:06:26; 17.563
 27.11.2025 02:09:27; 17.563
 27.11.2025 02:12:27; 17.563
 27.11.2025 02:15:26; 17.438
 27.11.2025 02:18:27; 17.438
 27.11.2025 02:21:27; 17.438
 27.11.2025 02:24:26; 17.438
 27.11.2025 02:27:27; 17.500
 27.11.2025 02:30:27; 17.500
 27.11.2025 02:33:26; 17.375
 27.11.2025 02:36:27; 17.313
 27.11.2025 02:39:26; 17.375
 27.11.2025 02:42:26; 17.313
 27.11.2025 02:45:27; 17.250
 27.11.2025 02:48:26; 17.250
 27.11.2025 02:51:26; 17.125
 27.11.2025 02:54:27; 17.063
 27.11.2025 02:57:27; 17.000
 27.11.2025 03:00:26; 16.875
 27.11.2025 03:03:27; 16.875
 27.11.2025 03:06:27; 16.750
 27.11.2025 03:09:26; 16.750
 27.11.2025 03:12:27; 16.813
 27.11.2025 03:15:27; 16.813
 27.11.2025 03:18:26; 16.750
 27.11.2025 03:21:27; 16.750
 27.11.2025 03:24:26; 16.688
 27.11.2025 03:27:26; 16.625
 27.11.2025 03:30:27; 16.563
 27.11.2025 03:33:26; 16.500
 27.11.2025 03:36:26; 16.438
 27.11.2025 03:39:27; 16.563
 27.11.2025 03:42:27; 16.625
 27.11.2025 03:45:26; 16.688
 27.11.2025 03:48:27; 16.625
 27.11.2025 03:51:27; 16.625
 27.11.2025 03:54:26; 16.563
 27.11.2025 03:57:27; 16.563
 27.11.2025 04:00:27; 16.500
 27.11.2025 04:03:26; 16.500
 27.11.2025 04:06:27; 16.438
 27.11.2025 04:09:26; 16.438
 27.11.2025 04:12:26; 16.438
 27.11.2025 04:15:27; 16.313
 27.11.2025 04:18:26; 16.313
 27.11.2025 04:21:26; 16.250
 27.11.2025 04:24:27; 16.188
 27.11.2025 04:27:27; 16.250
 27.11.2025 04:30:26; 16.250
 27.11.2025 04:33:27; 16.188
 27.11.2025 04:36:27; 16.188
 27.11.2025 04:39:26; 16.188
 27.11.2025 04:42:27; 16.250
 27.11.2025 04:45:27; 16.250
 27.11.2025 04:48:26; 16.250
 27.11.2025 04:51:27; 16.188
 27.11.2025 04:54:26; 16.188
 27.11.2025 04:57:26; 16.188
 27.11.2025 05:00:27; 16.125
 27.11.2025 05:03:26; 16.063
 27.11.2025 05:06:26; 16.063
 27.11.2025 05:09:27; 16.000
 27.11.2025 05:12:27; 15.938
 27.11.2025 05:15:26; 15.875
 27.11.2025 05:18:27; 15.813
 27.11.2025 05:21:27; 15.750
 27.11.2025 05:24:26; 15.688
 27.11.2025 05:27:27; 15.750
 27.11.2025 05:30:27; 15.688
 27.11.2025 05:33:26; 15.688
 27.11.2025 05:36:27; 15.688
 27.11.2025 05:39:26; 15.688
 27.11.2025 05:42:26; 15.688
 27.11.2025 05:45:27; 15.688
 27.11.2025 05:48:26; 15.625
 27.11.2025 05:51:26; 15.563
 27.11.2025 05:54:27; 15.500
 27.11.2025 05:57:27; 15.438
 27.11.2025 06:00:26; 15.438
 27.11.2025 06:03:27; 15.438
 27.11.2025 06:06:27; 15.375
 27.11.2025 06:09:26; 15.375
 27.11.2025 06:12:27; 15.313
 27.11.2025 06:15:27; 15.313
 27.11.2025 06:18:26; 15.313
 27.11.2025 06:21:27; 15.250
 27.11.2025 06:24:26; 15.188
 27.11.2025 06:27:26; 15.125
 27.11.2025 06:30:27; 15.063
 27.11.2025 06:33:26; 15.063
 27.11.2025 06:36:26; 15.063
 27.11.2025 06:39:27; 15.063
 27.11.2025 06:42:27; 15.000
 27.11.2025 06:45:26; 14.938
 27.11.2025 06:48:27; 15.000
 27.11.2025 06:51:27; 15.063
 27.11.2025 06:54:26; 15.000
 27.11.2025 06:57:27; 15.000
 27.11.2025 07:00:27; 15.000
 27.11.2025 07:03:26; 15.063
 27.11.2025 07:06:27; 15.063
 27.11.2025 07:09:26; 15.063
 27.11.2025 07:12:26; 15.000
 27.11.2025 07:15:27; 15.000
 27.11.2025 07:18:26; 15.000
 27.11.2025 07:21:26; 14.938
 27.11.2025 07:24:27; 14.938
 27.11.2025 07:27:27; 14.875
 27.11.2025 07:30:26; 14.875
 27.11.2025 07:33:27; 14.813
 27.11.2025 07:36:27; 14.813
 27.11.2025 07:39:26; 14.813
 27.11.2025 07:42:27; 14.813
 27.11.2025 07:45:27; 14.813
 27.11.2025 07:48:26; 14.813
 27.11.2025 07:51:27; 14.813
 27.11.2025 07:54:26; 14.813
 27.11.2025 07:57:26; 14.875
 27.11.2025 08:00:27; 14.875
 27.11.2025 08:03:26; 14.875
 27.11.2025 08:06:26; 14.813
 27.11.2025 08:09:27; 14.750
 27.11.2025 08:12:27; 14.688
 27.11.2025 08:15:26; 14.688
 27.11.2025 08:18:27; 14.688
 27.11.2025 08:21:27; 14.688
 27.11.2025 08:24:26; 14.625
 27.11.2025 08:27:27; 14.625
 27.11.2025 08:30:27; 14.625
 27.11.2025 08:33:26; 14.563
 27.11.2025 08:36:27; 14.563
 27.11.2025 08:39:26; 14.563
 27.11.2025 08:42:26; 14.563
 27.11.2025 08:45:27; 14.500
 27.11.2025 08:48:26; 14.500
 27.11.2025 08:51:26; 14.500
 27.11.2025 08:54:27; 14.500
 27.11.2025 08:57:27; 14.500
 27.11.2025 09:00:26; 14.563
 27.11.2025 09:03:27; 14.563
 27.11.2025 09:06:27; 14.563
 27.11.2025 09:09:26; 14.625
 27.11.2025 09:12:27; 14.625
 27.11.2025 09:15:27; 14.625
 27.11.2025 09:18:26; 14.688
 27.11.2025 09:21:27; 14.750
 27.11.2025 09:24:26; 14.813
 27.11.2025 09:27:26; 14.875
 27.11.2025 09:30:27; 14.938
 27.11.2025 09:33:26; 15.000
 27.11.2025 09:36:26; 15.063
 27.11.2025 09:39:27; 15.125
 27.11.2025 09:42:27; 15.188
 27.11.2025 09:45:26; 15.313
 27.11.2025 09:48:27; 15.375
 27.11.2025 09:51:27; 15.500
 27.11.2025 09:54:26; 15.625
 27.11.2025 09:57:27; 15.750
 27.11.2025 10:00:27; 15.813
 27.11.2025 10:03:26; 15.875
 27.11.2025 10:06:27; 15.938
 27.11.2025 10:09:26; 16.000
 27.11.2025 10:12:26; 16.063
 27.11.2025 10:15:27; 16.125
 27.11.2025 10:18:26; 16.250
 27.11.2025 10:21:26; 16.250
 27.11.2025 10:24:27; 16.313
 27.11.2025 10:27:27; 16.313
 27.11.2025 10:30:26; 16.313
 27.11.2025 10:33:27; 16.375
 27.11.2025 10:36:27; 16.438
 27.11.2025 10:39:26; 16.438
 27.11.2025 10:42:27; 16.438
 27.11.2025 10:45:27; 16.438
 27.11.2025 10:48:26; 16.500
 27.11.2025 10:51:27; 16.500
 27.11.2025 10:54:26; 16.563
 27.11.2025 10:57:26; 16.625
 27.11.2025 11:00:27; 16.688
 27.11.2025 11:03:26; 16.813
 27.11.2025 11:06:26; 16.875
 27.11.2025 11:09:27; 17.000
 27.11.2025 11:12:27; 17.125
 27.11.2025 11:15:26; 17.375
 27.11.2025 11:18:27; 17.625
 27.11.2025 11:21:27; 17.813
 27.11.2025 11:24:26; 17.875
 27.11.2025 11:27:27; 17.875
 27.11.2025 11:30:27; 17.875
 27.11.2025 11:33:26; 17.813
 27.11.2025 11:36:27; 17.813
 27.11.2025 11:39:26; 17.813
 27.11.2025 11:42:26; 17.813
 27.11.2025 11:45:27; 17.813
 27.11.2025 11:48:26; 17.813
 27.11.2025 11:51:26; 17.875
 27.11.2025 11:54:27; 17.875
 27.11.2025 11:57:27; 17.938
 27.11.2025 12:00:26; 17.938
 27.11.2025 12:03:27; 18.188
 27.11.2025 12:06:27; 18.500
 27.11.2025 12:09:26; 18.875
 27.11.2025 12:12:27; 19.188
 27.11.2025 12:15:27; 19.500
 27.11.2025 12:18:26; 19.750
 27.11.2025 12:21:27; 20.000
 27.11.2025 12:24:26; 20.188
 27.11.2025 12:27:26; 20.375
 27.11.2025 12:30:27; 20.500
 27.11.2025 12:33:26; 20.750
 27.11.2025 12:36:26; 21.000
 27.11.2025 12:39:27; 21.188
 27.11.2025 12:42:27; 21.375
 27.11.2025 12:45:26; 21.500
 27.11.2025 12:48:27; 21.563
 27.11.2025 12:51:27; 21.750
 27.11.2025 12:54:26; 21.938
 27.11.2025 12:57:27; 22.063
 27.11.2025 13:00:27; 22.125
 27.11.2025 13:03:26; 22.250
 27.11.2025 13:06:27; 22.250
 27.11.2025 13:09:26; 22.313
 27.11.2025 13:12:26; 22.500
 27.11.2025 13:15:27; 22.625
 27.11.2025 13:18:26; 22.688
 27.11.2025 13:21:26; 22.688
 27.11.2025 13:24:27; 23.000
 27.11.2025 13:27:27; 23.000
 27.11.2025 13:30:26; 23.125
 27.11.2025 13:33:27; 23.313
 27.11.2025 13:36:27; 23.500
 27.11.2025 13:39:26; 23.688
 27.11.2025 13:42:27; 23.813
 27.11.2025 13:45:27; 23.875
 27.11.2025 13:48:26; 23.938
 27.11.2025 13:51:27; 24.063
 27.11.2025 13:54:26; 24.125
 27.11.2025 13:57:26; 24.250
 27.11.2025 14:00:27; 24.375
 27.11.2025 14:03:26; 24.563
 27.11.2025 14:06:26; 24.688
 27.11.2025 14:09:27; 24.875
 27.11.2025 14:12:27; 25.063
 27.11.2025 14:15:26; 25.063
 27.11.2025 14:18:27; 25.125
 27.11.2025 14:21:27; 25.438
 27.11.2025 14:24:26; 25.688
 27.11.2025 14:27:27; 25.813
 27.11.2025 14:30:27; 25.813
 27.11.2025 14:33:26; 25.813
 27.11.2025 14:36:27; 25.563
 27.11.2025 14:39:26; 25.313
 27.11.2025 14:42:26; 25.375
 27.11.2025 14:45:27; 25.688
 27.11.2025 14:48:26; 25.875
 27.11.2025 14:51:26; 26.000
 27.11.2025 14:54:27; 25.813
 27.11.2025 14:57:27; 25.938
 27.11.2025 15:00:26; 26.125
 27.11.2025 15:03:27; 26.313
 27.11.2025 15:06:27; 26.563
 27.11.2025 15:09:26; 27.000
 27.11.2025 15:12:27; 27.375
 27.11.2025 15:15:27; 27.563
 27.11.2025 15:18:26; 27.875
 27.11.2025 15:21:27; 28.125
 27.11.2025 15:24:26; 28.313
 27.11.2025 15:27:26; 28.563
 27.11.2025 15:30:27; 28.875
 27.11.2025 15:33:26; 28.813
 27.11.2025 15:36:26; 29.250
 27.11.2025 15:39:27; 29.750
 27.11.2025 15:42:27; 30.063
 27.11.2025 15:45:26; 30.375
 27.11.2025 15:48:27; 30.750
 27.11.2025 15:51:27; 31.063
 27.11.2025 15:54:26; 30.813
 27.11.2025 15:57:27; 30.063
 27.11.2025 16:00:27; 30.000
 27.11.2025 16:03:26; 30.188
 27.11.2025 16:06:27; 30.438
 27.11.2025 16:09:26; 30.375
 27.11.2025 16:12:26; 30.250
 27.11.2025 16:15:27; 30.750
 27.11.2025 16:18:26; 31.125
 27.11.2025 16:21:26; 31.875
 27.11.2025 16:24:27; 32.313
 27.11.2025 16:27:27; 32.688
 27.11.2025 16:30:26; 32.625
 27.11.2025 16:33:27; 32.813
 27.11.2025 16:36:27; 33.000
 27.11.2025 16:39:26; 32.938
 27.11.2025 16:42:27; 33.000
 27.11.2025 16:45:27; 32.813
 27.11.2025 16:48:26; 32.500
 27.11.2025 16:51:27; 32.250
 27.11.2025 16:54:26; 32.063
 27.11.2025 16:57:26; 31.750
 27.11.2025 17:00:27; 31.875
 27.11.2025 17:03:26; 31.688
 27.11.2025 17:06:26; 31.563
 27.11.2025 17:09:27; 30.938
 27.11.2025 17:12:27; 30.688
 27.11.2025 17:15:26; 30.188
 27.11.2025 17:18:27; 29.813
 27.11.2025 17:21:27; 29.438
 27.11.2025 17:24:26; 29.125
 27.11.2025 17:27:27; 28.875
 27.11.2025 17:30:27; 28.813
 27.11.2025 17:33:26; 29.000
 27.11.2025 17:36:27; 29.125
 27.11.2025 17:39:26; 29.438
 27.11.2025 17:42:26; 29.313
 27.11.2025 17:45:27; 29.063
 27.11.2025 17:48:26; 28.625
 27.11.2025 17:51:26; 28.438
 27.11.2025 17:54:27; 28.250
 27.11.2025 17:57:27; 28.125
 27.11.2025 18:00:26; 28.125
 27.11.2025 18:03:27; 28.125
 27.11.2025 18:06:27; 28.000
 27.11.2025 18:09:26; 27.688
 27.11.2025 18:12:27; 27.313
 27.11.2025 18:15:27; 27.000
 27.11.2025 18:18:26; 26.750
 27.11.2025 18:21:27; 26.438
 27.11.2025 18:24:26; 26.125
 27.11.2025 18:27:26; 25.813
 27.11.2025 18:30:27; 25.500
 27.11.2025 18:33:26; 25.125
 27.11.2025 18:36:26; 24.625
 27.11.2025 18:39:27; 24.250
 27.11.2025 18:42:27; 23.688
 27.11.2025 18:45:26; 23.438
 27.11.2025 18:48:27; 23.188
 27.11.2025 18:51:27; 22.875
 27.11.2025 18:54:26; 22.438
 27.11.2025 18:57:27; 22.000
 27.11.2025 19:00:27; 21.563
 27.11.2025 19:03:26; 21.250
 27.11.2025 19:06:27; 21.063
 27.11.2025 19:09:26; 20.750
 27.11.2025 19:12:26; 20.563
 27.11.2025 19:15:27; 20.438
 27.11.2025 19:18:26; 20.188
 27.11.2025 19:21:26; 19.938
 27.11.2025 19:24:27; 19.750
 27.11.2025 19:27:27; 19.625
 27.11.2025 19:30:26; 19.563
 27.11.2025 19:33:27; 19.500
 27.11.2025 19:36:27; 19.438
 27.11.2025 19:39:26; 19.375
 27.11.2025 19:42:27; 19.375
 27.11.2025 19:45:27; 19.313
 27.11.2025 19:48:26; 19.188
 27.11.2025 19:51:27; 19.125
 27.11.2025 19:54:26; 19.125
 27.11.2025 19:57:26; 19.000
 27.11.2025 20:00:27; 19.000
 27.11.2025 20:03:26; 18.938
 27.11.2025 20:06:26; 18.875
 27.11.2025 20:09:27; 18.875
 27.11.2025 20:12:27; 18.813
 27.11.2025 20:15:26; 18.813
 27.11.2025 20:18:27; 18.813
 27.11.2025 20:21:27; 18.813
 27.11.2025 20:24:26; 18.875
 27.11.2025 20:27:27; 18.875
 27.11.2025 20:30:27; 18.875
 27.11.2025 20:33:26; 18.813
 27.11.2025 20:36:27; 18.813
 27.11.2025 20:39:26; 18.813
 27.11.2025 20:42:26; 18.813
 27.11.2025 20:45:27; 18.875
 27.11.2025 20:48:26; 18.875
 27.11.2025 20:51:26; 18.875
 27.11.2025 20:54:27; 18.875
 27.11.2025 20:57:27; 18.875
 27.11.2025 21:00:26; 18.875
 27.11.2025 21:03:27; 18.813
 27.11.2025 21:06:27; 18.813
 27.11.2025 21:09:26; 18.750
 27.11.2025 21:12:27; 18.750
 27.11.2025 21:15:27; 18.688
 27.11.2025 21:18:26; 18.750
 27.11.2025 21:21:27; 18.813
 27.11.2025 21:24:26; 18.938
 27.11.2025 21:27:26; 19.063
 27.11.2025 21:30:27; 19.313
 27.11.2025 21:33:26; 20.188
 27.11.2025 21:36:26; 21.188
 27.11.2025 21:39:27; 21.313
 27.11.2025 21:42:27; 21.250
 27.11.2025 21:45:26; 21.063
 27.11.2025 21:48:27; 21.125
 27.11.2025 21:51:27; 21.188
 27.11.2025 21:54:26; 20.938
 27.11.2025 21:57:27; 20.688
 27.11.2025 22:00:27; 20.625
 27.11.2025 22:03:26; 20.500
 27.11.2025 22:06:27; 20.438
 27.11.2025 22:09:26; 20.625
 27.11.2025 22:12:26; 20.563
 27.11.2025 22:15:27; 20.375
 27.11.2025 22:18:26; 20.250
 27.11.2025 22:21:26; 20.063
 27.11.2025 22:24:27; 20.000
 27.11.2025 22:27:27; 19.938
 27.11.2025 22:30:26; 19.750
 27.11.2025 22:33:27; 19.688
 27.11.2025 22:36:27; 19.563
 27.11.2025 22:39:26; 19.563
 27.11.2025 22:42:27; 19.500
 27.11.2025 22:45:27; 19.563
 27.11.2025 22:48:26; 19.625
 27.11.2025 22:51:27; 19.625
 27.11.2025 22:54:26; 19.625
 27.11.2025 22:57:26; 19.563
 27.11.2025 23:00:27; 19.563
 27.11.2025 23:03:26; 19.500
 27.11.2025 23:06:26; 19.438
 27.11.2025 23:09:27; 19.375
 27.11.2025 23:12:27; 19.250
 27.11.2025 23:15:26; 19.125
 27.11.2025 23:18:27; 19.000
 27.11.2025 23:21:27; 18.938
 27.11.2025 23:24:26; 18.813
 27.11.2025 23:27:27; 18.750
 27.11.2025 23:30:27; 18.625
 27.11.2025 23:33:26; 18.625
 27.11.2025 23:36:27; 18.563
 27.11.2025 23:39:26; 18.563
 27.11.2025 23:42:26; 18.563
 27.11.2025 23:45:27; 18.563
 27.11.2025 23:48:26; 18.563
 27.11.2025 23:51:26; 18.625
 27.11.2025 23:54:27; 18.625
 27.11.2025 23:57:27; 18.625
 28.11.2025 00:00:26; 18.625
 28.11.2025 00:03:27; 18.625
 28.11.2025 00:06:27; 18.563
 28.11.2025 00:09:26; 18.563
 28.11.2025 00:12:27; 18.500
 28.11.2025 00:15:27; 18.500
 28.11.2025 00:18:26; 18.438
 28.11.2025 00:21:27; 18.375
 28.11.2025 00:24:26; 18.313
 28.11.2025 00:27:26; 18.250
 28.11.2025 00:30:27; 18.188
 28.11.2025 00:33:26; 18.125
 28.11.2025 00:36:26; 18.125
 28.11.2025 00:39:27; 18.125
 28.11.2025 00:42:27; 18.125
 28.11.2025 00:45:26; 18.125
 28.11.2025 00:48:27; 18.063
 28.11.2025 00:51:27; 18.063
 28.11.2025 00:54:26; 18.000
 28.11.2025 00:57:27; 17.938
 28.11.2025 01:00:27; 17.875
 28.11.2025 01:03:26; 17.813
 28.11.2025 01:06:27; 17.750
 28.11.2025 01:09:26; 17.688
 28.11.2025 01:12:26; 17.625
 28.11.2025 01:15:27; 17.625
 28.11.2025 01:18:26; 17.563
 28.11.2025 01:21:26; 17.563
 28.11.2025 01:24:27; 17.563
 28.11.2025 01:27:27; 17.500
 28.11.2025 01:30:26; 17.438
 28.11.2025 01:33:27; 17.375
 28.11.2025 01:36:27; 17.375
 28.11.2025 01:39:26; 17.313
 28.11.2025 01:42:27; 17.313
 28.11.2025 01:45:27; 17.375
 28.11.2025 01:48:26; 17.438
 28.11.2025 01:51:27; 17.438
 28.11.2025 01:54:26; 17.438
 28.11.2025 01:57:26; 17.500
 28.11.2025 02:00:27; 17.500
 28.11.2025 02:03:26; 17.500
 28.11.2025 02:06:26; 17.438
 28.11.2025 02:09:27; 17.438
 28.11.2025 02:12:27; 17.438
 28.11.2025 02:15:26; 17.500
 28.11.2025 02:18:27; 17.500
 28.11.2025 02:21:27; 17.438
 28.11.2025 02:24:26; 17.438
 28.11.2025 02:27:27; 17.438
 28.11.2025 02:30:27; 17.500
 28.11.2025 02:33:26; 17.500
 28.11.2025 02:36:27; 17.500
 28.11.2025 02:39:26; 17.500
 28.11.2025 02:42:26; 17.438
 28.11.2025 02:45:27; 17.438
 28.11.2025 02:48:26; 17.375
 28.11.2025 02:51:26; 17.313
 28.11.2025 02:54:27; 17.250
 28.11.2025 02:57:27; 17.250
 28.11.2025 03:00:26; 17.188
 28.11.2025 03:03:27; 17.125
 28.11.2025 03:06:27; 17.125
 28.11.2025 03:09:26; 17.063
 28.11.2025 03:12:27; 17.063
 28.11.2025 03:15:27; 17.063
 28.11.2025 03:18:26; 17.063
 28.11.2025 03:21:27; 17.063
 28.11.2025 03:24:26; 17.063
 28.11.2025 03:27:26; 17.000
 28.11.2025 03:30:27; 17.000
 28.11.2025 03:33:26; 16.938
 28.11.2025 03:36:26; 16.938
 28.11.2025 03:39:27; 16.938
 28.11.2025 03:42:27; 16.875
 28.11.2025 03:45:26; 16.875
 28.11.2025 03:48:27; 16.813
 28.11.2025 03:51:27; 16.813
 28.11.2025 03:54:26; 16.750
 28.11.2025 03:57:27; 16.688
 28.11.2025 04:00:27; 16.688
 28.11.2025 04:03:26; 16.688
 28.11.2025 04:06:27; 16.688
 28.11.2025 04:09:26; 16.625
 28.11.2025 04:12:26; 16.625
 28.11.2025 04:15:27; 16.625
 28.11.2025 04:18:26; 16.625
 28.11.2025 04:21:26; 16.625
 28.11.2025 04:24:27; 16.563
 28.11.2025 04:27:27; 16.563
 28.11.2025 04:30:26; 16.563
 28.11.2025 04:33:27; 16.563
 28.11.2025 04:36:27; 16.500
 28.11.2025 04:39:26; 16.500
 28.11.2025 04:42:27; 16.500
 28.11.2025 04:45:27; 16.500
 28.11.2025 04:48:26; 16.438
 28.11.2025 04:51:27; 16.438
 28.11.2025 04:54:26; 16.438
 28.11.2025 04:57:26; 16.375
 28.11.2025 05:00:27; 16.438
 28.11.2025 05:03:26; 16.438
 28.11.2025 05:06:26; 16.438
 28.11.2025 05:09:27; 16.438
 28.11.2025 05:12:27; 16.375
 28.11.2025 05:15:26; 16.375
 28.11.2025 05:18:27; 16.375
 28.11.2025 05:21:27; 16.375
 28.11.2025 05:24:26; 16.375
 28.11.2025 05:27:27; 16.375
 28.11.2025 05:30:27; 16.375
 28.11.2025 05:33:26; 16.375
 28.11.2025 05:36:27; 16.375
 28.11.2025 05:39:26; 16.438
 28.11.2025 05:42:26; 16.438
 28.11.2025 05:45:27; 16.438
 28.11.2025 05:48:26; 16.438
 28.11.2025 05:51:26; 16.500
 28.11.2025 05:54:27; 16.500
 28.11.2025 05:57:27; 16.500
 28.11.2025 06:00:26; 16.500
 28.11.2025 06:03:27; 16.438
 28.11.2025 06:06:27; 16.438
 28.11.2025 06:09:26; 16.375
 28.11.2025 06:12:27; 16.375
 28.11.2025 06:15:27; 16.313
 28.11.2025 06:18:26; 16.313
 28.11.2025 06:21:27; 16.313
 28.11.2025 06:24:26; 16.313
 28.11.2025 06:27:26; 16.313
 28.11.2025 06:30:27; 16.313
 28.11.2025 06:33:26; 16.250
 28.11.2025 06:36:26; 16.250
 28.11.2025 06:39:27; 16.250
 28.11.2025 06:42:27; 16.188
 28.11.2025 06:45:26; 16.188
 28.11.2025 06:48:27; 16.188
 28.11.2025 06:51:27; 16.125
 28.11.2025 06:54:26; 16.063
 28.11.2025 06:57:27; 16.063
 28.11.2025 07:00:27; 16.000
 28.11.2025 07:03:26; 16.000
 28.11.2025 07:06:27; 16.000
 28.11.2025 07:09:26; 16.000
 28.11.2025 07:12:26; 15.938
 28.11.2025 07:15:27; 15.938
 28.11.2025 07:18:26; 15.875
 28.11.2025 07:21:26; 15.875
 28.11.2025 07:24:27; 15.813
 28.11.2025 07:27:27; 15.875
 28.11.2025 07:30:26; 15.813
 28.11.2025 07:33:27; 15.813
 28.11.2025 07:36:27; 15.750
 28.11.2025 07:39:26; 15.750
 28.11.2025 07:42:27; 15.688
 28.11.2025 07:45:27; 15.688
 28.11.2025 07:48:26; 15.688
 28.11.2025 07:51:27; 15.750
 28.11.2025 07:54:26; 15.688
 28.11.2025 07:57:26; 15.688
 28.11.2025 08:00:27; 15.688
 28.11.2025 08:03:26; 15.625
 28.11.2025 08:06:26; 15.688
 28.11.2025 08:09:27; 15.750
 28.11.2025 08:12:27; 15.813
 28.11.2025 08:15:26; 15.875
 28.11.2025 08:18:27; 15.875
 28.11.2025 08:21:27; 15.938
 28.11.2025 08:24:26; 16.000
 28.11.2025 08:27:27; 16.063
 28.11.2025 08:30:27; 16.063
 28.11.2025 08:33:26; 16.125
 28.11.2025 08:36:27; 16.188
 28.11.2025 08:39:26; 16.188
 28.11.2025 08:42:26; 16.250
 28.11.2025 08:45:27; 16.250
 28.11.2025 08:48:26; 16.313
 28.11.2025 08:51:26; 16.375
 28.11.2025 08:54:27; 16.375
 28.11.2025 08:57:27; 16.375
 28.11.2025 09:00:26; 16.438
 28.11.2025 09:03:27; 16.438
 28.11.2025 09:06:27; 16.500
 28.11.2025 09:09:26; 16.500
 28.11.2025 09:12:27; 16.563
 28.11.2025 09:15:27; 16.563
 28.11.2025 09:18:26; 16.625
 28.11.2025 09:21:27; 16.625
 28.11.2025 09:24:26; 16.625
 28.11.2025 09:27:26; 16.625
 28.11.2025 09:30:27; 16.688
 28.11.2025 09:33:26; 16.688
 28.11.2025 09:36:26; 16.688
 28.11.2025 09:39:27; 16.750
 28.11.2025 09:42:27; 16.750
 28.11.2025 09:45:26; 16.750
 28.11.2025 09:48:27; 16.813
 28.11.2025 09:51:27; 16.813
 28.11.2025 09:54:26; 16.813
 28.11.2025 09:57:27; 16.813
 28.11.2025 10:00:27; 16.813
 28.11.2025 10:03:26; 16.875
 28.11.2025 10:06:27; 16.875
 28.11.2025 10:09:26; 16.813
 28.11.2025 10:12:26; 16.813
 28.11.2025 10:15:27; 16.813
 28.11.2025 10:18:26; 16.875
 28.11.2025 10:21:26; 16.813
 28.11.2025 10:24:27; 16.750
 28.11.2025 10:27:27; 16.750
 28.11.2025 10:30:26; 16.813
 28.11.2025 10:33:27; 16.875
 28.11.2025 10:36:27; 16.813
 28.11.2025 10:39:26; 16.875
 28.11.2025 10:42:27; 16.875
 28.11.2025 10:45:27; 16.938
 28.11.2025 10:48:26; 16.938
 28.11.2025 10:51:27; 16.938
 28.11.2025 10:54:26; 16.938
 28.11.2025 10:57:26; 17.063
 28.11.2025 11:00:27; 17.063
 28.11.2025 11:03:26; 17.063
 28.11.2025 11:06:26; 17.063
 28.11.2025 11:09:27; 17.063
 28.11.2025 11:12:27; 17.063
 28.11.2025 11:15:26; 17.063
 28.11.2025 11:18:27; 17.063
 28.11.2025 11:21:27; 17.125
 28.11.2025 11:24:26; 17.188
 28.11.2025 11:27:27; 17.188
 28.11.2025 11:30:27; 17.250
 28.11.2025 11:33:26; 17.375
 28.11.2025 11:36:27; 17.438
 28.11.2025 11:39:26; 17.500
 28.11.2025 11:42:26; 17.563
 28.11.2025 11:45:27; 17.500
 28.11.2025 11:48:26; 17.438
 28.11.2025 11:51:26; 17.500
 28.11.2025 11:54:27; 17.500
 28.11.2025 11:57:27; 17.438
 28.11.2025 12:00:26; 17.500
 28.11.2025 12:03:27; 17.500
 28.11.2025 12:06:27; 17.563
 28.11.2025 12:09:26; 17.688
 28.11.2025 12:12:27; 17.750
 28.11.2025 12:15:27; 17.813
 28.11.2025 12:18:26; 17.688
 28.11.2025 12:21:27; 17.625
 28.11.2025 12:24:26; 17.688
 28.11.2025 12:27:26; 17.750
 28.11.2025 12:30:27; 17.813
 28.11.2025 12:33:26; 17.875
 28.11.2025 12:36:26; 17.875
 28.11.2025 12:39:27; 17.938
 28.11.2025 12:42:27; 17.875
 28.11.2025 12:45:26; 17.813
 28.11.2025 12:48:27; 17.750
 28.11.2025 12:51:27; 17.750
 28.11.2025 12:54:26; 17.813
 28.11.2025 12:57:27; 17.750
 28.11.2025 13:00:27; 17.813
 28.11.2025 13:03:26; 17.875
 28.11.2025 13:06:27; 17.938
 28.11.2025 13:09:26; 18.000
 28.11.2025 13:12:26; 18.063
 28.11.2025 13:15:27; 18.125
 28.11.2025 13:18:26; 18.188
 28.11.2025 13:21:26; 18.375
 28.11.2025 13:24:27; 18.438
 28.11.2025 13:27:27; 18.563
 28.11.2025 13:30:26; 18.688
 28.11.2025 13:33:27; 18.813
 28.11.2025 13:36:27; 18.938
 28.11.2025 13:39:26; 19.063
 28.11.2025 13:42:27; 19.250
 28.11.2025 13:45:27; 19.313
 28.11.2025 13:48:26; 19.500
 28.11.2025 13:51:27; 19.750
 28.11.2025 13:54:26; 19.813
 28.11.2025 13:57:26; 19.938
 28.11.2025 14:00:27; 19.938
 28.11.2025 14:03:26; 20.063
 28.11.2025 14:06:26; 20.188
 28.11.2025 14:09:27; 20.313
 28.11.2025 14:12:27; 20.375
 28.11.2025 14:15:26; 20.313
 28.11.2025 14:18:27; 20.438
 28.11.2025 14:21:27; 20.500
 28.11.2025 14:24:26; 20.750
 28.11.2025 14:27:27; 20.938
 28.11.2025 14:30:27; 21.188
 28.11.2025 14:33:26; 21.313
 28.11.2025 14:36:27; 21.313
 28.11.2025 14:39:26; 21.438
 28.11.2025 14:42:26; 21.563
 28.11.2025 14:45:27; 21.750
 28.11.2025 14:48:26; 22.063
 28.11.2025 14:51:26; 22.375
 28.11.2025 14:54:27; 22.188
 28.11.2025 14:57:27; 22.250
 28.11.2025 15:00:26; 22.375
 28.11.2025 15:03:27; 22.500
 28.11.2025 15:06:27; 22.813
 28.11.2025 15:09:26; 22.688
 28.11.2025 15:12:27; 22.563
 28.11.2025 15:15:27; 22.563
 28.11.2025 15:18:26; 23.000
 28.11.2025 15:21:27; 23.625
 28.11.2025 15:24:26; 23.938
 28.11.2025 15:27:26; 23.563
 28.11.2025 15:30:27; 23.625
 28.11.2025 15:33:26; 23.938
 28.11.2025 15:36:26; 23.938
 28.11.2025 15:39:27; 24.313
 28.11.2025 15:42:27; 24.750
 28.11.2025 15:45:26; 25.125
 28.11.2025 15:48:27; 25.313
 28.11.2025 15:51:27; 25.375
 28.11.2025 15:54:26; 25.438
 28.11.2025 15:57:27; 25.500
 28.11.2025 16:00:27; 25.375
 28.11.2025 16:03:26; 25.375
 28.11.2025 16:06:27; 25.375
 28.11.2025 16:09:26; 25.250
 28.11.2025 16:12:26; 25.563
 28.11.2025 16:15:27; 25.938
 28.11.2025 16:18:26; 26.125
 28.11.2025 16:21:26; 26.125
 28.11.2025 16:24:27; 26.188
 28.11.2025 16:27:27; 26.625
 28.11.2025 16:30:26; 26.938
 28.11.2025 16:33:27; 27.000
 28.11.2025 16:36:27; 27.000
 28.11.2025 16:39:26; 27.188
 28.11.2025 16:42:27; 27.563
 28.11.2025 16:45:27; 27.813
 28.11.2025 16:48:26; 27.875
 28.11.2025 16:51:27; 27.688
 28.11.2025 16:54:26; 28.063
 28.11.2025 16:57:26; 28.000
 28.11.2025 17:00:27; 28.063
 28.11.2025 17:03:26; 27.875
 28.11.2025 17:06:26; 28.000
 28.11.2025 17:09:27; 28.063
 28.11.2025 17:12:27; 28.188
 28.11.2025 17:15:26; 28.250
 28.11.2025 17:18:27; 28.813
 28.11.2025 17:21:27; 29.000
 28.11.2025 17:24:26; 29.438
 28.11.2025 17:27:27; 29.563
 28.11.2025 17:30:27; 30.250
 28.11.2025 17:33:26; 30.688
 28.11.2025 17:36:27; 31.125
 28.11.2025 17:39:26; 31.625
 28.11.2025 17:42:26; 31.563
 28.11.2025 17:45:27; 32.188
 28.11.2025 17:48:26; 32.563
 28.11.2025 17:51:26; 32.188
 28.11.2025 17:54:27; 32.563
 28.11.2025 17:57:27; 33.688
 28.11.2025 18:00:26; 34.188
 28.11.2025 18:03:27; 34.750
 28.11.2025 18:06:27; 35.188
 28.11.2025 18:09:26; 34.688
 28.11.2025 18:12:27; 34.625
 28.11.2025 18:15:27; 34.813
 28.11.2025 18:18:26; 35.313
 28.11.2025 18:21:27; 36.438
 28.11.2025 18:24:26; 36.688
 28.11.2025 18:27:26; 36.313
 28.11.2025 18:30:27; 34.063
 28.11.2025 18:33:26; 33.500
 28.11.2025 18:36:26; 34.125
 28.11.2025 18:39:27; 34.063
 28.11.2025 18:42:27; 33.813
 28.11.2025 18:45:26; 35.125
 28.11.2025 18:48:27; 36.688
 28.11.2025 18:51:27; 37.438
 28.11.2025 18:54:26; 38.063
 28.11.2025 18:57:27; 38.563
 28.11.2025 19:00:27; 38.938
 28.11.2025 19:03:26; 37.563
 28.11.2025 19:06:27; 36.438
 28.11.2025 19:09:26; 37.688
 28.11.2025 19:12:26; 38.438
 28.11.2025 19:15:27; 36.250
 28.11.2025 19:18:26; 35.188
 28.11.2025 19:21:26; 35.188
 28.11.2025 19:24:27; 34.563
 28.11.2025 19:27:27; 33.813
 28.11.2025 19:30:26; 33.000
 28.11.2025 19:33:27; 33.875
 28.11.2025 19:36:27; 34.875
 28.11.2025 19:39:26; 34.938
 28.11.2025 19:42:27; 35.563
 28.11.2025 19:45:27; 35.188
 28.11.2025 19:48:26; 34.250
 28.11.2025 19:51:27; 33.438
 28.11.2025 19:54:26; 32.813
 28.11.2025 19:57:26; 31.875
 28.11.2025 20:00:27; 31.063
 28.11.2025 20:03:26; 30.375
 28.11.2025 20:06:26; 30.000
 28.11.2025 20:09:27; 29.750
 28.11.2025 20:12:27; 29.563
 28.11.2025 20:15:26; 29.375
 28.11.2025 20:18:27; 28.875
 28.11.2025 20:21:27; 28.375
 28.11.2025 20:24:26; 28.188
 28.11.2025 20:27:27; 27.813
 28.11.2025 20:30:27; 27.625
 28.11.2025 20:33:26; 27.625
 28.11.2025 20:36:27; 28.063
 28.11.2025 20:39:26; 29.625
 28.11.2025 20:42:26; 33.500
 28.11.2025 20:45:27; 36.750
 28.11.2025 20:48:26; 36.438
 28.11.2025 20:51:26; 35.563
 28.11.2025 20:54:27; 34.125
 28.11.2025 20:57:27; 34.500
 28.11.2025 21:00:26; 34.938
 28.11.2025 21:03:27; 34.875
 28.11.2025 21:06:27; 33.938
 28.11.2025 21:09:26; 34.563
 28.11.2025 21:12:27; 34.688
 28.11.2025 21:15:27; 35.438
 28.11.2025 21:18:26; 34.813
 28.11.2025 21:21:27; 32.875
 28.11.2025 21:24:26; 31.250
 28.11.2025 21:27:26; 30.000
 28.11.2025 21:30:27; 28.563
 28.11.2025 21:33:26; 27.750
 28.11.2025 21:36:26; 27.125
 28.11.2025 21:39:27; 26.625
 28.11.2025 21:42:27; 26.188
 28.11.2025 21:45:26; 25.813
 28.11.2025 21:48:27; 25.375
 28.11.2025 21:51:27; 25.000
 28.11.2025 21:54:26; 24.750
 28.11.2025 21:57:27; 24.563
 28.11.2025 22:00:27; 24.313
 28.11.2025 22:03:26; 24.250
 28.11.2025 22:06:27; 24.563
 28.11.2025 22:09:26; 24.750
 28.11.2025 22:12:26; 24.813
 28.11.2025 22:15:27; 24.750
 28.11.2025 22:18:26; 24.625
 28.11.2025 22:21:26; 24.313
 28.11.2025 22:24:27; 24.000
 28.11.2025 22:27:27; 23.750
 28.11.2025 22:30:26; 23.438
 28.11.2025 22:33:27; 23.063
 28.11.2025 22:36:27; 22.500
 28.11.2025 22:39:26; 21.938
 28.11.2025 22:42:27; 21.313
 28.11.2025 22:45:27; 20.875
 28.11.2025 22:48:26; 20.563
 28.11.2025 22:51:27; 20.188
 28.11.2025 22:54:26; 19.938
 28.11.2025 22:57:26; 19.688
 28.11.2025 23:00:27; 19.500
 28.11.2025 23:03:26; 19.313
 28.11.2025 23:06:26; 19.125
 28.11.2025 23:09:27; 19.000
 28.11.2025 23:12:27; 18.875
 28.11.2025 23:15:26; 18.750
 28.11.2025 23:18:27; 18.625
 28.11.2025 23:21:27; 18.563
 28.11.2025 23:24:26; 18.563
 28.11.2025 23:27:27; 18.688
 28.11.2025 23:30:27; 18.875
 28.11.2025 23:33:26; 18.875
 28.11.2025 23:36:27; 18.875
 28.11.2025 23:39:26; 19.000
 28.11.2025 23:42:26; 18.938
 28.11.2025 23:45:27; 18.813
 28.11.2025 23:48:26; 18.563
 28.11.2025 23:51:26; 18.500
 28.11.2025 23:54:27; 18.313
 28.11.2025 23:57:27; 18.188
 29.11.2025 00:00:26; 18.125
 29.11.2025 00:03:27; 18.063
 29.11.2025 00:06:27; 18.000
 29.11.2025 00:09:26; 17.938
 29.11.2025 00:12:27; 17.875
 29.11.2025 00:15:27; 17.813
 29.11.2025 00:18:26; 17.750
 29.11.2025 00:21:27; 17.750
 29.11.2025 00:24:26; 17.688
 29.11.2025 00:27:26; 17.625
 29.11.2025 00:30:27; 17.563
 29.11.2025 00:33:26; 17.500
 29.11.2025 00:36:26; 17.500
 29.11.2025 00:39:27; 17.438
 29.11.2025 00:42:27; 17.438
 29.11.2025 00:45:26; 17.438
 29.11.2025 00:48:27; 17.375
 29.11.2025 00:51:27; 17.375
 29.11.2025 00:54:26; 17.375
 29.11.2025 00:57:27; 17.313
 29.11.2025 01:00:27; 17.250
 29.11.2025 01:03:26; 17.250
 29.11.2025 01:06:27; 17.188
 29.11.2025 01:09:26; 17.188
 29.11.2025 01:12:26; 17.125
 29.11.2025 01:15:27; 17.063
 29.11.2025 01:18:26; 17.063
 29.11.2025 01:21:26; 17.063
 29.11.2025 01:24:27; 17.063
 29.11.2025 01:27:27; 17.063
 29.11.2025 01:30:26; 17.000
 29.11.2025 01:33:27; 16.938
 29.11.2025 01:36:27; 16.875
 29.11.2025 01:39:26; 16.813
 29.11.2025 01:42:27; 16.813
 29.11.2025 01:45:27; 16.750
 29.11.2025 01:48:26; 16.750
 29.11.2025 01:51:27; 16.750
 29.11.2025 01:54:26; 16.750
 29.11.2025 01:57:26; 16.688
 29.11.2025 02:00:27; 16.688
 29.11.2025 02:03:26; 16.625
 29.11.2025 02:06:26; 16.625
 29.11.2025 02:09:27; 16.625
 29.11.2025 02:12:27; 16.625
 29.11.2025 02:15:26; 16.625
 29.11.2025 02:18:27; 16.625
 29.11.2025 02:21:27; 16.625
 29.11.2025 02:24:26; 16.688
 29.11.2025 02:27:27; 16.688
 29.11.2025 02:30:27; 16.688
 29.11.2025 02:33:26; 16.688
 29.11.2025 02:36:27; 16.688
 29.11.2025 02:39:26; 16.688
 29.11.2025 02:42:26; 16.688
 29.11.2025 02:45:27; 16.688
 29.11.2025 02:48:26; 16.688
 29.11.2025 02:51:26; 16.688
 29.11.2025 02:54:27; 16.625
 29.11.2025 02:57:27; 16.625
 29.11.2025 03:00:26; 16.625
 29.11.2025 03:03:27; 16.563
 29.11.2025 03:06:27; 16.563
 29.11.2025 03:09:26; 16.563
 29.11.2025 03:12:27; 16.563
 29.11.2025 03:15:27; 16.500
 29.11.2025 03:18:26; 16.500
 29.11.2025 03:21:27; 16.438
 29.11.2025 03:24:26; 16.438
 29.11.2025 03:27:26; 16.375
 29.11.2025 03:30:27; 16.375
 29.11.2025 03:33:26; 16.375
 29.11.2025 03:36:26; 16.375
 29.11.2025 03:39:27; 16.375
 29.11.2025 03:42:27; 16.375
 29.11.2025 03:45:26; 16.313
 29.11.2025 03:48:27; 16.313
 29.11.2025 03:51:27; 16.250
 29.11.2025 03:54:26; 16.250
 29.11.2025 03:57:27; 16.188
 29.11.2025 04:00:27; 16.188
 29.11.2025 04:03:26; 16.188
 29.11.2025 04:06:27; 16.188
 29.11.2025 04:09:26; 16.188
 29.11.2025 04:12:26; 16.188
 29.11.2025 04:15:27; 16.125
 29.11.2025 04:18:26; 16.125
 29.11.2025 04:21:26; 16.063
 29.11.2025 04:24:27; 16.063
 29.11.2025 04:27:27; 16.063
 29.11.2025 04:30:26; 16.000
 29.11.2025 04:33:27; 16.000
 29.11.2025 04:36:27; 16.063
 29.11.2025 04:39:26; 16.063
 29.11.2025 04:42:27; 16.063
 29.11.2025 04:45:27; 16.063
 29.11.2025 04:48:26; 16.063
 29.11.2025 04:51:27; 16.063
 29.11.2025 04:54:26; 16.063
 29.11.2025 04:57:26; 16.063
 29.11.2025 05:00:27; 16.063
 29.11.2025 05:03:26; 16.000
 29.11.2025 05:06:26; 16.000
 29.11.2025 05:09:27; 16.000
 29.11.2025 05:12:27; 16.000
 29.11.2025 05:15:26; 16.000
 29.11.2025 05:18:27; 16.000
 29.11.2025 05:21:27; 16.000
 29.11.2025 05:24:26; 16.000
 29.11.2025 05:27:27; 16.063
 29.11.2025 05:30:27; 16.063
 29.11.2025 05:33:26; 16.063
 29.11.2025 05:36:27; 16.063
 29.11.2025 05:39:26; 16.125
 29.11.2025 05:42:26; 16.125
 29.11.2025 05:45:27; 16.125
 29.11.2025 05:48:26; 16.125
 29.11.2025 05:51:26; 16.125
 29.11.2025 05:54:27; 16.125
 29.11.2025 05:57:27; 16.125
 29.11.2025 06:00:26; 16.063
 29.11.2025 06:03:27; 16.063
 29.11.2025 06:06:27; 16.063
 29.11.2025 06:09:26; 16.063
 29.11.2025 06:12:27; 16.063
 29.11.2025 06:15:27; 16.063
 29.11.2025 06:18:26; 16.125
 29.11.2025 06:21:27; 16.125
 29.11.2025 06:24:26; 16.125
 29.11.2025 06:27:26; 16.125
 29.11.2025 06:30:27; 16.125
 29.11.2025 06:33:26; 16.125
 29.11.2025 06:36:26; 16.125
 29.11.2025 06:39:27; 16.063
 29.11.2025 06:42:27; 16.063
 29.11.2025 06:45:26; 16.063
 29.11.2025 06:48:27; 16.063
 29.11.2025 06:51:27; 16.063
 29.11.2025 06:54:26; 16.125
 29.11.2025 06:57:27; 16.125
 29.11.2025 07:00:27; 16.125
 29.11.2025 07:03:26; 16.063
 29.11.2025 07:06:27; 16.063
 29.11.2025 07:09:26; 16.063
 29.11.2025 07:12:26; 16.063
 29.11.2025 07:15:27; 16.000
 29.11.2025 07:18:26; 16.000
 29.11.2025 07:21:26; 16.000
 29.11.2025 07:24:27; 16.000
 29.11.2025 07:27:27; 16.000
 29.11.2025 07:30:26; 16.000
 29.11.2025 07:33:27; 16.000
 29.11.2025 07:36:27; 16.000
 29.11.2025 07:39:26; 16.000
 29.11.2025 07:42:27; 16.000
 29.11.2025 07:45:27; 16.000
 29.11.2025 07:48:26; 16.000
 29.11.2025 07:51:27; 16.063
 29.11.2025 07:54:26; 16.063
 29.11.2025 07:57:26; 16.063
 29.11.2025 08:00:27; 16.125
 29.11.2025 08:03:26; 16.125
 29.11.2025 08:06:26; 16.125
 29.11.2025 08:09:27; 16.125
 29.11.2025 08:12:27; 16.125
 29.11.2025 08:15:26; 16.125
 29.11.2025 08:18:27; 16.125
 29.11.2025 08:21:27; 16.063
 29.11.2025 08:24:26; 16.063
 29.11.2025 08:27:27; 16.063
 29.11.2025 08:30:27; 16.063
 29.11.2025 08:33:26; 16.063
 29.11.2025 08:36:27; 16.063
 29.11.2025 08:39:26; 16.063
 29.11.2025 08:42:26; 16.125
 29.11.2025 08:45:27; 16.125
 29.11.2025 08:48:26; 16.125
 29.11.2025 08:51:26; 16.125
 29.11.2025 08:54:27; 16.125
 29.11.2025 08:57:27; 16.125
 29.11.2025 09:00:26; 16.188
 29.11.2025 09:03:27; 16.188
 29.11.2025 09:06:27; 16.188
 29.11.2025 09:09:26; 16.188
 29.11.2025 09:12:27; 16.188
 29.11.2025 09:15:27; 16.125
 29.11.2025 09:18:26; 16.125
 29.11.2025 09:21:27; 16.188
 29.11.2025 09:24:26; 16.188
 29.11.2025 09:27:26; 16.188
 29.11.2025 09:30:27; 16.188
 29.11.2025 09:33:26; 16.188
 29.11.2025 09:36:26; 16.188
 29.11.2025 09:39:27; 16.188
 29.11.2025 09:42:27; 16.188
 29.11.2025 09:45:26; 16.188
 29.11.2025 09:48:27; 16.188
 29.11.2025 09:51:27; 16.188
 29.11.2025 09:54:26; 16.188
 29.11.2025 09:57:27; 16.188
 29.11.2025 10:00:27; 16.125
 29.11.2025 10:03:26; 16.188
 29.11.2025 10:06:27; 16.188
 29.11.2025 10:09:26; 16.125
 29.11.2025 10:12:26; 16.125
 29.11.2025 10:15:27; 16.125
 29.11.2025 10:18:26; 16.125
 29.11.2025 10:21:26; 16.188
 29.11.2025 10:24:27; 16.188
 29.11.2025 10:27:27; 16.188
 29.11.2025 10:30:26; 16.188
 29.11.2025 10:33:27; 16.188
 29.11.2025 10:36:27; 16.188
 29.11.2025 10:39:26; 16.188
 29.11.2025 10:42:27; 16.188
 29.11.2025 10:45:27; 16.188
 29.11.2025 10:48:26; 16.188
 29.11.2025 10:51:27; 16.188
 29.11.2025 10:54:26; 16.188
 29.11.2025 10:57:26; 16.188
 29.11.2025 11:00:27; 16.188
 29.11.2025 11:03:26; 16.188
 29.11.2025 11:06:26; 16.188
 29.11.2025 11:09:27; 16.250
 29.11.2025 11:12:27; 16.250
 29.11.2025 11:15:26; 16.250
 29.11.2025 11:18:27; 16.250
 29.11.2025 11:21:27; 16.313
 29.11.2025 11:24:26; 16.313
 29.11.2025 11:27:27; 16.313
 29.11.2025 11:30:27; 16.375
 29.11.2025 11:33:26; 16.375
 29.11.2025 11:36:27; 16.375
 29.11.2025 11:39:26; 16.438
 29.11.2025 11:42:26; 16.438
 29.11.2025 11:45:27; 16.500
 29.11.2025 11:48:26; 16.500
 29.11.2025 11:51:26; 16.500
 29.11.2025 11:54:27; 16.500
 29.11.2025 11:57:27; 16.563
 29.11.2025 12:00:26; 16.563
 29.11.2025 12:03:27; 16.563
 29.11.2025 12:06:27; 16.563
 29.11.2025 12:09:26; 16.563
 29.11.2025 12:12:27; 16.563
 29.11.2025 12:15:27; 16.563
 29.11.2025 12:18:26; 16.563
 29.11.2025 12:21:27; 16.563
 29.11.2025 12:24:26; 16.563
 29.11.2025 12:27:26; 16.625
 29.11.2025 12:30:27; 16.625
 29.11.2025 12:33:26; 16.625
 29.11.2025 12:36:26; 16.625
 29.11.2025 12:39:27; 16.625
 29.11.2025 12:42:27; 16.688
 29.11.2025 12:45:26; 16.688
 29.11.2025 12:48:27; 16.750
 29.11.2025 12:51:27; 16.813
 29.11.2025 12:54:26; 16.813
 29.11.2025 12:57:27; 16.875
 29.11.2025 13:00:27; 16.875
 29.11.2025 13:03:26; 16.938
 29.11.2025 13:06:27; 16.938
 29.11.2025 13:09:26; 16.938
 29.11.2025 13:12:26; 16.875
 29.11.2025 13:15:27; 16.875
 29.11.2025 13:18:26; 16.938
 29.11.2025 13:21:26; 17.000
 29.11.2025 13:24:27; 17.063
 29.11.2025 13:27:27; 17.125
 29.11.2025 13:30:26; 17.188
 29.11.2025 13:33:27; 17.188
 29.11.2025 13:36:27; 17.250
 29.11.2025 13:39:26; 17.250
 29.11.2025 13:42:27; 17.250
 29.11.2025 13:45:27; 17.250
 29.11.2025 13:48:26; 17.250
 29.11.2025 13:51:27; 17.313
 29.11.2025 13:54:26; 17.313
 29.11.2025 13:57:26; 17.313
 29.11.2025 14:00:27; 17.313
 29.11.2025 14:03:26; 17.313
 29.11.2025 14:06:26; 17.375
 29.11.2025 14:09:27; 17.438
 29.11.2025 14:12:27; 17.500
 29.11.2025 14:15:26; 17.500
 29.11.2025 14:18:27; 17.500
 29.11.2025 14:21:27; 17.563
 29.11.2025 14:24:26; 17.688
 29.11.2025 14:27:27; 17.750
 29.11.2025 14:30:27; 17.938
 29.11.2025 14:33:26; 18.125
 29.11.2025 14:36:27; 18.313
 29.11.2025 14:39:26; 18.375
 29.11.2025 14:42:26; 18.375
 29.11.2025 14:45:27; 18.313
 29.11.2025 14:48:26; 18.313
 29.11.2025 14:51:26; 18.375
 29.11.2025 14:54:27; 18.313
 29.11.2025 14:57:27; 18.188
 29.11.2025 15:00:26; 18.188
 29.11.2025 15:03:27; 18.188
 29.11.2025 15:06:27; 18.188
 29.11.2025 15:09:26; 18.188
 29.11.2025 15:12:27; 18.250
 29.11.2025 15:15:27; 18.438
 29.11.2025 15:18:26; 18.625
 29.11.2025 15:21:27; 18.688
 29.11.2025 15:24:26; 18.750
 29.11.2025 15:27:26; 18.813
 29.11.2025 15:30:27; 18.813
 29.11.2025 15:33:26; 18.938
 29.11.2025 15:36:26; 19.313
 29.11.2025 15:39:27; 19.625
 29.11.2025 15:42:27; 19.500
 29.11.2025 15:45:26; 19.188
 29.11.2025 15:48:27; 19.375
 29.11.2025 15:51:27; 20.875
 29.11.2025 15:54:26; 21.625
 29.11.2025 15:57:27; 21.000
 29.11.2025 16:00:27; 20.688
 29.11.2025 16:03:26; 20.813
 29.11.2025 16:06:27; 20.938
 29.11.2025 16:09:26; 21.188
 29.11.2025 16:12:26; 21.375
 29.11.2025 16:15:27; 22.188
 29.11.2025 16:18:26; 23.188
 29.11.2025 16:21:26; 23.750
 29.11.2025 16:24:27; 23.438
 29.11.2025 16:27:27; 23.250
 29.11.2025 16:30:26; 22.750
 29.11.2025 16:33:27; 22.625
 29.11.2025 16:36:27; 22.313
 29.11.2025 16:39:26; 21.875
 29.11.2025 16:42:27; 21.375
 29.11.2025 16:45:27; 20.938
 29.11.2025 16:48:26; 20.875
 29.11.2025 16:51:27; 20.938
 29.11.2025 16:54:26; 20.875
 29.11.2025 16:57:26; 20.750
 29.11.2025 17:00:27; 20.750
 29.11.2025 17:03:26; 20.625
 29.11.2025 17:06:26; 20.625
 29.11.2025 17:09:27; 20.688
 29.11.2025 17:12:27; 20.750
 29.11.2025 17:15:26; 20.938
 29.11.2025 17:18:27; 22.313
 29.11.2025 17:21:27; 23.125
 29.11.2025 17:24:26; 23.875
 29.11.2025 17:27:27; 25.125
 29.11.2025 17:30:27; 25.438
 29.11.2025 17:33:26; 25.438
 29.11.2025 17:36:27; 26.313
 29.11.2025 17:39:26; 26.188
 29.11.2025 17:42:26; 26.500
 29.11.2025 17:45:27; 25.188
 29.11.2025 17:48:26; 24.000
 29.11.2025 17:51:26; 23.750
 29.11.2025 17:54:27; 23.688
 29.11.2025 17:57:27; 22.875
 29.11.2025 18:00:26; 22.500
 29.11.2025 18:03:27; 22.188
 29.11.2025 18:06:27; 21.938
 29.11.2025 18:09:26; 21.750
 29.11.2025 18:12:27; 21.563
 29.11.2025 18:15:27; 21.375
 29.11.2025 18:18:26; 21.188
 29.11.2025 18:21:27; 20.875
 29.11.2025 18:24:26; 20.500
 29.11.2025 18:27:26; 20.000
 29.11.2025 18:30:27; 19.500
 29.11.2025 18:33:26; 19.250
 29.11.2025 18:36:26; 19.000
 29.11.2025 18:39:27; 18.688
 29.11.2025 18:42:27; 18.438
 29.11.2025 18:45:26; 18.688
 29.11.2025 18:48:27; 18.750
 29.11.2025 18:51:27; 18.813
 29.11.2025 18:54:26; 18.625
 29.11.2025 18:57:27; 18.500
 29.11.2025 19:00:27; 18.500
 29.11.2025 19:03:26; 18.375
 29.11.2025 19:06:27; 18.313
 29.11.2025 19:09:26; 18.125
 29.11.2025 19:12:26; 17.875
 29.11.2025 19:15:27; 17.688
 29.11.2025 19:18:26; 17.500
 29.11.2025 19:21:26; 17.250
 29.11.2025 19:24:27; 17.000
 29.11.2025 19:27:27; 17.000
 29.11.2025 19:30:26; 17.063
 29.11.2025 19:33:27; 17.125
 29.11.2025 19:36:27; 17.313
 29.11.2025 19:39:26; 17.688
 29.11.2025 19:42:27; 18.188
 29.11.2025 19:45:27; 18.813
 29.11.2025 19:48:26; 21.375
 29.11.2025 19:51:27; 24.438
 29.11.2025 19:54:26; 26.063
 29.11.2025 19:57:26; 27.750
 29.11.2025 20:00:27; 28.000
 29.11.2025 20:03:26; 29.688
 29.11.2025 20:06:26; 30.813
 29.11.2025 20:09:27; 32.063
 29.11.2025 20:12:27; 33.438
 29.11.2025 20:15:26; 34.063
 29.11.2025 20:18:27; 33.000
 29.11.2025 20:21:27; 33.625
 29.11.2025 20:24:26; 34.000
 29.11.2025 20:27:27; 34.750
 29.11.2025 20:30:27; 35.000
 29.11.2025 20:33:26; 32.938
 29.11.2025 20:36:27; 32.938
 29.11.2025 20:39:26; 32.188
 29.11.2025 20:42:26; 33.625
 29.11.2025 20:45:27; 34.813
 29.11.2025 20:48:26; 34.938
 29.11.2025 20:51:26; 35.563
 29.11.2025 20:54:27; 35.688
 29.11.2025 20:57:27; 35.250
 29.11.2025 21:00:26; 35.875
 29.11.2025 21:03:27; 35.750
 29.11.2025 21:06:27; 36.313
 29.11.2025 21:09:26; 36.438
 29.11.2025 21:12:27; 36.188
 29.11.2025 21:15:27; 36.500
 29.11.2025 21:18:26; 35.250
 29.11.2025 21:21:27; 35.063
 29.11.2025 21:24:26; 34.688
 29.11.2025 21:27:26; 35.000
 29.11.2025 21:30:27; 35.313
 29.11.2025 21:33:26; 34.000
 29.11.2025 21:36:26; 32.563
 29.11.2025 21:39:27; 29.063
 29.11.2025 21:42:27; 26.625
 29.11.2025 21:45:26; 25.000
 29.11.2025 21:48:27; 24.000
 29.11.2025 21:51:27; 23.000
 29.11.2025 21:54:26; 22.563
 29.11.2025 21:57:27; 22.188
 29.11.2025 22:00:27; 21.813
 29.11.2025 22:03:26; 21.500
 29.11.2025 22:06:27; 21.438
 29.11.2025 22:09:26; 21.188
 29.11.2025 22:12:26; 20.938
 29.11.2025 22:15:27; 20.875
 29.11.2025 22:18:26; 20.750
 29.11.2025 22:21:26; 20.625
 29.11.2025 22:24:27; 20.500
 29.11.2025 22:27:27; 20.250
 29.11.2025 22:30:26; 20.063
 29.11.2025 22:33:27; 19.875
 29.11.2025 22:36:27; 19.688
 29.11.2025 22:39:26; 19.438
 29.11.2025 22:42:27; 19.188
 29.11.2025 22:45:27; 19.000
 29.11.2025 22:48:26; 18.750
 29.11.2025 22:51:27; 18.625
 29.11.2025 22:54:26; 18.375
 29.11.2025 22:57:26; 18.188
 29.11.2025 23:00:27; 18.125
 29.11.2025 23:03:26; 18.063
 29.11.2025 23:06:26; 17.938
 29.11.2025 23:09:27; 17.813
 29.11.2025 23:12:27; 17.688
 29.11.2025 23:15:26; 17.625
 29.11.2025 23:18:27; 17.500
 29.11.2025 23:21:27; 17.438
 29.11.2025 23:24:26; 17.375
 29.11.2025 23:27:27; 17.313
 29.11.2025 23:30:27; 17.250
 29.11.2025 23:33:26; 17.250
 29.11.2025 23:36:27; 17.250
 29.11.2025 23:39:26; 17.250
 29.11.2025 23:42:26; 17.250
 29.11.2025 23:45:27; 17.250
 29.11.2025 23:48:26; 17.313
 29.11.2025 23:51:26; 17.313
 29.11.2025 23:54:27; 17.438
 29.11.2025 23:57:27; 17.438
 30.11.2025 00:00:26; 17.500
 30.11.2025 00:03:27; 17.500
 30.11.2025 00:06:27; 17.438
 30.11.2025 00:09:26; 17.438
 30.11.2025 00:12:27; 17.438
 30.11.2025 00:15:27; 17.438
 30.11.2025 00:18:26; 17.438
 30.11.2025 00:21:27; 17.375
 30.11.2025 00:24:26; 17.313
 30.11.2025 00:27:26; 17.313
 30.11.2025 00:30:27; 17.313
 30.11.2025 00:33:26; 17.313
 30.11.2025 00:36:26; 17.313
 30.11.2025 00:39:27; 17.313
 30.11.2025 00:42:27; 17.313
 30.11.2025 00:45:26; 17.688
 30.11.2025 00:48:27; 18.000
 30.11.2025 00:51:27; 18.188
 30.11.2025 00:54:26; 18.375
 30.11.2025 00:57:27; 18.438
 30.11.2025 01:00:27; 18.625
 30.11.2025 01:03:26; 18.563
 30.11.2025 01:06:27; 18.500
 30.11.2025 01:09:26; 18.563
 30.11.2025 01:12:26; 18.563
 30.11.2025 01:15:27; 18.500
 30.11.2025 01:18:26; 18.375
 30.11.2025 01:21:26; 18.250
 30.11.2025 01:24:27; 18.250
 30.11.2025 01:27:27; 18.375
 30.11.2025 01:30:26; 18.250
 30.11.2025 01:33:27; 18.250
 30.11.2025 01:36:27; 18.250
 30.11.2025 01:39:26; 18.000
 30.11.2025 01:42:27; 17.750
 30.11.2025 01:45:27; 17.500
 30.11.2025 01:48:26; 17.375
 30.11.2025 01:51:27; 17.188
 30.11.2025 01:54:26; 17.000
 30.11.2025 01:57:26; 17.000
 30.11.2025 02:00:27; 16.938
 30.11.2025 02:03:26; 16.813
 30.11.2025 02:06:26; 16.688
 30.11.2025 02:09:27; 16.625
 30.11.2025 02:12:27; 16.563
 30.11.2025 02:15:26; 16.500
 30.11.2025 02:18:27; 16.438
 30.11.2025 02:21:27; 16.438
 30.11.2025 02:24:26; 16.438
 30.11.2025 02:27:27; 16.438
 30.11.2025 02:30:27; 16.375
 30.11.2025 02:33:26; 16.375
 30.11.2025 02:36:27; 16.313
 30.11.2025 02:39:26; 16.313
 30.11.2025 02:42:26; 16.250
 30.11.2025 02:45:27; 16.313
 30.11.2025 02:48:26; 16.313
 30.11.2025 02:51:26; 16.375
 30.11.2025 02:54:27; 16.375
 30.11.2025 02:57:27; 16.313
 30.11.2025 03:00:26; 16.313
 30.11.2025 03:03:27; 16.250
 30.11.2025 03:06:27; 16.250
 30.11.2025 03:09:26; 16.188
 30.11.2025 03:12:27; 16.188
 30.11.2025 03:15:27; 16.125
 30.11.2025 03:18:26; 16.063
 30.11.2025 03:21:27; 16.063
 30.11.2025 03:24:26; 16.000
 30.11.2025 03:27:26; 16.000
 30.11.2025 03:30:27; 16.000
 30.11.2025 03:33:26; 16.063
 30.11.2025 03:36:26; 16.063
 30.11.2025 03:39:27; 16.063
 30.11.2025 03:42:27; 16.063
 30.11.2025 03:45:26; 16.125
 30.11.2025 03:48:27; 16.188
 30.11.2025 03:51:27; 16.188
 30.11.2025 03:54:26; 16.125
 30.11.2025 03:57:27; 16.125
 30.11.2025 04:00:27; 16.125
 30.11.2025 04:03:26; 16.063
 30.11.2025 04:06:27; 16.063
 30.11.2025 04:09:26; 16.000
 30.11.2025 04:12:26; 15.875
 30.11.2025 04:15:27; 15.875
 30.11.2025 04:18:26; 15.938
 30.11.2025 04:21:26; 16.000
 30.11.2025 04:24:27; 16.000
 30.11.2025 04:27:27; 15.938
 30.11.2025 04:30:26; 15.875
 30.11.2025 04:33:27; 15.875
 30.11.2025 04:36:27; 15.813
 30.11.2025 04:39:26; 15.813
 30.11.2025 04:42:27; 15.875
 30.11.2025 04:45:27; 15.813
 30.11.2025 04:48:26; 15.750
 30.11.2025 04:51:27; 15.688
 30.11.2025 04:54:26; 15.688
 30.11.2025 04:57:26; 15.625
 30.11.2025 05:00:27; 15.625
 30.11.2025 05:03:26; 15.688
 30.11.2025 05:06:26; 15.688
 30.11.2025 05:09:27; 15.688
 30.11.2025 05:12:27; 15.750
 30.11.2025 05:15:26; 15.750
 30.11.2025 05:18:27; 15.750
 30.11.2025 05:21:27; 15.813
 30.11.2025 05:24:26; 15.813
 30.11.2025 05:27:27; 15.813
 30.11.2025 05:30:27; 15.813
 30.11.2025 05:33:26; 15.813
 30.11.2025 05:36:27; 15.813
 30.11.2025 05:39:26; 15.813
 30.11.2025 05:42:26; 15.813
 30.11.2025 05:45:27; 15.875
 30.11.2025 05:48:26; 15.938
 30.11.2025 05:51:26; 16.000
 30.11.2025 05:54:27; 16.063
 30.11.2025 05:57:27; 16.063
 30.11.2025 06:00:26; 16.063
 30.11.2025 06:03:27; 16.063
 30.11.2025 06:06:27; 16.063
 30.11.2025 06:09:26; 16.000
 30.11.2025 06:12:27; 15.938
 30.11.2025 06:15:27; 15.875
 30.11.2025 06:18:26; 15.750
 30.11.2025 06:21:27; 15.750
 30.11.2025 06:24:26; 15.750
 30.11.2025 06:27:26; 15.688
 30.11.2025 06:30:27; 15.688
 30.11.2025 06:33:26; 15.625
 30.11.2025 06:36:26; 15.625
 30.11.2025 06:39:27; 15.625
 30.11.2025 06:42:27; 15.625
 30.11.2025 06:45:26; 15.625
 30.11.2025 06:48:27; 15.563
 30.11.2025 06:51:27; 15.563
 30.11.2025 06:54:26; 15.500
 30.11.2025 06:57:27; 15.500
 30.11.2025 07:00:27; 15.563
 30.11.2025 07:03:26; 15.563
 30.11.2025 07:06:27; 15.500
 30.11.2025 07:09:26; 15.500
 30.11.2025 07:12:26; 15.438
 30.11.2025 07:15:27; 15.375
 30.11.2025 07:18:26; 15.313
 30.11.2025 07:21:26; 15.250
 30.11.2025 07:24:27; 15.188
 30.11.2025 07:27:27; 15.063
 30.11.2025 07:30:26; 15.000
 30.11.2025 07:33:27; 14.938
 30.11.2025 07:36:27; 14.813
 30.11.2025 07:39:26; 14.750
 30.11.2025 07:42:27; 14.688
 30.11.2025 07:45:27; 14.688
 30.11.2025 07:48:26; 14.688
 30.11.2025 07:51:27; 14.625
 30.11.2025 07:54:26; 14.625
 30.11.2025 07:57:26; 14.625
 30.11.2025 08:00:27; 14.563
 30.11.2025 08:03:26; 14.563
 30.11.2025 08:06:26; 14.563
 30.11.2025 08:09:27; 14.563
 30.11.2025 08:12:27; 14.500
 30.11.2025 08:15:26; 14.500
 30.11.2025 08:18:27; 14.500
 30.11.2025 08:21:27; 14.500
 30.11.2025 08:24:26; 14.500
 30.11.2025 08:27:27; 14.500
 30.11.2025 08:30:27; 14.500
 30.11.2025 08:33:26; 14.500
 30.11.2025 08:36:27; 14.500
 30.11.2025 08:39:26; 14.500
 30.11.2025 08:42:26; 14.500
 30.11.2025 08:45:27; 14.500
 30.11.2025 08:48:26; 14.500
 30.11.2025 08:51:26; 14.500
 30.11.2025 08:54:27; 14.500
 30.11.2025 08:57:27; 14.438
 30.11.2025 09:00:26; 14.438
 30.11.2025 09:03:27; 14.438
 30.11.2025 09:06:27; 14.438
 30.11.2025 09:09:26; 14.438
 30.11.2025 09:12:27; 14.438
 30.11.2025 09:15:27; 14.438
 30.11.2025 09:18:26; 14.438
 30.11.2025 09:21:27; 14.438
 30.11.2025 09:24:26; 14.438
 30.11.2025 09:27:26; 14.438
 30.11.2025 09:30:27; 14.438
 30.11.2025 09:33:26; 14.500
 30.11.2025 09:36:26; 14.500
 30.11.2025 09:39:27; 14.500
 30.11.2025 09:42:27; 14.500
 30.11.2025 09:45:26; 14.500
 30.11.2025 09:48:27; 14.563
 30.11.2025 09:51:27; 14.563
 30.11.2025 09:54:26; 14.625
 30.11.2025 09:57:27; 14.625
 30.11.2025 10:00:27; 14.625
 30.11.2025 10:03:26; 14.688
 30.11.2025 10:06:27; 14.688
 30.11.2025 10:09:26; 14.688
 30.11.2025 10:12:26; 14.750
 30.11.2025 10:15:27; 14.750
 30.11.2025 10:18:26; 14.750
 30.11.2025 10:21:26; 14.750
 30.11.2025 10:24:27; 14.813
 30.11.2025 10:27:27; 14.813
 30.11.2025 10:30:26; 14.813
 30.11.2025 10:33:27; 14.813
 30.11.2025 10:36:27; 14.875
 30.11.2025 10:39:26; 14.875
 30.11.2025 10:42:27; 14.875
 30.11.2025 10:45:27; 14.938
 30.11.2025 10:48:26; 14.938
 30.11.2025 10:51:27; 14.938
 30.11.2025 10:54:26; 15.000
 30.11.2025 10:57:26; 15.000
 30.11.2025 11:00:27; 15.063
 30.11.2025 11:03:26; 15.063
 30.11.2025 11:06:26; 15.125
 30.11.2025 11:09:27; 15.188
 30.11.2025 11:12:27; 15.188
 30.11.2025 11:15:26; 15.250
 30.11.2025 11:18:27; 15.313
 30.11.2025 11:21:27; 15.313
 30.11.2025 11:24:26; 15.375
 30.11.2025 11:27:27; 15.438
 30.11.2025 11:30:27; 15.500
 30.11.2025 11:33:26; 15.563
 30.11.2025 11:36:27; 15.625
 30.11.2025 11:39:26; 15.688
 30.11.2025 11:42:26; 15.750
 30.11.2025 11:45:27; 15.750
 30.11.2025 11:48:26; 15.750
 30.11.2025 11:51:26; 15.813
 30.11.2025 11:54:27; 15.813
 30.11.2025 11:57:27; 15.875
 30.11.2025 12:00:26; 16.000
 30.11.2025 12:03:27; 16.125
 30.11.2025 12:06:27; 16.313
 30.11.2025 12:09:26; 16.438
 30.11.2025 12:12:27; 16.500
 30.11.2025 12:15:27; 16.500
 30.11.2025 12:18:26; 16.563
 30.11.2025 12:21:27; 16.813
 30.11.2025 12:24:26; 16.875
 30.11.2025 12:27:26; 17.063
 30.11.2025 12:30:27; 17.063
 30.11.2025 12:33:26; 17.063
 30.11.2025 12:36:26; 17.250
 30.11.2025 12:39:27; 17.375
 30.11.2025 12:42:27; 17.250
 30.11.2025 12:45:26; 17.125
 30.11.2025 12:48:27; 17.063
 30.11.2025 12:51:27; 17.063
 30.11.2025 12:54:26; 17.125
 30.11.2025 12:57:27; 17.375
 30.11.2025 13:00:27; 17.625
 30.11.2025 13:03:26; 17.625
 30.11.2025 13:06:27; 17.500
 30.11.2025 13:09:26; 17.500
 30.11.2025 13:12:26; 17.438
 30.11.2025 13:15:27; 17.438
 30.11.2025 13:18:26; 17.438
 30.11.2025 13:21:26; 17.563
 30.11.2025 13:24:27; 17.625
 30.11.2025 13:27:27; 17.750
 30.11.2025 13:30:26; 17.875
 30.11.2025 13:33:27; 17.875
 30.11.2025 13:36:27; 17.938
 30.11.2025 13:39:26; 18.063
 30.11.2025 13:42:27; 18.125
 30.11.2025 13:45:27; 18.313
 30.11.2025 13:48:26; 18.500
 30.11.2025 13:51:27; 18.688
 30.11.2025 13:54:26; 18.688
 30.11.2025 13:57:26; 18.625
 30.11.2025 14:00:27; 18.625
 30.11.2025 14:03:26; 18.813
 30.11.2025 14:06:26; 18.875
 30.11.2025 14:09:27; 18.938
 30.11.2025 14:12:27; 19.063
 30.11.2025 14:15:26; 19.375
 30.11.2025 14:18:27; 19.813
 30.11.2025 14:21:27; 19.875
 30.11.2025 14:24:26; 19.938
 30.11.2025 14:27:27; 20.125
 30.11.2025 14:30:27; 20.125
 30.11.2025 14:33:26; 20.188
 30.11.2025 14:36:27; 20.313
 30.11.2025 14:39:26; 20.500
 30.11.2025 14:42:26; 20.875
 30.11.2025 14:45:27; 20.438
 30.11.2025 14:48:26; 20.188
 30.11.2025 14:51:26; 20.438
 30.11.2025 14:54:27; 20.688
 30.11.2025 14:57:27; 20.750
 30.11.2025 15:00:26; 20.875
 30.11.2025 15:03:27; 20.688
 30.11.2025 15:06:27; 20.563
 30.11.2025 15:09:26; 20.500
 30.11.2025 15:12:27; 21.000
 30.11.2025 15:15:27; 20.875
 30.11.2025 15:18:26; 21.063
 30.11.2025 15:21:27; 21.625
 30.11.2025 15:24:26; 21.625
 30.11.2025 15:27:26; 21.625
 30.11.2025 15:30:27; 21.875
 30.11.2025 15:33:26; 22.438
 30.11.2025 15:36:26; 22.938
 30.11.2025 15:39:27; 23.313
 30.11.2025 15:42:27; 23.375
 30.11.2025 15:45:26; 23.563
 30.11.2025 15:48:27; 23.688
 30.11.2025 15:51:27; 24.063
 30.11.2025 15:54:26; 23.750
 30.11.2025 15:57:27; 23.688
 30.11.2025 16:00:27; 24.188
 30.11.2025 16:03:26; 24.250
 30.11.2025 16:06:27; 24.250
 30.11.2025 16:09:26; 23.563
 30.11.2025 16:12:26; 22.938
 30.11.2025 16:15:27; 22.563
 30.11.2025 16:18:26; 22.563
 30.11.2025 16:21:26; 22.125
 30.11.2025 16:24:27; 21.875
 30.11.2025 16:27:27; 21.750
 30.11.2025 16:30:26; 21.750
 30.11.2025 16:33:27; 21.875
 30.11.2025 16:36:27; 21.875
 30.11.2025 16:39:26; 21.750
 30.11.2025 16:42:27; 21.625
 30.11.2025 16:45:27; 21.625
 30.11.2025 16:48:26; 22.125
 30.11.2025 16:51:27; 23.063
 30.11.2025 16:54:26; 23.938
 30.11.2025 16:57:26; 24.938
 30.11.2025 17:00:27; 26.000
 30.11.2025 17:03:26; 25.938
 30.11.2025 17:06:26; 25.250
 30.11.2025 17:09:27; 25.563
 30.11.2025 17:12:27; 25.438
 30.11.2025 17:15:26; 25.063
 30.11.2025 17:18:27; 25.188
 30.11.2025 17:21:27; 26.000
 30.11.2025 17:24:26; 25.438
 30.11.2025 17:27:27; 24.625
 30.11.2025 17:30:27; 24.313
 30.11.2025 17:33:26; 25.188
 30.11.2025 17:36:27; 25.250
 30.11.2025 17:39:26; 24.875
 30.11.2025 17:42:26; 24.938
 30.11.2025 17:45:27; 25.250
 30.11.2025 17:48:26; 27.188
 30.11.2025 17:51:26; 28.500
 30.11.2025 17:54:27; 27.875
 30.11.2025 17:57:27; 28.313
 30.11.2025 18:00:26; 29.188
 30.11.2025 18:03:27; 29.563
 30.11.2025 18:06:27; 30.063
 30.11.2025 18:09:26; 30.250
 30.11.2025 18:12:27; 30.813
 30.11.2025 18:15:27; 31.375
 30.11.2025 18:18:26; 31.500
 30.11.2025 18:21:27; 31.875
 30.11.2025 18:24:26; 32.125
 30.11.2025 18:27:26; 32.250
 30.11.2025 18:30:27; 31.938
 30.11.2025 18:33:26; 31.500
 30.11.2025 18:36:26; 30.250
 30.11.2025 18:39:27; 30.500
 30.11.2025 18:42:27; 31.000
 30.11.2025 18:45:26; 31.938
 30.11.2025 18:48:27; 31.875
 30.11.2025 18:51:27; 32.813
 30.11.2025 18:54:26; 33.688
 30.11.2025 18:57:27; 33.813
 30.11.2025 19:00:27; 34.250
 30.11.2025 19:03:26; 34.313
 30.11.2025 19:06:27; 34.313
 30.11.2025 19:09:26; 34.625
 30.11.2025 19:12:26; 35.000
 30.11.2025 19:15:27; 34.625
 30.11.2025 19:18:26; 33.875
 30.11.2025 19:21:26; 34.188
 30.11.2025 19:24:27; 34.500
 30.11.2025 19:27:27; 34.438
 30.11.2025 19:30:26; 34.938
 30.11.2025 19:33:27; 35.375
 30.11.2025 19:36:27; 36.188
 30.11.2025 19:39:26; 36.813
 30.11.2025 19:42:27; 36.000
 30.11.2025 19:45:27; 36.875
 30.11.2025 19:48:26; 37.625
 30.11.2025 19:51:27; 37.188
 30.11.2025 19:54:26; 34.813
 30.11.2025 19:57:26; 35.125
 30.11.2025 20:00:27; 36.000
 30.11.2025 20:03:26; 37.000
 30.11.2025 20:06:26; 38.563
 30.11.2025 20:09:27; 38.688
 30.11.2025 20:12:27; 39.063
 30.11.2025 20:15:26; 39.750
 30.11.2025 20:18:27; 39.688
 30.11.2025 20:21:27; 39.750
 30.11.2025 20:24:26; 38.813
 30.11.2025 20:27:27; 38.563
 30.11.2025 20:30:27; 38.063
 30.11.2025 20:33:26; 37.813
 30.11.2025 20:36:27; 37.813
 30.11.2025 20:39:26; 37.938
 30.11.2025 20:42:26; 37.813
 30.11.2025 20:45:27; 36.875
 30.11.2025 20:48:26; 36.875
 30.11.2025 20:51:26; 35.500
 30.11.2025 20:54:27; 34.875
 30.11.2025 20:57:27; 34.438
 30.11.2025 21:00:26; 33.938
 30.11.2025 21:03:27; 34.313
 30.11.2025 21:06:27; 34.563
 30.11.2025 21:09:26; 34.188
 30.11.2025 21:12:27; 34.375
 30.11.2025 21:15:27; 35.313
 30.11.2025 21:18:26; 36.250
 30.11.2025 21:21:27; 36.500
 30.11.2025 21:24:26; 36.188
 30.11.2025 21:27:26; 36.750
 30.11.2025 21:30:27; 37.625
 30.11.2025 21:33:26; 37.063
 30.11.2025 21:36:26; 34.875
 30.11.2025 21:39:27; 31.875
 30.11.2025 21:42:27; 29.188
 30.11.2025 21:45:26; 27.438
 30.11.2025 21:48:27; 26.125
 30.11.2025 21:51:27; 25.313
 30.11.2025 21:54:26; 24.500
 30.11.2025 21:57:27; 24.000
 30.11.2025 22:00:27; 23.500
 30.11.2025 22:03:26; 23.250
 30.11.2025 22:06:27; 23.000
 30.11.2025 22:09:26; 22.813
 30.11.2025 22:12:26; 22.625
 30.11.2025 22:15:27; 22.375
 30.11.2025 22:18:26; 22.063
 30.11.2025 22:21:26; 21.875
 30.11.2025 22:24:27; 21.750
 30.11.2025 22:27:27; 21.563
 30.11.2025 22:30:26; 21.438
 30.11.2025 22:33:27; 21.313
 30.11.2025 22:36:27; 21.125
 30.11.2025 22:39:26; 21.063
 30.11.2025 22:42:27; 21.000
 30.11.2025 22:45:27; 20.875
 30.11.2025 22:48:26; 20.750
 30.11.2025 22:51:27; 20.438
 30.11.2025 22:54:26; 20.250
 30.11.2025 22:57:26; 20.250
 30.11.2025 23:00:27; 20.250
 30.11.2025 23:03:26; 20.188
 30.11.2025 23:06:26; 20.125
 30.11.2025 23:09:27; 20.063
 30.11.2025 23:12:27; 20.063
 30.11.2025 23:15:26; 19.938
 30.11.2025 23:18:27; 19.813
 30.11.2025 23:21:27; 19.750
 30.11.2025 23:24:26; 19.688
 30.11.2025 23:27:27; 19.500
 30.11.2025 23:30:27; 19.313
 30.11.2025 23:33:26; 19.125
 30.11.2025 23:36:27; 19.000
 30.11.2025 23:39:26; 18.750
 30.11.2025 23:42:26; 18.625
 30.11.2025 23:45:27; 18.563
 30.11.2025 23:48:26; 18.313
 30.11.2025 23:51:26; 18.125
 30.11.2025 23:54:27; 17.938
 30.11.2025 23:57:27; 17.750
 01.12.2025 00:00:26; 17.688
 01.12.2025 00:03:27; 17.750
 01.12.2025 00:06:27; 17.750
 01.12.2025 00:09:26; 17.750
 01.12.2025 00:12:27; 17.625
 01.12.2025 00:15:27; 17.625
 01.12.2025 00:18:26; 17.813
 01.12.2025 00:21:27; 17.625
 01.12.2025 00:24:26; 17.563
 01.12.2025 00:27:26; 17.625
 01.12.2025 00:30:27; 17.688
 01.12.2025 00:33:26; 17.625
 01.12.2025 00:36:26; 17.438
 01.12.2025 00:39:27; 17.438
 01.12.2025 00:42:27; 17.250
 01.12.2025 00:45:26; 17.063
 01.12.2025 00:48:27; 16.875
 01.12.2025 00:51:27; 16.750
 01.12.2025 00:54:26; 16.750
 01.12.2025 00:57:27; 16.625
 01.12.2025 01:00:27; 16.500
 01.12.2025 01:03:26; 16.375
 01.12.2025 01:06:27; 16.250
 01.12.2025 01:09:26; 16.125
 01.12.2025 01:12:26; 16.063
 01.12.2025 01:15:27; 16.000
 01.12.2025 01:18:26; 16.000
 01.12.2025 01:21:26; 15.938
 01.12.2025 01:24:27; 15.938
 01.12.2025 01:27:27; 15.813
 01.12.2025 01:30:26; 15.813
 01.12.2025 01:33:27; 15.750
 01.12.2025 01:36:27; 15.688
 01.12.2025 01:39:26; 15.688
 01.12.2025 01:42:27; 15.688
 01.12.2025 01:45:27; 15.688
 01.12.2025 01:48:26; 15.625
 01.12.2025 01:51:27; 15.625
 01.12.2025 01:54:26; 15.625
 01.12.2025 01:57:26; 15.625
 01.12.2025 02:00:27; 15.688
 01.12.2025 02:03:26; 15.688
 01.12.2025 02:06:26; 15.750
 01.12.2025 02:09:27; 15.750
 01.12.2025 02:12:27; 15.813
 01.12.2025 02:15:26; 15.813
 01.12.2025 02:18:27; 15.813
 01.12.2025 02:21:27; 15.750
 01.12.2025 02:24:26; 15.813
 01.12.2025 02:27:27; 15.750
 01.12.2025 02:30:27; 15.750
 01.12.2025 02:33:26; 15.688
 01.12.2025 02:36:27; 15.688
 01.12.2025 02:39:26; 15.625
 01.12.2025 02:42:26; 15.563
 01.12.2025 02:45:27; 15.563
 01.12.2025 02:48:26; 15.500
 01.12.2025 02:51:26; 15.438
 01.12.2025 02:54:27; 15.375
 01.12.2025 02:57:27; 15.313
 01.12.2025 03:00:26; 15.313
 01.12.2025 03:03:27; 15.250
 01.12.2025 03:06:27; 15.188
 01.12.2025 03:09:26; 15.125
 01.12.2025 03:12:27; 15.063
 01.12.2025 03:15:27; 15.063
 01.12.2025 03:18:26; 15.063
 01.12.2025 03:21:27; 15.063
 01.12.2025 03:24:26; 15.125
 01.12.2025 03:27:26; 15.125
 01.12.2025 03:30:27; 15.125
 01.12.2025 03:33:26; 15.188
 01.12.2025 03:36:26; 15.188
 01.12.2025 03:39:27; 15.125
 01.12.2025 03:42:27; 15.125
 01.12.2025 03:45:26; 15.125
 01.12.2025 03:48:27; 15.125
 01.12.2025 03:51:27; 15.125
 01.12.2025 03:54:26; 15.188
 01.12.2025 03:57:27; 15.188
 01.12.2025 04:00:27; 15.250
 01.12.2025 04:03:26; 15.313
 01.12.2025 04:06:27; 15.313
 01.12.2025 04:09:26; 15.375
 01.12.2025 04:12:26; 15.375
 01.12.2025 04:15:27; 15.438
 01.12.2025 04:18:26; 15.438
 01.12.2025 04:21:26; 15.438
 01.12.2025 04:24:27; 15.438
 01.12.2025 04:27:27; 15.375
 01.12.2025 04:30:26; 15.375
 01.12.2025 04:33:27; 15.313
 01.12.2025 04:36:27; 15.313
 01.12.2025 04:39:26; 15.250
 01.12.2025 04:42:27; 15.188
 01.12.2025 04:45:27; 15.188
 01.12.2025 04:48:26; 15.125
 01.12.2025 04:51:27; 15.125
 01.12.2025 04:54:26; 15.125
 01.12.2025 04:57:26; 15.188
 01.12.2025 05:00:27; 15.188
 01.12.2025 05:03:26; 15.125
 01.12.2025 05:06:26; 15.125
 01.12.2025 05:09:27; 15.063
 01.12.2025 05:12:27; 14.938
 01.12.2025 05:15:26; 14.875
 01.12.2025 05:18:27; 14.750
 01.12.2025 05:21:27; 14.625
 01.12.2025 05:24:26; 14.500
 01.12.2025 05:27:27; 14.375
 01.12.2025 05:30:27; 14.313
 01.12.2025 05:33:26; 14.188
 01.12.2025 05:36:27; 14.125
 01.12.2025 05:39:26; 14.000
 01.12.2025 05:42:26; 13.938
 01.12.2025 05:45:27; 13.938
 01.12.2025 05:48:26; 13.813
 01.12.2025 05:51:26; 13.750
 01.12.2025 05:54:27; 13.750
 01.12.2025 05:57:27; 13.688
 01.12.2025 06:00:26; 13.625
 01.12.2025 06:03:27; 13.625
 01.12.2025 06:06:27; 13.563
 01.12.2025 06:09:26; 13.500
 01.12.2025 06:12:27; 13.438
 01.12.2025 06:15:27; 13.375
 01.12.2025 06:18:26; 13.375
 01.12.2025 06:21:27; 13.313
 01.12.2025 06:24:26; 13.250
 01.12.2025 06:27:26; 13.250
 01.12.2025 06:30:27; 13.188
 01.12.2025 06:33:26; 13.188
 01.12.2025 06:36:26; 13.125
 01.12.2025 06:39:27; 13.063
 01.12.2025 06:42:27; 13.063
 01.12.2025 06:45:26; 13.063
 01.12.2025 06:48:27; 13.000
 01.12.2025 06:51:27; 13.000
 01.12.2025 06:54:26; 13.000
 01.12.2025 06:57:27; 13.000
 01.12.2025 07:00:27; 13.000
 01.12.2025 07:03:26; 13.000
 01.12.2025 07:06:27; 12.938
 01.12.2025 07:09:26; 12.938
 01.12.2025 07:12:26; 12.938
 01.12.2025 07:15:27; 12.875
 01.12.2025 07:18:26; 12.875
 01.12.2025 07:21:26; 12.813
 01.12.2025 07:24:27; 12.813
 01.12.2025 07:27:27; 12.750
 01.12.2025 07:30:26; 12.750
 01.12.2025 07:33:27; 12.688
 01.12.2025 07:36:27; 12.688
 01.12.2025 07:39:26; 12.688
 01.12.2025 07:42:27; 12.625
 01.12.2025 07:45:27; 12.625
 01.12.2025 07:48:26; 12.563
 01.12.2025 07:51:27; 12.563
 01.12.2025 07:54:26; 12.563
 01.12.2025 07:57:26; 12.563
 01.12.2025 08:00:27; 12.500
 01.12.2025 08:03:26; 12.563
 01.12.2025 08:06:26; 12.563
 01.12.2025 08:09:27; 12.563
 01.12.2025 08:12:27; 12.563
 01.12.2025 08:15:26; 12.500
 01.12.2025 08:18:27; 12.500
 01.12.2025 08:21:27; 12.438
 01.12.2025 08:24:26; 12.438
 01.12.2025 08:27:27; 12.438
 01.12.2025 08:30:27; 12.438
 01.12.2025 08:33:26; 12.375
 01.12.2025 08:36:27; 12.375
 01.12.2025 08:39:26; 12.313
 01.12.2025 08:42:26; 12.313
 01.12.2025 08:45:27; 12.313
 01.12.2025 08:48:26; 12.250
 01.12.2025 08:51:26; 12.250
 01.12.2025 08:54:27; 12.250
 01.12.2025 08:57:27; 12.250
 01.12.2025 09:00:26; 12.188
 01.12.2025 09:03:27; 12.188
 01.12.2025 09:06:27; 12.188
 01.12.2025 09:09:26; 12.188
 01.12.2025 09:12:27; 12.188
 01.12.2025 09:15:27; 12.188
 01.12.2025 09:18:26; 12.125
 01.12.2025 09:21:27; 12.125
 01.12.2025 09:24:26; 12.063
 01.12.2025 09:27:26; 12.063
 01.12.2025 09:30:27; 12.063
 01.12.2025 09:33:26; 12.000
 01.12.2025 09:36:26; 12.000
 01.12.2025 09:39:27; 12.000
 01.12.2025 09:42:27; 12.063
 01.12.2025 09:45:26; 12.125
 01.12.2025 09:48:27; 12.125
 01.12.2025 09:51:27; 12.125
 01.12.2025 09:54:26; 12.188
 01.12.2025 09:57:27; 12.188
 01.12.2025 10:00:27; 12.188
 01.12.2025 10:03:26; 12.188
 01.12.2025 10:06:27; 12.250
 01.12.2025 10:09:26; 12.250
 01.12.2025 10:12:26; 12.250
 01.12.2025 10:15:27; 12.313
 01.12.2025 10:18:26; 12.313
 01.12.2025 10:21:26; 12.375
 01.12.2025 10:24:27; 12.375
 01.12.2025 10:27:27; 12.375
 01.12.2025 10:30:26; 12.313
 01.12.2025 10:33:27; 12.313
 01.12.2025 10:36:27; 12.375
 01.12.2025 10:39:26; 12.375
 01.12.2025 10:42:27; 12.438
 01.12.2025 10:45:27; 12.563
 01.12.2025 10:48:26; 12.625
 01.12.2025 10:51:27; 12.750
 01.12.2025 10:54:26; 12.875
 01.12.2025 10:57:26; 13.000
 01.12.2025 11:00:27; 13.188
 01.12.2025 11:03:26; 13.313
 01.12.2025 11:06:26; 13.438
 01.12.2025 11:09:27; 13.625
 01.12.2025 11:12:27; 13.688
 01.12.2025 11:15:26; 13.938
 01.12.2025 11:18:27; 14.188
 01.12.2025 11:21:27; 14.250
 01.12.2025 11:24:26; 14.313
 01.12.2025 11:27:27; 14.438
 01.12.2025 11:30:27; 14.625
 01.12.2025 11:33:26; 14.750
 01.12.2025 11:36:27; 14.875
 01.12.2025 11:39:26; 14.938
 01.12.2025 11:42:26; 15.000
 01.12.2025 11:45:27; 15.188
 01.12.2025 11:48:26; 15.188
 01.12.2025 11:51:26; 15.125
 01.12.2025 11:54:27; 15.063
 01.12.2025 11:57:27; 15.188
 01.12.2025 12:00:26; 15.500
 01.12.2025 12:03:27; 15.688
 01.12.2025 12:06:27; 16.000
 01.12.2025 12:09:26; 15.938
 01.12.2025 12:12:27; 15.938
 01.12.2025 12:15:27; 16.125
 01.12.2025 12:18:26; 16.313
 01.12.2025 12:21:27; 16.500
 01.12.2025 12:24:26; 16.813
 01.12.2025 12:27:26; 17.000
 01.12.2025 12:30:27; 17.188
 01.12.2025 12:33:26; 17.313
 01.12.2025 12:36:26; 17.563
 01.12.2025 12:39:27; 17.688
 01.12.2025 12:42:27; 17.938
 01.12.2025 12:45:26; 18.188
 01.12.2025 12:48:27; 18.375
 01.12.2025 12:51:27; 18.688
 01.12.2025 12:54:26; 18.875
 01.12.2025 12:57:27; 18.938
 01.12.2025 13:00:27; 18.875
 01.12.2025 13:03:26; 18.813
 01.12.2025 13:06:27; 19.000
 01.12.2025 13:09:26; 19.250
 01.12.2025 13:12:26; 19.375
 01.12.2025 13:15:27; 19.313
 01.12.2025 13:18:26; 19.438
 01.12.2025 13:21:26; 19.563
 01.12.2025 13:24:27; 19.688
 01.12.2025 13:27:27; 19.750
 01.12.2025 13:30:26; 19.875
 01.12.2025 13:33:27; 20.000
 01.12.2025 13:36:27; 20.063
 01.12.2025 13:39:26; 20.250
 01.12.2025 13:42:27; 20.438
 01.12.2025 13:45:27; 20.375
 01.12.2025 13:48:26; 20.438
 01.12.2025 13:51:27; 20.500
 01.12.2025 13:54:26; 20.625
 01.12.2025 13:57:26; 20.688
 01.12.2025 14:00:27; 20.813
 01.12.2025 14:03:26; 20.875
 01.12.2025 14:06:26; 20.875
 01.12.2025 14:09:27; 21.063
 01.12.2025 14:12:27; 21.125
 01.12.2025 14:15:26; 21.250
 01.12.2025 14:18:27; 21.313
 01.12.2025 14:21:27; 21.563
 01.12.2025 14:24:26; 21.688
 01.12.2025 14:27:27; 21.688
 01.12.2025 14:30:27; 21.813
 01.12.2025 14:33:26; 21.938
 01.12.2025 14:36:27; 22.125
 01.12.2025 14:39:26; 22.250
 01.12.2025 14:42:26; 22.188
 01.12.2025 14:45:27; 22.250
 01.12.2025 14:48:26; 22.625
 01.12.2025 14:51:26; 22.875
 01.12.2025 14:54:27; 23.000
 01.12.2025 14:57:27; 22.938
 01.12.2025 15:00:26; 22.938
 01.12.2025 15:03:27; 23.125
 01.12.2025 15:06:27; 23.500
 01.12.2025 15:09:26; 23.875
 01.12.2025 15:12:27; 23.500
 01.12.2025 15:15:27; 22.938
 01.12.2025 15:18:26; 23.313
 01.12.2025 15:21:27; 23.625
 01.12.2025 15:24:26; 24.000
 01.12.2025 15:27:26; 24.000
 01.12.2025 15:30:27; 23.938
 01.12.2025 15:33:26; 24.250
 01.12.2025 15:36:26; 24.250
 01.12.2025 15:39:27; 24.313
 01.12.2025 15:42:27; 24.313
 01.12.2025 15:45:26; 24.000
 01.12.2025 15:48:27; 24.125
 01.12.2025 15:51:27; 24.750
 01.12.2025 15:54:26; 25.063
 01.12.2025 15:57:27; 25.563
 01.12.2025 16:00:27; 26.188
 01.12.2025 16:03:26; 26.688
 01.12.2025 16:06:27; 26.813
 01.12.2025 16:09:26; 26.938
 01.12.2025 16:12:26; 26.625
 01.12.2025 16:15:27; 26.563
 01.12.2025 16:18:26; 26.625
 01.12.2025 16:21:26; 26.688
 01.12.2025 16:24:27; 27.125
 01.12.2025 16:27:27; 27.188
 01.12.2025 16:30:26; 27.188
 01.12.2025 16:33:27; 26.375
 01.12.2025 16:36:27; 26.063
 01.12.2025 16:39:26; 26.688
 01.12.2025 16:42:27; 26.563
 01.12.2025 16:45:27; 26.688
 01.12.2025 16:48:26; 27.188
 01.12.2025 16:51:27; 27.625
 01.12.2025 16:54:26; 27.813
 01.12.2025 16:57:26; 28.063
 01.12.2025 17:00:27; 27.375
 01.12.2025 17:03:26; 26.875
 01.12.2025 17:06:26; 26.438
 01.12.2025 17:09:27; 26.063
 01.12.2025 17:12:27; 25.813
 01.12.2025 17:15:26; 25.625
 01.12.2025 17:18:27; 25.813
 01.12.2025 17:21:27; 25.750
 01.12.2025 17:24:26; 26.688
 01.12.2025 17:27:27; 26.750
 01.12.2025 17:30:27; 27.438
 01.12.2025 17:33:26; 28.250
 01.12.2025 17:36:27; 28.813
 01.12.2025 17:39:26; 29.313
 01.12.2025 17:42:26; 29.500
 01.12.2025 17:45:27; 29.500
 01.12.2025 17:48:26; 29.750
 01.12.2025 17:51:26; 29.438
 01.12.2025 17:54:27; 28.750
 01.12.2025 17:57:27; 29.250
 01.12.2025 18:00:26; 30.000
 01.12.2025 18:03:27; 30.875
 01.12.2025 18:06:27; 30.250
 01.12.2025 18:09:26; 31.188
 01.12.2025 18:12:27; 31.938
 01.12.2025 18:15:27; 32.375
 01.12.2025 18:18:26; 32.750
 01.12.2025 18:21:27; 33.063
 01.12.2025 18:24:26; 33.313
 01.12.2025 18:27:26; 33.563
 01.12.2025 18:30:27; 34.063
 01.12.2025 18:33:26; 33.438
 01.12.2025 18:36:26; 32.125
 01.12.2025 18:39:27; 30.688
 01.12.2025 18:42:27; 30.375
 01.12.2025 18:45:26; 31.438
 01.12.2025 18:48:27; 32.563
 01.12.2025 18:51:27; 33.563
 01.12.2025 18:54:26; 34.625
 01.12.2025 18:57:27; 35.063
 01.12.2025 19:00:27; 35.688
 01.12.2025 19:03:26; 36.188
 01.12.2025 19:06:27; 36.438
 01.12.2025 19:09:26; 36.375
 01.12.2025 19:12:26; 35.500
 01.12.2025 19:15:27; 36.563
 01.12.2025 19:18:26; 37.250
 01.12.2025 19:21:26; 36.813
 01.12.2025 19:24:27; 37.313
 01.12.2025 19:27:27; 37.375
 01.12.2025 19:30:26; 37.125
 01.12.2025 19:33:27; 35.250
 01.12.2025 19:36:27; 33.375
 01.12.2025 19:39:26; 32.500
 01.12.2025 19:42:27; 33.875
 01.12.2025 19:45:27; 34.438
 01.12.2025 19:48:26; 34.188
 01.12.2025 19:51:27; 33.938
 01.12.2025 19:54:26; 33.000
 01.12.2025 19:57:26; 33.438
 01.12.2025 20:00:27; 34.375
 01.12.2025 20:03:26; 35.375
 01.12.2025 20:06:26; 33.688
 01.12.2025 20:09:27; 31.188
 01.12.2025 20:12:27; 30.000
 01.12.2025 20:15:26; 29.563
 01.12.2025 20:18:27; 30.313
 01.12.2025 20:21:27; 30.563
 01.12.2025 20:24:26; 30.875
 01.12.2025 20:27:27; 31.625
 01.12.2025 20:30:27; 31.438
 01.12.2025 20:33:26; 30.813
 01.12.2025 20:36:27; 29.750
 01.12.2025 20:39:26; 28.750
 01.12.2025 20:42:26; 28.000
 01.12.2025 20:45:27; 27.250
 01.12.2025 20:48:26; 26.688
 01.12.2025 20:51:26; 26.063
 01.12.2025 20:54:27; 25.563
 01.12.2025 20:57:27; 25.063
 01.12.2025 21:00:26; 24.500
 01.12.2025 21:03:27; 24.188
 01.12.2025 21:06:27; 24.063
 01.12.2025 21:09:26; 24.125
 01.12.2025 21:12:27; 24.688
 01.12.2025 21:15:27; 25.375
 01.12.2025 21:18:26; 25.688
 01.12.2025 21:21:27; 26.500
 01.12.2025 21:24:26; 27.500
 01.12.2025 21:27:26; 26.750
 01.12.2025 21:30:27; 26.625
 01.12.2025 21:33:26; 27.063
 01.12.2025 21:36:26; 27.125
 01.12.2025 21:39:27; 26.438
 01.12.2025 21:42:27; 25.875
 01.12.2025 21:45:26; 25.375
 01.12.2025 21:48:27; 25.000
 01.12.2025 21:51:27; 24.563
 01.12.2025 21:54:26; 24.125
 01.12.2025 21:57:27; 23.875
 01.12.2025 22:00:27; 23.688
 01.12.2025 22:03:26; 23.563
 01.12.2025 22:06:27; 23.625
 01.12.2025 22:09:26; 23.563
 01.12.2025 22:12:26; 23.375
 01.12.2025 22:15:27; 23.250
 01.12.2025 22:18:26; 23.063
 01.12.2025 22:21:26; 22.938
 01.12.2025 22:24:27; 22.813
 01.12.2025 22:27:27; 22.625
 01.12.2025 22:30:26; 22.438
 01.12.2025 22:33:27; 22.375
 01.12.2025 22:36:27; 22.250
 01.12.2025 22:39:26; 21.938
 01.12.2025 22:42:27; 21.688
 01.12.2025 22:45:27; 21.563
 01.12.2025 22:48:26; 21.375
 01.12.2025 22:51:27; 21.188
 01.12.2025 22:54:26; 20.938
 01.12.2025 22:57:26; 20.813
 01.12.2025 23:00:27; 20.688
 01.12.2025 23:03:26; 20.625
 01.12.2025 23:06:26; 20.563
 01.12.2025 23:09:27; 20.563
 01.12.2025 23:12:27; 20.500
 01.12.2025 23:15:26; 20.438
 01.12.2025 23:18:27; 20.375
 01.12.2025 23:21:27; 20.313
 01.12.2025 23:24:26; 20.188
 01.12.2025 23:27:27; 20.125
 01.12.2025 23:30:27; 20.063
 01.12.2025 23:33:26; 19.938
 01.12.2025 23:36:27; 19.875
 01.12.2025 23:39:26; 19.813
 01.12.2025 23:42:26; 19.688
 01.12.2025 23:45:27; 19.625
 01.12.2025 23:48:26; 19.500
 01.12.2025 23:51:26; 19.438
 01.12.2025 23:54:27; 19.313
 01.12.2025 23:57:27; 19.250
 02.12.2025 00:00:26; 19.125
 02.12.2025 00:03:27; 19.000
 02.12.2025 00:06:27; 18.875
 02.12.2025 00:09:26; 18.813
 02.12.2025 00:12:27; 18.688
 02.12.2025 00:15:27; 18.563
 02.12.2025 00:18:26; 18.500
 02.12.2025 00:21:27; 18.375
 02.12.2025 00:24:26; 18.313
 02.12.2025 00:27:26; 18.250
 02.12.2025 00:30:27; 18.125
 02.12.2025 00:33:26; 18.000
 02.12.2025 00:36:26; 17.938
 02.12.2025 00:39:27; 17.875
 02.12.2025 00:42:27; 17.813
 02.12.2025 00:45:26; 17.750
 02.12.2025 00:48:27; 17.625
 02.12.2025 00:51:27; 17.563
 02.12.2025 00:54:26; 17.500
 02.12.2025 00:57:27; 17.438
 02.12.2025 01:00:27; 17.438
 02.12.2025 01:03:26; 17.375
 02.12.2025 01:06:27; 17.375
 02.12.2025 01:09:26; 17.375
 02.12.2025 01:12:26; 17.375
 02.12.2025 01:15:27; 17.375
 02.12.2025 01:18:26; 17.375
 02.12.2025 01:21:26; 17.375
 02.12.2025 01:24:27; 17.375
 02.12.2025 01:27:27; 17.375
 02.12.2025 01:30:26; 17.375
 02.12.2025 01:33:27; 17.375
 02.12.2025 01:36:27; 17.375
 02.12.2025 01:39:26; 17.375
 02.12.2025 01:42:27; 17.375
 02.12.2025 01:45:27; 17.375
 02.12.2025 01:48:26; 17.375
 02.12.2025 01:51:27; 17.313
 02.12.2025 01:54:26; 17.375
 02.12.2025 01:57:26; 17.375
 02.12.2025 02:00:27; 17.313
 02.12.2025 02:03:26; 17.313
 02.12.2025 02:06:26; 17.313
 02.12.2025 02:09:27; 17.313
 02.12.2025 02:12:27; 17.313
 02.12.2025 02:15:26; 17.250
 02.12.2025 02:18:27; 17.250
 02.12.2025 02:21:27; 17.250
 02.12.2025 02:24:26; 17.188
 02.12.2025 02:27:27; 17.188
 02.12.2025 02:30:27; 17.188
 02.12.2025 02:33:26; 17.188
 02.12.2025 02:36:27; 17.188
 02.12.2025 02:39:26; 17.250
 02.12.2025 02:42:26; 17.250
 02.12.2025 02:45:27; 17.188
 02.12.2025 02:48:26; 17.188
 02.12.2025 02:51:26; 17.250
 02.12.2025 02:54:27; 17.250
 02.12.2025 02:57:27; 17.250
 02.12.2025 03:00:26; 17.250
 02.12.2025 03:03:27; 17.250
 02.12.2025 03:06:27; 17.250
 02.12.2025 03:09:26; 17.250
 02.12.2025 03:12:27; 17.250
 02.12.2025 03:15:27; 17.250
 02.12.2025 03:18:26; 17.250
 02.12.2025 03:21:27; 17.250
 02.12.2025 03:24:26; 17.250
 02.12.2025 03:27:26; 17.188
 02.12.2025 03:30:27; 17.125
 02.12.2025 03:33:26; 17.125
 02.12.2025 03:36:26; 17.063
 02.12.2025 03:39:27; 17.000
 02.12.2025 03:42:27; 16.875
 02.12.2025 03:45:26; 16.625
 02.12.2025 03:48:27; 16.375
 02.12.2025 03:51:27; 16.125
 02.12.2025 03:54:26; 15.938
 02.12.2025 03:57:27; 15.813
 02.12.2025 04:00:27; 15.688
 02.12.2025 04:03:26; 15.688
 02.12.2025 04:06:27; 15.625
 02.12.2025 04:09:26; 15.625
 02.12.2025 04:12:26; 15.625
 02.12.2025 04:15:27; 15.625
 02.12.2025 04:18:26; 15.563
 02.12.2025 04:21:26; 15.563
 02.12.2025 04:24:27; 15.500
 02.12.2025 04:27:27; 15.500
 02.12.2025 04:30:26; 15.438
 02.12.2025 04:33:27; 15.438
 02.12.2025 04:36:27; 15.438
 02.12.2025 04:39:26; 15.438
 02.12.2025 04:42:27; 15.438
 02.12.2025 04:45:27; 15.438
 02.12.2025 04:48:26; 15.438
 02.12.2025 04:51:27; 15.500
 02.12.2025 04:54:26; 15.500
 02.12.2025 04:57:26; 15.500
 02.12.2025 05:00:27; 15.500
 02.12.2025 05:03:26; 15.563
 02.12.2025 05:06:26; 15.563
 02.12.2025 05:09:27; 15.625
 02.12.2025 05:12:27; 15.625
 02.12.2025 05:15:26; 15.625
 02.12.2025 05:18:27; 15.625
 02.12.2025 05:21:27; 15.688
 02.12.2025 05:24:26; 15.688
 02.12.2025 05:27:27; 15.750
 02.12.2025 05:30:27; 15.750
 02.12.2025 05:33:26; 15.750
 02.12.2025 05:36:27; 15.750
 02.12.2025 05:39:26; 15.750
 02.12.2025 05:42:26; 15.750
 02.12.2025 05:45:27; 15.813
 02.12.2025 05:48:26; 15.813
 02.12.2025 05:51:26; 15.813
 02.12.2025 05:54:27; 15.813
 02.12.2025 05:57:27; 15.813
 02.12.2025 06:00:26; 15.813
 02.12.2025 06:03:27; 15.813
 02.12.2025 06:06:27; 15.813
 02.12.2025 06:09:26; 15.750
 02.12.2025 06:12:27; 15.750
 02.12.2025 06:15:27; 15.813
 02.12.2025 06:18:26; 15.813
 02.12.2025 06:21:27; 15.875
 02.12.2025 06:24:26; 15.875
 02.12.2025 06:27:26; 15.938
 02.12.2025 06:30:27; 15.938
 02.12.2025 06:33:26; 15.938
 02.12.2025 06:36:26; 15.938
 02.12.2025 06:39:27; 15.938
 02.12.2025 06:42:27; 15.938
 02.12.2025 06:45:26; 15.938
 02.12.2025 06:48:27; 15.938
 02.12.2025 06:51:27; 15.938
 02.12.2025 06:54:26; 15.938
 02.12.2025 06:57:27; 15.875
 02.12.2025 07:00:27; 15.813
 02.12.2025 07:03:26; 15.813
 02.12.2025 07:06:27; 15.750
 02.12.2025 07:09:26; 15.750
 02.12.2025 07:12:26; 15.688
 02.12.2025 07:15:27; 15.688
 02.12.2025 07:18:26; 15.625
 02.12.2025 07:21:26; 15.625
 02.12.2025 07:24:27; 15.563
 02.12.2025 07:27:27; 15.563
 02.12.2025 07:30:26; 15.500
 02.12.2025 07:33:27; 15.438
 02.12.2025 07:36:27; 15.438
 02.12.2025 07:39:26; 15.375
 02.12.2025 07:42:27; 15.313
 02.12.2025 07:45:27; 15.313
 02.12.2025 07:48:26; 15.250
 02.12.2025 07:51:27; 15.188
 02.12.2025 07:54:26; 15.125
 02.12.2025 07:57:26; 15.125
 02.12.2025 08:00:27; 15.063
 02.12.2025 08:03:26; 15.000
 02.12.2025 08:06:26; 15.000
 02.12.2025 08:09:27; 14.938
 02.12.2025 08:12:27; 14.938
 02.12.2025 08:15:26; 14.938
 02.12.2025 08:18:27; 15.000
 02.12.2025 08:21:27; 15.000
 02.12.2025 08:24:26; 15.000
 02.12.2025 08:27:27; 15.000
 02.12.2025 08:30:27; 15.000
 02.12.2025 08:33:26; 15.000
 02.12.2025 08:36:27; 15.000
 02.12.2025 08:39:26; 15.000
 02.12.2025 08:42:26; 15.000
 02.12.2025 08:45:27; 15.000
 02.12.2025 08:48:26; 15.063
 02.12.2025 08:51:26; 15.063
 02.12.2025 08:54:27; 15.063
 02.12.2025 08:57:27; 15.063
 02.12.2025 09:00:26; 15.063
 02.12.2025 09:03:27; 15.063
 02.12.2025 09:06:27; 15.063
 02.12.2025 09:09:26; 15.063
 02.12.2025 09:12:27; 15.063
 02.12.2025 09:15:27; 15.000
 02.12.2025 09:18:26; 15.000
 02.12.2025 09:21:27; 15.000
 02.12.2025 09:24:26; 15.000
 02.12.2025 09:27:26; 15.000
 02.12.2025 09:30:27; 15.000
 02.12.2025 09:33:26; 15.000
 02.12.2025 09:36:26; 15.000
 02.12.2025 09:39:27; 15.000
 02.12.2025 09:42:27; 15.000
 02.12.2025 09:45:26; 15.000
 02.12.2025 09:48:27; 15.000
 02.12.2025 09:51:27; 15.063
 02.12.2025 09:54:26; 15.063
 02.12.2025 09:57:27; 15.125
 02.12.2025 10:00:27; 15.125
 02.12.2025 10:03:26; 15.188
 02.12.2025 10:06:27; 15.188
 02.12.2025 10:09:26; 15.250
 02.12.2025 10:12:26; 15.250
 02.12.2025 10:15:27; 15.250
 02.12.2025 10:18:26; 15.313
 02.12.2025 10:21:26; 15.313
 02.12.2025 10:24:27; 15.313
 02.12.2025 10:27:27; 15.313
 02.12.2025 10:30:26; 15.375
 02.12.2025 10:33:27; 15.375
 02.12.2025 10:36:27; 15.375
 02.12.2025 10:39:26; 15.438
 02.12.2025 10:42:27; 15.438
 02.12.2025 10:45:27; 15.438
 02.12.2025 10:48:26; 15.500
 02.12.2025 10:51:27; 15.500
 02.12.2025 10:54:26; 15.500
 02.12.2025 10:57:26; 15.563
 02.12.2025 11:00:27; 15.563
 02.12.2025 11:03:26; 15.563
 02.12.2025 11:06:26; 15.563
 02.12.2025 11:09:27; 15.563
 02.12.2025 11:12:27; 15.563
 02.12.2025 11:15:26; 15.563
 02.12.2025 11:18:27; 15.563
 02.12.2025 11:21:27; 15.625
 02.12.2025 11:24:26; 15.625
 02.12.2025 11:27:27; 15.688
 02.12.2025 11:30:27; 15.688
 02.12.2025 11:33:26; 15.688
 02.12.2025 11:36:27; 15.750
 02.12.2025 11:39:26; 15.813
 02.12.2025 11:42:26; 15.813
 02.12.2025 11:45:27; 15.938
 02.12.2025 11:48:26; 16.000
 02.12.2025 11:51:26; 16.000
 02.12.2025 11:54:27; 15.938
 02.12.2025 11:57:27; 15.875
 02.12.2025 12:00:26; 15.875
 02.12.2025 12:03:27; 15.813
 02.12.2025 12:06:27; 15.750
 02.12.2025 12:09:26; 15.688
 02.12.2025 12:12:27; 15.688
 02.12.2025 12:15:27; 15.688
 02.12.2025 12:18:26; 15.750
 02.12.2025 12:21:27; 15.813
 02.12.2025 12:24:26; 15.813
 02.12.2025 12:27:26; 15.813
 02.12.2025 12:30:27; 15.875
 02.12.2025 12:33:26; 15.875
 02.12.2025 12:36:26; 15.875
 02.12.2025 12:39:27; 15.813
 02.12.2025 12:42:27; 15.875
 02.12.2025 12:45:26; 15.875
 02.12.2025 12:48:27; 15.938
 02.12.2025 12:51:27; 16.000
 02.12.2025 12:54:26; 16.000
 02.12.2025 12:57:27; 16.125
 02.12.2025 13:00:27; 16.250
 02.12.2025 13:03:26; 16.375
 02.12.2025 13:06:27; 16.500
 02.12.2025 13:09:26; 16.563
 02.12.2025 13:12:26; 16.563
 02.12.2025 13:15:27; 16.625
 02.12.2025 13:18:26; 16.625
 02.12.2025 13:21:26; 16.688
 02.12.2025 13:24:27; 16.813
 02.12.2025 13:27:27; 16.938
 02.12.2025 13:30:26; 17.000
 02.12.2025 13:33:27; 17.000
 02.12.2025 13:36:27; 17.125
 02.12.2025 13:39:26; 17.313
 02.12.2025 13:42:27; 17.438
 02.12.2025 13:45:27; 17.438
 02.12.2025 13:48:26; 17.375
 02.12.2025 13:51:27; 17.250
 02.12.2025 13:54:26; 17.188
 02.12.2025 13:57:26; 17.125
 02.12.2025 14:00:27; 17.188
 02.12.2025 14:03:26; 17.250
 02.12.2025 14:06:26; 17.313
 02.12.2025 14:09:27; 17.313
 02.12.2025 14:12:27; 17.313
 02.12.2025 14:15:26; 17.313
 02.12.2025 14:18:27; 17.500
 02.12.2025 14:21:27; 17.750
 02.12.2025 14:24:26; 18.063
 02.12.2025 14:27:27; 18.313
 02.12.2025 14:30:27; 18.313
 02.12.2025 14:33:26; 18.438
 02.12.2025 14:36:27; 18.375
 02.12.2025 14:39:26; 18.188
 02.12.2025 14:42:26; 18.313
 02.12.2025 14:45:27; 18.375
 02.12.2025 14:48:26; 18.625
 02.12.2025 14:51:26; 18.813
 02.12.2025 14:54:27; 18.875
 02.12.2025 14:57:27; 18.875
 02.12.2025 15:00:26; 18.875
 02.12.2025 15:03:27; 18.938
 02.12.2025 15:06:27; 19.063
 02.12.2025 15:09:26; 19.125
 02.12.2025 15:12:27; 19.250
 02.12.2025 15:15:27; 19.500
 02.12.2025 15:18:26; 19.625
 02.12.2025 15:21:27; 20.125
 02.12.2025 15:24:26; 20.813
 02.12.2025 15:27:26; 20.688
 02.12.2025 15:30:27; 20.875
 02.12.2025 15:33:26; 20.625
 02.12.2025 15:36:26; 20.688
 02.12.2025 15:39:27; 21.188
 02.12.2025 15:42:27; 21.938
 02.12.2025 15:45:26; 22.750
 02.12.2025 15:48:27; 23.000
 02.12.2025 15:51:27; 22.813
 02.12.2025 15:54:26; 22.938
 02.12.2025 15:57:27; 22.813
 02.12.2025 16:00:27; 22.625
 02.12.2025 16:03:26; 22.375
 02.12.2025 16:06:27; 22.375
 02.12.2025 16:09:26; 22.063
 02.12.2025 16:12:26; 21.938
 02.12.2025 16:15:27; 21.875
 02.12.2025 16:18:26; 21.500
 02.12.2025 16:21:26; 20.688
 02.12.2025 16:24:27; 20.063
 02.12.2025 16:27:27; 19.563
 02.12.2025 16:30:26; 19.250
 02.12.2025 16:33:27; 19.188
 02.12.2025 16:36:27; 19.125
 02.12.2025 16:39:26; 19.188
 02.12.2025 16:42:27; 19.250
 02.12.2025 16:45:27; 19.250
 02.12.2025 16:48:26; 19.250
 02.12.2025 16:51:27; 19.313
 02.12.2025 16:54:26; 19.375
 02.12.2025 16:57:26; 19.625
 02.12.2025 17:00:27; 20.313
 02.12.2025 17:03:26; 21.813
 02.12.2025 17:06:26; 22.750
 02.12.2025 17:09:27; 23.313
 02.12.2025 17:12:27; 23.438
 02.12.2025 17:15:26; 23.875
 02.12.2025 17:18:27; 24.188
 02.12.2025 17:21:27; 24.250
 02.12.2025 17:24:26; 23.688
 02.12.2025 17:27:27; 23.563
 02.12.2025 17:30:27; 23.188
 02.12.2025 17:33:26; 23.063
 02.12.2025 17:36:27; 23.438
 02.12.2025 17:39:26; 24.250
 02.12.2025 17:42:26; 25.938
 02.12.2025 17:45:27; 26.250
 02.12.2025 17:48:26; 26.875
 02.12.2025 17:51:26; 26.813
 02.12.2025 17:54:27; 26.063
 02.12.2025 17:57:27; 25.063
 02.12.2025 18:00:26; 24.813
 02.12.2025 18:03:27; 24.063
 02.12.2025 18:06:27; 23.750
 02.12.2025 18:09:26; 24.250
 02.12.2025 18:12:27; 24.188
 02.12.2025 18:15:27; 24.063
 02.12.2025 18:18:26; 23.688
 02.12.2025 18:21:27; 23.938
 02.12.2025 18:24:26; 23.875
 02.12.2025 18:27:26; 23.938
 02.12.2025 18:30:27; 23.938
 02.12.2025 18:33:26; 24.438
 02.12.2025 18:36:26; 24.563
 02.12.2025 18:39:27; 25.125
 02.12.2025 18:42:27; 25.625
 02.12.2025 18:45:26; 25.188
 02.12.2025 18:48:27; 24.563
 02.12.2025 18:51:27; 23.938
 02.12.2025 18:54:26; 23.500
 02.12.2025 18:57:27; 22.875
 02.12.2025 19:00:27; 22.438
 02.12.2025 19:03:26; 22.250
 02.12.2025 19:06:27; 22.063
 02.12.2025 19:09:26; 22.063
 02.12.2025 19:12:26; 22.000
 02.12.2025 19:15:27; 22.250
 02.12.2025 19:18:26; 22.563
 02.12.2025 19:21:26; 22.875
 02.12.2025 19:24:27; 22.625
 02.12.2025 19:27:27; 22.688
 02.12.2025 19:30:26; 22.938
 02.12.2025 19:33:27; 23.063
 02.12.2025 19:36:27; 25.563
 02.12.2025 19:39:26; 28.563
 02.12.2025 19:42:27; 29.875
 02.12.2025 19:45:27; 28.813
 02.12.2025 19:48:26; 27.875
 02.12.2025 19:51:27; 27.125
 02.12.2025 19:54:26; 25.688
 02.12.2025 19:57:26; 24.875
 02.12.2025 20:00:27; 24.313
 02.12.2025 20:03:26; 24.188
 02.12.2025 20:06:26; 24.063
 02.12.2025 20:09:27; 24.125
 02.12.2025 20:12:27; 23.688
 02.12.2025 20:15:26; 23.750
 02.12.2025 20:18:27; 24.438
 02.12.2025 20:21:27; 26.000
 02.12.2025 20:24:26; 28.000
 02.12.2025 20:27:27; 29.438
 02.12.2025 20:30:27; 31.313
 02.12.2025 20:33:26; 31.813
 02.12.2025 20:36:27; 29.375
 02.12.2025 20:39:26; 27.563
 02.12.2025 20:42:26; 25.938
 02.12.2025 20:45:27; 24.875
 02.12.2025 20:48:26; 24.000
 02.12.2025 20:51:26; 23.375
 02.12.2025 20:54:27; 22.750
 02.12.2025 20:57:27; 22.188
 02.12.2025 21:00:26; 21.625
 02.12.2025 21:03:27; 21.250
 02.12.2025 21:06:27; 20.875
 02.12.2025 21:09:26; 20.688
 02.12.2025 21:12:27; 20.438
 02.12.2025 21:15:27; 20.125
 02.12.2025 21:18:26; 20.000
 02.12.2025 21:21:27; 19.813
 02.12.2025 21:24:26; 19.563
 02.12.2025 21:27:26; 19.375
 02.12.2025 21:30:27; 19.250
 02.12.2025 21:33:26; 19.188
 02.12.2025 21:36:26; 19.063
 02.12.2025 21:39:27; 18.938
 02.12.2025 21:42:27; 18.813
 02.12.2025 21:45:26; 18.688
 02.12.2025 21:48:27; 18.563
 02.12.2025 21:51:27; 18.438
 02.12.2025 21:54:26; 18.313
 02.12.2025 21:57:27; 18.250
 02.12.2025 22:00:27; 18.188
 02.12.2025 22:03:26; 18.125
 02.12.2025 22:06:27; 18.000
 02.12.2025 22:09:26; 17.938
 02.12.2025 22:12:26; 17.875
 02.12.2025 22:15:27; 17.750
 02.12.2025 22:18:26; 17.688
 02.12.2025 22:21:26; 17.563
 02.12.2025 22:24:27; 17.500
 02.12.2025 22:27:27; 17.500
 02.12.2025 22:30:26; 17.563
 02.12.2025 22:33:27; 17.500
 02.12.2025 22:36:27; 17.500
 02.12.2025 22:39:26; 17.500
 02.12.2025 22:42:27; 17.438
 02.12.2025 22:45:27; 17.313
 02.12.2025 22:48:26; 17.188
 02.12.2025 22:51:27; 17.000
 02.12.2025 22:54:26; 16.938
 02.12.2025 22:57:26; 16.875
 02.12.2025 23:00:27; 16.813
 02.12.2025 23:03:26; 16.688
 02.12.2025 23:06:26; 16.563
 02.12.2025 23:09:27; 16.313
 02.12.2025 23:12:27; 16.188
 02.12.2025 23:15:26; 16.063
 02.12.2025 23:18:27; 15.938
 02.12.2025 23:21:27; 15.813
 02.12.2025 23:24:26; 15.750
 02.12.2025 23:27:27; 15.688
 02.12.2025 23:30:27; 15.625
 02.12.2025 23:33:26; 15.500
 02.12.2025 23:36:27; 15.375
 02.12.2025 23:39:26; 15.250
 02.12.2025 23:42:26; 15.188
 02.12.2025 23:45:27; 15.188
 02.12.2025 23:48:26; 15.188
 02.12.2025 23:51:26; 15.188
 02.12.2025 23:54:27; 15.250
 02.12.2025 23:57:27; 15.313
 03.12.2025 00:00:26; 15.188
 03.12.2025 00:03:27; 15.125
 03.12.2025 00:06:27; 15.000
 03.12.2025 00:09:26; 14.875
 03.12.2025 00:12:27; 14.750
 03.12.2025 00:15:27; 14.688
 03.12.2025 00:18:26; 14.625
 03.12.2025 00:21:27; 14.625
 03.12.2025 00:24:26; 14.625
 03.12.2025 00:27:26; 14.625
 03.12.2025 00:30:27; 14.563
 03.12.2025 00:33:26; 14.563
 03.12.2025 00:36:26; 14.563
 03.12.2025 00:39:27; 14.563
 03.12.2025 00:42:27; 14.563
 03.12.2025 00:45:26; 14.563
 03.12.2025 00:48:27; 14.563
 03.12.2025 00:51:27; 14.563
 03.12.2025 00:54:26; 14.500
 03.12.2025 00:57:27; 14.375
 03.12.2025 01:00:27; 14.250
 03.12.2025 01:03:26; 14.125
 03.12.2025 01:06:27; 14.125
 03.12.2025 01:09:26; 14.063
 03.12.2025 01:12:26; 14.000
 03.12.2025 01:15:27; 13.938
 03.12.2025 01:18:26; 13.875
 03.12.2025 01:21:26; 13.875
 03.12.2025 01:24:27; 13.813
 03.12.2025 01:27:27; 13.813
 03.12.2025 01:30:26; 13.813
 03.12.2025 01:33:27; 13.813
 03.12.2025 01:36:27; 13.813
 03.12.2025 01:39:26; 13.813
 03.12.2025 01:42:27; 13.813
 03.12.2025 01:45:27; 13.875
 03.12.2025 01:48:26; 13.875
 03.12.2025 01:51:27; 13.875
 03.12.2025 01:54:26; 13.938
 03.12.2025 01:57:26; 13.938
 03.12.2025 02:00:27; 14.000
 03.12.2025 02:03:26; 14.000
 03.12.2025 02:06:26; 14.000
 03.12.2025 02:09:27; 14.063
 03.12.2025 02:12:27; 14.063
 03.12.2025 02:15:26; 14.063
 03.12.2025 02:18:27; 14.125
 03.12.2025 02:21:27; 14.125
 03.12.2025 02:24:26; 14.125
 03.12.2025 02:27:27; 14.125
 03.12.2025 02:30:27; 14.125
 03.12.2025 02:33:26; 14.125
 03.12.2025 02:36:27; 14.125
 03.12.2025 02:39:26; 14.063
 03.12.2025 02:42:26; 14.063
 03.12.2025 02:45:27; 14.063
 03.12.2025 02:48:26; 14.063
 03.12.2025 02:51:26; 14.063
 03.12.2025 02:54:27; 14.063
 03.12.2025 02:57:27; 14.000
 03.12.2025 03:00:26; 14.000
 03.12.2025 03:03:27; 14.000
 03.12.2025 03:06:27; 14.000
 03.12.2025 03:09:26; 13.938
 03.12.2025 03:12:27; 13.938
 03.12.2025 03:15:27; 13.938
 03.12.2025 03:18:26; 13.938
 03.12.2025 03:21:27; 13.938
 03.12.2025 03:24:26; 13.938
 03.12.2025 03:27:26; 13.938
 03.12.2025 03:30:27; 13.938
 03.12.2025 03:33:26; 13.938
 03.12.2025 03:36:26; 13.938
 03.12.2025 03:39:27; 13.938
 03.12.2025 03:42:27; 13.938
 03.12.2025 03:45:26; 13.875
 03.12.2025 03:48:27; 13.875
 03.12.2025 03:51:27; 13.875
 03.12.2025 03:54:26; 13.875
 03.12.2025 03:57:27; 13.813
 03.12.2025 04:00:27; 13.813
 03.12.2025 04:03:26; 13.813
 03.12.2025 04:06:27; 13.813
 03.12.2025 04:09:26; 13.813
 03.12.2025 04:12:26; 13.813
 03.12.2025 04:15:27; 13.813
 03.12.2025 04:18:26; 13.875
 03.12.2025 04:21:26; 13.875
 03.12.2025 04:24:27; 13.875
 03.12.2025 04:27:27; 13.875
 03.12.2025 04:30:26; 13.875
 03.12.2025 04:33:27; 13.938
 03.12.2025 04:36:27; 13.875
 03.12.2025 04:39:26; 13.938
 03.12.2025 04:42:27; 13.938
 03.12.2025 04:45:27; 13.938
 03.12.2025 04:48:26; 13.938
 03.12.2025 04:51:27; 13.875
 03.12.2025 04:54:26; 13.875
 03.12.2025 04:57:26; 13.875
 03.12.2025 05:00:27; 13.875
 03.12.2025 05:03:26; 13.875
 03.12.2025 05:06:26; 13.875
 03.12.2025 05:09:27; 13.875
 03.12.2025 05:12:27; 13.875
 03.12.2025 05:15:26; 13.813
 03.12.2025 05:18:27; 13.813
 03.12.2025 05:21:27; 13.813
 03.12.2025 05:24:26; 13.813
 03.12.2025 05:27:27; 13.750
 03.12.2025 05:30:27; 13.750
 03.12.2025 05:33:26; 13.750
 03.12.2025 05:36:27; 13.688
 03.12.2025 05:39:26; 13.688
 03.12.2025 05:42:26; 13.688
 03.12.2025 05:45:27; 13.688
 03.12.2025 05:48:26; 13.625
 03.12.2025 05:51:26; 13.625
 03.12.2025 05:54:27; 13.625
 03.12.2025 05:57:27; 13.625
 03.12.2025 06:00:26; 13.625
 03.12.2025 06:03:27; 13.625
 03.12.2025 06:06:27; 13.563
 03.12.2025 06:09:26; 13.563
 03.12.2025 06:12:27; 13.563
 03.12.2025 06:15:27; 13.563
 03.12.2025 06:18:26; 13.500
 03.12.2025 06:21:27; 13.500
 03.12.2025 06:24:26; 13.500
 03.12.2025 06:27:26; 13.500
 03.12.2025 06:30:27; 13.500
 03.12.2025 06:33:26; 13.438
 03.12.2025 06:36:26; 13.438
 03.12.2025 06:39:27; 13.438
 03.12.2025 06:42:27; 13.438
 03.12.2025 06:45:26; 13.438
 03.12.2025 06:48:27; 13.438
 03.12.2025 06:51:27; 13.375
 03.12.2025 06:54:26; 13.375
 03.12.2025 06:57:27; 13.375
 03.12.2025 07:00:27; 13.375
 03.12.2025 07:03:26; 13.375
 03.12.2025 07:06:27; 13.375
 03.12.2025 07:09:26; 13.438
 03.12.2025 07:12:26; 13.438
 03.12.2025 07:15:27; 13.438
 03.12.2025 07:18:26; 13.375
 03.12.2025 07:21:26; 13.375
 03.12.2025 07:24:27; 13.438
 03.12.2025 07:27:27; 13.438
 03.12.2025 07:30:26; 13.438
 03.12.2025 07:33:27; 13.438
 03.12.2025 07:36:27; 13.438
 03.12.2025 07:39:26; 13.375
 03.12.2025 07:42:27; 13.438
 03.12.2025 07:45:27; 13.375
 03.12.2025 07:48:26; 13.375
 03.12.2025 07:51:27; 13.375
 03.12.2025 07:54:26; 13.375
 03.12.2025 07:57:26; 13.375
 03.12.2025 08:00:27; 13.375
 03.12.2025 08:03:26; 13.375
 03.12.2025 08:06:26; 13.375
 03.12.2025 08:09:27; 13.375
 03.12.2025 08:12:27; 13.375
 03.12.2025 08:15:26; 13.375
 03.12.2025 08:18:27; 13.438
 03.12.2025 08:21:27; 13.438
 03.12.2025 08:24:26; 13.438
 03.12.2025 08:27:27; 13.438
 03.12.2025 08:30:27; 13.438
 03.12.2025 08:33:26; 13.438
 03.12.2025 08:36:27; 13.438
 03.12.2025 08:39:26; 13.438
 03.12.2025 08:42:26; 13.438
 03.12.2025 08:45:27; 13.375
 03.12.2025 08:48:26; 13.375
 03.12.2025 08:51:26; 13.375
 03.12.2025 08:54:27; 13.375
 03.12.2025 08:57:27; 13.438
 03.12.2025 09:00:26; 13.438
 03.12.2025 09:03:27; 13.375
 03.12.2025 09:06:27; 13.375
 03.12.2025 09:09:26; 13.375
 03.12.2025 09:12:27; 13.375
 03.12.2025 09:15:27; 13.375
 03.12.2025 09:18:26; 13.375
 03.12.2025 09:21:27; 13.375
 03.12.2025 09:24:26; 13.438
 03.12.2025 09:27:26; 13.438
 03.12.2025 09:30:27; 13.438
 03.12.2025 09:33:26; 13.438
 03.12.2025 09:36:26; 13.438
 03.12.2025 09:39:27; 13.438
 03.12.2025 09:42:27; 13.500
 03.12.2025 09:45:26; 13.500
 03.12.2025 09:48:27; 13.500
 03.12.2025 09:51:27; 13.500
 03.12.2025 09:54:26; 13.500
 03.12.2025 09:57:27; 13.500
 03.12.2025 10:00:27; 13.500
 03.12.2025 10:03:26; 13.500
 03.12.2025 10:06:27; 13.438
 03.12.2025 10:09:26; 13.438
 03.12.2025 10:12:26; 13.438
 03.12.2025 10:15:27; 13.500
 03.12.2025 10:18:26; 13.500
 03.12.2025 10:21:26; 13.500
 03.12.2025 10:24:27; 13.563
 03.12.2025 10:27:27; 13.563
 03.12.2025 10:30:26; 13.563
 03.12.2025 10:33:27; 13.625
 03.12.2025 10:36:27; 13.625
 03.12.2025 10:39:26; 13.688
 03.12.2025 10:42:27; 13.750
 03.12.2025 10:45:27; 13.750
 03.12.2025 10:48:26; 13.813
 03.12.2025 10:51:27; 13.875
 03.12.2025 10:54:26; 13.938
 03.12.2025 10:57:26; 14.000
 03.12.2025 11:00:27; 14.063
 03.12.2025 11:03:26; 14.063
 03.12.2025 11:06:26; 14.125
 03.12.2025 11:09:27; 14.188
 03.12.2025 11:12:27; 14.188
 03.12.2025 11:15:26; 14.250
 03.12.2025 11:18:27; 14.250
 03.12.2025 11:21:27; 14.250
 03.12.2025 11:24:26; 14.250
 03.12.2025 11:27:27; 14.313
 03.12.2025 11:30:27; 14.313
 03.12.2025 11:33:26; 14.313
 03.12.2025 11:36:27; 14.250
 03.12.2025 11:39:26; 14.250
 03.12.2025 11:42:26; 14.250
 03.12.2025 11:45:27; 14.250
 03.12.2025 11:48:26; 14.250
 03.12.2025 11:51:26; 14.250
 03.12.2025 11:54:27; 14.188
 03.12.2025 11:57:27; 14.188
 03.12.2025 12:00:26; 14.125
 03.12.2025 12:03:27; 14.125
 03.12.2025 12:06:27; 14.125
 03.12.2025 12:09:26; 14.125
 03.12.2025 12:12:27; 14.125
 03.12.2025 12:15:27; 14.125
 03.12.2025 12:18:26; 14.125
 03.12.2025 12:21:27; 14.125
 03.12.2025 12:24:26; 14.125
 03.12.2025 12:27:26; 14.188
 03.12.2025 12:30:27; 14.188
 03.12.2025 12:33:26; 14.250
 03.12.2025 12:36:26; 14.250
 03.12.2025 12:39:27; 14.313
 03.12.2025 12:42:27; 14.375
 03.12.2025 12:45:26; 14.438
 03.12.2025 12:48:27; 14.500
 03.12.2025 12:51:27; 14.563
 03.12.2025 12:54:26; 14.625
 03.12.2025 12:57:27; 14.688
 03.12.2025 13:00:27; 14.750
 03.12.2025 13:03:26; 14.875
 03.12.2025 13:06:27; 15.000
 03.12.2025 13:09:26; 15.188
 03.12.2025 13:12:26; 15.250
 03.12.2025 13:15:27; 15.313
 03.12.2025 13:18:26; 15.313
 03.12.2025 13:21:26; 15.500
 03.12.2025 13:24:27; 15.750
 03.12.2025 13:27:27; 15.750
 03.12.2025 13:30:26; 15.875
 03.12.2025 13:33:27; 16.188
 03.12.2025 13:36:27; 16.563
 03.12.2025 13:39:26; 16.750
 03.12.2025 13:42:27; 16.813
 03.12.2025 13:45:27; 16.875
 03.12.2025 13:48:26; 16.750
 03.12.2025 13:51:27; 16.750
 03.12.2025 13:54:26; 16.875
 03.12.2025 13:57:26; 16.813
 03.12.2025 14:00:27; 16.813
 03.12.2025 14:03:26; 16.688
 03.12.2025 14:06:26; 16.438
 03.12.2025 14:09:27; 16.375
 03.12.2025 14:12:27; 16.375
 03.12.2025 14:15:26; 16.500
 03.12.2025 14:18:27; 16.625
 03.12.2025 14:21:27; 16.688
 03.12.2025 14:24:26; 16.688
 03.12.2025 14:27:27; 16.750
 03.12.2025 14:30:27; 16.750
 03.12.2025 14:33:26; 16.875
 03.12.2025 14:36:27; 16.875
 03.12.2025 14:39:26; 16.938
 03.12.2025 14:42:26; 16.938
 03.12.2025 14:45:27; 17.063
 03.12.2025 14:48:26; 17.188
 03.12.2025 14:51:26; 17.250
 03.12.2025 14:54:27; 17.188
 03.12.2025 14:57:27; 17.250
 03.12.2025 15:00:26; 17.313
 03.12.2025 15:03:27; 17.438
 03.12.2025 15:06:27; 17.438
 03.12.2025 15:09:26; 17.625
 03.12.2025 15:12:27; 17.625
 03.12.2025 15:15:27; 17.500
 03.12.2025 15:18:26; 17.375
 03.12.2025 15:21:27; 17.250
 03.12.2025 15:24:26; 17.188
 03.12.2025 15:27:26; 17.188
 03.12.2025 15:30:27; 17.250
 03.12.2025 15:33:26; 17.250
 03.12.2025 15:36:26; 17.375
 03.12.2025 15:39:27; 17.500
 03.12.2025 15:42:27; 17.500
 03.12.2025 15:45:26; 17.625
 03.12.2025 15:48:27; 17.688
 03.12.2025 15:51:27; 17.750
 03.12.2025 15:54:26; 17.813
 03.12.2025 15:57:27; 17.813
 03.12.2025 16:00:27; 17.938
 03.12.2025 16:03:26; 18.125
 03.12.2025 16:06:27; 18.375
 03.12.2025 16:09:26; 18.438
 03.12.2025 16:12:26; 18.375
 03.12.2025 16:15:27; 18.250
 03.12.2025 16:18:26; 18.063
 03.12.2025 16:21:26; 17.875
 03.12.2025 16:24:27; 17.625
 03.12.2025 16:27:27; 17.438
 03.12.2025 16:30:26; 17.313
 03.12.2025 16:33:27; 17.313
 03.12.2025 16:36:27; 17.500
 03.12.2025 16:39:26; 17.625
 03.12.2025 16:42:27; 17.938
 03.12.2025 16:45:27; 18.375
 03.12.2025 16:48:26; 18.750
 03.12.2025 16:51:27; 19.188
 03.12.2025 16:54:26; 19.750
 03.12.2025 16:57:26; 20.500
 03.12.2025 17:00:27; 21.000
 03.12.2025 17:03:26; 21.125
 03.12.2025 17:06:26; 21.125
 03.12.2025 17:09:27; 21.063
 03.12.2025 17:12:27; 20.875
 03.12.2025 17:15:26; 20.938
 03.12.2025 17:18:27; 21.375
 03.12.2025 17:21:27; 22.438
 03.12.2025 17:24:26; 23.813
 03.12.2025 17:27:27; 24.750
 03.12.2025 17:30:27; 25.313
 03.12.2025 17:33:26; 25.625
 03.12.2025 17:36:27; 25.750
 03.12.2025 17:39:26; 26.250
 03.12.2025 17:42:26; 26.875
 03.12.2025 17:45:27; 27.875
 03.12.2025 17:48:26; 26.500
 03.12.2025 17:51:26; 25.188
 03.12.2025 17:54:27; 25.875
 03.12.2025 17:57:27; 26.250
 03.12.2025 18:00:26; 27.063
 03.12.2025 18:03:27; 27.813
 03.12.2025 18:06:27; 28.313
 03.12.2025 18:09:26; 29.063
 03.12.2025 18:12:27; 28.563
 03.12.2025 18:15:27; 27.188
 03.12.2025 18:18:26; 26.313
 03.12.2025 18:21:27; 25.813
 03.12.2025 18:24:26; 26.063
 03.12.2025 18:27:26; 27.000
 03.12.2025 18:30:27; 28.438
 03.12.2025 18:33:26; 26.313
 03.12.2025 18:36:26; 24.813
 03.12.2025 18:39:27; 25.750
 03.12.2025 18:42:27; 26.625
 03.12.2025 18:45:26; 25.750
 03.12.2025 18:48:27; 25.625
 03.12.2025 18:51:27; 25.250
 03.12.2025 18:54:26; 25.188
 03.12.2025 18:57:27; 24.938
 03.12.2025 19:00:27; 25.875
 03.12.2025 19:03:26; 26.125
 03.12.2025 19:06:27; 26.875
 03.12.2025 19:09:26; 26.188
 03.12.2025 19:12:26; 25.313
 03.12.2025 19:15:27; 24.375
 03.12.2025 19:18:26; 23.500
 03.12.2025 19:21:26; 22.875
 03.12.2025 19:24:27; 22.250
 03.12.2025 19:27:27; 21.813
 03.12.2025 19:30:26; 21.438
 03.12.2025 19:33:27; 21.125
 03.12.2025 19:36:27; 20.750
 03.12.2025 19:39:26; 20.375
 03.12.2025 19:42:27; 20.188
 03.12.2025 19:45:27; 20.063
 03.12.2025 19:48:26; 20.438
 03.12.2025 19:51:27; 22.000
 03.12.2025 19:54:26; 22.875
 03.12.2025 19:57:26; 22.375
 03.12.2025 20:00:27; 26.563
 03.12.2025 20:03:26; 29.750
 03.12.2025 20:06:26; 31.500
 03.12.2025 20:09:27; 32.375
 03.12.2025 20:12:27; 33.938
 03.12.2025 20:15:26; 34.563
 03.12.2025 20:18:27; 34.188
 03.12.2025 20:21:27; 31.063
 03.12.2025 20:24:26; 28.625
 03.12.2025 20:27:27; 26.438
 03.12.2025 20:30:27; 25.250
 03.12.2025 20:33:26; 24.313
 03.12.2025 20:36:27; 23.438
 03.12.2025 20:39:26; 22.625
 03.12.2025 20:42:26; 22.000
 03.12.2025 20:45:27; 21.500
 03.12.2025 20:48:26; 21.125
 03.12.2025 20:51:26; 20.813
 03.12.2025 20:54:27; 20.500
 03.12.2025 20:57:27; 20.250
 03.12.2025 21:00:26; 20.063
 03.12.2025 21:03:27; 19.938
 03.12.2025 21:06:27; 19.875
 03.12.2025 21:09:26; 19.875
 03.12.2025 21:12:27; 19.875
 03.12.2025 21:15:27; 19.813
 03.12.2025 21:18:26; 19.875
 03.12.2025 21:21:27; 19.813
 03.12.2025 21:24:26; 19.875
 03.12.2025 21:27:26; 21.063
 03.12.2025 21:30:27; 22.875
 03.12.2025 21:33:26; 25.313
 03.12.2025 21:36:26; 25.375
 03.12.2025 21:39:27; 24.250
 03.12.2025 21:42:27; 23.250
 03.12.2025 21:45:26; 22.375
 03.12.2025 21:48:27; 21.688
 03.12.2025 21:51:27; 21.250
 03.12.2025 21:54:26; 20.875
 03.12.2025 21:57:27; 20.563
 03.12.2025 22:00:27; 20.313
 03.12.2025 22:03:26; 20.125
 03.12.2025 22:06:27; 19.938
 03.12.2025 22:09:26; 19.688
 03.12.2025 22:12:26; 19.438
 03.12.2025 22:15:27; 19.188
 03.12.2025 22:18:26; 18.938
 03.12.2025 22:21:26; 18.688
 03.12.2025 22:24:27; 18.500
 03.12.2025 22:27:27; 18.313
 03.12.2025 22:30:26; 18.125
 03.12.2025 22:33:27; 18.000
 03.12.2025 22:36:27; 17.875
 03.12.2025 22:39:26; 17.750
 03.12.2025 22:42:27; 17.688
 03.12.2025 22:45:27; 17.625
 03.12.2025 22:48:26; 17.563
 03.12.2025 22:51:27; 17.500
 03.12.2025 22:54:26; 17.438
 03.12.2025 22:57:26; 17.375
 03.12.2025 23:00:27; 17.313
 03.12.2025 23:03:26; 17.250
 03.12.2025 23:06:26; 17.125
 03.12.2025 23:09:27; 17.125
 03.12.2025 23:12:27; 17.063
 03.12.2025 23:15:26; 17.000
 03.12.2025 23:18:27; 17.000
 03.12.2025 23:21:27; 16.938
 03.12.2025 23:24:26; 16.938
 03.12.2025 23:27:27; 16.875
 03.12.2025 23:30:27; 16.875
 03.12.2025 23:33:26; 16.813
 03.12.2025 23:36:27; 16.813
 03.12.2025 23:39:26; 16.750
 03.12.2025 23:42:26; 16.750
 03.12.2025 23:45:27; 16.688
 03.12.2025 23:48:26; 16.688
 03.12.2025 23:51:26; 16.625
 03.12.2025 23:54:27; 16.625
 03.12.2025 23:57:27; 16.625
 04.12.2025 00:00:26; 16.563
 04.12.2025 00:03:27; 16.563
 04.12.2025 00:06:27; 16.563
 04.12.2025 00:09:26; 16.563
 04.12.2025 00:12:27; 16.563
 04.12.2025 00:15:27; 16.500
 04.12.2025 00:18:26; 16.500
 04.12.2025 00:21:27; 16.375
 04.12.2025 00:24:26; 16.313
 04.12.2025 00:27:26; 16.250
 04.12.2025 00:30:27; 16.188
 04.12.2025 00:33:26; 16.125
 04.12.2025 00:36:26; 16.063
 04.12.2025 00:39:27; 16.063
 04.12.2025 00:42:27; 16.000
 04.12.2025 00:45:26; 16.000
 04.12.2025 00:48:27; 16.000
 04.12.2025 00:51:27; 15.938
 04.12.2025 00:54:26; 15.938
 04.12.2025 00:57:27; 15.875
 04.12.2025 01:00:27; 15.813
 04.12.2025 01:03:26; 15.750
 04.12.2025 01:06:27; 15.750
 04.12.2025 01:09:26; 15.688
 04.12.2025 01:12:26; 15.688
 04.12.2025 01:15:27; 15.688
 04.12.2025 01:18:26; 15.625
 04.12.2025 01:21:26; 15.563
 04.12.2025 01:24:27; 15.500
 04.12.2025 01:27:27; 15.438
 04.12.2025 01:30:26; 15.375
 04.12.2025 01:33:27; 15.313
 04.12.2025 01:36:27; 15.250
 04.12.2025 01:39:26; 15.250
 04.12.2025 01:42:27; 15.188
 04.12.2025 01:45:27; 15.125
 04.12.2025 01:48:26; 15.063
 04.12.2025 01:51:27; 15.063
 04.12.2025 01:54:26; 15.000
 04.12.2025 01:57:26; 14.938
 04.12.2025 02:00:27; 14.875
 04.12.2025 02:03:26; 14.813
 04.12.2025 02:06:26; 14.750
 04.12.2025 02:09:27; 14.688
 04.12.2025 02:12:27; 14.625
 04.12.2025 02:15:26; 14.563
 04.12.2025 02:18:27; 14.563
 04.12.2025 02:21:27; 14.563
 04.12.2025 02:24:26; 14.563
 04.12.2025 02:27:27; 14.563
 04.12.2025 02:30:27; 14.500
 04.12.2025 02:33:26; 14.500
 04.12.2025 02:36:27; 14.500
 04.12.2025 02:39:26; 14.500
 04.12.2025 02:42:26; 14.563
 04.12.2025 02:45:27; 14.563
 04.12.2025 02:48:26; 14.563
 04.12.2025 02:51:26; 14.563
 04.12.2025 02:54:27; 14.563
 04.12.2025 02:57:27; 14.563
 04.12.2025 03:00:26; 14.563
 04.12.2025 03:03:27; 14.563
 04.12.2025 03:06:27; 14.563
 04.12.2025 03:09:26; 14.625
 04.12.2025 03:12:27; 14.625
 04.12.2025 03:15:27; 14.625
 04.12.2025 03:18:26; 14.688
 04.12.2025 03:21:27; 14.688
 04.12.2025 03:24:26; 14.688
 04.12.2025 03:27:26; 14.750
 04.12.2025 03:30:27; 14.750
 04.12.2025 03:33:26; 14.750
 04.12.2025 03:36:26; 14.750
 04.12.2025 03:39:27; 14.813
 04.12.2025 03:42:27; 14.813
 04.12.2025 03:45:26; 14.813
 04.12.2025 03:48:27; 14.813
 04.12.2025 03:51:27; 14.875
 04.12.2025 03:54:26; 14.875
 04.12.2025 03:57:27; 14.875
 04.12.2025 04:00:27; 14.938
 04.12.2025 04:03:26; 14.938
 04.12.2025 04:06:27; 15.000
 04.12.2025 04:09:26; 15.000
 04.12.2025 04:12:26; 15.000
 04.12.2025 04:15:27; 15.063
 04.12.2025 04:18:26; 15.063
 04.12.2025 04:21:26; 15.063
 04.12.2025 04:24:27; 15.063
 04.12.2025 04:27:27; 15.063
 04.12.2025 04:30:26; 15.063
 04.12.2025 04:33:27; 15.063
 04.12.2025 04:36:27; 15.063
 04.12.2025 04:39:26; 15.063
 04.12.2025 04:42:27; 15.063
 04.12.2025 04:45:27; 15.063
 04.12.2025 04:48:26; 15.063
 04.12.2025 04:51:27; 15.000
 04.12.2025 04:54:26; 15.000
 04.12.2025 04:57:26; 14.938
 04.12.2025 05:00:27; 14.938
 04.12.2025 05:03:26; 14.938
 04.12.2025 05:06:26; 14.938
 04.12.2025 05:09:27; 14.875
 04.12.2025 05:12:27; 14.875
 04.12.2025 05:15:26; 14.875
 04.12.2025 05:18:27; 14.875
 04.12.2025 05:21:27; 14.875
 04.12.2025 05:24:26; 14.938
 04.12.2025 05:27:27; 14.875
 04.12.2025 05:30:27; 14.875
 04.12.2025 05:33:26; 14.813
 04.12.2025 05:36:27; 14.750
 04.12.2025 05:39:26; 14.688
 04.12.2025 05:42:26; 14.688
 04.12.2025 05:45:27; 14.625
 04.12.2025 05:48:26; 14.625
 04.12.2025 05:51:26; 14.625
 04.12.2025 05:54:27; 14.563
 04.12.2025 05:57:27; 14.563
 04.12.2025 06:00:26; 14.563
 04.12.2025 06:03:27; 14.563
 04.12.2025 06:06:27; 14.563
 04.12.2025 06:09:26; 14.500
 04.12.2025 06:12:27; 14.500
 04.12.2025 06:15:27; 14.438
 04.12.2025 06:18:26; 14.438
 04.12.2025 06:21:27; 14.375
 04.12.2025 06:24:26; 14.375
 04.12.2025 06:27:26; 14.313
 04.12.2025 06:30:27; 14.313
 04.12.2025 06:33:26; 14.313
 04.12.2025 06:36:26; 14.313
 04.12.2025 06:39:27; 14.250
 04.12.2025 06:42:27; 14.250
 04.12.2025 06:45:26; 14.250
 04.12.2025 06:48:27; 14.250
 04.12.2025 06:51:27; 14.250
 04.12.2025 06:54:26; 14.313
 04.12.2025 06:57:27; 14.313
 04.12.2025 07:00:27; 14.313
 04.12.2025 07:03:26; 14.313
 04.12.2025 07:06:27; 14.313
 04.12.2025 07:09:26; 14.313
 04.12.2025 07:12:26; 14.313
 04.12.2025 07:15:27; 14.313
 04.12.2025 07:18:26; 14.313
 04.12.2025 07:21:26; 14.313
 04.12.2025 07:24:27; 14.375
 04.12.2025 07:27:27; 14.375
 04.12.2025 07:30:26; 14.375
 04.12.2025 07:33:27; 14.438
 04.12.2025 07:36:27; 14.438
 04.12.2025 07:39:26; 14.438
 04.12.2025 07:42:27; 14.438
 04.12.2025 07:45:27; 14.438
 04.12.2025 07:48:26; 14.438
 04.12.2025 07:51:27; 14.438
 04.12.2025 07:54:26; 14.438
 04.12.2025 07:57:26; 14.500
 04.12.2025 08:00:27; 14.500
 04.12.2025 08:03:26; 14.500
 04.12.2025 08:06:26; 14.500
 04.12.2025 08:09:27; 14.500
 04.12.2025 08:12:27; 14.500
 04.12.2025 08:15:26; 14.500
 04.12.2025 08:18:27; 14.500
 04.12.2025 08:21:27; 14.500
 04.12.2025 08:24:26; 14.500
 04.12.2025 08:27:27; 14.500
 04.12.2025 08:30:27; 14.500
 04.12.2025 08:33:26; 14.500
 04.12.2025 08:36:27; 14.500
 04.12.2025 08:39:26; 14.500
 04.12.2025 08:42:26; 14.500
 04.12.2025 08:45:27; 14.500
 04.12.2025 08:48:26; 14.500
 04.12.2025 08:51:26; 14.500
 04.12.2025 08:54:27; 14.500
 04.12.2025 08:57:27; 14.500
 04.12.2025 09:00:26; 14.500
 04.12.2025 09:03:27; 14.500
 04.12.2025 09:06:27; 14.500
 04.12.2025 09:09:26; 14.438
 04.12.2025 09:12:27; 14.438
 04.12.2025 09:15:27; 14.438
 04.12.2025 09:18:26; 14.375
 04.12.2025 09:21:27; 14.375
 04.12.2025 09:24:26; 14.375
 04.12.2025 09:27:26; 14.313
 04.12.2025 09:30:27; 14.313
 04.12.2025 09:33:26; 14.250
 04.12.2025 09:36:26; 14.250
 04.12.2025 09:39:27; 14.250
 04.12.2025 09:42:27; 14.250
 04.12.2025 09:45:26; 14.188
 04.12.2025 09:48:27; 14.188
 04.12.2025 09:51:27; 14.188
 04.12.2025 09:54:26; 14.188
 04.12.2025 09:57:27; 14.250
 04.12.2025 10:00:27; 14.250
 04.12.2025 10:03:26; 14.250
 04.12.2025 10:06:27; 14.250
 04.12.2025 10:09:26; 14.250
 04.12.2025 10:12:26; 14.313
 04.12.2025 10:15:27; 14.313
 04.12.2025 10:18:26; 14.313
 04.12.2025 10:21:26; 14.375
 04.12.2025 10:24:27; 14.375
 04.12.2025 10:27:27; 14.375
 04.12.2025 10:30:26; 14.438
 04.12.2025 10:33:27; 14.438
 04.12.2025 10:36:27; 14.438
 04.12.2025 10:39:26; 14.500
 04.12.2025 10:42:27; 14.500
 04.12.2025 10:45:27; 14.500
 04.12.2025 10:48:26; 14.500
 04.12.2025 10:51:27; 14.563
 04.12.2025 10:54:26; 14.563
 04.12.2025 10:57:26; 14.625
 04.12.2025 11:00:27; 14.625
 04.12.2025 11:03:26; 14.625
 04.12.2025 11:06:26; 14.625
 04.12.2025 11:09:27; 14.688
 04.12.2025 11:12:27; 14.688
 04.12.2025 11:15:26; 14.750
 04.12.2025 11:18:27; 14.750
 04.12.2025 11:21:27; 14.813
 04.12.2025 11:24:26; 14.813
 04.12.2025 11:27:27; 14.875
 04.12.2025 11:30:27; 14.875
 04.12.2025 11:33:26; 14.938
 04.12.2025 11:36:27; 15.000
 04.12.2025 11:39:26; 15.063
 04.12.2025 11:42:26; 15.125
 04.12.2025 11:45:27; 15.188
 04.12.2025 11:48:26; 15.188
 04.12.2025 11:51:26; 15.250
 04.12.2025 11:54:27; 15.250
 04.12.2025 11:57:27; 15.313
 04.12.2025 12:00:26; 15.375
 04.12.2025 12:03:27; 15.375
 04.12.2025 12:06:27; 15.438
 04.12.2025 12:09:26; 15.500
 04.12.2025 12:12:27; 15.563
 04.12.2025 12:15:27; 15.563
 04.12.2025 12:18:26; 15.625
 04.12.2025 12:21:27; 15.688
 04.12.2025 12:24:26; 15.813
 04.12.2025 12:27:26; 15.875
 04.12.2025 12:30:27; 16.000
 04.12.2025 12:33:26; 16.063
 04.12.2025 12:36:26; 16.188
 04.12.2025 12:39:27; 16.250
 04.12.2025 12:42:27; 16.313
 04.12.2025 12:45:26; 16.313
 04.12.2025 12:48:27; 16.375
 04.12.2025 12:51:27; 16.500
 04.12.2025 12:54:26; 16.563
 04.12.2025 12:57:27; 16.688
 04.12.2025 13:00:27; 16.688
 04.12.2025 13:03:26; 16.688
 04.12.2025 13:06:27; 16.688
 04.12.2025 13:09:26; 16.875
 04.12.2025 13:12:26; 16.938
 04.12.2025 13:15:27; 17.000
 04.12.2025 13:18:26; 17.063
 04.12.2025 13:21:26; 17.188
 04.12.2025 13:24:27; 17.188
 04.12.2025 13:27:27; 17.250
 04.12.2025 13:30:26; 17.313
 04.12.2025 13:33:27; 17.375
 04.12.2025 13:36:27; 17.438
 04.12.2025 13:39:26; 17.438
 04.12.2025 13:42:27; 17.500
 04.12.2025 13:45:27; 17.438
 04.12.2025 13:48:26; 17.438
 04.12.2025 13:51:27; 17.500
 04.12.2025 13:54:26; 17.625
 04.12.2025 13:57:26; 17.688
 04.12.2025 14:00:27; 17.813
 04.12.2025 14:03:26; 17.875
 04.12.2025 14:06:26; 17.938
 04.12.2025 14:09:27; 18.125
 04.12.2025 14:12:27; 18.250
 04.12.2025 14:15:26; 18.375
 04.12.2025 14:18:27; 18.438
 04.12.2025 14:21:27; 18.500
 04.12.2025 14:24:26; 18.500
 04.12.2025 14:27:27; 18.688
 04.12.2025 14:30:27; 18.813
 04.12.2025 14:33:26; 18.938
 04.12.2025 14:36:27; 19.063
 04.12.2025 14:39:26; 19.188
 04.12.2025 14:42:26; 19.250
 04.12.2025 14:45:27; 19.188
 04.12.2025 14:48:26; 19.188
 04.12.2025 14:51:26; 19.313
 04.12.2025 14:54:27; 19.438
 04.12.2025 14:57:27; 19.688
 04.12.2025 15:00:26; 19.875
 04.12.2025 15:03:27; 19.875
 04.12.2025 15:06:27; 20.000
 04.12.2025 15:09:26; 20.000
 04.12.2025 15:12:27; 20.063
 04.12.2025 15:15:27; 20.063
 04.12.2025 15:18:26; 20.188
 04.12.2025 15:21:27; 20.250
 04.12.2025 15:24:26; 20.313
 04.12.2025 15:27:26; 20.375
 04.12.2025 15:30:27; 20.438
 04.12.2025 15:33:26; 20.375
 04.12.2025 15:36:26; 20.313
 04.12.2025 15:39:27; 20.188
 04.12.2025 15:42:27; 20.188
 04.12.2025 15:45:26; 20.250
 04.12.2025 15:48:27; 20.250
 04.12.2025 15:51:27; 20.250
 04.12.2025 15:54:26; 20.375
 04.12.2025 15:57:27; 20.625
 04.12.2025 16:00:27; 20.813
 04.12.2025 16:03:26; 21.125
 04.12.2025 16:06:27; 21.250
 04.12.2025 16:09:26; 21.500
 04.12.2025 16:12:26; 21.563
 04.12.2025 16:15:27; 21.750
 04.12.2025 16:18:26; 21.875
 04.12.2025 16:21:26; 21.750
 04.12.2025 16:24:27; 21.375
 04.12.2025 16:27:27; 21.000
 04.12.2025 16:30:26; 20.813
 04.12.2025 16:33:27; 20.813
 04.12.2025 16:36:27; 20.813
 04.12.2025 16:39:26; 20.938
 04.12.2025 16:42:27; 21.125
 04.12.2025 16:45:27; 21.375
 04.12.2025 16:48:26; 21.813
 04.12.2025 16:51:27; 22.125
 04.12.2025 16:54:26; 22.188
 04.12.2025 16:57:26; 22.250
 04.12.2025 17:00:27; 22.063
 04.12.2025 17:03:26; 21.750
 04.12.2025 17:06:26; 21.750
 04.12.2025 17:09:27; 21.813
 04.12.2025 17:12:27; 21.875
 04.12.2025 17:15:26; 21.813
 04.12.2025 17:18:27; 21.813
 04.12.2025 17:21:27; 21.875
 04.12.2025 17:24:26; 22.000
 04.12.2025 17:27:27; 21.938
 04.12.2025 17:30:27; 21.813
 04.12.2025 17:33:26; 21.688
 04.12.2025 17:36:27; 21.375
 04.12.2025 17:39:26; 21.188
 04.12.2025 17:42:26; 21.750
 04.12.2025 17:45:27; 22.125
 04.12.2025 17:48:26; 23.625
 04.12.2025 17:51:26; 25.000
 04.12.2025 17:54:27; 25.250
 04.12.2025 17:57:27; 25.813
 04.12.2025 18:00:26; 26.875
 04.12.2025 18:03:27; 27.688
 04.12.2025 18:06:27; 27.625
 04.12.2025 18:09:26; 26.000
 04.12.2025 18:12:27; 25.000
 04.12.2025 18:15:27; 24.750
 04.12.2025 18:18:26; 25.000
 04.12.2025 18:21:27; 25.750
 04.12.2025 18:24:26; 26.750
 04.12.2025 18:27:26; 27.625
 04.12.2025 18:30:27; 28.125
 04.12.2025 18:33:26; 26.438
 04.12.2025 18:36:26; 25.375
 04.12.2025 18:39:27; 24.375
 04.12.2025 18:42:27; 23.875
 04.12.2025 18:45:26; 23.375
 04.12.2025 18:48:27; 23.000
 04.12.2025 18:51:27; 22.625
 04.12.2025 18:54:26; 22.250
 04.12.2025 18:57:27; 21.938
 04.12.2025 19:00:27; 21.688
 04.12.2025 19:03:26; 21.438
 04.12.2025 19:06:27; 21.438
 04.12.2025 19:09:26; 21.688
 04.12.2025 19:12:26; 22.688
 04.12.2025 19:15:27; 22.500
 04.12.2025 19:18:26; 22.250
 04.12.2025 19:21:26; 22.188
 04.12.2025 19:24:27; 22.750
 04.12.2025 19:27:27; 24.688
 04.12.2025 19:30:26; 24.813
 04.12.2025 19:33:27; 24.313
 04.12.2025 19:36:27; 23.625
 04.12.2025 19:39:26; 22.813
 04.12.2025 19:42:27; 22.375
 04.12.2025 19:45:27; 22.000
 04.12.2025 19:48:26; 21.813
 04.12.2025 19:51:27; 21.688
 04.12.2025 19:54:26; 21.563
 04.12.2025 19:57:26; 21.313
 04.12.2025 20:00:27; 21.125
 04.12.2025 20:03:26; 20.813
 04.12.2025 20:06:26; 20.313
 04.12.2025 20:09:27; 19.938
 04.12.2025 20:12:27; 19.813
 04.12.2025 20:15:26; 19.563
 04.12.2025 20:18:27; 19.375
 04.12.2025 20:21:27; 19.188
 04.12.2025 20:24:26; 19.000
 04.12.2025 20:27:27; 18.813
 04.12.2025 20:30:27; 18.625
 04.12.2025 20:33:26; 18.563
 04.12.2025 20:36:27; 18.438
 04.12.2025 20:39:26; 18.250
 04.12.2025 20:42:26; 18.063
 04.12.2025 20:45:27; 17.813
 04.12.2025 20:48:26; 17.625
 04.12.2025 20:51:26; 17.500
 04.12.2025 20:54:27; 17.375
 04.12.2025 20:57:27; 17.250
 04.12.2025 21:00:26; 17.125
 04.12.2025 21:03:27; 17.000
 04.12.2025 21:06:27; 16.875
 04.12.2025 21:09:26; 16.813
 04.12.2025 21:12:27; 16.688
 04.12.2025 21:15:27; 16.500
 04.12.2025 21:18:26; 16.375
 04.12.2025 21:21:27; 16.313
 04.12.2025 21:24:26; 16.250
 04.12.2025 21:27:26; 16.125
 04.12.2025 21:30:27; 16.000
 04.12.2025 21:33:26; 15.938
 04.12.2025 21:36:26; 15.875
 04.12.2025 21:39:27; 15.875
 04.12.2025 21:42:27; 15.875
 04.12.2025 21:45:26; 15.875
 04.12.2025 21:48:27; 15.750
 04.12.2025 21:51:27; 15.688
 04.12.2025 21:54:26; 15.563
 04.12.2025 21:57:27; 15.563
 04.12.2025 22:00:27; 15.500
 04.12.2025 22:03:26; 15.500
 04.12.2025 22:06:27; 15.438
 04.12.2025 22:09:26; 15.438
 04.12.2025 22:12:26; 15.375
 04.12.2025 22:15:27; 15.313
 04.12.2025 22:18:26; 15.313
 04.12.2025 22:21:26; 15.250
 04.12.2025 22:24:27; 15.250
 04.12.2025 22:27:27; 15.188
 04.12.2025 22:30:26; 15.125
 04.12.2025 22:33:27; 15.125
 04.12.2025 22:36:27; 15.063
 04.12.2025 22:39:26; 15.000
 04.12.2025 22:42:27; 15.000
 04.12.2025 22:45:27; 15.000
 04.12.2025 22:48:26; 14.938
 04.12.2025 22:51:27; 14.938
 04.12.2025 22:54:26; 14.938
 04.12.2025 22:57:26; 14.875
 04.12.2025 23:00:27; 14.875
 04.12.2025 23:03:26; 14.875
 04.12.2025 23:06:26; 14.875
 04.12.2025 23:09:27; 14.875
 04.12.2025 23:12:27; 14.938
 04.12.2025 23:15:26; 14.938
 04.12.2025 23:18:27; 14.938
 04.12.2025 23:21:27; 15.000
 04.12.2025 23:24:26; 15.000
 04.12.2025 23:27:27; 15.000
 04.12.2025 23:30:27; 15.000
 04.12.2025 23:33:26; 15.000
 04.12.2025 23:36:27; 15.000
 04.12.2025 23:39:26; 15.000
 04.12.2025 23:42:26; 14.938
 04.12.2025 23:45:27; 14.938
 04.12.2025 23:48:26; 15.000
 04.12.2025 23:51:26; 15.000
 04.12.2025 23:54:27; 14.938
 04.12.2025 23:57:27; 14.938
 05.12.2025 00:00:26; 15.000
 05.12.2025 00:03:27; 15.000
 05.12.2025 00:06:27; 15.000
 05.12.2025 00:09:26; 15.000
 05.12.2025 00:12:27; 15.000
 05.12.2025 00:15:27; 15.000
 05.12.2025 00:18:26; 15.000
 05.12.2025 00:21:27; 14.938
 05.12.2025 00:24:26; 14.938
 05.12.2025 00:27:26; 14.938
 05.12.2025 00:30:27; 14.938
 05.12.2025 00:33:26; 14.875
 05.12.2025 00:36:26; 14.875
 05.12.2025 00:39:27; 14.875
 05.12.2025 00:42:27; 14.875
 05.12.2025 00:45:26; 14.875
 05.12.2025 00:48:27; 14.875
 05.12.2025 00:51:27; 14.938
 05.12.2025 00:54:26; 14.938
 05.12.2025 00:57:27; 14.938
 05.12.2025 01:00:27; 14.938
 05.12.2025 01:03:26; 14.938
 05.12.2025 01:06:27; 14.938
 05.12.2025 01:09:26; 14.938
 05.12.2025 01:12:26; 14.938
 05.12.2025 01:15:27; 14.875
 05.12.2025 01:18:26; 14.875
 05.12.2025 01:21:26; 14.813
 05.12.2025 01:24:27; 14.813
 05.12.2025 01:27:27; 14.750
 05.12.2025 01:30:26; 14.750
 05.12.2025 01:33:27; 14.688
 05.12.2025 01:36:27; 14.688
 05.12.2025 01:39:26; 14.688
 05.12.2025 01:42:27; 14.625
 05.12.2025 01:45:27; 14.625
 05.12.2025 01:48:26; 14.625
 05.12.2025 01:51:27; 14.563
 05.12.2025 01:54:26; 14.500
 05.12.2025 01:57:26; 14.500
 05.12.2025 02:00:27; 14.438
 05.12.2025 02:03:26; 14.438
 05.12.2025 02:06:26; 14.438
 05.12.2025 02:09:27; 14.438
 05.12.2025 02:12:27; 14.438
 05.12.2025 02:15:26; 14.438
 05.12.2025 02:18:27; 14.438
 05.12.2025 02:21:27; 14.438
 05.12.2025 02:24:26; 14.438
 05.12.2025 02:27:27; 14.500
 05.12.2025 02:30:27; 14.500
 05.12.2025 02:33:26; 14.500
 05.12.2025 02:36:27; 14.563
 05.12.2025 02:39:26; 14.563
 05.12.2025 02:42:26; 14.563
 05.12.2025 02:45:27; 14.563
 05.12.2025 02:48:26; 14.625
 05.12.2025 02:51:26; 14.625
 05.12.2025 02:54:27; 14.625
 05.12.2025 02:57:27; 14.625
 05.12.2025 03:00:26; 14.625
 05.12.2025 03:03:27; 14.563
 05.12.2025 03:06:27; 14.563
 05.12.2025 03:09:26; 14.563
 05.12.2025 03:12:27; 14.563
 05.12.2025 03:15:27; 14.563
 05.12.2025 03:18:26; 14.563
 05.12.2025 03:21:27; 14.500
 05.12.2025 03:24:26; 14.500
 05.12.2025 03:27:26; 14.500
 05.12.2025 03:30:27; 14.500
 05.12.2025 03:33:26; 14.500
 05.12.2025 03:36:26; 14.500
 05.12.2025 03:39:27; 14.500
 05.12.2025 03:42:27; 14.500
 05.12.2025 03:45:26; 14.500
 05.12.2025 03:48:27; 14.438
 05.12.2025 03:51:27; 14.438
 05.12.2025 03:54:26; 14.438
 05.12.2025 03:57:27; 14.438
 05.12.2025 04:00:27; 14.438
 05.12.2025 04:03:26; 14.438
 05.12.2025 04:06:27; 14.375
 05.12.2025 04:09:26; 14.375
 05.12.2025 04:12:26; 14.438
 05.12.2025 04:15:27; 14.438
 05.12.2025 04:18:26; 14.438
 05.12.2025 04:21:26; 14.438
 05.12.2025 04:24:27; 14.375
 05.12.2025 04:27:27; 14.375
 05.12.2025 04:30:26; 14.438
 05.12.2025 04:33:27; 14.438
 05.12.2025 04:36:27; 14.438
 05.12.2025 04:39:26; 14.500
 05.12.2025 04:42:27; 14.500
 05.12.2025 04:45:27; 14.500
 05.12.2025 04:48:26; 14.500
 05.12.2025 04:51:27; 14.500
 05.12.2025 04:54:26; 14.500
 05.12.2025 04:57:26; 14.500
 05.12.2025 05:00:27; 14.500
 05.12.2025 05:03:26; 14.500
 05.12.2025 05:06:26; 14.500
 05.12.2025 05:09:27; 14.563
 05.12.2025 05:12:27; 14.563
 05.12.2025 05:15:26; 14.563
 05.12.2025 05:18:27; 14.625
 05.12.2025 05:21:27; 14.563
 05.12.2025 05:24:26; 14.563
 05.12.2025 05:27:27; 14.625
 05.12.2025 05:30:27; 14.625
 05.12.2025 05:33:26; 14.625
 05.12.2025 05:36:27; 14.625
 05.12.2025 05:39:26; 14.625
 05.12.2025 05:42:26; 14.625
 05.12.2025 05:45:27; 14.625
 05.12.2025 05:48:26; 14.625
 05.12.2025 05:51:26; 14.563
 05.12.2025 05:54:27; 14.563
 05.12.2025 05:57:27; 14.563
 05.12.2025 06:00:26; 14.563
 05.12.2025 06:03:27; 14.500
 05.12.2025 06:06:27; 14.500
 05.12.2025 06:09:26; 14.500
 05.12.2025 06:12:27; 14.500
 05.12.2025 06:15:27; 14.500
 05.12.2025 06:18:26; 14.500
 05.12.2025 06:21:27; 14.563
 05.12.2025 06:24:26; 14.563
 05.12.2025 06:27:26; 14.563
 05.12.2025 06:30:27; 14.563
 05.12.2025 06:33:26; 14.563
 05.12.2025 06:36:26; 14.563
 05.12.2025 06:39:27; 14.563
 05.12.2025 06:42:27; 14.563
 05.12.2025 06:45:26; 14.563
 05.12.2025 06:48:27; 14.625
 05.12.2025 06:51:27; 14.625
 05.12.2025 06:54:26; 14.625
 05.12.2025 06:57:27; 14.625
 05.12.2025 07:00:27; 14.688
 05.12.2025 07:03:26; 14.688
 05.12.2025 07:06:27; 14.688
 05.12.2025 07:09:26; 14.688
 05.12.2025 07:12:26; 14.688
 05.12.2025 07:15:27; 14.750
 05.12.2025 07:18:26; 14.750
 05.12.2025 07:21:26; 14.750
 05.12.2025 07:24:27; 14.750
 05.12.2025 07:27:27; 14.813
 05.12.2025 07:30:26; 14.813
 05.12.2025 07:33:27; 14.813
 05.12.2025 07:36:27; 14.813
 05.12.2025 07:39:26; 14.813
 05.12.2025 07:42:27; 14.813
 05.12.2025 07:45:27; 14.875
 05.12.2025 07:48:26; 14.875
 05.12.2025 07:51:27; 14.875
 05.12.2025 07:54:26; 14.875
 05.12.2025 07:57:26; 14.875
 05.12.2025 08:00:27; 14.875
 05.12.2025 08:03:26; 14.875
 05.12.2025 08:06:26; 14.875
 05.12.2025 08:09:27; 14.875
 05.12.2025 08:12:27; 14.938
 05.12.2025 08:15:26; 14.938
 05.12.2025 08:18:27; 14.938
 05.12.2025 08:21:27; 14.938
 05.12.2025 08:24:26; 15.000
 05.12.2025 08:27:27; 15.000
 05.12.2025 08:30:27; 15.000
 05.12.2025 08:33:26; 15.000
 05.12.2025 08:36:27; 15.000
 05.12.2025 08:39:26; 15.000
 05.12.2025 08:42:26; 15.000
 05.12.2025 08:45:27; 15.000
 05.12.2025 08:48:26; 14.938
 05.12.2025 08:51:26; 14.938
 05.12.2025 08:54:27; 14.938
 05.12.2025 08:57:27; 14.938
 05.12.2025 09:00:26; 14.938
 05.12.2025 09:03:27; 15.000
 05.12.2025 09:06:27; 14.938
 05.12.2025 09:09:26; 14.938
 05.12.2025 09:12:27; 14.938
 05.12.2025 09:15:27; 14.938
 05.12.2025 09:18:26; 15.000
 05.12.2025 09:21:27; 15.000
 05.12.2025 09:24:26; 15.000
 05.12.2025 09:27:26; 15.000
 05.12.2025 09:30:27; 15.000
 05.12.2025 09:33:26; 15.063
 05.12.2025 09:36:26; 15.063
 05.12.2025 09:39:27; 15.063
 05.12.2025 09:42:27; 15.063
 05.12.2025 09:45:26; 15.125
 05.12.2025 09:48:27; 15.125
 05.12.2025 09:51:27; 15.125
 05.12.2025 09:54:26; 15.125
 05.12.2025 09:57:27; 15.125
 05.12.2025 10:00:27; 15.125
 05.12.2025 10:03:26; 15.125
 05.12.2025 10:06:27; 15.125
 05.12.2025 10:09:26; 15.188
 05.12.2025 10:12:26; 15.188
 05.12.2025 10:15:27; 15.188
 05.12.2025 10:18:26; 15.250
 05.12.2025 10:21:26; 15.250
 05.12.2025 10:24:27; 15.313
 05.12.2025 10:27:27; 15.313
 05.12.2025 10:30:26; 15.375
 05.12.2025 10:33:27; 15.313
 05.12.2025 10:36:27; 15.313
 05.12.2025 10:39:26; 15.313
 05.12.2025 10:42:27; 15.313
 05.12.2025 10:45:27; 15.375
 05.12.2025 10:48:26; 15.375
 05.12.2025 10:51:27; 15.375
 05.12.2025 10:54:26; 15.438
 05.12.2025 10:57:26; 15.438
 05.12.2025 11:00:27; 15.500
 05.12.2025 11:03:26; 15.500
 05.12.2025 11:06:26; 15.563
 05.12.2025 11:09:27; 15.563
 05.12.2025 11:12:27; 15.625
 05.12.2025 11:15:26; 15.688
 05.12.2025 11:18:27; 15.750
 05.12.2025 11:21:27; 15.750
 05.12.2025 11:24:26; 15.813
 05.12.2025 11:27:27; 15.875
 05.12.2025 11:30:27; 15.938
 05.12.2025 11:33:26; 16.000
 05.12.2025 11:36:27; 16.063
 05.12.2025 11:39:26; 16.125
 05.12.2025 11:42:26; 16.188
 05.12.2025 11:45:27; 16.250
 05.12.2025 11:48:26; 16.313
 05.12.2025 11:51:26; 16.375
 05.12.2025 11:54:27; 16.375
 05.12.2025 11:57:27; 16.438
 05.12.2025 12:00:26; 16.500
 05.12.2025 12:03:27; 16.500
 05.12.2025 12:06:27; 16.500
 05.12.2025 12:09:26; 16.500
 05.12.2025 12:12:27; 16.563
 05.12.2025 12:15:27; 16.688
 05.12.2025 12:18:26; 16.750
 05.12.2025 12:21:27; 16.875
 05.12.2025 12:24:26; 16.938
 05.12.2025 12:27:26; 17.125
 05.12.2025 12:30:27; 17.125
 05.12.2025 12:33:26; 17.125
 05.12.2025 12:36:26; 17.313
 05.12.2025 12:39:27; 17.438
 05.12.2025 12:42:27; 17.375
 05.12.2025 12:45:26; 17.250
 05.12.2025 12:48:27; 17.250
 05.12.2025 12:51:27; 17.313
 05.12.2025 12:54:26; 17.313
 05.12.2025 12:57:27; 17.313
 05.12.2025 13:00:27; 17.313
 05.12.2025 13:03:26; 17.500
 05.12.2025 13:06:27; 17.563
 05.12.2025 13:09:26; 17.500
 05.12.2025 13:12:26; 17.875
 05.12.2025 13:15:27; 18.125
 05.12.2025 13:18:26; 18.313
 05.12.2025 13:21:26; 18.375
 05.12.2025 13:24:27; 18.125
 05.12.2025 13:27:27; 17.875
 05.12.2025 13:30:26; 17.875
 05.12.2025 13:33:27; 18.125
 05.12.2025 13:36:27; 18.250
 05.12.2025 13:39:26; 18.313
 05.12.2025 13:42:27; 18.500
 05.12.2025 13:45:27; 18.938
 05.12.2025 13:48:26; 19.250
 05.12.2025 13:51:27; 19.125
 05.12.2025 13:54:26; 19.313
 05.12.2025 13:57:26; 19.375
 05.12.2025 14:00:27; 19.688
 05.12.2025 14:03:26; 19.625
 05.12.2025 14:06:26; 19.625
 05.12.2025 14:09:27; 19.500
 05.12.2025 14:12:27; 19.375
 05.12.2025 14:15:26; 19.375
 05.12.2025 14:18:27; 19.938
 05.12.2025 14:21:27; 20.250
 05.12.2025 14:24:26; 20.625
 05.12.2025 14:27:27; 20.750
 05.12.2025 14:30:27; 20.750
 05.12.2025 14:33:26; 20.563
 05.12.2025 14:36:27; 20.250
 05.12.2025 14:39:26; 20.125
 05.12.2025 14:42:26; 20.188
 05.12.2025 14:45:27; 20.188
 05.12.2025 14:48:26; 20.000
 05.12.2025 14:51:26; 20.000
 05.12.2025 14:54:27; 20.500
 05.12.2025 14:57:27; 20.688
 05.12.2025 15:00:26; 20.688
 05.12.2025 15:03:27; 20.938
 05.12.2025 15:06:27; 21.438
 05.12.2025 15:09:26; 21.813
 05.12.2025 15:12:27; 22.625
 05.12.2025 15:15:27; 23.125
 05.12.2025 15:18:26; 23.063
 05.12.2025 15:21:27; 22.938
 05.12.2025 15:24:26; 22.813
 05.12.2025 15:27:26; 22.000
 05.12.2025 15:30:27; 21.438
 05.12.2025 15:33:26; 20.625
 05.12.2025 15:36:26; 19.813
 05.12.2025 15:39:27; 19.750
 05.12.2025 15:42:27; 20.063
 05.12.2025 15:45:26; 20.313
 05.12.2025 15:48:27; 20.500
 05.12.2025 15:51:27; 20.563
 05.12.2025 15:54:26; 20.563
 05.12.2025 15:57:27; 20.688
 05.12.2025 16:00:27; 20.750
 05.12.2025 16:03:26; 20.813
 05.12.2025 16:06:27; 20.750
 05.12.2025 16:09:26; 20.500
 05.12.2025 16:12:26; 20.188
 05.12.2025 16:15:27; 19.563
 05.12.2025 16:18:26; 18.625
 05.12.2025 16:21:26; 18.438
 05.12.2025 16:24:27; 18.625
 05.12.2025 16:27:27; 18.938
 05.12.2025 16:30:26; 19.313
 05.12.2025 16:33:27; 19.625
 05.12.2025 16:36:27; 19.875
 05.12.2025 16:39:26; 20.125
 05.12.2025 16:42:27; 20.500
 05.12.2025 16:45:27; 20.875
 05.12.2025 16:48:26; 20.875
 05.12.2025 16:51:27; 20.938
 05.12.2025 16:54:26; 20.938
 05.12.2025 16:57:26; 21.188
 05.12.2025 17:00:27; 22.000
 05.12.2025 17:03:26; 22.750
 05.12.2025 17:06:26; 23.063
 05.12.2025 17:09:27; 22.938
 05.12.2025 17:12:27; 23.250
 05.12.2025 17:15:26; 23.438
 05.12.2025 17:18:27; 23.250
 05.12.2025 17:21:27; 22.813
 05.12.2025 17:24:26; 22.125
 05.12.2025 17:27:27; 21.500
 05.12.2025 17:30:27; 21.063
 05.12.2025 17:33:26; 20.625
 05.12.2025 17:36:27; 20.188
 05.12.2025 17:39:26; 19.813
 05.12.2025 17:42:26; 19.563
 05.12.2025 17:45:27; 19.500
 05.12.2025 17:48:26; 19.500
 05.12.2025 17:51:26; 19.688
 05.12.2025 17:54:27; 21.063
 05.12.2025 17:57:27; 22.875
 05.12.2025 18:00:26; 24.250
 05.12.2025 18:03:27; 25.375
 05.12.2025 18:06:27; 26.125
 05.12.2025 18:09:26; 27.188
 05.12.2025 18:12:27; 27.875
 05.12.2025 18:15:27; 27.938
 05.12.2025 18:18:26; 28.688
 05.12.2025 18:21:27; 28.250
 05.12.2025 18:24:26; 27.688
 05.12.2025 18:27:26; 27.250
 05.12.2025 18:30:27; 26.688
 05.12.2025 18:33:26; 27.375
 05.12.2025 18:36:26; 26.438
 05.12.2025 18:39:27; 25.500
 05.12.2025 18:42:27; 24.688
 05.12.2025 18:45:26; 24.000
 05.12.2025 18:48:27; 23.625
 05.12.2025 18:51:27; 23.375
 05.12.2025 18:54:26; 23.813
 05.12.2025 18:57:27; 25.500
 05.12.2025 19:00:27; 25.875
 05.12.2025 19:03:26; 25.250
 05.12.2025 19:06:27; 25.000
 05.12.2025 19:09:26; 28.438
 05.12.2025 19:12:26; 29.313
 05.12.2025 19:15:27; 26.938
 05.12.2025 19:18:26; 25.875
 05.12.2025 19:21:26; 25.000
 05.12.2025 19:24:27; 24.750
 05.12.2025 19:27:27; 25.813
 05.12.2025 19:30:26; 26.938
 05.12.2025 19:33:27; 28.063
 05.12.2025 19:36:27; 28.375
 05.12.2025 19:39:26; 28.000
 05.12.2025 19:42:27; 29.688
 05.12.2025 19:45:27; 29.250
 05.12.2025 19:48:26; 28.813
 05.12.2025 19:51:27; 28.250
 05.12.2025 19:54:26; 30.188
 05.12.2025 19:57:26; 29.125
 05.12.2025 20:00:27; 30.250
 05.12.2025 20:03:26; 30.250
 05.12.2025 20:06:26; 32.750
 05.12.2025 20:09:27; 32.688
 05.12.2025 20:12:27; 30.313
 05.12.2025 20:15:26; 28.313
 05.12.2025 20:18:27; 29.125
 05.12.2025 20:21:27; 28.313
 05.12.2025 20:24:26; 27.063
 05.12.2025 20:27:27; 25.750
 05.12.2025 20:30:27; 24.563
 05.12.2025 20:33:26; 23.563
 05.12.2025 20:36:27; 22.750
 05.12.2025 20:39:26; 22.125
 05.12.2025 20:42:26; 21.188
 05.12.2025 20:45:27; 20.375
 05.12.2025 20:48:26; 19.375
 05.12.2025 20:51:26; 18.375
 05.12.2025 20:54:27; 17.500
 05.12.2025 20:57:27; 17.063
 05.12.2025 21:00:26; 16.688
 05.12.2025 21:03:27; 16.563
 05.12.2025 21:06:27; 16.500
 05.12.2025 21:09:26; 16.438
 05.12.2025 21:12:27; 16.375
 05.12.2025 21:15:27; 16.375
 05.12.2025 21:18:26; 16.313
 05.12.2025 21:21:27; 16.313
 05.12.2025 21:24:26; 16.250
 05.12.2025 21:27:26; 16.250
 05.12.2025 21:30:27; 16.188
 05.12.2025 21:33:26; 16.313
 05.12.2025 21:36:26; 16.500
 05.12.2025 21:39:27; 16.625
 05.12.2025 21:42:27; 16.688
 05.12.2025 21:45:26; 16.750
 05.12.2025 21:48:27; 16.688
 05.12.2025 21:51:27; 16.688
 05.12.2025 21:54:26; 16.563
 05.12.2025 21:57:27; 16.313
 05.12.2025 22:00:27; 16.000
 05.12.2025 22:03:26; 15.688
 05.12.2025 22:06:27; 15.500
 05.12.2025 22:09:26; 15.375
 05.12.2025 22:12:26; 15.313
 05.12.2025 22:15:27; 15.250
 05.12.2025 22:18:26; 15.188
 05.12.2025 22:21:26; 15.188
 05.12.2025 22:24:27; 15.125
 05.12.2025 22:27:27; 15.125
 05.12.2025 22:30:26; 15.125
 05.12.2025 22:33:27; 15.188
 05.12.2025 22:36:27; 15.188
 05.12.2025 22:39:26; 15.188
 05.12.2025 22:42:27; 15.250
 05.12.2025 22:45:27; 15.250
 05.12.2025 22:48:26; 15.375
 05.12.2025 22:51:27; 15.438
 05.12.2025 22:54:26; 15.500
 05.12.2025 22:57:26; 15.563
 05.12.2025 23:00:27; 15.563
 05.12.2025 23:03:26; 15.625
 05.12.2025 23:06:26; 15.688
 05.12.2025 23:09:27; 15.875
 05.12.2025 23:12:27; 15.938
 05.12.2025 23:15:26; 16.000
 05.12.2025 23:18:27; 16.000
 05.12.2025 23:21:27; 16.063
 05.12.2025 23:24:26; 16.125
 05.12.2025 23:27:27; 16.125
 05.12.2025 23:30:27; 16.063
 05.12.2025 23:33:26; 16.000
 05.12.2025 23:36:27; 16.000
 05.12.2025 23:39:26; 15.938
 05.12.2025 23:42:26; 15.875
 05.12.2025 23:45:27; 15.813
 05.12.2025 23:48:26; 15.750
 05.12.2025 23:51:26; 15.688
 05.12.2025 23:54:27; 15.625
 05.12.2025 23:57:27; 15.625
 06.12.2025 00:00:26; 15.563
 06.12.2025 00:03:27; 15.500
 06.12.2025 00:06:27; 15.500
 06.12.2025 00:09:26; 15.438
 06.12.2025 00:12:27; 15.438
 06.12.2025 00:15:27; 15.438
 06.12.2025 00:18:26; 15.438
 06.12.2025 00:21:27; 15.375
 06.12.2025 00:24:26; 15.375
 06.12.2025 00:27:26; 15.313
 06.12.2025 00:30:27; 15.313
 06.12.2025 00:33:26; 15.250
 06.12.2025 00:36:26; 15.250
 06.12.2025 00:39:27; 15.188
 06.12.2025 00:42:27; 15.188
 06.12.2025 00:45:26; 15.125
 06.12.2025 00:48:27; 15.063
 06.12.2025 00:51:27; 15.000
 06.12.2025 00:54:26; 15.000
 06.12.2025 00:57:27; 14.938
 06.12.2025 01:00:27; 14.875
 06.12.2025 01:03:26; 14.875
 06.12.2025 01:06:27; 14.875
 06.12.2025 01:09:26; 14.938
 06.12.2025 01:12:26; 14.938
 06.12.2025 01:15:27; 15.000
 06.12.2025 01:18:26; 15.000
 06.12.2025 01:21:26; 15.000
 06.12.2025 01:24:27; 15.063
 06.12.2025 01:27:27; 15.063
 06.12.2025 01:30:26; 15.063
 06.12.2025 01:33:27; 15.063
 06.12.2025 01:36:27; 15.063
 06.12.2025 01:39:26; 15.063
 06.12.2025 01:42:27; 15.063
 06.12.2025 01:45:27; 15.063
 06.12.2025 01:48:26; 15.063
 06.12.2025 01:51:27; 15.063
 06.12.2025 01:54:26; 15.063
 06.12.2025 01:57:26; 15.063
 06.12.2025 02:00:27; 15.000
 06.12.2025 02:03:26; 15.000
 06.12.2025 02:06:26; 14.938
 06.12.2025 02:09:27; 14.875
 06.12.2025 02:12:27; 14.875
 06.12.2025 02:15:26; 14.813
 06.12.2025 02:18:27; 14.750
 06.12.2025 02:21:27; 14.750
 06.12.2025 02:24:26; 14.688
 06.12.2025 02:27:27; 14.625
 06.12.2025 02:30:27; 14.625
 06.12.2025 02:33:26; 14.563
 06.12.2025 02:36:27; 14.563
 06.12.2025 02:39:26; 14.500
 06.12.2025 02:42:26; 14.563
 06.12.2025 02:45:27; 14.500
 06.12.2025 02:48:26; 14.500
 06.12.2025 02:51:26; 14.500
 06.12.2025 02:54:27; 14.500
 06.12.2025 02:57:27; 14.438
 06.12.2025 03:00:26; 14.375
 06.12.2025 03:03:27; 14.313
 06.12.2025 03:06:27; 14.250
 06.12.2025 03:09:26; 14.188
 06.12.2025 03:12:27; 14.188
 06.12.2025 03:15:27; 14.188
 06.12.2025 03:18:26; 14.188
 06.12.2025 03:21:27; 14.188
 06.12.2025 03:24:26; 14.188
 06.12.2025 03:27:26; 14.188
 06.12.2025 03:30:27; 14.188
 06.12.2025 03:33:26; 14.188
 06.12.2025 03:36:26; 14.250
 06.12.2025 03:39:27; 14.250
 06.12.2025 03:42:27; 14.250
 06.12.2025 03:45:26; 14.188
 06.12.2025 03:48:27; 14.188
 06.12.2025 03:51:27; 14.250
 06.12.2025 03:54:26; 14.250
 06.12.2025 03:57:27; 14.313
 06.12.2025 04:00:27; 14.313
 06.12.2025 04:03:26; 14.375
 06.12.2025 04:06:27; 14.375
 06.12.2025 04:09:26; 14.375
 06.12.2025 04:12:26; 14.438
 06.12.2025 04:15:27; 14.438
 06.12.2025 04:18:26; 14.438
 06.12.2025 04:21:26; 14.438
 06.12.2025 04:24:27; 14.438
 06.12.2025 04:27:27; 14.438
 06.12.2025 04:30:26; 14.438
 06.12.2025 04:33:27; 14.438
 06.12.2025 04:36:27; 14.438
 06.12.2025 04:39:26; 14.438
 06.12.2025 04:42:27; 14.500
 06.12.2025 04:45:27; 14.500
 06.12.2025 04:48:26; 14.500
 06.12.2025 04:51:27; 14.500
 06.12.2025 04:54:26; 14.500
 06.12.2025 04:57:26; 14.500
 06.12.2025 05:00:27; 14.500
 06.12.2025 05:03:26; 14.500
 06.12.2025 05:06:26; 14.500
 06.12.2025 05:09:27; 14.500
 06.12.2025 05:12:27; 14.500
 06.12.2025 05:15:26; 14.500
 06.12.2025 05:18:27; 14.500
 06.12.2025 05:21:27; 14.438
 06.12.2025 05:24:26; 14.438
 06.12.2025 05:27:27; 14.438
 06.12.2025 05:30:27; 14.438
 06.12.2025 05:33:26; 14.438
 06.12.2025 05:36:27; 14.375
 06.12.2025 05:39:26; 14.375
 06.12.2025 05:42:26; 14.375
 06.12.2025 05:45:27; 14.375
 06.12.2025 05:48:26; 14.375
 06.12.2025 05:51:26; 14.375
 06.12.2025 05:54:27; 14.375
 06.12.2025 05:57:27; 14.375
 06.12.2025 06:00:26; 14.375
 06.12.2025 06:03:27; 14.375
 06.12.2025 06:06:27; 14.375
 06.12.2025 06:09:26; 14.375
 06.12.2025 06:12:27; 14.375
 06.12.2025 06:15:27; 14.438
 06.12.2025 06:18:26; 14.438
 06.12.2025 06:21:27; 14.438
 06.12.2025 06:24:26; 14.438
 06.12.2025 06:27:26; 14.438
 06.12.2025 06:30:27; 14.438
 06.12.2025 06:33:26; 14.438
 06.12.2025 06:36:26; 14.438
 06.12.2025 06:39:27; 14.438
 06.12.2025 06:42:27; 14.500
 06.12.2025 06:45:26; 14.500
 06.12.2025 06:48:27; 14.563
 06.12.2025 06:51:27; 14.500
 06.12.2025 06:54:26; 14.563
 06.12.2025 06:57:27; 14.500
 06.12.2025 07:00:27; 14.500
 06.12.2025 07:03:26; 14.500
 06.12.2025 07:06:27; 14.500
 06.12.2025 07:09:26; 14.500
 06.12.2025 07:12:26; 14.438
 06.12.2025 07:15:27; 14.438
 06.12.2025 07:18:26; 14.438
 06.12.2025 07:21:26; 14.375
 06.12.2025 07:24:27; 14.313
 06.12.2025 07:27:27; 14.250
 06.12.2025 07:30:26; 14.250
 06.12.2025 07:33:27; 14.250
 06.12.2025 07:36:27; 14.250
 06.12.2025 07:39:26; 14.250
 06.12.2025 07:42:27; 14.250
 06.12.2025 07:45:27; 14.250
 06.12.2025 07:48:26; 14.250
 06.12.2025 07:51:27; 14.250
 06.12.2025 07:54:26; 14.250
 06.12.2025 07:57:26; 14.250
 06.12.2025 08:00:27; 14.188
 06.12.2025 08:03:26; 14.188
 06.12.2025 08:06:26; 14.125
 06.12.2025 08:09:27; 14.063
 06.12.2025 08:12:27; 14.063
 06.12.2025 08:15:26; 14.000
 06.12.2025 08:18:27; 13.938
 06.12.2025 08:21:27; 13.938
 06.12.2025 08:24:26; 13.875
 06.12.2025 08:27:27; 13.875
 06.12.2025 08:30:27; 13.813
 06.12.2025 08:33:26; 13.813
 06.12.2025 08:36:27; 13.813
 06.12.2025 08:39:26; 13.813
 06.12.2025 08:42:26; 13.813
 06.12.2025 08:45:27; 13.750
 06.12.2025 08:48:26; 13.750
 06.12.2025 08:51:26; 13.750
 06.12.2025 08:54:27; 13.688
 06.12.2025 08:57:27; 13.688
 06.12.2025 09:00:26; 13.625
 06.12.2025 09:03:27; 13.625
 06.12.2025 09:06:27; 13.625
 06.12.2025 09:09:26; 13.563
 06.12.2025 09:12:27; 13.563
 06.12.2025 09:15:27; 13.563
 06.12.2025 09:18:26; 13.563
 06.12.2025 09:21:27; 13.625
 06.12.2025 09:24:26; 13.625
 06.12.2025 09:27:26; 13.625
 06.12.2025 09:30:27; 13.625
 06.12.2025 09:33:26; 13.563
 06.12.2025 09:36:26; 13.563
 06.12.2025 09:39:27; 13.563
 06.12.2025 09:42:27; 13.563
 06.12.2025 09:45:26; 13.500
 06.12.2025 09:48:27; 13.438
 06.12.2025 09:51:27; 13.438
 06.12.2025 09:54:26; 13.438
 06.12.2025 09:57:27; 13.438
 06.12.2025 10:00:27; 13.438
 06.12.2025 10:03:26; 13.438
 06.12.2025 10:06:27; 13.375
 06.12.2025 10:09:26; 13.375
 06.12.2025 10:12:26; 13.375
 06.12.2025 10:15:27; 13.375
 06.12.2025 10:18:26; 13.375
 06.12.2025 10:21:26; 13.375
 06.12.2025 10:24:27; 13.375
 06.12.2025 10:27:27; 13.375
 06.12.2025 10:30:26; 13.375
 06.12.2025 10:33:27; 13.375
 06.12.2025 10:36:27; 13.313
 06.12.2025 10:39:26; 13.313
 06.12.2025 10:42:27; 13.375
 06.12.2025 10:45:27; 13.375
 06.12.2025 10:48:26; 13.375
 06.12.2025 10:51:27; 13.375
 06.12.2025 10:54:26; 13.438
 06.12.2025 10:57:26; 13.438
 06.12.2025 11:00:27; 13.500
 06.12.2025 11:03:26; 13.500
 06.12.2025 11:06:26; 13.563
 06.12.2025 11:09:27; 13.563
 06.12.2025 11:12:27; 13.563
 06.12.2025 11:15:26; 13.625
 06.12.2025 11:18:27; 13.563
 06.12.2025 11:21:27; 13.563
 06.12.2025 11:24:26; 13.500
 06.12.2025 11:27:27; 13.500
 06.12.2025 11:30:27; 13.563
 06.12.2025 11:33:26; 13.625
 06.12.2025 11:36:27; 13.563
 06.12.2025 11:39:26; 13.625
 06.12.2025 11:42:26; 13.688
 06.12.2025 11:45:27; 13.688
 06.12.2025 11:48:26; 13.688
 06.12.2025 11:51:26; 13.688
 06.12.2025 11:54:27; 13.625
 06.12.2025 11:57:27; 13.625
 06.12.2025 12:00:26; 13.563
 06.12.2025 12:03:27; 13.625
 06.12.2025 12:06:27; 13.688
 06.12.2025 12:09:26; 13.750
 06.12.2025 12:12:27; 13.750
 06.12.2025 12:15:27; 13.813
 06.12.2025 12:18:26; 13.813
 06.12.2025 12:21:27; 13.813
 06.12.2025 12:24:26; 13.875
 06.12.2025 12:27:26; 13.938
 06.12.2025 12:30:27; 14.000
 06.12.2025 12:33:26; 14.000
 06.12.2025 12:36:26; 14.125
 06.12.2025 12:39:27; 14.188
 06.12.2025 12:42:27; 14.188
 06.12.2025 12:45:26; 14.125
 06.12.2025 12:48:27; 14.188
 06.12.2025 12:51:27; 14.125
 06.12.2025 12:54:26; 14.188
 06.12.2025 12:57:27; 14.188
 06.12.2025 13:00:27; 14.188
 06.12.2025 13:03:26; 14.188
 06.12.2025 13:06:27; 14.250
 06.12.2025 13:09:26; 14.250
 06.12.2025 13:12:26; 14.313
 06.12.2025 13:15:27; 14.375
 06.12.2025 13:18:26; 14.438
 06.12.2025 13:21:26; 14.500
 06.12.2025 13:24:27; 14.625
 06.12.2025 13:27:27; 14.625
 06.12.2025 13:30:26; 14.625
 06.12.2025 13:33:27; 14.688
 06.12.2025 13:36:27; 14.688
 06.12.2025 13:39:26; 14.688
 06.12.2025 13:42:27; 14.688
 06.12.2025 13:45:27; 14.688
 06.12.2025 13:48:26; 14.625
 06.12.2025 13:51:27; 14.563
 06.12.2025 13:54:26; 14.563
 06.12.2025 13:57:26; 14.625
 06.12.2025 14:00:27; 14.813
 06.12.2025 14:03:26; 15.063
 06.12.2025 14:06:26; 15.188
 06.12.2025 14:09:27; 15.250
 06.12.2025 14:12:27; 15.250
 06.12.2025 14:15:26; 15.125
 06.12.2025 14:18:27; 14.938
 06.12.2025 14:21:27; 14.875
 06.12.2025 14:24:26; 14.875
 06.12.2025 14:27:27; 14.813
 06.12.2025 14:30:27; 14.625
 06.12.2025 14:33:26; 14.563
 06.12.2025 14:36:27; 14.438
 06.12.2025 14:39:26; 14.313
 06.12.2025 14:42:26; 14.250
 06.12.2025 14:45:27; 14.188
 06.12.2025 14:48:26; 14.250
 06.12.2025 14:51:26; 14.375
 06.12.2025 14:54:27; 14.438
 06.12.2025 14:57:27; 14.313
 06.12.2025 15:00:26; 14.250
 06.12.2025 15:03:27; 14.125
 06.12.2025 15:06:27; 14.125
 06.12.2025 15:09:26; 14.063
 06.12.2025 15:12:27; 14.000
 06.12.2025 15:15:27; 14.000
 06.12.2025 15:18:26; 14.063
 06.12.2025 15:21:27; 14.188
 06.12.2025 15:24:26; 14.250
 06.12.2025 15:27:26; 14.250
 06.12.2025 15:30:27; 14.313
 06.12.2025 15:33:26; 14.625
 06.12.2025 15:36:26; 14.750
 06.12.2025 15:39:27; 14.813
 06.12.2025 15:42:27; 14.875
 06.12.2025 15:45:26; 15.125
 06.12.2025 15:48:27; 15.250
 06.12.2025 15:51:27; 15.375
 06.12.2025 15:54:26; 15.313
 06.12.2025 15:57:27; 15.438
 06.12.2025 16:00:27; 15.500
 06.12.2025 16:03:26; 15.563
 06.12.2025 16:06:27; 15.688
 06.12.2025 16:09:26; 15.688
 06.12.2025 16:12:26; 15.813
 06.12.2025 16:15:27; 15.938
 06.12.2025 16:18:26; 16.188
 06.12.2025 16:21:26; 16.313
 06.12.2025 16:24:27; 16.375
 06.12.2025 16:27:27; 16.313
 06.12.2025 16:30:26; 16.125
 06.12.2025 16:33:27; 16.063
 06.12.2025 16:36:27; 16.000
 06.12.2025 16:39:26; 15.938
 06.12.2025 16:42:27; 15.875
 06.12.2025 16:45:27; 16.063
 06.12.2025 16:48:26; 16.438
 06.12.2025 16:51:27; 16.813
 06.12.2025 16:54:26; 17.063
 06.12.2025 16:57:26; 17.313
 06.12.2025 17:00:27; 17.625
 06.12.2025 17:03:26; 17.875
 06.12.2025 17:06:26; 17.938
 06.12.2025 17:09:27; 18.063
 06.12.2025 17:12:27; 18.125
 06.12.2025 17:15:26; 18.125
 06.12.2025 17:18:27; 18.125
 06.12.2025 17:21:27; 17.875
 06.12.2025 17:24:26; 17.500
 06.12.2025 17:27:27; 17.250
 06.12.2025 17:30:27; 16.813
 06.12.2025 17:33:26; 16.438
 06.12.2025 17:36:27; 16.125
 06.12.2025 17:39:26; 15.875
 06.12.2025 17:42:26; 15.563
 06.12.2025 17:45:27; 15.375
 06.12.2025 17:48:26; 15.438
 06.12.2025 17:51:26; 15.500
 06.12.2025 17:54:27; 15.563
 06.12.2025 17:57:27; 15.688
 06.12.2025 18:00:26; 16.000
 06.12.2025 18:03:27; 16.438
 06.12.2025 18:06:27; 16.688
 06.12.2025 18:09:26; 16.750
 06.12.2025 18:12:27; 16.813
 06.12.2025 18:15:27; 16.688
 06.12.2025 18:18:26; 16.563
 06.12.2025 18:21:27; 16.500
 06.12.2025 18:24:26; 16.625
 06.12.2025 18:27:26; 16.438
 06.12.2025 18:30:27; 16.313
 06.12.2025 18:33:26; 16.375
 06.12.2025 18:36:26; 16.563
 06.12.2025 18:39:27; 16.938
 06.12.2025 18:42:27; 17.250
 06.12.2025 18:45:26; 17.250
 06.12.2025 18:48:27; 17.188
 06.12.2025 18:51:27; 17.063
 06.12.2025 18:54:26; 17.188
 06.12.2025 18:57:27; 17.250
 06.12.2025 19:00:27; 17.063
 06.12.2025 19:03:26; 17.000
 06.12.2025 19:06:27; 16.813
 06.12.2025 19:09:26; 16.625
 06.12.2025 19:12:26; 16.438
 06.12.2025 19:15:27; 16.313
 06.12.2025 19:18:26; 16.188
 06.12.2025 19:21:26; 16.125
 06.12.2025 19:24:27; 16.063
 06.12.2025 19:27:27; 16.000
 06.12.2025 19:30:26; 15.938
 06.12.2025 19:33:27; 15.938
 06.12.2025 19:36:27; 15.813
 06.12.2025 19:39:26; 15.813
 06.12.2025 19:42:27; 15.875
 06.12.2025 19:45:27; 15.875
 06.12.2025 19:48:26; 15.938
 06.12.2025 19:51:27; 15.938
 06.12.2025 19:54:26; 16.000
 06.12.2025 19:57:26; 16.063
 06.12.2025 20:00:27; 16.063
 06.12.2025 20:03:26; 16.063
 06.12.2025 20:06:26; 16.000
 06.12.2025 20:09:27; 15.875
 06.12.2025 20:12:27; 15.750
 06.12.2025 20:15:26; 15.688
 06.12.2025 20:18:27; 15.688
 06.12.2025 20:21:27; 15.750
 06.12.2025 20:24:26; 15.875
 06.12.2025 20:27:27; 16.063
 06.12.2025 20:30:27; 16.188
 06.12.2025 20:33:26; 16.313
 06.12.2025 20:36:27; 16.438
 06.12.2025 20:39:26; 16.500
 06.12.2025 20:42:26; 16.438
 06.12.2025 20:45:27; 16.375
 06.12.2025 20:48:26; 16.188
 06.12.2025 20:51:26; 16.125
 06.12.2025 20:54:27; 16.063
 06.12.2025 20:57:27; 15.938
 06.12.2025 21:00:26; 15.938
 06.12.2025 21:03:27; 15.938
 06.12.2025 21:06:27; 15.875
 06.12.2025 21:09:26; 15.750
 06.12.2025 21:12:27; 15.625
 06.12.2025 21:15:27; 15.625
 06.12.2025 21:18:26; 15.625
 06.12.2025 21:21:27; 15.625
 06.12.2025 21:24:26; 15.563
 06.12.2025 21:27:26; 15.500
 06.12.2025 21:30:27; 15.500
 06.12.2025 21:33:26; 15.438
 06.12.2025 21:36:26; 15.438
 06.12.2025 21:39:27; 15.375
 06.12.2025 21:42:27; 15.375
 06.12.2025 21:45:26; 15.375
 06.12.2025 21:48:27; 15.438
 06.12.2025 21:51:27; 15.500
 06.12.2025 21:54:26; 15.625
 06.12.2025 21:57:27; 15.750
 06.12.2025 22:00:27; 15.938
 06.12.2025 22:03:26; 16.063
 06.12.2025 22:06:27; 16.125
 06.12.2025 22:09:26; 16.063
 06.12.2025 22:12:26; 16.000
 06.12.2025 22:15:27; 16.000
 06.12.2025 22:18:26; 16.000
 06.12.2025 22:21:26; 15.875
 06.12.2025 22:24:27; 15.750
 06.12.2025 22:27:27; 15.625
 06.12.2025 22:30:26; 15.500
 06.12.2025 22:33:27; 15.375
 06.12.2025 22:36:27; 15.313
 06.12.2025 22:39:26; 15.188
 06.12.2025 22:42:27; 15.125
 06.12.2025 22:45:27; 15.000
 06.12.2025 22:48:26; 14.938
 06.12.2025 22:51:27; 14.938
 06.12.2025 22:54:26; 14.875
 06.12.2025 22:57:26; 14.875
 06.12.2025 23:00:27; 14.813
 06.12.2025 23:03:26; 14.813
 06.12.2025 23:06:26; 14.813
 06.12.2025 23:09:27; 14.813
 06.12.2025 23:12:27; 14.750
 06.12.2025 23:15:26; 14.688
 06.12.2025 23:18:27; 14.688
 06.12.2025 23:21:27; 14.625
 06.12.2025 23:24:26; 14.563
 06.12.2025 23:27:27; 14.500
 06.12.2025 23:30:27; 14.500
 06.12.2025 23:33:26; 14.438
 06.12.2025 23:36:27; 14.438
 06.12.2025 23:39:26; 14.375
 06.12.2025 23:42:26; 14.375
 06.12.2025 23:45:27; 14.313
 06.12.2025 23:48:26; 14.250
 06.12.2025 23:51:26; 14.250
 06.12.2025 23:54:27; 14.250
 06.12.2025 23:57:27; 14.188
 07.12.2025 00:00:26; 14.188
 07.12.2025 00:03:27; 14.125
 07.12.2025 00:06:27; 14.125
 07.12.2025 00:09:26; 14.063
 07.12.2025 00:12:27; 14.000
 07.12.2025 00:15:27; 14.000
 07.12.2025 00:18:26; 13.938
 07.12.2025 00:21:27; 13.875
 07.12.2025 00:24:26; 13.875
 07.12.2025 00:27:26; 13.813
 07.12.2025 00:30:27; 13.750
 07.12.2025 00:33:26; 13.750
 07.12.2025 00:36:26; 13.688
 07.12.2025 00:39:27; 13.688
 07.12.2025 00:42:27; 13.688
 07.12.2025 00:45:26; 13.625
 07.12.2025 00:48:27; 13.625
 07.12.2025 00:51:27; 13.625
 07.12.2025 00:54:26; 13.563
 07.12.2025 00:57:27; 13.563
 07.12.2025 01:00:27; 13.500
 07.12.2025 01:03:26; 13.500
 07.12.2025 01:06:27; 13.438
 07.12.2025 01:09:26; 13.438
 07.12.2025 01:12:26; 13.375
 07.12.2025 01:15:27; 13.375
 07.12.2025 01:18:26; 13.375
 07.12.2025 01:21:26; 13.313
 07.12.2025 01:24:27; 13.313
 07.12.2025 01:27:27; 13.250
 07.12.2025 01:30:26; 13.250
 07.12.2025 01:33:27; 13.188
 07.12.2025 01:36:27; 13.125
 07.12.2025 01:39:26; 13.125
 07.12.2025 01:42:27; 13.125
 07.12.2025 01:45:27; 13.125
 07.12.2025 01:48:26; 13.125
 07.12.2025 01:51:27; 13.125
 07.12.2025 01:54:26; 13.125
 07.12.2025 01:57:26; 13.125
 07.12.2025 02:00:27; 13.125
 07.12.2025 02:03:26; 13.125
 07.12.2025 02:06:26; 13.125
 07.12.2025 02:09:27; 13.125
 07.12.2025 02:12:27; 13.125
 07.12.2025 02:15:26; 13.125
 07.12.2025 02:18:27; 13.188
 07.12.2025 02:21:27; 13.188
 07.12.2025 02:24:26; 13.188
 07.12.2025 02:27:27; 13.188
 07.12.2025 02:30:27; 13.188
 07.12.2025 02:33:26; 13.188
 07.12.2025 02:36:27; 13.188
 07.12.2025 02:39:26; 13.188
 07.12.2025 02:42:26; 13.188
 07.12.2025 02:45:27; 13.188
 07.12.2025 02:48:26; 13.188
 07.12.2025 02:51:26; 13.188
 07.12.2025 02:54:27; 13.188
 07.12.2025 02:57:27; 13.188
 07.12.2025 03:00:26; 13.188
 07.12.2025 03:03:27; 13.188
 07.12.2025 03:06:27; 13.188
 07.12.2025 03:09:26; 13.188
 07.12.2025 03:12:27; 13.188
 07.12.2025 03:15:27; 13.188
 07.12.2025 03:18:26; 13.125
 07.12.2025 03:21:27; 13.125
 07.12.2025 03:24:26; 13.125
 07.12.2025 03:27:26; 13.125
 07.12.2025 03:30:27; 13.063
 07.12.2025 03:33:26; 13.063
 07.12.2025 03:36:26; 13.000
 07.12.2025 03:39:27; 12.938
 07.12.2025 03:42:27; 12.938
 07.12.2025 03:45:26; 12.875
 07.12.2025 03:48:27; 12.875
 07.12.2025 03:51:27; 12.875
 07.12.2025 03:54:26; 12.875
 07.12.2025 03:57:27; 12.875
 07.12.2025 04:00:27; 12.875
 07.12.2025 04:03:26; 12.938
 07.12.2025 04:06:27; 12.938
 07.12.2025 04:09:26; 12.938
 07.12.2025 04:12:26; 12.938
 07.12.2025 04:15:27; 12.938
 07.12.2025 04:18:26; 13.000
 07.12.2025 04:21:26; 13.000
 07.12.2025 04:24:27; 13.063
 07.12.2025 04:27:27; 13.063
 07.12.2025 04:30:26; 13.125
 07.12.2025 04:33:27; 13.125
 07.12.2025 04:36:27; 13.125
 07.12.2025 04:39:26; 13.125
 07.12.2025 04:42:27; 13.188
 07.12.2025 04:45:27; 13.188
 07.12.2025 04:48:26; 13.188
 07.12.2025 04:51:27; 13.188
 07.12.2025 04:54:26; 13.188
 07.12.2025 04:57:26; 13.188
 07.12.2025 05:00:27; 13.250
 07.12.2025 05:03:26; 13.250
 07.12.2025 05:06:26; 13.250
 07.12.2025 05:09:27; 13.188
 07.12.2025 05:12:27; 13.188
 07.12.2025 05:15:26; 13.188
 07.12.2025 05:18:27; 13.188
 07.12.2025 05:21:27; 13.188
 07.12.2025 05:24:26; 13.188
 07.12.2025 05:27:27; 13.125
 07.12.2025 05:30:27; 13.125
 07.12.2025 05:33:26; 13.125
 07.12.2025 05:36:27; 13.063
 07.12.2025 05:39:26; 13.063
 07.12.2025 05:42:26; 13.063
 07.12.2025 05:45:27; 13.000
 07.12.2025 05:48:26; 13.000
 07.12.2025 05:51:26; 12.938
 07.12.2025 05:54:27; 12.875
 07.12.2025 05:57:27; 12.875
 07.12.2025 06:00:26; 12.813
 07.12.2025 06:03:27; 12.813
 07.12.2025 06:06:27; 12.813
 07.12.2025 06:09:26; 12.750
 07.12.2025 06:12:27; 12.750
 07.12.2025 06:15:27; 12.688
 07.12.2025 06:18:26; 12.688
 07.12.2025 06:21:27; 12.688
 07.12.2025 06:24:26; 12.688
 07.12.2025 06:27:26; 12.625
 07.12.2025 06:30:27; 12.625
 07.12.2025 06:33:26; 12.625
 07.12.2025 06:36:26; 12.625
 07.12.2025 06:39:27; 12.625
 07.12.2025 06:42:27; 12.625
 07.12.2025 06:45:26; 12.563
 07.12.2025 06:48:27; 12.563
 07.12.2025 06:51:27; 12.563
 07.12.2025 06:54:26; 12.563
 07.12.2025 06:57:27; 12.563
 07.12.2025 07:00:27; 12.563
 07.12.2025 07:03:26; 12.563
 07.12.2025 07:06:27; 12.563
 07.12.2025 07:09:26; 12.563
 07.12.2025 07:12:26; 12.500
 07.12.2025 07:15:27; 12.500
 07.12.2025 07:18:26; 12.500
 07.12.2025 07:21:26; 12.500
 07.12.2025 07:24:27; 12.500
 07.12.2025 07:27:27; 12.563
 07.12.2025 07:30:26; 12.563
 07.12.2025 07:33:27; 12.563
 07.12.2025 07:36:27; 12.563
 07.12.2025 07:39:26; 12.563
 07.12.2025 07:42:27; 12.563
 07.12.2025 07:45:27; 12.563
 07.12.2025 07:48:26; 12.563
 07.12.2025 07:51:27; 12.563
 07.12.2025 07:54:26; 12.563
 07.12.2025 07:57:26; 12.563
 07.12.2025 08:00:27; 12.563
 07.12.2025 08:03:26; 12.563
 07.12.2025 08:06:26; 12.563
 07.12.2025 08:09:27; 12.563
 07.12.2025 08:12:27; 12.500
 07.12.2025 08:15:26; 12.500
 07.12.2025 08:18:27; 12.500
 07.12.2025 08:21:27; 12.500
 07.12.2025 08:24:26; 12.563
 07.12.2025 08:27:27; 12.563
 07.12.2025 08:30:27; 12.563
 07.12.2025 08:33:26; 12.625
 07.12.2025 08:36:27; 12.625
 07.12.2025 08:39:26; 12.625
 07.12.2025 08:42:26; 12.688
 07.12.2025 08:45:27; 12.688
 07.12.2025 08:48:26; 12.688
 07.12.2025 08:51:26; 12.688
 07.12.2025 08:54:27; 12.750
 07.12.2025 08:57:27; 12.750
 07.12.2025 09:00:26; 12.750
 07.12.2025 09:03:27; 12.750
 07.12.2025 09:06:27; 12.750
 07.12.2025 09:09:26; 12.750
 07.12.2025 09:12:27; 12.750
 07.12.2025 09:15:27; 12.750
 07.12.2025 09:18:26; 12.688
 07.12.2025 09:21:27; 12.688
 07.12.2025 09:24:26; 12.688
 07.12.2025 09:27:26; 12.688
 07.12.2025 09:30:27; 12.688
 07.12.2025 09:33:26; 12.625
 07.12.2025 09:36:26; 12.625
 07.12.2025 09:39:27; 12.625
 07.12.2025 09:42:27; 12.625
 07.12.2025 09:45:26; 12.625
 07.12.2025 09:48:27; 12.625
 07.12.2025 09:51:27; 12.625
 07.12.2025 09:54:26; 12.625
 07.12.2025 09:57:27; 12.625
 07.12.2025 10:00:27; 12.688
 07.12.2025 10:03:26; 12.688
 07.12.2025 10:06:27; 12.688
 07.12.2025 10:09:26; 12.688
 07.12.2025 10:12:26; 12.688
 07.12.2025 10:15:27; 12.688
 07.12.2025 10:18:26; 12.688
 07.12.2025 10:21:26; 12.688
 07.12.2025 10:24:27; 12.688
 07.12.2025 10:27:27; 12.688
 07.12.2025 10:30:26; 12.688
 07.12.2025 10:33:27; 12.750
 07.12.2025 10:36:27; 12.750
 07.12.2025 10:39:26; 12.750
 07.12.2025 10:42:27; 12.750
 07.12.2025 10:45:27; 12.813
 07.12.2025 10:48:26; 12.813
 07.12.2025 10:51:27; 12.813
 07.12.2025 10:54:26; 12.875
 07.12.2025 10:57:26; 12.875
 07.12.2025 11:00:27; 12.875
 07.12.2025 11:03:26; 12.875
 07.12.2025 11:06:26; 12.938
 07.12.2025 11:09:27; 13.000
 07.12.2025 11:12:27; 13.063
 07.12.2025 11:15:26; 13.125
 07.12.2025 11:18:27; 13.125
 07.12.2025 11:21:27; 13.188
 07.12.2025 11:24:26; 13.188
 07.12.2025 11:27:27; 13.250
 07.12.2025 11:30:27; 13.250
 07.12.2025 11:33:26; 13.313
 07.12.2025 11:36:27; 13.313
 07.12.2025 11:39:26; 13.375
 07.12.2025 11:42:26; 13.375
 07.12.2025 11:45:27; 13.438
 07.12.2025 11:48:26; 13.500
 07.12.2025 11:51:26; 13.500
 07.12.2025 11:54:27; 13.500
 07.12.2025 11:57:27; 13.500
 07.12.2025 12:00:26; 13.563
 07.12.2025 12:03:27; 13.563
 07.12.2025 12:06:27; 13.563
 07.12.2025 12:09:26; 13.625
 07.12.2025 12:12:27; 13.688
 07.12.2025 12:15:27; 13.750
 07.12.2025 12:18:26; 13.813
 07.12.2025 12:21:27; 13.813
 07.12.2025 12:24:26; 13.813
 07.12.2025 12:27:26; 13.875
 07.12.2025 12:30:27; 13.938
 07.12.2025 12:33:26; 14.063
 07.12.2025 12:36:26; 14.250
 07.12.2025 12:39:27; 14.375
 07.12.2025 12:42:27; 14.500
 07.12.2025 12:45:26; 14.625
 07.12.2025 12:48:27; 14.625
 07.12.2025 12:51:27; 14.688
 07.12.2025 12:54:26; 14.813
 07.12.2025 12:57:27; 15.063
 07.12.2025 13:00:27; 15.188
 07.12.2025 13:03:26; 15.313
 07.12.2025 13:06:27; 15.500
 07.12.2025 13:09:26; 15.625
 07.12.2025 13:12:26; 15.625
 07.12.2025 13:15:27; 15.563
 07.12.2025 13:18:26; 15.625
 07.12.2025 13:21:26; 15.688
 07.12.2025 13:24:27; 15.750
 07.12.2025 13:27:27; 15.688
 07.12.2025 13:30:26; 15.688
 07.12.2025 13:33:27; 15.688
 07.12.2025 13:36:27; 15.750
 07.12.2025 13:39:26; 15.938
 07.12.2025 13:42:27; 16.125
 07.12.2025 13:45:27; 16.250
 07.12.2025 13:48:26; 16.313
 07.12.2025 13:51:27; 16.375
 07.12.2025 13:54:26; 16.438
 07.12.2025 13:57:26; 16.438
 07.12.2025 14:00:27; 16.438
 07.12.2025 14:03:26; 16.438
 07.12.2025 14:06:26; 16.563
 07.12.2025 14:09:27; 17.000
 07.12.2025 14:12:27; 17.375
 07.12.2025 14:15:26; 17.563
 07.12.2025 14:18:27; 17.625
 07.12.2025 14:21:27; 17.750
 07.12.2025 14:24:26; 17.688
 07.12.2025 14:27:27; 17.688
 07.12.2025 14:30:27; 17.750
 07.12.2025 14:33:26; 18.188
 07.12.2025 14:36:27; 18.250
 07.12.2025 14:39:26; 18.375
 07.12.2025 14:42:26; 18.188
 07.12.2025 14:45:27; 18.438
 07.12.2025 14:48:26; 18.688
 07.12.2025 14:51:26; 18.813
 07.12.2025 14:54:27; 19.250
 07.12.2025 14:57:27; 19.688
 07.12.2025 15:00:26; 19.313
 07.12.2025 15:03:27; 19.813
 07.12.2025 15:06:27; 20.500
 07.12.2025 15:09:26; 20.375
 07.12.2025 15:12:27; 20.000
 07.12.2025 15:15:27; 19.438
 07.12.2025 15:18:26; 19.250
 07.12.2025 15:21:27; 19.375
 07.12.2025 15:24:26; 19.688
 07.12.2025 15:27:26; 19.813
 07.12.2025 15:30:27; 19.625
 07.12.2025 15:33:26; 19.938
 07.12.2025 15:36:26; 20.125
 07.12.2025 15:39:27; 19.875
 07.12.2025 15:42:27; 19.750
 07.12.2025 15:45:26; 19.500
 07.12.2025 15:48:27; 20.188
 07.12.2025 15:51:27; 20.563
 07.12.2025 15:54:26; 21.688
 07.12.2025 15:57:27; 22.313
 07.12.2025 16:00:27; 22.938
 07.12.2025 16:03:26; 22.813
 07.12.2025 16:06:27; 22.125
 07.12.2025 16:09:26; 21.625
 07.12.2025 16:12:26; 21.250
 07.12.2025 16:15:27; 20.813
 07.12.2025 16:18:26; 20.375
 07.12.2025 16:21:26; 19.938
 07.12.2025 16:24:27; 19.563
 07.12.2025 16:27:27; 19.313
 07.12.2025 16:30:26; 19.063
 07.12.2025 16:33:27; 18.938
 07.12.2025 16:36:27; 18.875
 07.12.2025 16:39:26; 18.750
 07.12.2025 16:42:27; 18.813
 07.12.2025 16:45:27; 19.063
 07.12.2025 16:48:26; 19.250
 07.12.2025 16:51:27; 19.500
 07.12.2025 16:54:26; 19.688
 07.12.2025 16:57:26; 20.000
 07.12.2025 17:00:27; 20.500
 07.12.2025 17:03:26; 21.000
 07.12.2025 17:06:26; 21.750
 07.12.2025 17:09:27; 23.313
 07.12.2025 17:12:27; 23.625
 07.12.2025 17:15:26; 23.938
 07.12.2025 17:18:27; 24.625
 07.12.2025 17:21:27; 25.375
 07.12.2025 17:24:26; 25.625
 07.12.2025 17:27:27; 24.688
 07.12.2025 17:30:27; 23.500
 07.12.2025 17:33:26; 22.688
 07.12.2025 17:36:27; 22.375
 07.12.2025 17:39:26; 23.500
 07.12.2025 17:42:26; 23.125
 07.12.2025 17:45:27; 22.188
 07.12.2025 17:48:26; 21.500
 07.12.2025 17:51:26; 21.188
 07.12.2025 17:54:27; 20.875
 07.12.2025 17:57:27; 20.500
 07.12.2025 18:00:26; 20.438
 07.12.2025 18:03:27; 20.313
 07.12.2025 18:06:27; 20.188
 07.12.2025 18:09:26; 20.250
 07.12.2025 18:12:27; 20.375
 07.12.2025 18:15:27; 20.438
 07.12.2025 18:18:26; 21.125
 07.12.2025 18:21:27; 21.125
 07.12.2025 18:24:26; 21.063
 07.12.2025 18:27:26; 20.750
 07.12.2025 18:30:27; 20.813
 07.12.2025 18:33:26; 21.125
 07.12.2025 18:36:26; 21.375
 07.12.2025 18:39:27; 21.563
 07.12.2025 18:42:27; 21.938
 07.12.2025 18:45:26; 22.000
 07.12.2025 18:48:27; 21.875
 07.12.2025 18:51:27; 21.688
 07.12.2025 18:54:26; 22.000
 07.12.2025 18:57:27; 24.250
 07.12.2025 19:00:27; 27.000
 07.12.2025 19:03:26; 29.063
 07.12.2025 19:06:27; 30.250
 07.12.2025 19:09:26; 31.000
 07.12.2025 19:12:26; 31.563
 07.12.2025 19:15:27; 32.188
 07.12.2025 19:18:26; 32.500
 07.12.2025 19:21:26; 33.250
 07.12.2025 19:24:27; 33.750
 07.12.2025 19:27:27; 34.313
 07.12.2025 19:30:26; 34.188
 07.12.2025 19:33:27; 34.063
 07.12.2025 19:36:27; 33.500
 07.12.2025 19:39:26; 33.313
 07.12.2025 19:42:27; 32.250
 07.12.2025 19:45:27; 30.250
 07.12.2025 19:48:26; 29.250
 07.12.2025 19:51:27; 27.375
 07.12.2025 19:54:26; 28.063
 07.12.2025 19:57:26; 28.063
 07.12.2025 20:00:27; 27.063
 07.12.2025 20:03:26; 28.625
 07.12.2025 20:06:26; 29.688
 07.12.2025 20:09:27; 30.188
 07.12.2025 20:12:27; 29.375
 07.12.2025 20:15:26; 28.625
 07.12.2025 20:18:27; 29.188
 07.12.2025 20:21:27; 28.438
 07.12.2025 20:24:26; 26.375
 07.12.2025 20:27:27; 24.875
 07.12.2025 20:30:27; 25.813
 07.12.2025 20:33:26; 27.625
 07.12.2025 20:36:27; 28.875
 07.12.2025 20:39:26; 27.250
 07.12.2025 20:42:26; 25.563
 07.12.2025 20:45:27; 24.500
 07.12.2025 20:48:26; 23.438
 07.12.2025 20:51:26; 22.313
 07.12.2025 20:54:27; 21.625
 07.12.2025 20:57:27; 20.938
 07.12.2025 21:00:26; 20.938
 07.12.2025 21:03:27; 20.875
 07.12.2025 21:06:27; 20.688
 07.12.2025 21:09:26; 20.750
 07.12.2025 21:12:27; 20.813
 07.12.2025 21:15:27; 20.875
 07.12.2025 21:18:26; 20.875
 07.12.2025 21:21:27; 21.000
 07.12.2025 21:24:26; 21.750
 07.12.2025 21:27:26; 22.125
 07.12.2025 21:30:27; 22.438
 07.12.2025 21:33:26; 22.125
 07.12.2025 21:36:26; 22.125
 07.12.2025 21:39:27; 22.250
 07.12.2025 21:42:27; 22.000
 07.12.2025 21:45:26; 21.813
 07.12.2025 21:48:27; 21.438
 07.12.2025 21:51:27; 21.063
 07.12.2025 21:54:26; 20.813
 07.12.2025 21:57:27; 20.563
 07.12.2025 22:00:27; 20.375
 07.12.2025 22:03:26; 20.188
 07.12.2025 22:06:27; 19.938
 07.12.2025 22:09:26; 19.875
 07.12.2025 22:12:26; 19.750
 07.12.2025 22:15:27; 19.500
 07.12.2025 22:18:26; 19.188
 07.12.2025 22:21:26; 18.938
 07.12.2025 22:24:27; 18.813
 07.12.2025 22:27:27; 18.625
 07.12.2025 22:30:26; 18.313
 07.12.2025 22:33:27; 18.000
 07.12.2025 22:36:27; 17.750
 07.12.2025 22:39:26; 17.500
 07.12.2025 22:42:27; 17.250
 07.12.2025 22:45:27; 17.000
 07.12.2025 22:48:26; 16.813
 07.12.2025 22:51:27; 16.688
 07.12.2025 22:54:26; 16.500
 07.12.2025 22:57:26; 16.313
 07.12.2025 23:00:27; 16.188
 07.12.2025 23:03:26; 16.125
 07.12.2025 23:06:26; 16.000
 07.12.2025 23:09:27; 15.875
 07.12.2025 23:12:27; 15.813
 07.12.2025 23:15:26; 15.688
 07.12.2025 23:18:27; 15.625
 07.12.2025 23:21:27; 15.563
 07.12.2025 23:24:26; 15.438
 07.12.2025 23:27:27; 15.375
 07.12.2025 23:30:27; 15.313
 07.12.2025 23:33:26; 15.250
 07.12.2025 23:36:27; 15.188
 07.12.2025 23:39:26; 15.125
 07.12.2025 23:42:26; 15.125
 07.12.2025 23:45:27; 15.063
 07.12.2025 23:48:26; 15.000
 07.12.2025 23:51:26; 14.938
 07.12.2025 23:54:27; 14.938
 07.12.2025 23:57:27; 14.813
 08.12.2025 00:00:26; 14.750
 08.12.2025 00:03:27; 14.688
 08.12.2025 00:06:27; 14.625
 08.12.2025 00:09:26; 14.625
 08.12.2025 00:12:27; 14.563
 08.12.2025 00:15:27; 14.563
 08.12.2025 00:18:26; 14.500
 08.12.2025 00:21:27; 14.438
 08.12.2025 00:24:26; 14.438
 08.12.2025 00:27:26; 14.375
 08.12.2025 00:30:27; 14.375
 08.12.2025 00:33:26; 14.313
 08.12.2025 00:36:26; 14.313
 08.12.2025 00:39:27; 14.313
 08.12.2025 00:42:27; 14.250
 08.12.2025 00:45:26; 14.250
 08.12.2025 00:48:27; 14.188
 08.12.2025 00:51:27; 14.188
 08.12.2025 00:54:26; 14.125
 08.12.2025 00:57:27; 14.063
 08.12.2025 01:00:27; 14.000
 08.12.2025 01:03:26; 13.938
 08.12.2025 01:06:27; 13.875
 08.12.2025 01:09:26; 13.875
 08.12.2025 01:12:26; 13.813
 08.12.2025 01:15:27; 13.813
 08.12.2025 01:18:26; 13.813
 08.12.2025 01:21:26; 13.750
 08.12.2025 01:24:27; 13.750
 08.12.2025 01:27:27; 13.750
 08.12.2025 01:30:26; 13.750
 08.12.2025 01:33:27; 13.688
 08.12.2025 01:36:27; 13.688
 08.12.2025 01:39:26; 13.688
 08.12.2025 01:42:27; 13.625
 08.12.2025 01:45:27; 13.625
 08.12.2025 01:48:26; 13.625
 08.12.2025 01:51:27; 13.563
 08.12.2025 01:54:26; 13.500
 08.12.2025 01:57:26; 13.500
 08.12.2025 02:00:27; 13.500
 08.12.2025 02:03:26; 13.438
 08.12.2025 02:06:26; 13.438
 08.12.2025 02:09:27; 13.438
 08.12.2025 02:12:27; 13.438
 08.12.2025 02:15:26; 13.438
 08.12.2025 02:18:27; 13.438
 08.12.2025 02:21:27; 13.500
 08.12.2025 02:24:26; 13.500
 08.12.2025 02:27:27; 13.563
 08.12.2025 02:30:27; 13.563
 08.12.2025 02:33:26; 13.625
 08.12.2025 02:36:27; 13.625
 08.12.2025 02:39:26; 13.625
 08.12.2025 02:42:26; 13.688
 08.12.2025 02:45:27; 13.688
 08.12.2025 02:48:26; 13.688
 08.12.2025 02:51:26; 13.688
 08.12.2025 02:54:27; 13.688
 08.12.2025 02:57:27; 13.688
 08.12.2025 03:00:26; 13.625
 08.12.2025 03:03:27; 13.625
 08.12.2025 03:06:27; 13.625
 08.12.2025 03:09:26; 13.625
 08.12.2025 03:12:27; 13.625
 08.12.2025 03:15:27; 13.625
 08.12.2025 03:18:26; 13.625
 08.12.2025 03:21:27; 13.563
 08.12.2025 03:24:26; 13.563
 08.12.2025 03:27:26; 13.500
 08.12.2025 03:30:27; 13.438
 08.12.2025 03:33:26; 13.375
 08.12.2025 03:36:26; 13.313
 08.12.2025 03:39:27; 13.188
 08.12.2025 03:42:27; 13.125
 08.12.2025 03:45:26; 13.125
 08.12.2025 03:48:27; 13.063
 08.12.2025 03:51:27; 13.000
 08.12.2025 03:54:26; 13.000
 08.12.2025 03:57:27; 12.875
 08.12.2025 04:00:27; 12.813
 08.12.2025 04:03:26; 12.750
 08.12.2025 04:06:27; 12.688
 08.12.2025 04:09:26; 12.625
 08.12.2025 04:12:26; 12.625
 08.12.2025 04:15:27; 12.563
 08.12.2025 04:18:26; 12.500
 08.12.2025 04:21:26; 12.500
 08.12.2025 04:24:27; 12.500
 08.12.2025 04:27:27; 12.500
 08.12.2025 04:30:26; 12.438
 08.12.2025 04:33:27; 12.438
 08.12.2025 04:36:27; 12.438
 08.12.2025 04:39:26; 12.500
 08.12.2025 04:42:27; 12.500
 08.12.2025 04:45:27; 12.500
 08.12.2025 04:48:26; 12.563
 08.12.2025 04:51:27; 12.563
 08.12.2025 04:54:26; 12.625
 08.12.2025 04:57:26; 12.563
 08.12.2025 05:00:27; 12.563
 08.12.2025 05:03:26; 12.563
 08.12.2025 05:06:26; 12.563
 08.12.2025 05:09:27; 12.563
 08.12.2025 05:12:27; 12.500
 08.12.2025 05:15:26; 12.500
 08.12.2025 05:18:27; 12.500
 08.12.2025 05:21:27; 12.500
 08.12.2025 05:24:26; 12.438
 08.12.2025 05:27:27; 12.438
 08.12.2025 05:30:27; 12.438
 08.12.2025 05:33:26; 12.438
 08.12.2025 05:36:27; 12.375
 08.12.2025 05:39:26; 12.375
 08.12.2025 05:42:26; 12.375
 08.12.2025 05:45:27; 12.375
 08.12.2025 05:48:26; 12.375
 08.12.2025 05:51:26; 12.375
 08.12.2025 05:54:27; 12.313
 08.12.2025 05:57:27; 12.313
 08.12.2025 06:00:26; 12.313
 08.12.2025 06:03:27; 12.250
 08.12.2025 06:06:27; 12.188
 08.12.2025 06:09:26; 12.188
 08.12.2025 06:12:27; 12.125
 08.12.2025 06:15:27; 12.063
 08.12.2025 06:18:26; 12.000
 08.12.2025 06:21:27; 12.000
 08.12.2025 06:24:26; 11.938
 08.12.2025 06:27:26; 11.875
 08.12.2025 06:30:27; 11.875
 08.12.2025 06:33:26; 11.813
 08.12.2025 06:36:26; 11.813
 08.12.2025 06:39:27; 11.813
 08.12.2025 06:42:27; 11.750
 08.12.2025 06:45:26; 11.750
 08.12.2025 06:48:27; 11.750
 08.12.2025 06:51:27; 11.750
 08.12.2025 06:54:26; 11.688
 08.12.2025 06:57:27; 11.688
 08.12.2025 07:00:27; 11.688
 08.12.2025 07:03:26; 11.625
 08.12.2025 07:06:27; 11.625
 08.12.2025 07:09:26; 11.625
 08.12.2025 07:12:26; 11.625
 08.12.2025 07:15:27; 11.625
 08.12.2025 07:18:26; 11.563
 08.12.2025 07:21:26; 11.500
 08.12.2025 07:24:27; 11.438
 08.12.2025 07:27:27; 11.438
 08.12.2025 07:30:26; 11.375
 08.12.2025 07:33:27; 11.375
 08.12.2025 07:36:27; 11.375
 08.12.2025 07:39:26; 11.375
 08.12.2025 07:42:27; 11.375
 08.12.2025 07:45:27; 11.313
 08.12.2025 07:48:26; 11.313
 08.12.2025 07:51:27; 11.313
 08.12.2025 07:54:26; 11.313
 08.12.2025 07:57:26; 11.250
 08.12.2025 08:00:27; 11.250
 08.12.2025 08:03:26; 11.250
 08.12.2025 08:06:26; 11.188
 08.12.2025 08:09:27; 11.188
 08.12.2025 08:12:27; 11.125
 08.12.2025 08:15:26; 11.125
 08.12.2025 08:18:27; 11.063
 08.12.2025 08:21:27; 11.063
 08.12.2025 08:24:26; 11.063
 08.12.2025 08:27:27; 11.063
 08.12.2025 08:30:27; 11.063
 08.12.2025 08:33:26; 11.063
 08.12.2025 08:36:27; 11.000
 08.12.2025 08:39:26; 11.000
 08.12.2025 08:42:26; 11.000
 08.12.2025 08:45:27; 11.000
 08.12.2025 08:48:26; 11.000
 08.12.2025 08:51:26; 11.000
 08.12.2025 08:54:27; 11.000
 08.12.2025 08:57:27; 11.000
 08.12.2025 09:00:26; 11.000
 08.12.2025 09:03:27; 11.000
 08.12.2025 09:06:27; 11.000
 08.12.2025 09:09:26; 10.938
 08.12.2025 09:12:27; 10.875
 08.12.2025 09:15:27; 10.813
 08.12.2025 09:18:26; 10.813
 08.12.2025 09:21:27; 10.813
 08.12.2025 09:24:26; 10.813
 08.12.2025 09:27:26; 10.813
 08.12.2025 09:30:27; 10.750
 08.12.2025 09:33:26; 10.750
 08.12.2025 09:36:26; 10.750
 08.12.2025 09:39:27; 10.750
 08.12.2025 09:42:27; 10.750
 08.12.2025 09:45:26; 10.750
 08.12.2025 09:48:27; 10.688
 08.12.2025 09:51:27; 10.688
 08.12.2025 09:54:26; 10.688
 08.12.2025 09:57:27; 10.688
 08.12.2025 10:00:27; 10.688
 08.12.2025 10:03:26; 10.688
 08.12.2025 10:06:27; 10.688
 08.12.2025 10:09:26; 10.688
 08.12.2025 10:12:26; 10.625
 08.12.2025 10:15:27; 10.625
 08.12.2025 10:18:26; 10.688
 08.12.2025 10:21:26; 10.688
 08.12.2025 10:24:27; 10.688
 08.12.2025 10:27:27; 10.750
 08.12.2025 10:30:26; 10.813
 08.12.2025 10:33:27; 10.938
 08.12.2025 10:36:27; 11.000
 08.12.2025 10:39:26; 11.063
 08.12.2025 10:42:27; 11.250
 08.12.2025 10:45:27; 11.375
 08.12.2025 10:48:26; 11.500
 08.12.2025 10:51:27; 11.625
 08.12.2025 10:54:26; 11.750
 08.12.2025 10:57:26; 11.875
 08.12.2025 11:00:27; 12.063
 08.12.2025 11:03:26; 12.250
 08.12.2025 11:06:26; 12.313
 08.12.2025 11:09:27; 12.438
 08.12.2025 11:12:27; 12.563
 08.12.2025 11:15:26; 12.625
 08.12.2025 11:18:27; 12.813
 08.12.2025 11:21:27; 13.063
 08.12.2025 11:24:26; 13.250
 08.12.2025 11:27:27; 13.375
 08.12.2025 11:30:27; 13.375
 08.12.2025 11:33:26; 13.313
 08.12.2025 11:36:27; 13.313
 08.12.2025 11:39:26; 13.313
 08.12.2025 11:42:26; 13.313
 08.12.2025 11:45:27; 13.313
 08.12.2025 11:48:26; 13.313
 08.12.2025 11:51:26; 13.375
 08.12.2025 11:54:27; 13.438
 08.12.2025 11:57:27; 13.500
 08.12.2025 12:00:26; 13.625
 08.12.2025 12:03:27; 13.813
 08.12.2025 12:06:27; 14.000
 08.12.2025 12:09:26; 14.250
 08.12.2025 12:12:27; 14.438
 08.12.2025 12:15:27; 14.500
 08.12.2025 12:18:26; 14.563
 08.12.2025 12:21:27; 14.563
 08.12.2025 12:24:26; 14.563
 08.12.2025 12:27:26; 14.625
 08.12.2025 12:30:27; 14.688
 08.12.2025 12:33:26; 14.750
 08.12.2025 12:36:26; 14.750
 08.12.2025 12:39:27; 14.875
 08.12.2025 12:42:27; 14.938
 08.12.2025 12:45:26; 15.000
 08.12.2025 12:48:27; 15.125
 08.12.2025 12:51:27; 15.125
 08.12.2025 12:54:26; 15.250
 08.12.2025 12:57:27; 15.250
 08.12.2025 13:00:27; 15.375
 08.12.2025 13:03:26; 15.500
 08.12.2025 13:06:27; 15.625
 08.12.2025 13:09:26; 15.625
 08.12.2025 13:12:26; 15.750
 08.12.2025 13:15:27; 15.813
 08.12.2025 13:18:26; 15.875
 08.12.2025 13:21:26; 15.938
 08.12.2025 13:24:27; 16.313
 08.12.2025 13:27:27; 16.813
 08.12.2025 13:30:26; 16.625
 08.12.2025 13:33:27; 16.625
 08.12.2025 13:36:27; 16.563
 08.12.2025 13:39:26; 16.563
 08.12.2025 13:42:27; 16.625
 08.12.2025 13:45:27; 16.875
 08.12.2025 13:48:26; 17.250
 08.12.2025 13:51:27; 17.313
 08.12.2025 13:54:26; 17.313
 08.12.2025 13:57:26; 17.563
 08.12.2025 14:00:27; 17.813
 08.12.2025 14:03:26; 18.125
 08.12.2025 14:06:26; 18.375
 08.12.2025 14:09:27; 18.250
 08.12.2025 14:12:27; 18.250
 08.12.2025 14:15:26; 18.375
 08.12.2025 14:18:27; 18.313
 08.12.2025 14:21:27; 18.438
 08.12.2025 14:24:26; 18.563
 08.12.2025 14:27:27; 18.500
 08.12.2025 14:30:27; 18.625
 08.12.2025 14:33:26; 18.625
 08.12.2025 14:36:27; 18.625
 08.12.2025 14:39:26; 18.688
 08.12.2025 14:42:26; 18.750
 08.12.2025 14:45:27; 18.688
 08.12.2025 14:48:26; 18.750
 08.12.2025 14:51:26; 18.875
 08.12.2025 14:54:27; 19.000
 08.12.2025 14:57:27; 18.875
 08.12.2025 15:00:26; 18.750
 08.12.2025 15:03:27; 18.688
 08.12.2025 15:06:27; 18.688
 08.12.2025 15:09:26; 18.938
 08.12.2025 15:12:27; 19.313
 08.12.2025 15:15:27; 19.813
 08.12.2025 15:18:26; 20.188
 08.12.2025 15:21:27; 20.438
 08.12.2025 15:24:26; 20.438
 08.12.2025 15:27:26; 20.188
 08.12.2025 15:30:27; 20.063
 08.12.2025 15:33:26; 20.125
 08.12.2025 15:36:26; 20.125
 08.12.2025 15:39:27; 20.063
 08.12.2025 15:42:27; 20.063
 08.12.2025 15:45:26; 20.250
 08.12.2025 15:48:27; 20.250
 08.12.2025 15:51:27; 20.188
 08.12.2025 15:54:26; 20.375
 08.12.2025 15:57:27; 20.500
 08.12.2025 16:00:27; 20.688
 08.12.2025 16:03:26; 20.875
 08.12.2025 16:06:27; 21.125
 08.12.2025 16:09:26; 21.250
 08.12.2025 16:12:26; 21.313
 08.12.2025 16:15:27; 21.563
 08.12.2025 16:18:26; 21.500
 08.12.2025 16:21:26; 21.813
 08.12.2025 16:24:27; 21.813
 08.12.2025 16:27:27; 21.688
 08.12.2025 16:30:26; 21.875
 08.12.2025 16:33:27; 21.875
 08.12.2025 16:36:27; 21.875
 08.12.2025 16:39:26; 21.875
 08.12.2025 16:42:27; 22.813
 08.12.2025 16:45:27; 23.688
 08.12.2025 16:48:26; 24.000
 08.12.2025 16:51:27; 24.188
 08.12.2025 16:54:26; 24.313
 08.12.2025 16:57:26; 25.125
 08.12.2025 17:00:27; 25.188
 08.12.2025 17:03:26; 26.000
 08.12.2025 17:06:26; 26.250
 08.12.2025 17:09:27; 25.313
 08.12.2025 17:12:27; 24.625
 08.12.2025 17:15:26; 23.938
 08.12.2025 17:18:27; 23.250
 08.12.2025 17:21:27; 22.688
 08.12.2025 17:24:26; 22.000
 08.12.2025 17:27:27; 21.500
 08.12.2025 17:30:27; 21.125
 08.12.2025 17:33:26; 20.938
 08.12.2025 17:36:27; 20.750
 08.12.2025 17:39:26; 20.875
 08.12.2025 17:42:26; 21.625
 08.12.2025 17:45:27; 22.375
 08.12.2025 17:48:26; 22.250
 08.12.2025 17:51:26; 23.313
 08.12.2025 17:54:27; 23.625
 08.12.2025 17:57:27; 24.188
 08.12.2025 18:00:26; 23.813
 08.12.2025 18:03:27; 23.625
 08.12.2025 18:06:27; 23.500
 08.12.2025 18:09:26; 23.500
 08.12.2025 18:12:27; 23.625
 08.12.2025 18:15:27; 23.875
 08.12.2025 18:18:26; 23.750
 08.12.2025 18:21:27; 23.375
 08.12.2025 18:24:26; 23.250
 08.12.2025 18:27:26; 25.438
 08.12.2025 18:30:27; 27.188
 08.12.2025 18:33:26; 27.125
 08.12.2025 18:36:26; 27.875
 08.12.2025 18:39:27; 27.625
 08.12.2025 18:42:27; 26.813
 08.12.2025 18:45:26; 26.563
 08.12.2025 18:48:27; 26.188
 08.12.2025 18:51:27; 25.438
 08.12.2025 18:54:26; 25.063
 08.12.2025 18:57:27; 24.438
 08.12.2025 19:00:27; 23.875
 08.12.2025 19:03:26; 23.563
 08.12.2025 19:06:27; 23.313
 08.12.2025 19:09:26; 23.563
 08.12.2025 19:12:26; 23.750
 08.12.2025 19:15:27; 23.563
 08.12.2025 19:18:26; 23.438
 08.12.2025 19:21:26; 23.313
 08.12.2025 19:24:27; 23.500
 08.12.2025 19:27:27; 23.625
 08.12.2025 19:30:26; 23.563
 08.12.2025 19:33:27; 23.438
 08.12.2025 19:36:27; 23.250
 08.12.2025 19:39:26; 23.063
 08.12.2025 19:42:27; 24.625
 08.12.2025 19:45:27; 25.375
 08.12.2025 19:48:26; 25.688
 08.12.2025 19:51:27; 25.125
 08.12.2025 19:54:26; 25.000
 08.12.2025 19:57:26; 24.875
 08.12.2025 20:00:27; 24.500
 08.12.2025 20:03:26; 24.375
 08.12.2025 20:06:26; 24.625
 08.12.2025 20:09:27; 23.563
 08.12.2025 20:12:27; 22.750
 08.12.2025 20:15:26; 22.313
 08.12.2025 20:18:27; 22.063
 08.12.2025 20:21:27; 22.125
 08.12.2025 20:24:26; 22.125
 08.12.2025 20:27:27; 21.938
 08.12.2025 20:30:27; 21.750
 08.12.2025 20:33:26; 21.438
 08.12.2025 20:36:27; 21.375
 08.12.2025 20:39:26; 21.313
 08.12.2025 20:42:26; 21.750
 08.12.2025 20:45:27; 23.500
 08.12.2025 20:48:26; 23.438
 08.12.2025 20:51:26; 24.313
 08.12.2025 20:54:27; 26.188
 08.12.2025 20:57:27; 28.000
 08.12.2025 21:00:26; 29.313
 08.12.2025 21:03:27; 29.875
 08.12.2025 21:06:27; 29.250
 08.12.2025 21:09:26; 28.875
 08.12.2025 21:12:27; 26.875
 08.12.2025 21:15:27; 25.625
 08.12.2025 21:18:26; 24.750
 08.12.2025 21:21:27; 23.875
 08.12.2025 21:24:26; 23.313
 08.12.2025 21:27:26; 23.063
 08.12.2025 21:30:27; 23.125
 08.12.2025 21:33:26; 23.125
 08.12.2025 21:36:26; 23.063
 08.12.2025 21:39:27; 22.750
 08.12.2025 21:42:27; 22.438
 08.12.2025 21:45:26; 22.125
 08.12.2025 21:48:27; 21.688
 08.12.2025 21:51:27; 21.125
 08.12.2025 21:54:26; 20.625
 08.12.2025 21:57:27; 19.875
 08.12.2025 22:00:27; 18.438
 08.12.2025 22:03:26; 17.500
 08.12.2025 22:06:27; 16.875
 08.12.2025 22:09:26; 16.313
 08.12.2025 22:12:26; 16.000
 08.12.2025 22:15:27; 15.875
 08.12.2025 22:18:26; 15.813
 08.12.2025 22:21:26; 15.813
 08.12.2025 22:24:27; 15.875
 08.12.2025 22:27:27; 15.813
 08.12.2025 22:30:26; 15.750
 08.12.2025 22:33:27; 15.688
 08.12.2025 22:36:27; 15.688
 08.12.2025 22:39:26; 15.750
 08.12.2025 22:42:27; 15.688
 08.12.2025 22:45:27; 15.688
 08.12.2025 22:48:26; 15.688
 08.12.2025 22:51:27; 15.750
 08.12.2025 22:54:26; 15.688
 08.12.2025 22:57:26; 15.688
 08.12.2025 23:00:27; 15.750
 08.12.2025 23:03:26; 15.750
 08.12.2025 23:06:26; 15.688
 08.12.2025 23:09:27; 15.625
 08.12.2025 23:12:27; 15.563
 08.12.2025 23:15:26; 15.500
 08.12.2025 23:18:27; 15.500
 08.12.2025 23:21:27; 15.438
 08.12.2025 23:24:26; 15.375
 08.12.2025 23:27:27; 15.313
 08.12.2025 23:30:27; 15.313
 08.12.2025 23:33:26; 15.250
 08.12.2025 23:36:27; 15.250
 08.12.2025 23:39:26; 15.313
 08.12.2025 23:42:26; 15.375
 08.12.2025 23:45:27; 15.375
 08.12.2025 23:48:26; 15.375
 08.12.2025 23:51:26; 15.375
 08.12.2025 23:54:27; 15.250
 08.12.2025 23:57:27; 15.250
 09.12.2025 00:00:26; 15.188
 09.12.2025 00:03:27; 15.188
 09.12.2025 00:06:27; 15.125
 09.12.2025 00:09:26; 15.125
 09.12.2025 00:12:27; 15.063
 09.12.2025 00:15:27; 15.000
 09.12.2025 00:18:26; 15.000
 09.12.2025 00:21:27; 14.938
 09.12.2025 00:24:26; 14.938
 09.12.2025 00:27:26; 14.875
 09.12.2025 00:30:27; 14.875
 09.12.2025 00:33:26; 14.875
 09.12.2025 00:36:26; 14.875
 09.12.2025 00:39:27; 14.813
 09.12.2025 00:42:27; 14.813
 09.12.2025 00:45:26; 14.813
 09.12.2025 00:48:27; 14.750
 09.12.2025 00:51:27; 14.750
 09.12.2025 00:54:26; 14.750
 09.12.2025 00:57:27; 14.750
 09.12.2025 01:00:27; 14.750
 09.12.2025 01:03:26; 14.750
 09.12.2025 01:06:27; 14.688
 09.12.2025 01:09:26; 14.688
 09.12.2025 01:12:26; 14.688
 09.12.2025 01:15:27; 14.625
 09.12.2025 01:18:26; 14.625
 09.12.2025 01:21:26; 14.625
 09.12.2025 01:24:27; 14.625
 09.12.2025 01:27:27; 14.625
 09.12.2025 01:30:26; 14.625
 09.12.2025 01:33:27; 14.625
 09.12.2025 01:36:27; 14.625
 09.12.2025 01:39:26; 14.625
 09.12.2025 01:42:27; 14.625
 09.12.2025 01:45:27; 14.625
 09.12.2025 01:48:26; 14.625
 09.12.2025 01:51:27; 14.625
 09.12.2025 01:54:26; 14.625
 09.12.2025 01:57:26; 14.625
 09.12.2025 02:00:27; 14.625
 09.12.2025 02:03:26; 14.625
 09.12.2025 02:06:26; 14.625
 09.12.2025 02:09:27; 14.625
 09.12.2025 02:12:27; 14.563
 09.12.2025 02:15:26; 14.563
 09.12.2025 02:18:27; 14.563
 09.12.2025 02:21:27; 14.563
 09.12.2025 02:24:26; 14.563
 09.12.2025 02:27:27; 14.563
 09.12.2025 02:30:27; 14.563
 09.12.2025 02:33:26; 14.563
 09.12.2025 02:36:27; 14.563
 09.12.2025 02:39:26; 14.500
 09.12.2025 02:42:26; 14.500
 09.12.2025 02:45:27; 14.500
 09.12.2025 02:48:26; 14.500
 09.12.2025 02:51:26; 14.438
 09.12.2025 02:54:27; 14.438
 09.12.2025 02:57:27; 14.438
 09.12.2025 03:00:26; 14.438
 09.12.2025 03:03:27; 14.375
 09.12.2025 03:06:27; 14.375
 09.12.2025 03:09:26; 14.375
 09.12.2025 03:12:27; 14.375
 09.12.2025 03:15:27; 14.375
 09.12.2025 03:18:26; 14.375
 09.12.2025 03:21:27; 14.375
 09.12.2025 03:24:26; 14.375
 09.12.2025 03:27:26; 14.438
 09.12.2025 03:30:27; 14.375
 09.12.2025 03:33:26; 14.375
 09.12.2025 03:36:26; 14.375
 09.12.2025 03:39:27; 14.313
 09.12.2025 03:42:27; 14.250
 09.12.2025 03:45:26; 14.188
 09.12.2025 03:48:27; 14.188
 09.12.2025 03:51:27; 14.125
 09.12.2025 03:54:26; 14.063
 09.12.2025 03:57:27; 14.000
 09.12.2025 04:00:27; 13.938
 09.12.2025 04:03:26; 13.938
 09.12.2025 04:06:27; 13.875
 09.12.2025 04:09:26; 13.875
 09.12.2025 04:12:26; 13.813
 09.12.2025 04:15:27; 13.813
 09.12.2025 04:18:26; 13.813
 09.12.2025 04:21:26; 13.813
 09.12.2025 04:24:27; 13.813
 09.12.2025 04:27:27; 13.813
 09.12.2025 04:30:26; 13.813
 09.12.2025 04:33:27; 13.875
 09.12.2025 04:36:27; 13.875
 09.12.2025 04:39:26; 13.875
 09.12.2025 04:42:27; 13.938
 09.12.2025 04:45:27; 13.938
 09.12.2025 04:48:26; 13.938
 09.12.2025 04:51:27; 13.938
 09.12.2025 04:54:26; 13.938
 09.12.2025 04:57:26; 13.938
 09.12.2025 05:00:27; 13.938
 09.12.2025 05:03:26; 13.938
 09.12.2025 05:06:26; 13.938
 09.12.2025 05:09:27; 13.938
 09.12.2025 05:12:27; 14.000
 09.12.2025 05:15:26; 13.938
 09.12.2025 05:18:27; 13.938
 09.12.2025 05:21:27; 13.938
 09.12.2025 05:24:26; 13.938
 09.12.2025 05:27:27; 13.938
 09.12.2025 05:30:27; 13.938
 09.12.2025 05:33:26; 13.938
 09.12.2025 05:36:27; 13.938
 09.12.2025 05:39:26; 14.000
 09.12.2025 05:42:26; 14.000
 09.12.2025 05:45:27; 14.000
 09.12.2025 05:48:26; 14.000
 09.12.2025 05:51:26; 14.000
 09.12.2025 05:54:27; 14.000
 09.12.2025 05:57:27; 14.000
 09.12.2025 06:00:26; 14.000
 09.12.2025 06:03:27; 14.000
 09.12.2025 06:06:27; 14.063
 09.12.2025 06:09:26; 14.063
 09.12.2025 06:12:27; 14.063
 09.12.2025 06:15:27; 14.063
 09.12.2025 06:18:26; 14.063
 09.12.2025 06:21:27; 14.063
 09.12.2025 06:24:26; 14.063
 09.12.2025 06:27:26; 14.063
 09.12.2025 06:30:27; 14.063
 09.12.2025 06:33:26; 14.063
 09.12.2025 06:36:26; 14.063
 09.12.2025 06:39:27; 14.063
 09.12.2025 06:42:27; 14.063
 09.12.2025 06:45:26; 14.063
 09.12.2025 06:48:27; 14.063
 09.12.2025 06:51:27; 14.063
 09.12.2025 06:54:26; 14.063
 09.12.2025 06:57:27; 14.063
 09.12.2025 07:00:27; 14.063
 09.12.2025 07:03:26; 14.125
 09.12.2025 07:06:27; 14.125
 09.12.2025 07:09:26; 14.125
 09.12.2025 07:12:26; 14.125
 09.12.2025 07:15:27; 14.125
 09.12.2025 07:18:26; 14.063
 09.12.2025 07:21:26; 14.063
 09.12.2025 07:24:27; 14.063
 09.12.2025 07:27:27; 14.063
 09.12.2025 07:30:26; 14.063
 09.12.2025 07:33:27; 14.000
 09.12.2025 07:36:27; 14.000
 09.12.2025 07:39:26; 14.000
 09.12.2025 07:42:27; 14.063
 09.12.2025 07:45:27; 14.063
 09.12.2025 07:48:26; 14.063
 09.12.2025 07:51:27; 14.063
 09.12.2025 07:54:26; 14.063
 09.12.2025 07:57:26; 14.063
 09.12.2025 08:00:27; 14.000
 09.12.2025 08:03:26; 14.000
 09.12.2025 08:06:26; 14.000
 09.12.2025 08:09:27; 14.000
 09.12.2025 08:12:27; 14.000
 09.12.2025 08:15:26; 14.000
 09.12.2025 08:18:27; 14.000
 09.12.2025 08:21:27; 14.063
 09.12.2025 08:24:26; 14.063
 09.12.2025 08:27:27; 14.063
 09.12.2025 08:30:27; 14.125
 09.12.2025 08:33:26; 14.125
 09.12.2025 08:36:27; 14.125
 09.12.2025 08:39:26; 14.125
 09.12.2025 08:42:26; 14.188
 09.12.2025 08:45:27; 14.188
 09.12.2025 08:48:26; 14.188
 09.12.2025 08:51:26; 14.250
 09.12.2025 08:54:27; 14.250
 09.12.2025 08:57:27; 14.188
 09.12.2025 09:00:26; 14.188
 09.12.2025 09:03:27; 14.188
 09.12.2025 09:06:27; 14.188
 09.12.2025 09:09:26; 14.188
 09.12.2025 09:12:27; 14.250
 09.12.2025 09:15:27; 14.250
 09.12.2025 09:18:26; 14.250
 09.12.2025 09:21:27; 14.250
 09.12.2025 09:24:26; 14.250
 09.12.2025 09:27:26; 14.250
 09.12.2025 09:30:27; 14.313
 09.12.2025 09:33:26; 14.313
 09.12.2025 09:36:26; 14.313
 09.12.2025 09:39:27; 14.313
 09.12.2025 09:42:27; 14.313
 09.12.2025 09:45:26; 14.313
 09.12.2025 09:48:27; 14.313
 09.12.2025 09:51:27; 14.313
 09.12.2025 09:54:26; 14.313
 09.12.2025 09:57:27; 14.313
 09.12.2025 10:00:27; 14.375
 09.12.2025 10:03:26; 14.375
 09.12.2025 10:06:27; 14.375
 09.12.2025 10:09:26; 14.375
 09.12.2025 10:12:26; 14.375
 09.12.2025 10:15:27; 14.438
 09.12.2025 10:18:26; 14.438
 09.12.2025 10:21:26; 14.438
 09.12.2025 10:24:27; 14.438
 09.12.2025 10:27:27; 14.438
 09.12.2025 10:30:26; 14.500
 09.12.2025 10:33:27; 14.500
 09.12.2025 10:36:27; 14.500
 09.12.2025 10:39:26; 14.500
 09.12.2025 10:42:27; 14.500
 09.12.2025 10:45:27; 14.500
 09.12.2025 10:48:26; 14.500
 09.12.2025 10:51:27; 14.500
 09.12.2025 10:54:26; 14.500
 09.12.2025 10:57:26; 14.500
 09.12.2025 11:00:27; 14.500
 09.12.2025 11:03:26; 14.563
 09.12.2025 11:06:26; 14.563
 09.12.2025 11:09:27; 14.625
 09.12.2025 11:12:27; 14.625
 09.12.2025 11:15:26; 14.625
 09.12.2025 11:18:27; 14.625
 09.12.2025 11:21:27; 14.688
 09.12.2025 11:24:26; 14.688
 09.12.2025 11:27:27; 14.750
 09.12.2025 11:30:27; 14.813
 09.12.2025 11:33:26; 14.813
 09.12.2025 11:36:27; 14.750
 09.12.2025 11:39:26; 14.750
 09.12.2025 11:42:26; 14.750
 09.12.2025 11:45:27; 14.750
 09.12.2025 11:48:26; 14.750
 09.12.2025 11:51:26; 14.813
 09.12.2025 11:54:27; 14.813
 09.12.2025 11:57:27; 14.875
 09.12.2025 12:00:26; 14.938
 09.12.2025 12:03:27; 15.063
 09.12.2025 12:06:27; 15.188
 09.12.2025 12:09:26; 15.313
 09.12.2025 12:12:27; 15.375
 09.12.2025 12:15:27; 15.438
 09.12.2025 12:18:26; 15.438
 09.12.2025 12:21:27; 15.438
 09.12.2025 12:24:26; 15.563
 09.12.2025 12:27:26; 15.625
 09.12.2025 12:30:27; 15.938
 09.12.2025 12:33:26; 16.250
 09.12.2025 12:36:26; 16.313
 09.12.2025 12:39:27; 16.188
 09.12.2025 12:42:27; 16.125
 09.12.2025 12:45:26; 16.250
 09.12.2025 12:48:27; 16.375
 09.12.2025 12:51:27; 16.563
 09.12.2025 12:54:26; 16.750
 09.12.2025 12:57:27; 17.000
 09.12.2025 13:00:27; 17.125
 09.12.2025 13:03:26; 17.125
 09.12.2025 13:06:27; 17.438
 09.12.2025 13:09:26; 17.375
 09.12.2025 13:12:26; 17.563
 09.12.2025 13:15:27; 17.813
 09.12.2025 13:18:26; 18.000
 09.12.2025 13:21:26; 18.125
 09.12.2025 13:24:27; 18.063
 09.12.2025 13:27:27; 18.188
 09.12.2025 13:30:26; 18.188
 09.12.2025 13:33:27; 18.125
 09.12.2025 13:36:27; 18.000
 09.12.2025 13:39:26; 18.000
 09.12.2025 13:42:27; 18.563
 09.12.2025 13:45:27; 18.500
 09.12.2025 13:48:26; 19.000
 09.12.2025 13:51:27; 19.313
 09.12.2025 13:54:26; 19.250
 09.12.2025 13:57:26; 19.625
 09.12.2025 14:00:27; 19.688
 09.12.2025 14:03:26; 19.375
 09.12.2025 14:06:26; 19.188
 09.12.2025 14:09:27; 19.000
 09.12.2025 14:12:27; 19.000
 09.12.2025 14:15:26; 18.938
 09.12.2025 14:18:27; 19.000
 09.12.2025 14:21:27; 19.125
 09.12.2025 14:24:26; 19.250
 09.12.2025 14:27:27; 19.438
 09.12.2025 14:30:27; 19.688
 09.12.2025 14:33:26; 19.875
 09.12.2025 14:36:27; 19.875
 09.12.2025 14:39:26; 19.688
 09.12.2025 14:42:26; 19.750
 09.12.2025 14:45:27; 20.375
 09.12.2025 14:48:26; 20.563
 09.12.2025 14:51:26; 20.000
 09.12.2025 14:54:27; 19.625
 09.12.2025 14:57:27; 19.438
 09.12.2025 15:00:26; 19.375
 09.12.2025 15:03:27; 19.375
 09.12.2025 15:06:27; 19.625
 09.12.2025 15:09:26; 19.750
 09.12.2025 15:12:27; 20.125
 09.12.2025 15:15:27; 20.250
 09.12.2025 15:18:26; 20.063
 09.12.2025 15:21:27; 19.938
 09.12.2025 15:24:26; 19.750
 09.12.2025 15:27:26; 19.438
 09.12.2025 15:30:27; 19.063
 09.12.2025 15:33:26; 18.688
 09.12.2025 15:36:26; 18.313
 09.12.2025 15:39:27; 18.000
 09.12.2025 15:42:27; 17.688
 09.12.2025 15:45:26; 17.563
 09.12.2025 15:48:27; 17.500
 09.12.2025 15:51:27; 17.500
 09.12.2025 15:54:26; 17.500
 09.12.2025 15:57:27; 17.500
 09.12.2025 16:00:27; 17.438
 09.12.2025 16:03:26; 17.500
 09.12.2025 16:06:27; 17.625
 09.12.2025 16:09:26; 17.813
 09.12.2025 16:12:26; 18.063
 09.12.2025 16:15:27; 18.313
 09.12.2025 16:18:26; 18.438
 09.12.2025 16:21:26; 18.563
 09.12.2025 16:24:27; 18.688
 09.12.2025 16:27:27; 19.063
 09.12.2025 16:30:26; 19.250
 09.12.2025 16:33:27; 19.563
 09.12.2025 16:36:27; 20.625
 09.12.2025 16:39:26; 22.000
 09.12.2025 16:42:27; 21.938
 09.12.2025 16:45:27; 21.438
 09.12.2025 16:48:26; 21.000
 09.12.2025 16:51:27; 20.625
 09.12.2025 16:54:26; 20.313
 09.12.2025 16:57:26; 20.063
 09.12.2025 17:00:27; 19.875
 09.12.2025 17:03:26; 19.625
 09.12.2025 17:06:26; 19.438
 09.12.2025 17:09:27; 19.500
 09.12.2025 17:12:27; 19.688
 09.12.2025 17:15:26; 20.063
 09.12.2025 17:18:27; 20.500
 09.12.2025 17:21:27; 20.938
 09.12.2025 17:24:26; 21.813
 09.12.2025 17:27:27; 23.125
 09.12.2025 17:30:27; 24.125
 09.12.2025 17:33:26; 25.125
 09.12.2025 17:36:27; 24.125
 09.12.2025 17:39:26; 23.188
 09.12.2025 17:42:26; 22.625
 09.12.2025 17:45:27; 22.125
 09.12.2025 17:48:26; 21.750
 09.12.2025 17:51:26; 21.563
 09.12.2025 17:54:27; 21.625
 09.12.2025 17:57:27; 21.938
 09.12.2025 18:00:26; 22.563
 09.12.2025 18:03:27; 22.750
 09.12.2025 18:06:27; 23.313
 09.12.2025 18:09:26; 25.063
 09.12.2025 18:12:27; 26.188
 09.12.2025 18:15:27; 26.125
 09.12.2025 18:18:26; 25.500
 09.12.2025 18:21:27; 24.938
 09.12.2025 18:24:26; 24.125
 09.12.2025 18:27:26; 23.625
 09.12.2025 18:30:27; 23.313
 09.12.2025 18:33:26; 23.000
 09.12.2025 18:36:26; 22.688
 09.12.2025 18:39:27; 22.438
 09.12.2025 18:42:27; 22.125
 09.12.2025 18:45:26; 21.813
 09.12.2025 18:48:27; 21.625
 09.12.2025 18:51:27; 21.500
 09.12.2025 18:54:26; 21.313
 09.12.2025 18:57:27; 21.125
 09.12.2025 19:00:27; 20.938
 09.12.2025 19:03:26; 20.750
 09.12.2025 19:06:27; 20.625
 09.12.2025 19:09:26; 20.438
 09.12.2025 19:12:26; 20.313
 09.12.2025 19:15:27; 20.250
 09.12.2025 19:18:26; 20.125
 09.12.2025 19:21:26; 20.000
 09.12.2025 19:24:27; 19.938
 09.12.2025 19:27:27; 19.938
 09.12.2025 19:30:26; 20.125
 09.12.2025 19:33:27; 20.375
 09.12.2025 19:36:27; 20.750
 09.12.2025 19:39:26; 21.188
 09.12.2025 19:42:27; 21.313
 09.12.2025 19:45:27; 21.500
 09.12.2025 19:48:26; 21.813
 09.12.2025 19:51:27; 22.125
 09.12.2025 19:54:26; 24.063
 09.12.2025 19:57:26; 25.688
 09.12.2025 20:00:27; 26.500
 09.12.2025 20:03:26; 26.000
 09.12.2025 20:06:26; 25.063
 09.12.2025 20:09:27; 24.563
 09.12.2025 20:12:27; 24.438
 09.12.2025 20:15:26; 24.750
 09.12.2025 20:18:27; 25.125
 09.12.2025 20:21:27; 28.000
 09.12.2025 20:24:26; 27.625
 09.12.2025 20:27:27; 26.750
 09.12.2025 20:30:27; 26.000
 09.12.2025 20:33:26; 26.063
 09.12.2025 20:36:27; 26.813
 09.12.2025 20:39:26; 29.063
 09.12.2025 20:42:26; 31.250
 09.12.2025 20:45:27; 32.125
 09.12.2025 20:48:26; 31.000
 09.12.2025 20:51:26; 28.375
 09.12.2025 20:54:27; 28.438
 09.12.2025 20:57:27; 29.188
 09.12.2025 21:00:26; 27.938
 09.12.2025 21:03:27; 28.438
 09.12.2025 21:06:27; 28.063
 09.12.2025 21:09:26; 28.563
 09.12.2025 21:12:27; 28.875
 09.12.2025 21:15:27; 28.938
 09.12.2025 21:18:26; 28.438
 09.12.2025 21:21:27; 26.688
 09.12.2025 21:24:26; 25.813
 09.12.2025 21:27:26; 25.125
 09.12.2025 21:30:27; 24.563
 09.12.2025 21:33:26; 24.375
 09.12.2025 21:36:26; 24.500
 09.12.2025 21:39:27; 24.375
 09.12.2025 21:42:27; 23.813
 09.12.2025 21:45:26; 23.125
 09.12.2025 21:48:27; 22.500
 09.12.2025 21:51:27; 21.875
 09.12.2025 21:54:26; 21.438
 09.12.2025 21:57:27; 21.188
 09.12.2025 22:00:27; 20.813
 09.12.2025 22:03:26; 20.500
 09.12.2025 22:06:27; 20.375
 09.12.2025 22:09:26; 20.125
 09.12.2025 22:12:26; 19.938
 09.12.2025 22:15:27; 19.813
 09.12.2025 22:18:26; 19.688
 09.12.2025 22:21:26; 19.563
 09.12.2025 22:24:27; 19.500
 09.12.2025 22:27:27; 19.375
 09.12.2025 22:30:26; 19.250
 09.12.2025 22:33:27; 19.188
 09.12.2025 22:36:27; 19.063
 09.12.2025 22:39:26; 18.938
 09.12.2025 22:42:27; 18.750
 09.12.2025 22:45:27; 18.688
 09.12.2025 22:48:26; 18.563
 09.12.2025 22:51:27; 18.375
 09.12.2025 22:54:26; 18.313
 09.12.2025 22:57:26; 18.188
 09.12.2025 23:00:27; 18.063
 09.12.2025 23:03:26; 17.938
 09.12.2025 23:06:26; 17.875
 09.12.2025 23:09:27; 17.813
 09.12.2025 23:12:27; 17.750
 09.12.2025 23:15:26; 17.688
 09.12.2025 23:18:27; 17.625
 09.12.2025 23:21:27; 17.563
 09.12.2025 23:24:26; 17.500
 09.12.2025 23:27:27; 17.500
 09.12.2025 23:30:27; 17.438
 09.12.2025 23:33:26; 17.375
 09.12.2025 23:36:27; 17.313
 09.12.2025 23:39:26; 17.250
 09.12.2025 23:42:26; 17.250
 09.12.2025 23:45:27; 17.313
 09.12.2025 23:48:26; 17.313
 09.12.2025 23:51:26; 17.250
 09.12.2025 23:54:27; 17.188
 09.12.2025 23:57:27; 17.125
 10.12.2025 00:00:26; 17.063
 10.12.2025 00:03:27; 17.000
 10.12.2025 00:06:27; 16.938
 10.12.2025 00:09:26; 16.875
 10.12.2025 00:12:27; 16.813
 10.12.2025 00:15:27; 16.750
 10.12.2025 00:18:26; 16.688
 10.12.2025 00:21:27; 16.625
 10.12.2025 00:24:26; 16.563
 10.12.2025 00:27:26; 16.500
 10.12.2025 00:30:27; 16.500
 10.12.2025 00:33:26; 16.438
 10.12.2025 00:36:26; 16.375
 10.12.2025 00:39:27; 16.375
 10.12.2025 00:42:27; 16.250
 10.12.2025 00:45:26; 16.188
 10.12.2025 00:48:27; 16.125
 10.12.2025 00:51:27; 16.063
 10.12.2025 00:54:26; 16.000
 10.12.2025 00:57:27; 15.938
 10.12.2025 01:00:27; 15.875
 10.12.2025 01:03:26; 15.813
 10.12.2025 01:06:27; 15.750
 10.12.2025 01:09:26; 15.688
 10.12.2025 01:12:26; 15.625
 10.12.2025 01:15:27; 15.563
 10.12.2025 01:18:26; 15.563
 10.12.2025 01:21:26; 15.500
 10.12.2025 01:24:27; 15.500
 10.12.2025 01:27:27; 15.438
 10.12.2025 01:30:26; 15.375
 10.12.2025 01:33:27; 15.375
 10.12.2025 01:36:27; 15.313
 10.12.2025 01:39:26; 15.313
 10.12.2025 01:42:27; 15.250
 10.12.2025 01:45:27; 15.250
 10.12.2025 01:48:26; 15.188
 10.12.2025 01:51:27; 15.125
 10.12.2025 01:54:26; 15.125
 10.12.2025 01:57:26; 15.063
 10.12.2025 02:00:27; 15.000
 10.12.2025 02:03:26; 15.000
 10.12.2025 02:06:26; 14.938
 10.12.2025 02:09:27; 14.875
 10.12.2025 02:12:27; 14.875
 10.12.2025 02:15:26; 14.875
 10.12.2025 02:18:27; 14.813
 10.12.2025 02:21:27; 14.750
 10.12.2025 02:24:26; 14.750
 10.12.2025 02:27:27; 14.750
 10.12.2025 02:30:27; 14.750
 10.12.2025 02:33:26; 14.750
 10.12.2025 02:36:27; 14.688
 10.12.2025 02:39:26; 14.688
 10.12.2025 02:42:26; 14.625
 10.12.2025 02:45:27; 14.625
 10.12.2025 02:48:26; 14.625
 10.12.2025 02:51:26; 14.625
 10.12.2025 02:54:27; 14.625
 10.12.2025 02:57:27; 14.625
 10.12.2025 03:00:26; 14.563
 10.12.2025 03:03:27; 14.500
 10.12.2025 03:06:27; 14.500
 10.12.2025 03:09:26; 14.500
 10.12.2025 03:12:27; 14.438
 10.12.2025 03:15:27; 14.438
 10.12.2025 03:18:26; 14.438
 10.12.2025 03:21:27; 14.375
 10.12.2025 03:24:26; 14.375
 10.12.2025 03:27:26; 14.313
 10.12.2025 03:30:27; 14.375
 10.12.2025 03:33:26; 14.375
 10.12.2025 03:36:26; 14.313
 10.12.2025 03:39:27; 14.375
 10.12.2025 03:42:27; 14.375
 10.12.2025 03:45:26; 14.438
 10.12.2025 03:48:27; 14.375
 10.12.2025 03:51:27; 14.375
 10.12.2025 03:54:26; 14.313
 10.12.2025 03:57:27; 14.313
 10.12.2025 04:00:27; 14.375
 10.12.2025 04:03:26; 14.375
 10.12.2025 04:06:27; 14.313
 10.12.2025 04:09:26; 14.375
 10.12.2025 04:12:26; 14.375
 10.12.2025 04:15:27; 14.375
 10.12.2025 04:18:26; 14.375
 10.12.2025 04:21:26; 14.375
 10.12.2025 04:24:27; 14.375
 10.12.2025 04:27:27; 14.375
 10.12.2025 04:30:26; 14.375
 10.12.2025 04:33:27; 14.375
 10.12.2025 04:36:27; 14.375
 10.12.2025 04:39:26; 14.375
 10.12.2025 04:42:27; 14.375
 10.12.2025 04:45:27; 14.375
 10.12.2025 04:48:26; 14.313
 10.12.2025 04:51:27; 14.313
 10.12.2025 04:54:26; 14.313
 10.12.2025 04:57:26; 14.313
 10.12.2025 05:00:27; 14.313
 10.12.2025 05:03:26; 14.375
 10.12.2025 05:06:26; 14.375
 10.12.2025 05:09:27; 14.375
 10.12.2025 05:12:27; 14.375
 10.12.2025 05:15:26; 14.375
 10.12.2025 05:18:27; 14.375
 10.12.2025 05:21:27; 14.438
 10.12.2025 05:24:26; 14.500
 10.12.2025 05:27:27; 14.500
 10.12.2025 05:30:27; 14.438
 10.12.2025 05:33:26; 14.438
 10.12.2025 05:36:27; 14.375
 10.12.2025 05:39:26; 14.375
 10.12.2025 05:42:26; 14.375
 10.12.2025 05:45:27; 14.313
 10.12.2025 05:48:26; 14.313
 10.12.2025 05:51:26; 14.375
 10.12.2025 05:54:27; 14.375
 10.12.2025 05:57:27; 14.375
 10.12.2025 06:00:26; 14.438
 10.12.2025 06:03:27; 14.438
 10.12.2025 06:06:27; 14.438
 10.12.2025 06:09:26; 14.438
 10.12.2025 06:12:27; 14.500
 10.12.2025 06:15:27; 14.500
 10.12.2025 06:18:26; 14.500
 10.12.2025 06:21:27; 14.500
 10.12.2025 06:24:26; 14.500
 10.12.2025 06:27:26; 14.500
 10.12.2025 06:30:27; 14.500
 10.12.2025 06:33:26; 14.500
 10.12.2025 06:36:26; 14.563
 10.12.2025 06:39:27; 14.563
 10.12.2025 06:42:27; 14.563
 10.12.2025 06:45:26; 14.563
 10.12.2025 06:48:27; 14.625
 10.12.2025 06:51:27; 14.625
 10.12.2025 06:54:26; 14.625
 10.12.2025 06:57:27; 14.688
 10.12.2025 07:00:27; 14.688
 10.12.2025 07:03:26; 14.750
 10.12.2025 07:06:27; 14.750
 10.12.2025 07:09:26; 14.750
 10.12.2025 07:12:26; 14.813
 10.12.2025 07:15:27; 14.813
 10.12.2025 07:18:26; 14.813
 10.12.2025 07:21:26; 14.813
 10.12.2025 07:24:27; 14.813
 10.12.2025 07:27:27; 14.813
 10.12.2025 07:30:26; 14.813
 10.12.2025 07:33:27; 14.813
 10.12.2025 07:36:27; 14.813
 10.12.2025 07:39:26; 14.813
 10.12.2025 07:42:27; 14.813
 10.12.2025 07:45:27; 14.813
 10.12.2025 07:48:26; 14.813
 10.12.2025 07:51:27; 14.750
 10.12.2025 07:54:26; 14.750
 10.12.2025 07:57:26; 14.750
 10.12.2025 08:00:27; 14.750
 10.12.2025 08:03:26; 14.750
 10.12.2025 08:06:26; 14.750
 10.12.2025 08:09:27; 14.750
 10.12.2025 08:12:27; 14.750
 10.12.2025 08:15:26; 14.688
 10.12.2025 08:18:27; 14.688
 10.12.2025 08:21:27; 14.688
 10.12.2025 08:24:26; 14.688
 10.12.2025 08:27:27; 14.688
 10.12.2025 08:30:27; 14.688
 10.12.2025 08:33:26; 14.625
 10.12.2025 08:36:27; 14.625
 10.12.2025 08:39:26; 14.625
 10.12.2025 08:42:26; 14.625
 10.12.2025 08:45:27; 14.625
 10.12.2025 08:48:26; 14.625
 10.12.2025 08:51:26; 14.625
 10.12.2025 08:54:27; 14.625
 10.12.2025 08:57:27; 14.625
 10.12.2025 09:00:26; 14.625
 10.12.2025 09:03:27; 14.625
 10.12.2025 09:06:27; 14.625
 10.12.2025 09:09:26; 14.625
 10.12.2025 09:12:27; 14.563
 10.12.2025 09:15:27; 14.563
 10.12.2025 09:18:26; 14.563
 10.12.2025 09:21:27; 14.563
 10.12.2025 09:24:26; 14.563
 10.12.2025 09:27:26; 14.625
 10.12.2025 09:30:27; 14.625
 10.12.2025 09:33:26; 14.625
 10.12.2025 09:36:26; 14.563
 10.12.2025 09:39:27; 14.563
 10.12.2025 09:42:27; 14.563
 10.12.2025 09:45:26; 14.563
 10.12.2025 09:48:27; 14.563
 10.12.2025 09:51:27; 14.563
 10.12.2025 09:54:26; 14.563
 10.12.2025 09:57:27; 14.563
 10.12.2025 10:00:27; 14.500
 10.12.2025 10:03:26; 14.500
 10.12.2025 10:06:27; 14.563
 10.12.2025 10:09:26; 14.563
 10.12.2025 10:12:26; 14.625
 10.12.2025 10:15:27; 14.625
 10.12.2025 10:18:26; 14.625
 10.12.2025 10:21:26; 14.688
 10.12.2025 10:24:27; 14.688
 10.12.2025 10:27:27; 14.750
 10.12.2025 10:30:26; 14.750
 10.12.2025 10:33:27; 14.813
 10.12.2025 10:36:27; 14.813
 10.12.2025 10:39:26; 14.813
 10.12.2025 10:42:27; 14.875
 10.12.2025 10:45:27; 14.875
 10.12.2025 10:48:26; 14.875
 10.12.2025 10:51:27; 14.938
 10.12.2025 10:54:26; 14.938
 10.12.2025 10:57:26; 14.938
 10.12.2025 11:00:27; 15.000
 10.12.2025 11:03:26; 15.000
 10.12.2025 11:06:26; 15.063
 10.12.2025 11:09:27; 15.063
 10.12.2025 11:12:27; 15.125
 10.12.2025 11:15:26; 15.188
 10.12.2025 11:18:27; 15.188
 10.12.2025 11:21:27; 15.250
 10.12.2025 11:24:26; 15.313
 10.12.2025 11:27:27; 15.438
 10.12.2025 11:30:27; 15.563
 10.12.2025 11:33:26; 15.688
 10.12.2025 11:36:27; 15.813
 10.12.2025 11:39:26; 15.938
 10.12.2025 11:42:26; 16.063
 10.12.2025 11:45:27; 16.125
 10.12.2025 11:48:26; 16.250
 10.12.2025 11:51:26; 16.313
 10.12.2025 11:54:27; 16.375
 10.12.2025 11:57:27; 16.438
 10.12.2025 12:00:26; 16.500
 10.12.2025 12:03:27; 16.563
 10.12.2025 12:06:27; 16.688
 10.12.2025 12:09:26; 16.938
 10.12.2025 12:12:27; 17.063
 10.12.2025 12:15:27; 17.250
 10.12.2025 12:18:26; 17.438
 10.12.2025 12:21:27; 17.750
 10.12.2025 12:24:26; 17.875
 10.12.2025 12:27:26; 17.875
 10.12.2025 12:30:27; 17.938
 10.12.2025 12:33:26; 18.000
 10.12.2025 12:36:26; 18.063
 10.12.2025 12:39:27; 18.000
 10.12.2025 12:42:27; 17.875
 10.12.2025 12:45:26; 17.875
 10.12.2025 12:48:27; 17.813
 10.12.2025 12:51:27; 17.750
 10.12.2025 12:54:26; 17.875
 10.12.2025 12:57:27; 17.813
 10.12.2025 13:00:27; 18.188
 10.12.2025 13:03:26; 18.563
 10.12.2025 13:06:27; 18.938
 10.12.2025 13:09:26; 19.188
 10.12.2025 13:12:26; 19.375
 10.12.2025 13:15:27; 19.250
 10.12.2025 13:18:26; 19.313
 10.12.2025 13:21:26; 19.500
 10.12.2025 13:24:27; 19.438
 10.12.2025 13:27:27; 19.688
 10.12.2025 13:30:26; 19.938
 10.12.2025 13:33:27; 19.938
 10.12.2025 13:36:27; 20.063
 10.12.2025 13:39:26; 20.250
 10.12.2025 13:42:27; 20.438
 10.12.2025 13:45:27; 20.563
 10.12.2025 13:48:26; 20.688
 10.12.2025 13:51:27; 20.813
 10.12.2025 13:54:26; 20.938
 10.12.2025 13:57:26; 21.125
 10.12.2025 14:00:27; 21.250
 10.12.2025 14:03:26; 21.250
 10.12.2025 14:06:26; 21.313
 10.12.2025 14:09:27; 21.500
 10.12.2025 14:12:27; 21.625
 10.12.2025 14:15:26; 21.750
 10.12.2025 14:18:27; 21.813
 10.12.2025 14:21:27; 22.125
 10.12.2025 14:24:26; 22.375
 10.12.2025 14:27:27; 22.375
 10.12.2025 14:30:27; 22.438
 10.12.2025 14:33:26; 22.813
 10.12.2025 14:36:27; 23.250
 10.12.2025 14:39:26; 23.563
 10.12.2025 14:42:26; 23.688
 10.12.2025 14:45:27; 23.875
 10.12.2025 14:48:26; 24.313
 10.12.2025 14:51:26; 24.313
 10.12.2025 14:54:27; 24.375
 10.12.2025 14:57:27; 24.250
 10.12.2025 15:00:26; 24.063
 10.12.2025 15:03:27; 24.250
 10.12.2025 15:06:27; 24.563
 10.12.2025 15:09:26; 24.625
 10.12.2025 15:12:27; 25.063
 10.12.2025 15:15:27; 25.438
 10.12.2025 15:18:26; 24.938
 10.12.2025 15:21:27; 25.063
 10.12.2025 15:24:26; 24.875
 10.12.2025 15:27:26; 24.313
 10.12.2025 15:30:27; 23.563
 10.12.2025 15:33:26; 22.875
 10.12.2025 15:36:26; 22.000
 10.12.2025 15:39:27; 21.000
 10.12.2025 15:42:27; 20.250
 10.12.2025 15:45:26; 19.813
 10.12.2025 15:48:27; 19.563
 10.12.2025 15:51:27; 20.188
 10.12.2025 15:54:26; 21.250
 10.12.2025 15:57:27; 22.250
 10.12.2025 16:00:27; 23.375
 10.12.2025 16:03:26; 24.188
 10.12.2025 16:06:27; 24.000
 10.12.2025 16:09:26; 23.500
 10.12.2025 16:12:26; 23.875
 10.12.2025 16:15:27; 24.563
 10.12.2025 16:18:26; 24.938
 10.12.2025 16:21:26; 25.250
 10.12.2025 16:24:27; 25.563
 10.12.2025 16:27:27; 25.875
 10.12.2025 16:30:26; 26.125
 10.12.2025 16:33:27; 25.875
 10.12.2025 16:36:27; 25.875
 10.12.2025 16:39:26; 26.250
 10.12.2025 16:42:27; 26.375
 10.12.2025 16:45:27; 25.188
 10.12.2025 16:48:26; 24.438
 10.12.2025 16:51:27; 23.813
 10.12.2025 16:54:26; 23.313
 10.12.2025 16:57:26; 23.250
 10.12.2025 17:00:27; 23.875
 10.12.2025 17:03:26; 24.750
 10.12.2025 17:06:26; 25.500
 10.12.2025 17:09:27; 25.750
 10.12.2025 17:12:27; 25.625
 10.12.2025 17:15:26; 25.625
 10.12.2025 17:18:27; 26.000
 10.12.2025 17:21:27; 26.438
 10.12.2025 17:24:26; 27.063
 10.12.2025 17:27:27; 25.813
 10.12.2025 17:30:27; 24.813
 10.12.2025 17:33:26; 24.125
 10.12.2025 17:36:27; 23.563
 10.12.2025 17:39:26; 23.250
 10.12.2025 17:42:26; 23.125
 10.12.2025 17:45:27; 22.750
 10.12.2025 17:48:26; 22.375
 10.12.2025 17:51:26; 22.063
 10.12.2025 17:54:27; 21.563
 10.12.2025 17:57:27; 20.563
 10.12.2025 18:00:26; 20.313
 10.12.2025 18:03:27; 20.250
 10.12.2025 18:06:27; 20.250
 10.12.2025 18:09:26; 22.625
 10.12.2025 18:12:27; 24.125
 10.12.2025 18:15:27; 23.375
 10.12.2025 18:18:26; 22.250
 10.12.2025 18:21:27; 21.375
 10.12.2025 18:24:26; 22.313
 10.12.2025 18:27:26; 22.938
 10.12.2025 18:30:27; 22.063
 10.12.2025 18:33:26; 22.375
 10.12.2025 18:36:26; 24.813
 10.12.2025 18:39:27; 27.188
 10.12.2025 18:42:27; 28.938
 10.12.2025 18:45:26; 30.125
 10.12.2025 18:48:27; 30.688
 10.12.2025 18:51:27; 32.000
 10.12.2025 18:54:26; 33.063
 10.12.2025 18:57:27; 32.438
 10.12.2025 19:00:27; 29.500
 10.12.2025 19:03:26; 27.500
 10.12.2025 19:06:27; 26.000
 10.12.2025 19:09:26; 25.438
 10.12.2025 19:12:26; 28.813
 10.12.2025 19:15:27; 30.813
 10.12.2025 19:18:26; 32.125
 10.12.2025 19:21:26; 33.750
 10.12.2025 19:24:27; 34.625
 10.12.2025 19:27:27; 35.313
 10.12.2025 19:30:26; 35.938
 10.12.2025 19:33:27; 34.875
 10.12.2025 19:36:27; 35.375
 10.12.2025 19:39:26; 36.438
 10.12.2025 19:42:27; 37.250
 10.12.2025 19:45:27; 36.938
 10.12.2025 19:48:26; 33.125
 10.12.2025 19:51:27; 30.375
 10.12.2025 19:54:26; 28.313
 10.12.2025 19:57:26; 26.750
 10.12.2025 20:00:27; 28.000
 10.12.2025 20:03:26; 28.188
 10.12.2025 20:06:26; 27.063
 10.12.2025 20:09:27; 25.750
 10.12.2025 20:12:27; 24.688
 10.12.2025 20:15:26; 23.875
 10.12.2025 20:18:27; 23.125
 10.12.2025 20:21:27; 22.938
 10.12.2025 20:24:26; 23.125
 10.12.2025 20:27:27; 26.313
 10.12.2025 20:30:27; 29.250
 10.12.2025 20:33:26; 32.188
 10.12.2025 20:36:27; 33.438
 10.12.2025 20:39:26; 33.500
 10.12.2025 20:42:26; 32.188
 10.12.2025 20:45:27; 32.125
 10.12.2025 20:48:26; 30.938
 10.12.2025 20:51:26; 30.625
 10.12.2025 20:54:27; 31.250
 10.12.2025 20:57:27; 29.063
 10.12.2025 21:00:26; 28.688
 10.12.2025 21:03:27; 29.688
 10.12.2025 21:06:27; 28.500
 10.12.2025 21:09:26; 28.063
 10.12.2025 21:12:27; 26.938
 10.12.2025 21:15:27; 27.063
 10.12.2025 21:18:26; 27.313
 10.12.2025 21:21:27; 26.000
 10.12.2025 21:24:26; 24.938
 10.12.2025 21:27:26; 24.063
 10.12.2025 21:30:27; 23.563
 10.12.2025 21:33:26; 23.250
 10.12.2025 21:36:26; 23.063
 10.12.2025 21:39:27; 22.875
 10.12.2025 21:42:27; 22.313
 10.12.2025 21:45:26; 21.750
 10.12.2025 21:48:27; 21.313
 10.12.2025 21:51:27; 20.875
 10.12.2025 21:54:26; 20.375
 10.12.2025 21:57:27; 20.125
 10.12.2025 22:00:27; 20.000
 10.12.2025 22:03:26; 19.938
 10.12.2025 22:06:27; 20.063
 10.12.2025 22:09:26; 20.125
 10.12.2025 22:12:26; 20.000
 10.12.2025 22:15:27; 19.813
 10.12.2025 22:18:26; 19.500
 10.12.2025 22:21:26; 19.250
 10.12.2025 22:24:27; 19.000
 10.12.2025 22:27:27; 18.875
 10.12.2025 22:30:26; 18.688
 10.12.2025 22:33:27; 18.500
 10.12.2025 22:36:27; 18.375
 10.12.2025 22:39:26; 18.375
 10.12.2025 22:42:27; 18.375
 10.12.2025 22:45:27; 18.438
 10.12.2025 22:48:26; 18.438
 10.12.2025 22:51:27; 18.438
 10.12.2025 22:54:26; 18.375
 10.12.2025 22:57:26; 18.188
 10.12.2025 23:00:27; 18.000
 10.12.2025 23:03:26; 17.875
 10.12.2025 23:06:26; 17.813
 10.12.2025 23:09:27; 17.813
 10.12.2025 23:12:27; 17.813
 10.12.2025 23:15:26; 17.750
 10.12.2025 23:18:27; 17.750
 10.12.2025 23:21:27; 17.688
 10.12.2025 23:24:26; 17.625
 10.12.2025 23:27:27; 17.563
 10.12.2025 23:30:27; 17.438
 10.12.2025 23:33:26; 17.375
 10.12.2025 23:36:27; 17.313
 10.12.2025 23:39:26; 17.250
 10.12.2025 23:42:26; 17.250
 10.12.2025 23:45:27; 17.250
 10.12.2025 23:48:26; 17.375
 10.12.2025 23:51:26; 17.438
 10.12.2025 23:54:27; 17.438
 10.12.2025 23:57:27; 17.250
 11.12.2025 00:00:26; 17.125
 11.12.2025 00:03:27; 17.000
 11.12.2025 00:06:27; 16.938
 11.12.2025 00:09:26; 16.875
 11.12.2025 00:12:27; 16.813
 11.12.2025 00:15:27; 16.875
 11.12.2025 00:18:26; 16.813
 11.12.2025 00:21:27; 16.813
 11.12.2025 00:24:26; 16.688
 11.12.2025 00:27:26; 16.688
 11.12.2025 00:30:27; 16.563
 11.12.2025 00:33:26; 16.500
 11.12.2025 00:36:26; 16.438
 11.12.2025 00:39:27; 16.375
 11.12.2025 00:42:27; 16.313
 11.12.2025 00:45:26; 16.188
 11.12.2025 00:48:27; 16.125
 11.12.2025 00:51:27; 16.063
 11.12.2025 00:54:26; 16.000
 11.12.2025 00:57:27; 15.938
 11.12.2025 01:00:27; 15.875
 11.12.2025 01:03:26; 15.813
 11.12.2025 01:06:27; 15.813
 11.12.2025 01:09:26; 15.750
 11.12.2025 01:12:26; 15.688
 11.12.2025 01:15:27; 15.688
 11.12.2025 01:18:26; 15.688
 11.12.2025 01:21:26; 15.625
 11.12.2025 01:24:27; 15.625
 11.12.2025 01:27:27; 15.625
 11.12.2025 01:30:26; 15.625
 11.12.2025 01:33:27; 15.625
 11.12.2025 01:36:27; 15.563
 11.12.2025 01:39:26; 15.563
 11.12.2025 01:42:27; 15.500
 11.12.2025 01:45:27; 15.500
 11.12.2025 01:48:26; 15.500
 11.12.2025 01:51:27; 15.438
 11.12.2025 01:54:26; 15.438
 11.12.2025 01:57:26; 15.438
 11.12.2025 02:00:27; 15.438
 11.12.2025 02:03:26; 15.375
 11.12.2025 02:06:26; 15.313
 11.12.2025 02:09:27; 15.313
 11.12.2025 02:12:27; 15.313
 11.12.2025 02:15:26; 15.250
 11.12.2025 02:18:27; 15.250
 11.12.2025 02:21:27; 15.250
 11.12.2025 02:24:26; 15.250
 11.12.2025 02:27:27; 15.250
 11.12.2025 02:30:27; 15.250
 11.12.2025 02:33:26; 15.313
 11.12.2025 02:36:27; 15.313
 11.12.2025 02:39:26; 15.313
 11.12.2025 02:42:26; 15.313
 11.12.2025 02:45:27; 15.313
 11.12.2025 02:48:26; 15.313
 11.12.2025 02:51:26; 15.313
 11.12.2025 02:54:27; 15.313
 11.12.2025 02:57:27; 15.313
 11.12.2025 03:00:26; 15.313
 11.12.2025 03:03:27; 15.313
 11.12.2025 03:06:27; 15.313
 11.12.2025 03:09:26; 15.313
 11.12.2025 03:12:27; 15.313
 11.12.2025 03:15:27; 15.313
 11.12.2025 03:18:26; 15.313
 11.12.2025 03:21:27; 15.313
 11.12.2025 03:24:26; 15.313
 11.12.2025 03:27:26; 15.313
 11.12.2025 03:30:27; 15.313
 11.12.2025 03:33:26; 15.313
 11.12.2025 03:36:26; 15.313
 11.12.2025 03:39:27; 15.313
 11.12.2025 03:42:27; 15.313
 11.12.2025 03:45:26; 15.250
 11.12.2025 03:48:27; 15.250
 11.12.2025 03:51:27; 15.250
 11.12.2025 03:54:26; 15.188
 11.12.2025 03:57:27; 15.188
 11.12.2025 04:00:27; 15.188
 11.12.2025 04:03:26; 15.250
 11.12.2025 04:06:27; 15.188
 11.12.2025 04:09:26; 15.188
 11.12.2025 04:12:26; 15.188
 11.12.2025 04:15:27; 15.125
 11.12.2025 04:18:26; 15.125
 11.12.2025 04:21:26; 15.063
 11.12.2025 04:24:27; 15.000
 11.12.2025 04:27:27; 14.875
 11.12.2025 04:30:26; 14.875
 11.12.2025 04:33:27; 14.875
 11.12.2025 04:36:27; 14.813
 11.12.2025 04:39:26; 14.813
 11.12.2025 04:42:27; 14.750
 11.12.2025 04:45:27; 14.750
 11.12.2025 04:48:26; 14.750
 11.12.2025 04:51:27; 14.813
 11.12.2025 04:54:26; 14.875
 11.12.2025 04:57:26; 15.000
 11.12.2025 05:00:27; 15.000
 11.12.2025 05:03:26; 15.000
 11.12.2025 05:06:26; 15.000
 11.12.2025 05:09:27; 15.000
 11.12.2025 05:12:27; 15.063
 11.12.2025 05:15:26; 15.000
 11.12.2025 05:18:27; 15.000
 11.12.2025 05:21:27; 14.938
 11.12.2025 05:24:26; 14.875
 11.12.2025 05:27:27; 14.813
 11.12.2025 05:30:27; 14.750
 11.12.2025 05:33:26; 14.688
 11.12.2025 05:36:27; 14.688
 11.12.2025 05:39:26; 14.625
 11.12.2025 05:42:26; 14.625
 11.12.2025 05:45:27; 14.563
 11.12.2025 05:48:26; 14.563
 11.12.2025 05:51:26; 14.500
 11.12.2025 05:54:27; 14.438
 11.12.2025 05:57:27; 14.438
 11.12.2025 06:00:26; 14.375
 11.12.2025 06:03:27; 14.375
 11.12.2025 06:06:27; 14.313
 11.12.2025 06:09:26; 14.313
 11.12.2025 06:12:27; 14.313
 11.12.2025 06:15:27; 14.313
 11.12.2025 06:18:26; 14.313
 11.12.2025 06:21:27; 14.313
 11.12.2025 06:24:26; 14.313
 11.12.2025 06:27:26; 14.313
 11.12.2025 06:30:27; 14.375
 11.12.2025 06:33:26; 14.438
 11.12.2025 06:36:26; 14.500
 11.12.2025 06:39:27; 14.563
 11.12.2025 06:42:27; 14.625
 11.12.2025 06:45:26; 14.688
 11.12.2025 06:48:27; 14.688
 11.12.2025 06:51:27; 14.688
 11.12.2025 06:54:26; 14.750
 11.12.2025 06:57:27; 14.750
 11.12.2025 07:00:27; 14.688
 11.12.2025 07:03:26; 14.688
 11.12.2025 07:06:27; 14.688
 11.12.2025 07:09:26; 14.688
 11.12.2025 07:12:26; 14.750
 11.12.2025 07:15:27; 14.750
 11.12.2025 07:18:26; 14.688
 11.12.2025 07:21:26; 14.688
 11.12.2025 07:24:27; 14.688
 11.12.2025 07:27:27; 14.688
 11.12.2025 07:30:26; 14.625
 11.12.2025 07:33:27; 14.688
 11.12.2025 07:36:27; 14.688
 11.12.2025 07:39:26; 14.750
 11.12.2025 07:42:27; 14.750
 11.12.2025 07:45:27; 14.750
 11.12.2025 07:48:26; 14.750
 11.12.2025 07:51:27; 14.813
 11.12.2025 07:54:26; 14.813
 11.12.2025 07:57:26; 14.875
 11.12.2025 08:00:27; 14.875
 11.12.2025 08:03:26; 14.875
 11.12.2025 08:06:26; 14.875
 11.12.2025 08:09:27; 14.875
 11.12.2025 08:12:27; 14.813
 11.12.2025 08:15:26; 14.188
 11.12.2025 08:18:27; 13.563
 11.12.2025 08:21:27; 13.188
 11.12.2025 08:24:26; 13.000
 11.12.2025 08:27:27; 12.750
 11.12.2025 08:30:27; 12.688
 11.12.2025 08:33:26; 12.688
 11.12.2025 08:36:27; 12.688
 11.12.2025 08:39:26; 12.688
 11.12.2025 08:42:26; 12.688
 11.12.2025 08:45:27; 12.688
 11.12.2025 08:48:26; 12.750
 11.12.2025 08:51:26; 12.750
 11.12.2025 08:54:27; 12.750
 11.12.2025 08:57:27; 12.750
 11.12.2025 09:00:26; 12.750
 11.12.2025 09:03:27; 12.750
 11.12.2025 09:06:27; 12.750
 11.12.2025 09:09:26; 12.750
 11.12.2025 09:12:27; 12.750
 11.12.2025 09:15:27; 12.750
 11.12.2025 09:18:26; 12.750
 11.12.2025 09:21:27; 12.750
 11.12.2025 09:24:26; 12.750
 11.12.2025 09:27:26; 12.750
 11.12.2025 09:30:27; 12.750
 11.12.2025 09:33:26; 12.750
 11.12.2025 09:36:26; 12.750
 11.12.2025 09:39:27; 12.750
 11.12.2025 09:42:27; 12.813
 11.12.2025 09:45:26; 12.813
 11.12.2025 09:48:27; 12.750
 11.12.2025 09:51:27; 12.750
 11.12.2025 09:54:26; 12.750
 11.12.2025 09:57:27; 12.750
 11.12.2025 10:00:27; 12.750
 11.12.2025 10:03:26; 12.688
 11.12.2025 10:06:27; 12.688
 11.12.2025 10:09:26; 12.750
 11.12.2025 10:12:26; 12.750
 11.12.2025 10:15:27; 12.688
 11.12.2025 10:18:26; 12.688
 11.12.2025 10:21:26; 12.688
 11.12.2025 10:24:27; 12.750
 11.12.2025 10:27:27; 12.750
 11.12.2025 10:30:26; 12.750
 11.12.2025 10:33:27; 12.750
 11.12.2025 10:36:27; 12.813
 11.12.2025 10:39:26; 12.813
 11.12.2025 10:42:27; 12.813
 11.12.2025 10:45:27; 12.813
 11.12.2025 10:48:26; 12.813
 11.12.2025 10:51:27; 12.813
 11.12.2025 10:54:26; 12.813
 11.12.2025 10:57:26; 12.813
 11.12.2025 11:00:27; 12.875
 11.12.2025 11:03:26; 12.875
 11.12.2025 11:06:26; 12.938
 11.12.2025 11:09:27; 12.938
 11.12.2025 11:12:27; 13.000
 11.12.2025 11:15:26; 13.000
 11.12.2025 11:18:27; 13.063
 11.12.2025 11:21:27; 13.063
 11.12.2025 11:24:26; 13.125
 11.12.2025 11:27:27; 13.188
 11.12.2025 11:30:27; 13.250
 11.12.2025 11:33:26; 13.313
 11.12.2025 11:36:27; 13.313
 11.12.2025 11:39:26; 13.375
 11.12.2025 11:42:26; 13.375
 11.12.2025 11:45:27; 13.438
 11.12.2025 11:48:26; 13.500
 11.12.2025 11:51:26; 13.500
 11.12.2025 11:54:27; 13.563
 11.12.2025 11:57:27; 13.625
 11.12.2025 12:00:26; 13.688
 11.12.2025 12:03:27; 13.688
 11.12.2025 12:06:27; 13.625
 11.12.2025 12:09:26; 13.688
 11.12.2025 12:12:27; 13.625
 11.12.2025 12:15:27; 13.625
 11.12.2025 12:18:26; 13.625
 11.12.2025 12:21:27; 13.563
 11.12.2025 12:24:26; 13.563
 11.12.2025 12:27:26; 13.625
 11.12.2025 12:30:27; 13.625
 11.12.2025 12:33:26; 13.625
 11.12.2025 12:36:26; 13.563
 11.12.2025 12:39:27; 13.625
 11.12.2025 12:42:27; 13.688
 11.12.2025 12:45:26; 13.750
 11.12.2025 12:48:27; 13.875
 11.12.2025 12:51:27; 13.938
 11.12.2025 12:54:26; 13.938
 11.12.2025 12:57:27; 14.063
 11.12.2025 13:00:27; 14.125
 11.12.2025 13:03:26; 14.125
 11.12.2025 13:06:27; 14.125
 11.12.2025 13:09:26; 14.125
 11.12.2025 13:12:26; 14.125
 11.12.2025 13:15:27; 14.188
 11.12.2025 13:18:26; 14.250
 11.12.2025 13:21:26; 14.250
 11.12.2025 13:24:27; 14.188
 11.12.2025 13:27:27; 14.188
 11.12.2025 13:30:26; 14.188
 11.12.2025 13:33:27; 14.063
 11.12.2025 13:36:27; 14.000
 11.12.2025 13:39:26; 14.000
 11.12.2025 13:42:27; 14.000
 11.12.2025 13:45:27; 14.000
 11.12.2025 13:48:26; 13.938
 11.12.2025 13:51:27; 13.875
 11.12.2025 13:54:26; 13.875
 11.12.2025 13:57:26; 13.875
 11.12.2025 14:00:27; 13.875
 11.12.2025 14:03:26; 13.813
 11.12.2025 14:06:26; 13.813
 11.12.2025 14:09:27; 13.938
 11.12.2025 14:12:27; 13.938
 11.12.2025 14:15:26; 14.000
 11.12.2025 14:18:27; 14.063
 11.12.2025 14:21:27; 14.063
 11.12.2025 14:24:26; 14.063
 11.12.2025 14:27:27; 14.188
 11.12.2025 14:30:27; 14.313
 11.12.2025 14:33:26; 14.375
 11.12.2025 14:36:27; 14.375
 11.12.2025 14:39:26; 14.313
 11.12.2025 14:42:26; 14.313
 11.12.2025 14:45:27; 14.563
 11.12.2025 14:48:26; 14.688
 11.12.2025 14:51:26; 14.938
 11.12.2025 14:54:27; 15.125
 11.12.2025 14:57:27; 15.188
 11.12.2025 15:00:26; 15.063
 11.12.2025 15:03:27; 15.063
 11.12.2025 15:06:27; 14.938
 11.12.2025 15:09:26; 14.875
 11.12.2025 15:12:27; 14.688
 11.12.2025 15:15:27; 14.625
 11.12.2025 15:18:26; 14.563
 11.12.2025 15:21:27; 14.625
 11.12.2025 15:24:26; 14.688
 11.12.2025 15:27:26; 14.813
 11.12.2025 15:30:27; 14.938
 11.12.2025 15:33:26; 15.125
 11.12.2025 15:36:26; 15.188
 11.12.2025 15:39:27; 15.250
 11.12.2025 15:42:27; 15.313
 11.12.2025 15:45:26; 15.375
 11.12.2025 15:48:27; 15.375
 11.12.2025 15:51:27; 15.438
 11.12.2025 15:54:26; 15.438
 11.12.2025 15:57:27; 15.313
 11.12.2025 16:00:27; 15.313
 11.12.2025 16:03:26; 15.375
 11.12.2025 16:06:27; 15.375
 11.12.2025 16:09:26; 15.438
 11.12.2025 16:12:26; 15.438
 11.12.2025 16:15:27; 15.500
 11.12.2025 16:18:26; 15.563
 11.12.2025 16:21:26; 15.938
 11.12.2025 16:24:27; 16.688
 11.12.2025 16:27:27; 18.313
 11.12.2025 16:30:26; 18.875
 11.12.2025 16:33:27; 19.375
 11.12.2025 16:36:27; 19.500
 11.12.2025 16:39:26; 19.125
 11.12.2025 16:42:27; 18.438
 11.12.2025 16:45:27; 17.875
 11.12.2025 16:48:26; 17.500
 11.12.2025 16:51:27; 16.938
 11.12.2025 16:54:26; 16.250
 11.12.2025 16:57:26; 15.813
 11.12.2025 17:00:27; 15.625
 11.12.2025 17:03:26; 15.563
 11.12.2025 17:06:26; 15.500
 11.12.2025 17:09:27; 15.438
 11.12.2025 17:12:27; 15.313
 11.12.2025 17:15:26; 15.250
 11.12.2025 17:18:27; 15.125
 11.12.2025 17:21:27; 15.063
 11.12.2025 17:24:26; 15.000
 11.12.2025 17:27:27; 14.875
 11.12.2025 17:30:27; 14.750
 11.12.2025 17:33:26; 14.625
 11.12.2025 17:36:27; 14.688
 11.12.2025 17:39:26; 14.625
 11.12.2025 17:42:26; 14.563
 11.12.2025 17:45:27; 14.563
 11.12.2025 17:48:26; 14.625
 11.12.2025 17:51:26; 14.750
 11.12.2025 17:54:27; 14.875
 11.12.2025 17:57:27; 15.000
 11.12.2025 18:00:26; 15.250
 11.12.2025 18:03:27; 15.438
 11.12.2025 18:06:27; 15.625
 11.12.2025 18:09:26; 15.750
 11.12.2025 18:12:27; 15.938
 11.12.2025 18:15:27; 16.125
 11.12.2025 18:18:26; 16.500
 11.12.2025 18:21:27; 16.750
 11.12.2025 18:24:26; 17.000
 11.12.2025 18:27:26; 18.750
 11.12.2025 18:30:27; 20.313
 11.12.2025 18:33:26; 20.625
 11.12.2025 18:36:26; 21.750
 11.12.2025 18:39:27; 24.188
 11.12.2025 18:42:27; 24.500
 11.12.2025 18:45:26; 24.125
 11.12.2025 18:48:27; 22.813
 11.12.2025 18:51:27; 22.438
 11.12.2025 18:54:26; 21.813
 11.12.2025 18:57:27; 22.125
 11.12.2025 19:00:27; 21.563
 11.12.2025 19:03:26; 20.438
 11.12.2025 19:06:27; 19.500
 11.12.2025 19:09:26; 18.750
 11.12.2025 19:12:26; 18.313
 11.12.2025 19:15:27; 18.250
 11.12.2025 19:18:26; 18.000
 11.12.2025 19:21:26; 17.813
 11.12.2025 19:24:27; 17.688
 11.12.2025 19:27:27; 17.625
 11.12.2025 19:30:26; 17.750
 11.12.2025 19:33:27; 17.750
 11.12.2025 19:36:27; 17.438
 11.12.2025 19:39:26; 17.063
 11.12.2025 19:42:27; 17.000
 11.12.2025 19:45:27; 16.938
 11.12.2025 19:48:26; 16.688
 11.12.2025 19:51:27; 16.500
 11.12.2025 19:54:26; 16.250
 11.12.2025 19:57:26; 16.000
 11.12.2025 20:00:27; 15.875
 11.12.2025 20:03:26; 15.750
 11.12.2025 20:06:26; 15.625
 11.12.2025 20:09:27; 15.375
 11.12.2025 20:12:27; 15.125
 11.12.2025 20:15:26; 14.938
 11.12.2025 20:18:27; 14.813
 11.12.2025 20:21:27; 14.625
 11.12.2025 20:24:26; 14.563
 11.12.2025 20:27:27; 14.563
 11.12.2025 20:30:27; 14.625
 11.12.2025 20:33:26; 14.688
 11.12.2025 20:36:27; 14.750
 11.12.2025 20:39:26; 14.813
 11.12.2025 20:42:26; 14.875
 11.12.2025 20:45:27; 14.938
 11.12.2025 20:48:26; 15.063
 11.12.2025 20:51:26; 15.188
 11.12.2025 20:54:27; 15.688
 11.12.2025 20:57:27; 16.125
 11.12.2025 21:00:26; 16.313
 11.12.2025 21:03:27; 16.563
 11.12.2025 21:06:27; 16.688
 11.12.2025 21:09:26; 16.500
 11.12.2025 21:12:27; 16.438
 11.12.2025 21:15:27; 16.500
 11.12.2025 21:18:26; 16.688
 11.12.2025 21:21:27; 16.938
 11.12.2025 21:24:26; 16.875
 11.12.2025 21:27:26; 16.813
 11.12.2025 21:30:27; 16.813
 11.12.2025 21:33:26; 16.750
 11.12.2025 21:36:26; 16.625
 11.12.2025 21:39:27; 16.313
 11.12.2025 21:42:27; 16.125
 11.12.2025 21:45:26; 15.938
 11.12.2025 21:48:27; 15.938
 11.12.2025 21:51:27; 16.000
 11.12.2025 21:54:26; 16.063
 11.12.2025 21:57:27; 16.188
 11.12.2025 22:00:27; 16.313
 11.12.2025 22:03:26; 16.375
 11.12.2025 22:06:27; 16.188
 11.12.2025 22:09:26; 16.000
 11.12.2025 22:12:26; 15.813
 11.12.2025 22:15:27; 15.688
 11.12.2025 22:18:26; 15.563
 11.12.2025 22:21:26; 15.500
 11.12.2025 22:24:27; 15.500
 11.12.2025 22:27:27; 15.500
 11.12.2025 22:30:26; 15.500
 11.12.2025 22:33:27; 15.500
 11.12.2025 22:36:27; 15.500
 11.12.2025 22:39:26; 15.563
 11.12.2025 22:42:27; 15.625
 11.12.2025 22:45:27; 15.625
 11.12.2025 22:48:26; 15.625
 11.12.2025 22:51:27; 15.563
 11.12.2025 22:54:26; 15.563
 11.12.2025 22:57:26; 15.438
 11.12.2025 23:00:27; 15.313
 11.12.2025 23:03:26; 15.188
 11.12.2025 23:06:26; 15.063
 11.12.2025 23:09:27; 15.000
 11.12.2025 23:12:27; 14.875
 11.12.2025 23:15:26; 14.813
 11.12.2025 23:18:27; 14.750
 11.12.2025 23:21:27; 14.688
 11.12.2025 23:24:26; 14.625
 11.12.2025 23:27:27; 14.625
 11.12.2025 23:30:27; 14.625
 11.12.2025 23:33:26; 14.625
 11.12.2025 23:36:27; 14.563
 11.12.2025 23:39:26; 14.563
 11.12.2025 23:42:26; 14.500
 11.12.2025 23:45:27; 14.438
 11.12.2025 23:48:26; 14.375
 11.12.2025 23:51:26; 14.375
 11.12.2025 23:54:27; 14.313
 11.12.2025 23:57:27; 14.313
 12.12.2025 00:00:26; 14.250
 12.12.2025 00:03:27; 14.250
 12.12.2025 00:06:27; 14.188
 12.12.2025 00:09:26; 14.125
 12.12.2025 00:12:27; 14.063
 12.12.2025 00:15:27; 14.063
 12.12.2025 00:18:26; 14.000
 12.12.2025 00:21:27; 13.938
 12.12.2025 00:24:26; 13.938
 12.12.2025 00:27:26; 13.875
 12.12.2025 00:30:27; 13.813
 12.12.2025 00:33:26; 13.813
 12.12.2025 00:36:26; 13.750
 12.12.2025 00:39:27; 13.750
 12.12.2025 00:42:27; 13.688
 12.12.2025 00:45:26; 13.625
 12.12.2025 00:48:27; 13.625
 12.12.2025 00:51:27; 13.563
 12.12.2025 00:54:26; 13.563
 12.12.2025 00:57:27; 13.500
 12.12.2025 01:00:27; 13.500
 12.12.2025 01:03:26; 13.500
 12.12.2025 01:06:27; 13.438
 12.12.2025 01:09:26; 13.438
 12.12.2025 01:12:26; 13.375
 12.12.2025 01:15:27; 13.313
 12.12.2025 01:18:26; 13.250
 12.12.2025 01:21:26; 13.250
 12.12.2025 01:24:27; 13.188
 12.12.2025 01:27:27; 13.125
 12.12.2025 01:30:26; 13.125
 12.12.2025 01:33:27; 13.125
 12.12.2025 01:36:27; 13.063
 12.12.2025 01:39:26; 13.063
 12.12.2025 01:42:27; 13.063
 12.12.2025 01:45:27; 13.063
 12.12.2025 01:48:26; 13.063
 12.12.2025 01:51:27; 13.063
 12.12.2025 01:54:26; 13.063
 12.12.2025 01:57:26; 13.125
 12.12.2025 02:00:27; 13.125
 12.12.2025 02:03:26; 13.125
 12.12.2025 02:06:26; 13.125
 12.12.2025 02:09:27; 13.125
 12.12.2025 02:12:27; 13.125
 12.12.2025 02:15:26; 13.063
 12.12.2025 02:18:27; 13.063
 12.12.2025 02:21:27; 13.000
 12.12.2025 02:24:26; 12.938
 12.12.2025 02:27:27; 12.938
 12.12.2025 02:30:27; 12.938
 12.12.2025 02:33:26; 12.875
 12.12.2025 02:36:27; 12.938
 12.12.2025 02:39:26; 12.938
 12.12.2025 02:42:26; 12.938
 12.12.2025 02:45:27; 12.938
 12.12.2025 02:48:26; 12.938
 12.12.2025 02:51:26; 12.938
 12.12.2025 02:54:27; 12.938
 12.12.2025 02:57:27; 12.938
 12.12.2025 03:00:26; 12.938
 12.12.2025 03:03:27; 12.875
 12.12.2025 03:06:27; 12.875
 12.12.2025 03:09:26; 12.813
 12.12.2025 03:12:27; 12.813
 12.12.2025 03:15:27; 12.750
 12.12.2025 03:18:26; 12.750
 12.12.2025 03:21:27; 12.688
 12.12.2025 03:24:26; 12.688
 12.12.2025 03:27:26; 12.688
 12.12.2025 03:30:27; 12.688
 12.12.2025 03:33:26; 12.688
 12.12.2025 03:36:26; 12.688
 12.12.2025 03:39:27; 12.750
 12.12.2025 03:42:27; 12.688
 12.12.2025 03:45:26; 12.688
 12.12.2025 03:48:27; 12.625
 12.12.2025 03:51:27; 12.625
 12.12.2025 03:54:26; 12.563
 12.12.2025 03:57:27; 12.500
 12.12.2025 04:00:27; 12.438
 12.12.2025 04:03:26; 12.375
 12.12.2025 04:06:27; 12.313
 12.12.2025 04:09:26; 12.250
 12.12.2025 04:12:26; 12.250
 12.12.2025 04:15:27; 12.188
 12.12.2025 04:18:26; 12.125
 12.12.2025 04:21:26; 12.125
 12.12.2025 04:24:27; 12.063
 12.12.2025 04:27:27; 12.063
 12.12.2025 04:30:26; 12.063
 12.12.2025 04:33:27; 12.063
 12.12.2025 04:36:27; 12.063
 12.12.2025 04:39:26; 12.063
 12.12.2025 04:42:27; 12.063
 12.12.2025 04:45:27; 12.063
 12.12.2025 04:48:26; 12.063
 12.12.2025 04:51:27; 12.000
 12.12.2025 04:54:26; 12.063
 12.12.2025 04:57:26; 12.063
 12.12.2025 05:00:27; 12.063
 12.12.2025 05:03:26; 12.125
 12.12.2025 05:06:26; 12.188
 12.12.2025 05:09:27; 12.188
 12.12.2025 05:12:27; 12.188
 12.12.2025 05:15:26; 12.250
 12.12.2025 05:18:27; 12.188
 12.12.2025 05:21:27; 12.188
 12.12.2025 05:24:26; 12.188
 12.12.2025 05:27:27; 12.188
 12.12.2025 05:30:27; 12.188
 12.12.2025 05:33:26; 12.188
 12.12.2025 05:36:27; 12.188
 12.12.2025 05:39:26; 12.125
 12.12.2025 05:42:26; 12.063
 12.12.2025 05:45:27; 12.000
 12.12.2025 05:48:26; 11.938
 12.12.2025 05:51:26; 11.875
 12.12.2025 05:54:27; 11.813
 12.12.2025 05:57:27; 11.813
 12.12.2025 06:00:26; 11.750
 12.12.2025 06:03:27; 11.688
 12.12.2025 06:06:27; 11.688
 12.12.2025 06:09:26; 11.625
 12.12.2025 06:12:27; 11.563
 12.12.2025 06:15:27; 11.500
 12.12.2025 06:18:26; 11.500
 12.12.2025 06:21:27; 11.438
 12.12.2025 06:24:26; 11.438
 12.12.2025 06:27:26; 11.375
 12.12.2025 06:30:27; 11.313
 12.12.2025 06:33:26; 11.313
 12.12.2025 06:36:26; 11.250
 12.12.2025 06:39:27; 11.250
 12.12.2025 06:42:27; 11.313
 12.12.2025 06:45:26; 11.313
 12.12.2025 06:48:27; 11.313
 12.12.2025 06:51:27; 11.375
 12.12.2025 06:54:26; 11.375
 12.12.2025 06:57:27; 11.375
 12.12.2025 07:00:27; 11.438
 12.12.2025 07:03:26; 11.438
 12.12.2025 07:06:27; 11.438
 12.12.2025 07:09:26; 11.500
 12.12.2025 07:12:26; 11.563
 12.12.2025 07:15:27; 11.563
 12.12.2025 07:18:26; 11.625
 12.12.2025 07:21:26; 11.625
 12.12.2025 07:24:27; 11.688
 12.12.2025 07:27:27; 11.688
 12.12.2025 07:30:26; 11.750
 12.12.2025 07:33:27; 11.750
 12.12.2025 07:36:27; 11.813
 12.12.2025 07:39:26; 11.875
 12.12.2025 07:42:27; 11.938
 12.12.2025 07:45:27; 11.938
 12.12.2025 07:48:26; 12.000
 12.12.2025 07:51:27; 12.000
 12.12.2025 07:54:26; 12.000
 12.12.2025 07:57:26; 12.063
 12.12.2025 08:00:27; 12.063
 12.12.2025 08:03:26; 12.125
 12.12.2025 08:06:26; 12.125
 12.12.2025 08:09:27; 12.188
 12.12.2025 08:12:27; 12.188
 12.12.2025 08:15:26; 12.188
 12.12.2025 08:18:27; 12.188
 12.12.2025 08:21:27; 12.188
 12.12.2025 08:24:26; 12.188
 12.12.2025 08:27:27; 12.250
 12.12.2025 08:30:27; 12.250
 12.12.2025 08:33:26; 12.313
 12.12.2025 08:36:27; 12.313
 12.12.2025 08:39:26; 12.375
 12.12.2025 08:42:26; 12.375
 12.12.2025 08:45:27; 12.438
 12.12.2025 08:48:26; 12.438
 12.12.2025 08:51:26; 12.438
 12.12.2025 08:54:27; 12.438
 12.12.2025 08:57:27; 12.438
 12.12.2025 09:00:26; 12.500
 12.12.2025 09:03:27; 12.500
 12.12.2025 09:06:27; 12.500
 12.12.2025 09:09:26; 12.500
 12.12.2025 09:12:27; 12.500
 12.12.2025 09:15:27; 12.500
 12.12.2025 09:18:26; 12.500
 12.12.2025 09:21:27; 12.438
 12.12.2025 09:24:26; 12.500
 12.12.2025 09:27:26; 12.500
 12.12.2025 09:30:27; 12.500
 12.12.2025 09:33:26; 12.438
 12.12.2025 09:36:26; 12.438
 12.12.2025 09:39:27; 12.438
 12.12.2025 09:42:27; 12.438
 12.12.2025 09:45:26; 12.375
 12.12.2025 09:48:27; 12.375
 12.12.2025 09:51:27; 12.375
 12.12.2025 09:54:26; 12.375
 12.12.2025 09:57:27; 12.375
 12.12.2025 10:00:27; 12.375
 12.12.2025 10:03:26; 12.375
 12.12.2025 10:06:27; 12.375
 12.12.2025 10:09:26; 12.375
 12.12.2025 10:12:26; 12.375
 12.12.2025 10:15:27; 12.438
 12.12.2025 10:18:26; 12.438
 12.12.2025 10:21:26; 12.500
 12.12.2025 10:24:27; 12.500
 12.12.2025 10:27:27; 12.500
 12.12.2025 10:30:26; 12.500
 12.12.2025 10:33:27; 12.563
 12.12.2025 10:36:27; 12.563
 12.12.2025 10:39:26; 12.563
 12.12.2025 10:42:27; 12.625
 12.12.2025 10:45:27; 12.625
 12.12.2025 10:48:26; 12.688
 12.12.2025 10:51:27; 12.688
 12.12.2025 10:54:26; 12.750
 12.12.2025 10:57:26; 12.813
 12.12.2025 11:00:27; 12.813
 12.12.2025 11:03:26; 12.875
 12.12.2025 11:06:26; 12.875
 12.12.2025 11:09:27; 12.875
 12.12.2025 11:12:27; 12.938
 12.12.2025 11:15:26; 13.000
 12.12.2025 11:18:27; 13.063
 12.12.2025 11:21:27; 13.125
 12.12.2025 11:24:26; 13.188
 12.12.2025 11:27:27; 13.250
 12.12.2025 11:30:27; 13.313
 12.12.2025 11:33:26; 13.375
 12.12.2025 11:36:27; 13.438
 12.12.2025 11:39:26; 13.500
 12.12.2025 11:42:26; 13.500
 12.12.2025 11:45:27; 13.500
 12.12.2025 11:48:26; 13.563
 12.12.2025 11:51:26; 13.688
 12.12.2025 11:54:27; 13.750
 12.12.2025 11:57:27; 13.813
 12.12.2025 12:00:26; 13.875
 12.12.2025 12:03:27; 14.000
 12.12.2025 12:06:27; 14.063
 12.12.2025 12:09:26; 14.375
 12.12.2025 12:12:27; 14.625
 12.12.2025 12:15:27; 14.875
 12.12.2025 12:18:26; 14.938
 12.12.2025 12:21:27; 15.063
 12.12.2025 12:24:26; 15.313
 12.12.2025 12:27:26; 15.625
 12.12.2025 12:30:27; 15.688
 12.12.2025 12:33:26; 15.750
 12.12.2025 12:36:26; 15.688
 12.12.2025 12:39:27; 15.500
 12.12.2025 12:42:27; 15.313
 12.12.2025 12:45:26; 15.313
 12.12.2025 12:48:27; 15.313
 12.12.2025 12:51:27; 15.188
 12.12.2025 12:54:26; 15.125
 12.12.2025 12:57:27; 15.188
 12.12.2025 13:00:27; 15.125
 12.12.2025 13:03:26; 15.063
 12.12.2025 13:06:27; 15.188
 12.12.2025 13:09:26; 15.313
 12.12.2025 13:12:26; 15.313
 12.12.2025 13:15:27; 15.375
 12.12.2025 13:18:26; 15.438
 12.12.2025 13:21:26; 15.563
 12.12.2025 13:24:27; 15.688
 12.12.2025 13:27:27; 15.688
 12.12.2025 13:30:26; 15.750
 12.12.2025 13:33:27; 15.938
 12.12.2025 13:36:27; 16.313
 12.12.2025 13:39:26; 16.625
 12.12.2025 13:42:27; 16.813
 12.12.2025 13:45:27; 16.938
 12.12.2025 13:48:26; 16.813
 12.12.2025 13:51:27; 16.688
 12.12.2025 13:54:26; 16.688
 12.12.2025 13:57:26; 16.625
 12.12.2025 14:00:27; 16.875
 12.12.2025 14:03:26; 17.313
 12.12.2025 14:06:26; 17.875
 12.12.2025 14:09:27; 18.563
 12.12.2025 14:12:27; 19.250
 12.12.2025 14:15:26; 19.188
 12.12.2025 14:18:27; 18.938
 12.12.2025 14:21:27; 18.813
 12.12.2025 14:24:26; 18.750
 12.12.2025 14:27:27; 18.875
 12.12.2025 14:30:27; 18.813
 12.12.2025 14:33:26; 18.938
 12.12.2025 14:36:27; 19.313
 12.12.2025 14:39:26; 19.375
 12.12.2025 14:42:26; 19.375
 12.12.2025 14:45:27; 19.750
 12.12.2025 14:48:26; 20.313
 12.12.2025 14:51:26; 20.250
 12.12.2025 14:54:27; 19.813
 12.12.2025 14:57:27; 19.313
 12.12.2025 15:00:26; 19.063
 12.12.2025 15:03:27; 18.813
 12.12.2025 15:06:27; 18.750
 12.12.2025 15:09:26; 18.875
 12.12.2025 15:12:27; 19.063
 12.12.2025 15:15:27; 19.375
 12.12.2025 15:18:26; 19.563
 12.12.2025 15:21:27; 19.563
 12.12.2025 15:24:26; 19.625
 12.12.2025 15:27:26; 19.625
 12.12.2025 15:30:27; 19.563
 12.12.2025 15:33:26; 19.500
 12.12.2025 15:36:26; 19.500
 12.12.2025 15:39:27; 19.625
 12.12.2025 15:42:27; 19.688
 12.12.2025 15:45:26; 19.688
 12.12.2025 15:48:27; 19.813
 12.12.2025 15:51:27; 20.000
 12.12.2025 15:54:26; 20.188
 12.12.2025 15:57:27; 20.375
 12.12.2025 16:00:27; 20.063
 12.12.2025 16:03:26; 20.063
 12.12.2025 16:06:27; 20.250
 12.12.2025 16:09:26; 20.313
 12.12.2025 16:12:26; 20.438
 12.12.2025 16:15:27; 20.563
 12.12.2025 16:18:26; 20.625
 12.12.2025 16:21:26; 20.875
 12.12.2025 16:24:27; 21.500
 12.12.2025 16:27:27; 22.125
 12.12.2025 16:30:26; 22.750
 12.12.2025 16:33:27; 23.563
 12.12.2025 16:36:27; 23.313
 12.12.2025 16:39:26; 23.313
 12.12.2025 16:42:27; 22.688
 12.12.2025 16:45:27; 22.375
 12.12.2025 16:48:26; 22.000
 12.12.2025 16:51:27; 21.875
 12.12.2025 16:54:26; 21.875
 12.12.2025 16:57:26; 21.813
 12.12.2025 17:00:27; 22.188
 12.12.2025 17:03:26; 22.563
 12.12.2025 17:06:26; 22.875
 12.12.2025 17:09:27; 22.875
 12.12.2025 17:12:27; 22.438
 12.12.2025 17:15:26; 22.188
 12.12.2025 17:18:27; 22.125
 12.12.2025 17:21:27; 22.188
 12.12.2025 17:24:26; 22.250
 12.12.2025 17:27:27; 22.500
 12.12.2025 17:30:27; 22.750
 12.12.2025 17:33:26; 22.625
 12.12.2025 17:36:27; 22.500
 12.12.2025 17:39:26; 22.375
 12.12.2025 17:42:26; 22.313
 12.12.2025 17:45:27; 22.438
 12.12.2025 17:48:26; 22.625
 12.12.2025 17:51:26; 23.063
 12.12.2025 17:54:27; 23.500
 12.12.2025 17:57:27; 23.875
 12.12.2025 18:00:26; 24.125
 12.12.2025 18:03:27; 24.000
 12.12.2025 18:06:27; 24.500
 12.12.2025 18:09:26; 24.438
 12.12.2025 18:12:27; 24.813
 12.12.2025 18:15:27; 24.875
 12.12.2025 18:18:26; 26.313
 12.12.2025 18:21:27; 26.438
 12.12.2025 18:24:26; 27.563
 12.12.2025 18:27:26; 28.125
 12.12.2025 18:30:27; 27.250
 12.12.2025 18:33:26; 26.063
 12.12.2025 18:36:26; 24.813
 12.12.2025 18:39:27; 23.938
 12.12.2025 18:42:27; 23.375
 12.12.2025 18:45:26; 22.938
 12.12.2025 18:48:27; 22.625
 12.12.2025 18:51:27; 22.500
 12.12.2025 18:54:26; 22.500
 12.12.2025 18:57:27; 22.875
 12.12.2025 19:00:27; 24.500
 12.12.2025 19:03:26; 24.938
 12.12.2025 19:06:27; 25.438
 12.12.2025 19:09:26; 25.375
 12.12.2025 19:12:26; 26.938
 12.12.2025 19:15:27; 26.688
 12.12.2025 19:18:26; 26.125
 12.12.2025 19:21:26; 25.125
 12.12.2025 19:24:27; 24.688
 12.12.2025 19:27:27; 23.938
 12.12.2025 19:30:26; 23.438
 12.12.2025 19:33:27; 22.938
 12.12.2025 19:36:27; 23.063
 12.12.2025 19:39:26; 24.250
 12.12.2025 19:42:27; 24.688
 12.12.2025 19:45:27; 25.000
 12.12.2025 19:48:26; 24.875
 12.12.2025 19:51:27; 24.813
 12.12.2025 19:54:26; 24.500
 12.12.2025 19:57:26; 23.938
 12.12.2025 20:00:27; 23.563
 12.12.2025 20:03:26; 23.063
 12.12.2025 20:06:26; 22.750
 12.12.2025 20:09:27; 22.500
 12.12.2025 20:12:27; 22.500
 12.12.2025 20:15:26; 22.563
 12.12.2025 20:18:27; 22.500
 12.12.2025 20:21:27; 22.625
 12.12.2025 20:24:26; 22.938
 12.12.2025 20:27:27; 22.938
 12.12.2025 20:30:27; 23.375
 12.12.2025 20:33:26; 23.875
 12.12.2025 20:36:27; 24.500
 12.12.2025 20:39:26; 24.500
 12.12.2025 20:42:26; 25.188
 12.12.2025 20:45:27; 25.500
 12.12.2025 20:48:26; 25.375
 12.12.2025 20:51:26; 24.750
 12.12.2025 20:54:27; 24.063
 12.12.2025 20:57:27; 23.500
 12.12.2025 21:00:26; 23.063
 12.12.2025 21:03:27; 22.750
 12.12.2025 21:06:27; 22.625
 12.12.2025 21:09:26; 22.813
 12.12.2025 21:12:27; 22.938
 12.12.2025 21:15:27; 23.313
 12.12.2025 21:18:26; 22.938
 12.12.2025 21:21:27; 22.938
 12.12.2025 21:24:26; 22.813
 12.12.2025 21:27:26; 22.750
 12.12.2025 21:30:27; 23.000
 12.12.2025 21:33:26; 23.750
 12.12.2025 21:36:26; 23.563
 12.12.2025 21:39:27; 23.125
 12.12.2025 21:42:27; 22.750
 12.12.2025 21:45:26; 22.375
 12.12.2025 21:48:27; 22.125
 12.12.2025 21:51:27; 21.750
 12.12.2025 21:54:26; 21.313
 12.12.2025 21:57:27; 20.875
 12.12.2025 22:00:27; 20.500
 12.12.2025 22:03:26; 20.250
 12.12.2025 22:06:27; 19.938
 12.12.2025 22:09:26; 19.688
 12.12.2025 22:12:26; 19.438
 12.12.2025 22:15:27; 19.313
 12.12.2025 22:18:26; 19.313
 12.12.2025 22:21:26; 19.250
 12.12.2025 22:24:27; 19.250
 12.12.2025 22:27:27; 19.250
 12.12.2025 22:30:26; 19.188
 12.12.2025 22:33:27; 19.063
 12.12.2025 22:36:27; 19.000
 12.12.2025 22:39:26; 19.000
 12.12.2025 22:42:27; 19.000
 12.12.2025 22:45:27; 18.938
 12.12.2025 22:48:26; 18.813
 12.12.2025 22:51:27; 18.625
 12.12.2025 22:54:26; 18.500
 12.12.2025 22:57:26; 18.438
 12.12.2025 23:00:27; 18.375
 12.12.2025 23:03:26; 18.313
 12.12.2025 23:06:26; 18.188
 12.12.2025 23:09:27; 18.063
 12.12.2025 23:12:27; 18.000
 12.12.2025 23:15:26; 17.938
 12.12.2025 23:18:27; 17.875
 12.12.2025 23:21:27; 17.750
 12.12.2025 23:24:26; 17.625
 12.12.2025 23:27:27; 17.563
 12.12.2025 23:30:27; 17.438
 12.12.2025 23:33:26; 17.313
 12.12.2025 23:36:27; 17.125
 12.12.2025 23:39:26; 17.000
 12.12.2025 23:42:26; 16.875
 12.12.2025 23:45:27; 16.750
 12.12.2025 23:48:26; 16.625
 12.12.2025 23:51:26; 16.500
 12.12.2025 23:54:27; 16.438
 12.12.2025 23:57:27; 16.313
 13.12.2025 00:00:26; 16.188
 13.12.2025 00:03:27; 16.125
 13.12.2025 00:06:27; 16.000
 13.12.2025 00:09:26; 15.938
 13.12.2025 00:12:27; 15.875
 13.12.2025 00:15:27; 15.750
 13.12.2025 00:18:26; 15.688
 13.12.2025 00:21:27; 15.625
 13.12.2025 00:24:26; 15.500
 13.12.2025 00:27:26; 15.375
 13.12.2025 00:30:27; 15.250
 13.12.2025 00:33:26; 15.188
 13.12.2025 00:36:26; 15.063
 13.12.2025 00:39:27; 15.000
 13.12.2025 00:42:27; 14.875
 13.12.2025 00:45:26; 14.750
 13.12.2025 00:48:27; 14.688
 13.12.2025 00:51:27; 14.563
 13.12.2025 00:54:26; 14.500
 13.12.2025 00:57:27; 14.438
 13.12.2025 01:00:27; 14.375
 13.12.2025 01:03:26; 14.313
 13.12.2025 01:06:27; 14.250
 13.12.2025 01:09:26; 14.250
 13.12.2025 01:12:26; 14.188
 13.12.2025 01:15:27; 14.188
 13.12.2025 01:18:26; 14.188
 13.12.2025 01:21:26; 14.250
 13.12.2025 01:24:27; 14.250
 13.12.2025 01:27:27; 14.313
 13.12.2025 01:30:26; 14.313
 13.12.2025 01:33:27; 14.250
 13.12.2025 01:36:27; 14.250
 13.12.2025 01:39:26; 14.313
 13.12.2025 01:42:27; 14.313
 13.12.2025 01:45:27; 14.375
 13.12.2025 01:48:26; 14.375
 13.12.2025 01:51:27; 14.375
 13.12.2025 01:54:26; 14.375
 13.12.2025 01:57:26; 14.375
 13.12.2025 02:00:27; 14.313
 13.12.2025 02:03:26; 14.250
 13.12.2025 02:06:26; 14.188
 13.12.2025 02:09:27; 14.125
 13.12.2025 02:12:27; 14.063
 13.12.2025 02:15:26; 14.000
 13.12.2025 02:18:27; 13.938
 13.12.2025 02:21:27; 13.875
 13.12.2025 02:24:26; 13.813
 13.12.2025 02:27:27; 13.750
 13.12.2025 02:30:27; 13.688
 13.12.2025 02:33:26; 13.688
 13.12.2025 02:36:27; 13.625
 13.12.2025 02:39:26; 13.625
 13.12.2025 02:42:26; 13.688
 13.12.2025 02:45:27; 13.750
 13.12.2025 02:48:26; 13.750
 13.12.2025 02:51:26; 13.813
 13.12.2025 02:54:27; 13.875
 13.12.2025 02:57:27; 13.938
 13.12.2025 03:00:26; 14.000
 13.12.2025 03:03:27; 14.000
 13.12.2025 03:06:27; 14.063
 13.12.2025 03:09:26; 14.063
 13.12.2025 03:12:27; 14.063
 13.12.2025 03:15:27; 14.063
 13.12.2025 03:18:26; 14.063
 13.12.2025 03:21:27; 14.063
 13.12.2025 03:24:26; 14.063
 13.12.2025 03:27:26; 14.000
 13.12.2025 03:30:27; 13.938
 13.12.2025 03:33:26; 13.875
 13.12.2025 03:36:26; 13.813
 13.12.2025 03:39:27; 13.750
 13.12.2025 03:42:27; 13.688
 13.12.2025 03:45:26; 13.625
 13.12.2025 03:48:27; 13.563
 13.12.2025 03:51:27; 13.500
 13.12.2025 03:54:26; 13.438
 13.12.2025 03:57:27; 13.375
 13.12.2025 04:00:27; 13.313
 13.12.2025 04:03:26; 13.250
 13.12.2025 04:06:27; 13.188
 13.12.2025 04:09:26; 13.188
 13.12.2025 04:12:26; 13.188
 13.12.2025 04:15:27; 13.125
 13.12.2025 04:18:26; 13.063
 13.12.2025 04:21:26; 13.000
 13.12.2025 04:24:27; 13.000
 13.12.2025 04:27:27; 12.938
 13.12.2025 04:30:26; 12.938
 13.12.2025 04:33:27; 12.938
 13.12.2025 04:36:27; 13.000
 13.12.2025 04:39:26; 13.000
 13.12.2025 04:42:27; 13.063
 13.12.2025 04:45:27; 13.125
 13.12.2025 04:48:26; 13.188
 13.12.2025 04:51:27; 13.250
 13.12.2025 04:54:26; 13.313
 13.12.2025 04:57:26; 13.375
 13.12.2025 05:00:27; 13.375
 13.12.2025 05:03:26; 13.438
 13.12.2025 05:06:26; 13.500
 13.12.2025 05:09:27; 13.500
 13.12.2025 05:12:27; 13.438
 13.12.2025 05:15:26; 13.438
 13.12.2025 05:18:27; 13.313
 13.12.2025 05:21:27; 13.250
 13.12.2025 05:24:26; 13.188
 13.12.2025 05:27:27; 13.125
 13.12.2025 05:30:27; 13.063
 13.12.2025 05:33:26; 13.000
 13.12.2025 05:36:27; 12.938
 13.12.2025 05:39:26; 12.938
 13.12.2025 05:42:26; 12.875
 13.12.2025 05:45:27; 12.813
 13.12.2025 05:48:26; 12.813
 13.12.2025 05:51:26; 12.750
 13.12.2025 05:54:27; 12.750
 13.12.2025 05:57:27; 12.688
 13.12.2025 06:00:26; 12.688
 13.12.2025 06:03:27; 12.625
 13.12.2025 06:06:27; 12.563
 13.12.2025 06:09:26; 12.500
 13.12.2025 06:12:27; 12.438
 13.12.2025 06:15:27; 12.375
 13.12.2025 06:18:26; 12.375
 13.12.2025 06:21:27; 12.375
 13.12.2025 06:24:26; 12.313
 13.12.2025 06:27:26; 12.313
 13.12.2025 06:30:27; 12.313
 13.12.2025 06:33:26; 12.250
 13.12.2025 06:36:26; 12.250
 13.12.2025 06:39:27; 12.188
 13.12.2025 06:42:27; 12.188
 13.12.2025 06:45:26; 12.188
 13.12.2025 06:48:27; 12.188
 13.12.2025 06:51:27; 12.188
 13.12.2025 06:54:26; 12.125
 13.12.2025 06:57:27; 12.125
 13.12.2025 07:00:27; 12.125
 13.12.2025 07:03:26; 12.125
 13.12.2025 07:06:27; 12.125
 13.12.2025 07:09:26; 12.125
 13.12.2025 07:12:26; 12.063
 13.12.2025 07:15:27; 12.063
 13.12.2025 07:18:26; 12.000
 13.12.2025 07:21:26; 12.000
 13.12.2025 07:24:27; 12.000
 13.12.2025 07:27:27; 12.000
 13.12.2025 07:30:26; 12.000
 13.12.2025 07:33:27; 11.938
 13.12.2025 07:36:27; 11.938
 13.12.2025 07:39:26; 11.938
 13.12.2025 07:42:27; 11.938
 13.12.2025 07:45:27; 11.938
 13.12.2025 07:48:26; 11.938
 13.12.2025 07:51:27; 11.938
 13.12.2025 07:54:26; 11.938
 13.12.2025 07:57:26; 11.938
 13.12.2025 08:00:27; 11.938
 13.12.2025 08:03:26; 12.000
 13.12.2025 08:06:26; 12.000
 13.12.2025 08:09:27; 12.000
 13.12.2025 08:12:27; 12.000
 13.12.2025 08:15:26; 12.000
 13.12.2025 08:18:27; 12.000
 13.12.2025 08:21:27; 12.000
 13.12.2025 08:24:26; 12.000
 13.12.2025 08:27:27; 12.000
 13.12.2025 08:30:27; 11.938
 13.12.2025 08:33:26; 11.938
 13.12.2025 08:36:27; 11.938
 13.12.2025 08:39:26; 11.938
 13.12.2025 08:42:26; 11.938
 13.12.2025 08:45:27; 11.938
 13.12.2025 08:48:26; 11.938
 13.12.2025 08:51:26; 11.875
 13.12.2025 08:54:27; 11.938
 13.12.2025 08:57:27; 11.938
 13.12.2025 09:00:26; 11.938
 13.12.2025 09:03:27; 11.938
 13.12.2025 09:06:27; 11.938
 13.12.2025 09:09:26; 11.938
 13.12.2025 09:12:27; 11.938
 13.12.2025 09:15:27; 11.938
 13.12.2025 09:18:26; 12.000
 13.12.2025 09:21:27; 12.000
 13.12.2025 09:24:26; 12.000
 13.12.2025 09:27:26; 12.063
 13.12.2025 09:30:27; 12.063
 13.12.2025 09:33:26; 12.125
 13.12.2025 09:36:26; 12.188
 13.12.2025 09:39:27; 12.188
 13.12.2025 09:42:27; 12.250
 13.12.2025 09:45:26; 12.250
 13.12.2025 09:48:27; 12.250
 13.12.2025 09:51:27; 12.250
 13.12.2025 09:54:26; 12.313
 13.12.2025 09:57:27; 12.313
 13.12.2025 10:00:27; 12.375
 13.12.2025 10:03:26; 12.375
 13.12.2025 10:06:27; 12.375
 13.12.2025 10:09:26; 12.438
 13.12.2025 10:12:26; 12.438
 13.12.2025 10:15:27; 12.500
 13.12.2025 10:18:26; 12.500
 13.12.2025 10:21:26; 12.563
 13.12.2025 10:24:27; 12.563
 13.12.2025 10:27:27; 12.625
 13.12.2025 10:30:26; 12.625
 13.12.2025 10:33:27; 12.625
 13.12.2025 10:36:27; 12.688
 13.12.2025 10:39:26; 12.688
 13.12.2025 10:42:27; 12.688
 13.12.2025 10:45:27; 12.750
 13.12.2025 10:48:26; 12.750
 13.12.2025 10:51:27; 12.813
 13.12.2025 10:54:26; 12.813
 13.12.2025 10:57:26; 12.813
 13.12.2025 11:00:27; 12.875
 13.12.2025 11:03:26; 12.875
 13.12.2025 11:06:26; 12.938
 13.12.2025 11:09:27; 12.938
 13.12.2025 11:12:27; 13.000
 13.12.2025 11:15:26; 13.000
 13.12.2025 11:18:27; 13.063
 13.12.2025 11:21:27; 13.125
 13.12.2025 11:24:26; 13.188
 13.12.2025 11:27:27; 13.250
 13.12.2025 11:30:27; 13.250
 13.12.2025 11:33:26; 13.375
 13.12.2025 11:36:27; 13.438
 13.12.2025 11:39:26; 13.500
 13.12.2025 11:42:26; 13.563
 13.12.2025 11:45:27; 13.563
 13.12.2025 11:48:26; 13.563
 13.12.2025 11:51:26; 13.625
 13.12.2025 11:54:27; 13.625
 13.12.2025 11:57:27; 13.688
 13.12.2025 12:00:26; 13.750
 13.12.2025 12:03:27; 13.875
 13.12.2025 12:06:27; 14.000
 13.12.2025 12:09:26; 14.125
 13.12.2025 12:12:27; 14.250
 13.12.2025 12:15:27; 14.313
 13.12.2025 12:18:26; 14.313
 13.12.2025 12:21:27; 14.313
 13.12.2025 12:24:26; 14.375
 13.12.2025 12:27:26; 14.438
 13.12.2025 12:30:27; 14.500
 13.12.2025 12:33:26; 14.500
 13.12.2025 12:36:26; 14.500
 13.12.2025 12:39:27; 14.563
 13.12.2025 12:42:27; 14.625
 13.12.2025 12:45:26; 14.688
 13.12.2025 12:48:27; 14.813
 13.12.2025 12:51:27; 14.938
 13.12.2025 12:54:26; 15.125
 13.12.2025 12:57:27; 15.250
 13.12.2025 13:00:27; 15.438
 13.12.2025 13:03:26; 15.625
 13.12.2025 13:06:27; 15.813
 13.12.2025 13:09:26; 16.000
 13.12.2025 13:12:26; 16.125
 13.12.2025 13:15:27; 16.188
 13.12.2025 13:18:26; 16.313
 13.12.2025 13:21:26; 16.313
 13.12.2025 13:24:27; 16.188
 13.12.2025 13:27:27; 16.188
 13.12.2025 13:30:26; 16.313
 13.12.2025 13:33:27; 16.375
 13.12.2025 13:36:27; 16.500
 13.12.2025 13:39:26; 16.563
 13.12.2025 13:42:27; 16.625
 13.12.2025 13:45:27; 16.625
 13.12.2025 13:48:26; 16.563
 13.12.2025 13:51:27; 16.625
 13.12.2025 13:54:26; 16.750
 13.12.2025 13:57:26; 16.875
 13.12.2025 14:00:27; 17.000
 13.12.2025 14:03:26; 17.063
 13.12.2025 14:06:26; 17.063
 13.12.2025 14:09:27; 17.063
 13.12.2025 14:12:27; 17.063
 13.12.2025 14:15:26; 17.125
 13.12.2025 14:18:27; 17.188
 13.12.2025 14:21:27; 17.313
 13.12.2025 14:24:26; 17.500
 13.12.2025 14:27:27; 17.625
 13.12.2025 14:30:27; 17.688
 13.12.2025 14:33:26; 17.625
 13.12.2025 14:36:27; 17.625
 13.12.2025 14:39:26; 17.688
 13.12.2025 14:42:26; 17.625
 13.12.2025 14:45:27; 17.688
 13.12.2025 14:48:26; 17.688
 13.12.2025 14:51:26; 17.750
 13.12.2025 14:54:27; 17.813
 13.12.2025 14:57:27; 17.875
 13.12.2025 15:00:26; 17.938
 13.12.2025 15:03:27; 18.063
 13.12.2025 15:06:27; 18.063
 13.12.2025 15:09:26; 18.250
 13.12.2025 15:12:27; 18.313
 13.12.2025 15:15:27; 18.313
 13.12.2025 15:18:26; 18.438
 13.12.2025 15:21:27; 18.500
 13.12.2025 15:24:26; 18.625
 13.12.2025 15:27:26; 18.813
 13.12.2025 15:30:27; 19.000
 13.12.2025 15:33:26; 19.188
 13.12.2025 15:36:26; 19.438
 13.12.2025 15:39:27; 19.625
 13.12.2025 15:42:27; 19.563
 13.12.2025 15:45:26; 19.500
 13.12.2025 15:48:27; 19.563
 13.12.2025 15:51:27; 19.875
 13.12.2025 15:54:26; 20.063
 13.12.2025 15:57:27; 20.250
 13.12.2025 16:00:27; 20.500
 13.12.2025 16:03:26; 20.563
 13.12.2025 16:06:27; 20.750
 13.12.2025 16:09:26; 20.875
 13.12.2025 16:12:26; 21.063
 13.12.2025 16:15:27; 21.063
 13.12.2025 16:18:26; 21.250
 13.12.2025 16:21:26; 21.375
 13.12.2025 16:24:27; 21.375
 13.12.2025 16:27:27; 21.375
 13.12.2025 16:30:26; 21.500
 13.12.2025 16:33:27; 21.688
 13.12.2025 16:36:27; 21.938
 13.12.2025 16:39:26; 22.000
 13.12.2025 16:42:27; 22.188
 13.12.2025 16:45:27; 22.188
 13.12.2025 16:48:26; 22.188
 13.12.2025 16:51:27; 22.125
 13.12.2025 16:54:26; 22.188
 13.12.2025 16:57:26; 22.313
 13.12.2025 17:00:27; 22.438
 13.12.2025 17:03:26; 22.313
 13.12.2025 17:06:26; 22.375
 13.12.2025 17:09:27; 22.375
 13.12.2025 17:12:27; 22.375
 13.12.2025 17:15:26; 22.563
 13.12.2025 17:18:27; 23.188
 13.12.2025 17:21:27; 24.313
 13.12.2025 17:24:26; 24.938
 13.12.2025 17:27:27; 25.313
 13.12.2025 17:30:27; 25.438
 13.12.2025 17:33:26; 25.250
 13.12.2025 17:36:27; 25.563
 13.12.2025 17:39:26; 25.625
 13.12.2025 17:42:26; 26.000
 13.12.2025 17:45:27; 26.625
 13.12.2025 17:48:26; 26.875
 13.12.2025 17:51:26; 26.375
 13.12.2025 17:54:27; 26.250
 13.12.2025 17:57:27; 26.188
 13.12.2025 18:00:26; 26.000
 13.12.2025 18:03:27; 25.750
 13.12.2025 18:06:27; 25.625
 13.12.2025 18:09:26; 25.563
 13.12.2025 18:12:27; 25.250
 13.12.2025 18:15:27; 25.188
 13.12.2025 18:18:26; 25.563
 13.12.2025 18:21:27; 26.375
 13.12.2025 18:24:26; 26.875
 13.12.2025 18:27:26; 27.375
 13.12.2025 18:30:27; 27.750
 13.12.2025 18:33:26; 28.250
 13.12.2025 18:36:26; 28.063
 13.12.2025 18:39:27; 29.188
 13.12.2025 18:42:27; 29.125
 13.12.2025 18:45:26; 28.750
 13.12.2025 18:48:27; 29.125
 13.12.2025 18:51:27; 29.750
 13.12.2025 18:54:26; 29.000
 13.12.2025 18:57:27; 29.625
 13.12.2025 19:00:27; 30.875
 13.12.2025 19:03:26; 32.813
 13.12.2025 19:06:27; 34.250
 13.12.2025 19:09:26; 33.313
 13.12.2025 19:12:26; 33.000
 13.12.2025 19:15:27; 31.938
 13.12.2025 19:18:26; 29.813
 13.12.2025 19:21:26; 28.938
 13.12.2025 19:24:27; 28.188
 13.12.2025 19:27:27; 27.938
 13.12.2025 19:30:26; 28.000
 13.12.2025 19:33:27; 28.375
 13.12.2025 19:36:27; 28.313
 13.12.2025 19:39:26; 29.250
 13.12.2025 19:42:27; 29.813
 13.12.2025 19:45:27; 30.438
 13.12.2025 19:48:26; 30.813
 13.12.2025 19:51:27; 29.000
 13.12.2025 19:54:26; 28.375
 13.12.2025 19:57:26; 28.063
 13.12.2025 20:00:27; 27.813
 13.12.2025 20:03:26; 27.750
 13.12.2025 20:06:26; 27.688
 13.12.2025 20:09:27; 27.688
 13.12.2025 20:12:27; 28.000
 13.12.2025 20:15:26; 27.625
 13.12.2025 20:18:27; 27.313
 13.12.2025 20:21:27; 26.813
 13.12.2025 20:24:26; 26.438
 13.12.2025 20:27:27; 26.125
 13.12.2025 20:30:27; 25.875
 13.12.2025 20:33:26; 25.938
 13.12.2025 20:36:27; 26.250
 13.12.2025 20:39:26; 26.688
 13.12.2025 20:42:26; 26.750
 13.12.2025 20:45:27; 27.000
 13.12.2025 20:48:26; 26.813
 13.12.2025 20:51:26; 26.625
 13.12.2025 20:54:27; 27.000
 13.12.2025 20:57:27; 28.438
 13.12.2025 21:00:26; 29.313
 13.12.2025 21:03:27; 30.063
 13.12.2025 21:06:27; 29.875
 13.12.2025 21:09:26; 29.500
 13.12.2025 21:12:27; 29.438
 13.12.2025 21:15:27; 29.063
 13.12.2025 21:18:26; 27.750
 13.12.2025 21:21:27; 26.563
 13.12.2025 21:24:26; 25.563
 13.12.2025 21:27:26; 25.000
 13.12.2025 21:30:27; 24.750
 13.12.2025 21:33:26; 25.250
 13.12.2025 21:36:26; 24.625
 13.12.2025 21:39:27; 24.250
 13.12.2025 21:42:27; 23.750
 13.12.2025 21:45:26; 23.313
 13.12.2025 21:48:27; 22.813
 13.12.2025 21:51:27; 22.313
 13.12.2025 21:54:26; 22.000
 13.12.2025 21:57:27; 21.875
 13.12.2025 22:00:27; 21.688
 13.12.2025 22:03:26; 21.438
 13.12.2025 22:06:27; 21.250
 13.12.2025 22:09:26; 21.063
 13.12.2025 22:12:26; 21.000
 13.12.2025 22:15:27; 20.875
 13.12.2025 22:18:26; 20.813
 13.12.2025 22:21:26; 20.688
 13.12.2025 22:24:27; 20.500
 13.12.2025 22:27:27; 20.313
 13.12.2025 22:30:26; 20.188
 13.12.2025 22:33:27; 20.125
 13.12.2025 22:36:27; 20.000
 13.12.2025 22:39:26; 19.875
 13.12.2025 22:42:27; 19.750
 13.12.2025 22:45:27; 19.625
 13.12.2025 22:48:26; 19.500
 13.12.2025 22:51:27; 19.375
 13.12.2025 22:54:26; 19.313
 13.12.2025 22:57:26; 19.188
 13.12.2025 23:00:27; 19.125
 13.12.2025 23:03:26; 19.063
 13.12.2025 23:06:26; 19.000
 13.12.2025 23:09:27; 18.938
 13.12.2025 23:12:27; 18.875
 13.12.2025 23:15:26; 18.750
 13.12.2025 23:18:27; 18.750
 13.12.2025 23:21:27; 18.688
 13.12.2025 23:24:26; 18.625
 13.12.2025 23:27:27; 18.563
 13.12.2025 23:30:27; 18.563
 13.12.2025 23:33:26; 18.500
 13.12.2025 23:36:27; 18.438
 13.12.2025 23:39:26; 18.375
 13.12.2025 23:42:26; 18.313
 13.12.2025 23:45:27; 18.313
 13.12.2025 23:48:26; 18.313
 13.12.2025 23:51:26; 18.250
 13.12.2025 23:54:27; 18.250
 13.12.2025 23:57:27; 18.250
 14.12.2025 00:00:26; 18.188
 14.12.2025 00:03:27; 18.125
 14.12.2025 00:06:27; 18.063
 14.12.2025 00:09:26; 18.000
 14.12.2025 00:12:27; 17.938
 14.12.2025 00:15:27; 17.875
 14.12.2025 00:18:26; 17.813
 14.12.2025 00:21:27; 17.750
 14.12.2025 00:24:26; 17.688
 14.12.2025 00:27:26; 17.625
 14.12.2025 00:30:27; 17.563
 14.12.2025 00:33:26; 17.500
 14.12.2025 00:36:26; 17.375
 14.12.2025 00:39:27; 17.313
 14.12.2025 00:42:27; 17.188
 14.12.2025 00:45:26; 17.125
 14.12.2025 00:48:27; 17.063
 14.12.2025 00:51:27; 17.000
 14.12.2025 00:54:26; 16.938
 14.12.2025 00:57:27; 16.875
 14.12.2025 01:00:27; 16.813
 14.12.2025 01:03:26; 16.750
 14.12.2025 01:06:27; 16.750
 14.12.2025 01:09:26; 16.688
 14.12.2025 01:12:26; 16.625
 14.12.2025 01:15:27; 16.688
 14.12.2025 01:18:26; 16.625
 14.12.2025 01:21:26; 16.625
 14.12.2025 01:24:27; 16.688
 14.12.2025 01:27:27; 16.750
 14.12.2025 01:30:26; 16.750
 14.12.2025 01:33:27; 16.813
 14.12.2025 01:36:27; 16.750
 14.12.2025 01:39:26; 16.750
 14.12.2025 01:42:27; 16.750
 14.12.2025 01:45:27; 16.688
 14.12.2025 01:48:26; 16.688
 14.12.2025 01:51:27; 16.688
 14.12.2025 01:54:26; 16.625
 14.12.2025 01:57:26; 16.688
 14.12.2025 02:00:27; 16.688
 14.12.2025 02:03:26; 16.688
 14.12.2025 02:06:26; 16.688
 14.12.2025 02:09:27; 16.688
 14.12.2025 02:12:27; 16.625
 14.12.2025 02:15:26; 16.625
 14.12.2025 02:18:27; 16.563
 14.12.2025 02:21:27; 16.500
 14.12.2025 02:24:26; 16.500
 14.12.2025 02:27:27; 16.500
 14.12.2025 02:30:27; 16.500
 14.12.2025 02:33:26; 16.500
 14.12.2025 02:36:27; 16.500
 14.12.2025 02:39:26; 16.438
 14.12.2025 02:42:26; 16.438
 14.12.2025 02:45:27; 16.438
 14.12.2025 02:48:26; 16.438
 14.12.2025 02:51:26; 16.500
 14.12.2025 02:54:27; 16.500
 14.12.2025 02:57:27; 16.500
 14.12.2025 03:00:26; 16.500
 14.12.2025 03:03:27; 16.563
 14.12.2025 03:06:27; 16.563
 14.12.2025 03:09:26; 16.563
 14.12.2025 03:12:27; 16.500
 14.12.2025 03:15:27; 16.438
 14.12.2025 03:18:26; 16.375
 14.12.2025 03:21:27; 16.313
 14.12.2025 03:24:26; 16.250
 14.12.2025 03:27:26; 16.125
 14.12.2025 03:30:27; 16.063
 14.12.2025 03:33:26; 15.938
 14.12.2025 03:36:26; 15.813
 14.12.2025 03:39:27; 15.750
 14.12.2025 03:42:27; 15.688
 14.12.2025 03:45:26; 15.625
 14.12.2025 03:48:27; 15.563
 14.12.2025 03:51:27; 15.500
 14.12.2025 03:54:26; 15.500
 14.12.2025 03:57:27; 15.438
 14.12.2025 04:00:27; 15.313
 14.12.2025 04:03:26; 15.313
 14.12.2025 04:06:27; 15.250
 14.12.2025 04:09:26; 15.188
 14.12.2025 04:12:26; 15.188
 14.12.2025 04:15:27; 15.125
 14.12.2025 04:18:26; 15.063
 14.12.2025 04:21:26; 15.063
 14.12.2025 04:24:27; 15.063
 14.12.2025 04:27:27; 15.000
 14.12.2025 04:30:26; 15.063
 14.12.2025 04:33:27; 15.063
 14.12.2025 04:36:27; 15.063
 14.12.2025 04:39:26; 15.063
 14.12.2025 04:42:27; 15.000
 14.12.2025 04:45:27; 14.938
 14.12.2025 04:48:26; 14.938
 14.12.2025 04:51:27; 14.875
 14.12.2025 04:54:26; 14.875
 14.12.2025 04:57:26; 14.813
 14.12.2025 05:00:27; 14.813
 14.12.2025 05:03:26; 14.750
 14.12.2025 05:06:26; 14.750
 14.12.2025 05:09:27; 14.750
 14.12.2025 05:12:27; 14.688
 14.12.2025 05:15:26; 14.688
 14.12.2025 05:18:27; 14.625
 14.12.2025 05:21:27; 14.625
 14.12.2025 05:24:26; 14.563
 14.12.2025 05:27:27; 14.563
 14.12.2025 05:30:27; 14.563
 14.12.2025 05:33:26; 14.500
 14.12.2025 05:36:27; 14.500
 14.12.2025 05:39:26; 14.500
 14.12.2025 05:42:26; 14.438
 14.12.2025 05:45:27; 14.438
 14.12.2025 05:48:26; 14.438
 14.12.2025 05:51:26; 14.438
 14.12.2025 05:54:27; 14.375
 14.12.2025 05:57:27; 14.375
 14.12.2025 06:00:26; 14.313
 14.12.2025 06:03:27; 14.313
 14.12.2025 06:06:27; 14.313
 14.12.2025 06:09:26; 14.313
 14.12.2025 06:12:27; 14.313
 14.12.2025 06:15:27; 14.313
 14.12.2025 06:18:26; 14.313
 14.12.2025 06:21:27; 14.313
 14.12.2025 06:24:26; 14.313
 14.12.2025 06:27:26; 14.313
 14.12.2025 06:30:27; 14.313
 14.12.2025 06:33:26; 14.375
 14.12.2025 06:36:26; 14.313
 14.12.2025 06:39:27; 14.313
 14.12.2025 06:42:27; 14.313
 14.12.2025 06:45:26; 14.250
 14.12.2025 06:48:27; 14.250
 14.12.2025 06:51:27; 14.188
 14.12.2025 06:54:26; 14.188
 14.12.2025 06:57:27; 14.125
 14.12.2025 07:00:27; 14.125
 14.12.2025 07:03:26; 14.125
 14.12.2025 07:06:27; 14.125
 14.12.2025 07:09:26; 14.125
 14.12.2025 07:12:26; 14.188
 14.12.2025 07:15:27; 14.188
 14.12.2025 07:18:26; 14.188
 14.12.2025 07:21:26; 14.188
 14.12.2025 07:24:27; 14.188
 14.12.2025 07:27:27; 14.188
 14.12.2025 07:30:26; 14.188
 14.12.2025 07:33:27; 14.188
 14.12.2025 07:36:27; 14.188
 14.12.2025 07:39:26; 14.188
 14.12.2025 07:42:27; 14.188
 14.12.2025 07:45:27; 14.188
 14.12.2025 07:48:26; 14.125
 14.12.2025 07:51:27; 14.125
 14.12.2025 07:54:26; 14.125
 14.12.2025 07:57:26; 14.125
 14.12.2025 08:00:27; 14.063
 14.12.2025 08:03:26; 14.063
 14.12.2025 08:06:26; 14.063
 14.12.2025 08:09:27; 14.063
 14.12.2025 08:12:27; 14.000
 14.12.2025 08:15:26; 14.000
 14.12.2025 08:18:27; 14.000
 14.12.2025 08:21:27; 14.000
 14.12.2025 08:24:26; 13.938
 14.12.2025 08:27:27; 13.938
 14.12.2025 08:30:27; 13.875
 14.12.2025 08:33:26; 13.813
 14.12.2025 08:36:27; 13.813
 14.12.2025 08:39:26; 13.813
 14.12.2025 08:42:26; 13.813
 14.12.2025 08:45:27; 13.750
 14.12.2025 08:48:26; 13.750
 14.12.2025 08:51:26; 13.750
 14.12.2025 08:54:27; 13.750
 14.12.2025 08:57:27; 13.750
 14.12.2025 09:00:26; 13.688
 14.12.2025 09:03:27; 13.688
 14.12.2025 09:06:27; 13.688
 14.12.2025 09:09:26; 13.688
 14.12.2025 09:12:27; 13.625
 14.12.2025 09:15:27; 13.625
 14.12.2025 09:18:26; 13.625
 14.12.2025 09:21:27; 13.625
 14.12.2025 09:24:26; 13.688
 14.12.2025 09:27:26; 13.688
 14.12.2025 09:30:27; 13.688
 14.12.2025 09:33:26; 13.688
 14.12.2025 09:36:26; 13.688
 14.12.2025 09:39:27; 13.688
 14.12.2025 09:42:27; 13.688
 14.12.2025 09:45:26; 13.688
 14.12.2025 09:48:27; 13.688
 14.12.2025 09:51:27; 13.688
 14.12.2025 09:54:26; 13.625
 14.12.2025 09:57:27; 13.625
 14.12.2025 10:00:27; 13.625
 14.12.2025 10:03:26; 13.625
 14.12.2025 10:06:27; 13.625
 14.12.2025 10:09:26; 13.625
 14.12.2025 10:12:26; 13.688
 14.12.2025 10:15:27; 13.688
 14.12.2025 10:18:26; 13.750
 14.12.2025 10:21:26; 13.813
 14.12.2025 10:24:27; 13.875
 14.12.2025 10:27:27; 14.000
 14.12.2025 10:30:26; 14.125
 14.12.2025 10:33:27; 14.313
 14.12.2025 10:36:27; 14.375
 14.12.2025 10:39:26; 14.500
 14.12.2025 10:42:27; 14.563
 14.12.2025 10:45:27; 14.625
 14.12.2025 10:48:26; 14.750
 14.12.2025 10:51:27; 14.875
 14.12.2025 10:54:26; 15.000
 14.12.2025 10:57:26; 15.000
 14.12.2025 11:00:27; 15.000
 14.12.2025 11:03:26; 15.000
 14.12.2025 11:06:26; 15.063
 14.12.2025 11:09:27; 15.125
 14.12.2025 11:12:27; 15.188
 14.12.2025 11:15:26; 15.188
 14.12.2025 11:18:27; 15.250
 14.12.2025 11:21:27; 15.313
 14.12.2025 11:24:26; 15.438
 14.12.2025 11:27:27; 15.500
 14.12.2025 11:30:27; 15.563
 14.12.2025 11:33:26; 15.688
 14.12.2025 11:36:27; 15.813
 14.12.2025 11:39:26; 15.938
 14.12.2025 11:42:26; 16.000
 14.12.2025 11:45:27; 16.125
 14.12.2025 11:48:26; 16.250
 14.12.2025 11:51:26; 16.313
 14.12.2025 11:54:27; 16.438
 14.12.2025 11:57:27; 16.563
 14.12.2025 12:00:26; 16.688
 14.12.2025 12:03:27; 16.750
 14.12.2025 12:06:27; 16.875
 14.12.2025 12:09:26; 17.000
 14.12.2025 12:12:27; 17.063
 14.12.2025 12:15:27; 17.125
 14.12.2025 12:18:26; 17.188
 14.12.2025 12:21:27; 17.250
 14.12.2025 12:24:26; 17.250
 14.12.2025 12:27:26; 17.375
 14.12.2025 12:30:27; 17.500
 14.12.2025 12:33:26; 17.625
 14.12.2025 12:36:26; 17.750
 14.12.2025 12:39:27; 17.813
 14.12.2025 12:42:27; 17.875
 14.12.2025 12:45:26; 18.000
 14.12.2025 12:48:27; 18.063
 14.12.2025 12:51:27; 18.125
 14.12.2025 12:54:26; 18.188
 14.12.2025 12:57:27; 18.250
 14.12.2025 13:00:27; 18.313
 14.12.2025 13:03:26; 18.375
 14.12.2025 13:06:27; 18.500
 14.12.2025 13:09:26; 18.563
 14.12.2025 13:12:26; 18.688
 14.12.2025 13:15:27; 18.813
 14.12.2025 13:18:26; 18.875
 14.12.2025 13:21:26; 18.938
 14.12.2025 13:24:27; 18.938
 14.12.2025 13:27:27; 19.000
 14.12.2025 13:30:26; 19.188
 14.12.2025 13:33:27; 19.438
 14.12.2025 13:36:27; 19.563
 14.12.2025 13:39:26; 19.625
 14.12.2025 13:42:27; 19.625
 14.12.2025 13:45:27; 19.625
 14.12.2025 13:48:26; 19.688
 14.12.2025 13:51:27; 19.875
 14.12.2025 13:54:26; 19.938
 14.12.2025 13:57:26; 19.938
 14.12.2025 14:00:27; 20.000
 14.12.2025 14:03:26; 20.125
 14.12.2025 14:06:26; 20.188
 14.12.2025 14:09:27; 20.250
 14.12.2025 14:12:27; 20.313
 14.12.2025 14:15:26; 20.500
 14.12.2025 14:18:27; 20.750
 14.12.2025 14:21:27; 20.813
 14.12.2025 14:24:26; 20.938
 14.12.2025 14:27:27; 21.125
 14.12.2025 14:30:27; 21.250
 14.12.2025 14:33:26; 21.188
 14.12.2025 14:36:27; 21.250
 14.12.2025 14:39:26; 21.313
 14.12.2025 14:42:26; 21.438
 14.12.2025 14:45:27; 21.563
 14.12.2025 14:48:26; 21.625
 14.12.2025 14:51:26; 21.813
 14.12.2025 14:54:27; 21.750
 14.12.2025 14:57:27; 21.750
 14.12.2025 15:00:26; 21.688
 14.12.2025 15:03:27; 21.563
 14.12.2025 15:06:27; 21.438
 14.12.2025 15:09:26; 21.313
 14.12.2025 15:12:27; 21.313
 14.12.2025 15:15:27; 21.375
 14.12.2025 15:18:26; 21.438
 14.12.2025 15:21:27; 21.750
 14.12.2025 15:24:26; 22.000
 14.12.2025 15:27:26; 22.125
 14.12.2025 15:30:27; 22.188
 14.12.2025 15:33:26; 22.313
 14.12.2025 15:36:26; 22.250
 14.12.2025 15:39:27; 22.250
 14.12.2025 15:42:27; 22.625
 14.12.2025 15:45:26; 23.125
 14.12.2025 15:48:27; 23.188
 14.12.2025 15:51:27; 23.125
 14.12.2025 15:54:26; 23.438
 14.12.2025 15:57:27; 23.750
 14.12.2025 16:00:27; 24.250
 14.12.2025 16:03:26; 24.750
 14.12.2025 16:06:27; 24.750
 14.12.2025 16:09:26; 24.500
 14.12.2025 16:12:26; 24.125
 14.12.2025 16:15:27; 24.063
 14.12.2025 16:18:26; 24.000
 14.12.2025 16:21:26; 24.125
 14.12.2025 16:24:27; 24.125
 14.12.2025 16:27:27; 24.250
 14.12.2025 16:30:26; 24.500
 14.12.2025 16:33:27; 25.625
 14.12.2025 16:36:27; 26.625
 14.12.2025 16:39:26; 26.688
 14.12.2025 16:42:27; 26.813
 14.12.2025 16:45:27; 26.500
 14.12.2025 16:48:26; 25.875
 14.12.2025 16:51:27; 25.875
 14.12.2025 16:54:26; 26.313
 14.12.2025 16:57:26; 27.063
 14.12.2025 17:00:27; 27.688
 14.12.2025 17:03:26; 28.125
 14.12.2025 17:06:26; 28.313
 14.12.2025 17:09:27; 28.688
 14.12.2025 17:12:27; 28.625
 14.12.2025 17:15:26; 28.375
 14.12.2025 17:18:27; 28.250
 14.12.2025 17:21:27; 28.938
 14.12.2025 17:24:26; 29.625
 14.12.2025 17:27:27; 30.250
 14.12.2025 17:30:27; 29.563
 14.12.2025 17:33:26; 29.000
 14.12.2025 17:36:27; 28.688
 14.12.2025 17:39:26; 28.188
 14.12.2025 17:42:26; 28.875
 14.12.2025 17:45:27; 29.438
 14.12.2025 17:48:26; 29.813
 14.12.2025 17:51:26; 29.750
 14.12.2025 17:54:27; 30.438
 14.12.2025 17:57:27; 30.063
 14.12.2025 18:00:26; 30.750
 14.12.2025 18:03:27; 32.000
 14.12.2025 18:06:27; 33.063
 14.12.2025 18:09:26; 33.625
 14.12.2025 18:12:27; 34.625
 14.12.2025 18:15:27; 34.813
 14.12.2025 18:18:26; 35.063
 14.12.2025 18:21:27; 35.938
 14.12.2025 18:24:26; 35.500
 14.12.2025 18:27:26; 35.813
 14.12.2025 18:30:27; 35.938
 14.12.2025 18:33:26; 36.125
 14.12.2025 18:36:26; 36.000
 14.12.2025 18:39:27; 36.625
 14.12.2025 18:42:27; 37.438
 14.12.2025 18:45:26; 37.563
 14.12.2025 18:48:27; 37.688
 14.12.2025 18:51:27; 38.250
 14.12.2025 18:54:26; 38.750
 14.12.2025 18:57:27; 38.313
 14.12.2025 19:00:27; 37.938
 14.12.2025 19:03:26; 38.375
 14.12.2025 19:06:27; 38.250
 14.12.2025 19:09:26; 38.438
 14.12.2025 19:12:26; 37.438
 14.12.2025 19:15:27; 37.875
 14.12.2025 19:18:26; 35.125
 14.12.2025 19:21:26; 33.313
 14.12.2025 19:24:27; 34.188
 14.12.2025 19:27:27; 36.563
 14.12.2025 19:30:26; 37.188
 14.12.2025 19:33:27; 38.188
 14.12.2025 19:36:27; 38.688
 14.12.2025 19:39:26; 39.000
 14.12.2025 19:42:27; 37.563
 14.12.2025 19:45:27; 34.313
 14.12.2025 19:48:26; 33.750
 14.12.2025 19:51:27; 34.063
 14.12.2025 19:54:26; 34.500
 14.12.2025 19:57:26; 34.000
 14.12.2025 20:00:27; 33.750
 14.12.2025 20:03:26; 32.938
 14.12.2025 20:06:26; 32.188
 14.12.2025 20:09:27; 31.688
 14.12.2025 20:12:27; 32.063
 14.12.2025 20:15:26; 31.688
 14.12.2025 20:18:27; 33.188
 14.12.2025 20:21:27; 34.125
 14.12.2025 20:24:26; 33.938
 14.12.2025 20:27:27; 33.188
 14.12.2025 20:30:27; 32.938
 14.12.2025 20:33:26; 32.063
 14.12.2025 20:36:27; 32.063
 14.12.2025 20:39:26; 31.750
 14.12.2025 20:42:26; 30.750
 14.12.2025 20:45:27; 29.875
 14.12.2025 20:48:26; 29.125
 14.12.2025 20:51:26; 28.688
 14.12.2025 20:54:27; 28.188
 14.12.2025 20:57:27; 27.688
 14.12.2025 21:00:26; 27.250
 14.12.2025 21:03:27; 26.813
 14.12.2025 21:06:27; 26.438
 14.12.2025 21:09:26; 26.188
 14.12.2025 21:12:27; 26.000
 14.12.2025 21:15:27; 25.875
 14.12.2025 21:18:26; 25.813
 14.12.2025 21:21:27; 25.938
 14.12.2025 21:24:26; 25.875
 14.12.2025 21:27:26; 25.813
 14.12.2025 21:30:27; 25.688
 14.12.2025 21:33:26; 26.000
 14.12.2025 21:36:26; 26.125
 14.12.2025 21:39:27; 26.188
 14.12.2025 21:42:27; 25.938
 14.12.2025 21:45:26; 25.688
 14.12.2025 21:48:27; 25.375
 14.12.2025 21:51:27; 25.063
 14.12.2025 21:54:26; 24.813
 14.12.2025 21:57:27; 24.625
 14.12.2025 22:00:27; 24.625
 14.12.2025 22:03:26; 24.813
 14.12.2025 22:06:27; 24.750
 14.12.2025 22:09:26; 24.563
 14.12.2025 22:12:26; 24.375
 14.12.2025 22:15:27; 24.188
 14.12.2025 22:18:26; 24.063
 14.12.2025 22:21:26; 23.938
 14.12.2025 22:24:27; 23.813
 14.12.2025 22:27:27; 23.688
 14.12.2025 22:30:26; 23.500
 14.12.2025 22:33:27; 23.313
 14.12.2025 22:36:27; 23.188
 14.12.2025 22:39:26; 23.125
 14.12.2025 22:42:27; 23.000
 14.12.2025 22:45:27; 22.938
 14.12.2025 22:48:26; 22.938
 14.12.2025 22:51:27; 22.813
 14.12.2025 22:54:26; 22.750
 14.12.2025 22:57:26; 22.625
 14.12.2025 23:00:27; 22.500
 14.12.2025 23:03:26; 22.438
 14.12.2025 23:06:26; 22.375
 14.12.2025 23:09:27; 22.313
 14.12.2025 23:12:27; 22.250
 14.12.2025 23:15:26; 22.188
 14.12.2025 23:18:27; 22.125
 14.12.2025 23:21:27; 22.063
 14.12.2025 23:24:26; 21.938
 14.12.2025 23:27:27; 21.750
 14.12.2025 23:30:27; 21.563
 14.12.2025 23:33:26; 21.438
 14.12.2025 23:36:27; 21.188
 14.12.2025 23:39:26; 20.938
 14.12.2025 23:42:26; 20.750
 14.12.2025 23:45:27; 20.625
 14.12.2025 23:48:26; 20.438
 14.12.2025 23:51:26; 20.250
 14.12.2025 23:54:27; 20.188
 14.12.2025 23:57:27; 20.125
 15.12.2025 00:00:26; 20.125
 15.12.2025 00:03:27; 20.000
 15.12.2025 00:06:27; 19.938
 15.12.2025 00:09:26; 19.875
 15.12.2025 00:12:27; 19.750
 15.12.2025 00:15:27; 19.563
 15.12.2025 00:18:26; 19.750
 15.12.2025 00:21:27; 19.688
 15.12.2025 00:24:26; 19.500
 15.12.2025 00:27:26; 19.313
 15.12.2025 00:30:27; 19.125
 15.12.2025 00:33:26; 18.938
 15.12.2025 00:36:26; 18.813
 15.12.2025 00:39:27; 18.625
 15.12.2025 00:42:27; 18.500
 15.12.2025 00:45:26; 18.438
 15.12.2025 00:48:27; 18.313
 15.12.2025 00:51:27; 18.125
 15.12.2025 00:54:26; 18.063
 15.12.2025 00:57:27; 18.000
 15.12.2025 01:00:27; 18.000
 15.12.2025 01:03:26; 17.938
 15.12.2025 01:06:27; 17.875
 15.12.2025 01:09:26; 17.875
 15.12.2025 01:12:26; 17.875
 15.12.2025 01:15:27; 17.813
 15.12.2025 01:18:26; 17.688
 15.12.2025 01:21:26; 17.688
 15.12.2025 01:24:27; 17.563
 15.12.2025 01:27:27; 17.500
 15.12.2025 01:30:26; 17.438
 15.12.2025 01:33:27; 17.375
 15.12.2025 01:36:27; 17.250
 15.12.2025 01:39:26; 17.188
 15.12.2025 01:42:27; 17.125
 15.12.2025 01:45:27; 17.000
 15.12.2025 01:48:26; 16.875
 15.12.2025 01:51:27; 16.750
 15.12.2025 01:54:26; 16.688
 15.12.2025 01:57:26; 16.625
 15.12.2025 02:00:27; 16.500
 15.12.2025 02:03:26; 16.438
 15.12.2025 02:06:26; 16.313
 15.12.2025 02:09:27; 16.250
 15.12.2025 02:12:27; 16.125
 15.12.2025 02:15:26; 16.000
 15.12.2025 02:18:27; 15.938
 15.12.2025 02:21:27; 15.875
 15.12.2025 02:24:26; 15.813
 15.12.2025 02:27:27; 15.750
 15.12.2025 02:30:27; 15.625
 15.12.2025 02:33:26; 15.563
 15.12.2025 02:36:27; 15.500
 15.12.2025 02:39:26; 15.438
 15.12.2025 02:42:26; 15.375
 15.12.2025 02:45:27; 15.313
 15.12.2025 02:48:26; 15.188
 15.12.2025 02:51:26; 15.063
 15.12.2025 02:54:27; 15.000
 15.12.2025 02:57:27; 15.000
 15.12.2025 03:00:26; 15.000
 15.12.2025 03:03:27; 14.938
 15.12.2025 03:06:27; 14.938
 15.12.2025 03:09:26; 14.875
 15.12.2025 03:12:27; 14.813
 15.12.2025 03:15:27; 14.750
 15.12.2025 03:18:26; 14.688
 15.12.2025 03:21:27; 14.625
 15.12.2025 03:24:26; 14.625
 15.12.2025 03:27:26; 14.563
 15.12.2025 03:30:27; 14.500
 15.12.2025 03:33:26; 14.500
 15.12.2025 03:36:26; 14.438
 15.12.2025 03:39:27; 14.438
 15.12.2025 03:42:27; 14.438
 15.12.2025 03:45:26; 14.438
 15.12.2025 03:48:27; 14.438
 15.12.2025 03:51:27; 14.438
 15.12.2025 03:54:26; 14.375
 15.12.2025 03:57:27; 14.375
 15.12.2025 04:00:27; 14.313
 15.12.2025 04:03:26; 14.250
 15.12.2025 04:06:27; 14.188
 15.12.2025 04:09:26; 14.125
 15.12.2025 04:12:26; 14.063
 15.12.2025 04:15:27; 14.000
 15.12.2025 04:18:26; 14.000
 15.12.2025 04:21:26; 13.938
 15.12.2025 04:24:27; 13.938
 15.12.2025 04:27:27; 13.875
 15.12.2025 04:30:26; 13.875
 15.12.2025 04:33:27; 13.813
 15.12.2025 04:36:27; 13.813
 15.12.2025 04:39:26; 13.750
 15.12.2025 04:42:27; 13.750
 15.12.2025 04:45:27; 13.750
 15.12.2025 04:48:26; 13.750
 15.12.2025 04:51:27; 13.750
 15.12.2025 04:54:26; 13.688
 15.12.2025 04:57:26; 13.625
 15.12.2025 05:00:27; 13.625
 15.12.2025 05:03:26; 13.625
 15.12.2025 05:06:26; 13.563
 15.12.2025 05:09:27; 13.500
 15.12.2025 05:12:27; 13.500
 15.12.2025 05:15:26; 13.438
 15.12.2025 05:18:27; 13.375
 15.12.2025 05:21:27; 13.313
 15.12.2025 05:24:26; 13.313
 15.12.2025 05:27:27; 13.250
 15.12.2025 05:30:27; 13.188
 15.12.2025 05:33:26; 13.188
 15.12.2025 05:36:27; 13.188
 15.12.2025 05:39:26; 13.125
 15.12.2025 05:42:26; 13.125
 15.12.2025 05:45:27; 13.125
 15.12.2025 05:48:26; 13.188
 15.12.2025 05:51:26; 13.125
 15.12.2025 05:54:27; 13.125
 15.12.2025 05:57:27; 13.125
 15.12.2025 06:00:26; 13.125
 15.12.2025 06:03:27; 13.063
 15.12.2025 06:06:27; 13.063
 15.12.2025 06:09:26; 13.000
 15.12.2025 06:12:27; 12.938
 15.12.2025 06:15:27; 12.938
 15.12.2025 06:18:26; 12.938
 15.12.2025 06:21:27; 12.938
 15.12.2025 06:24:26; 12.938
 15.12.2025 06:27:26; 12.938
 15.12.2025 06:30:27; 12.938
 15.12.2025 06:33:26; 12.938
 15.12.2025 06:36:26; 12.938
 15.12.2025 06:39:27; 12.938
 15.12.2025 06:42:27; 12.875
 15.12.2025 06:45:26; 12.938
 15.12.2025 06:48:27; 13.000
 15.12.2025 06:51:27; 13.000
 15.12.2025 06:54:26; 13.000
 15.12.2025 06:57:27; 13.000
 15.12.2025 07:00:27; 13.000
 15.12.2025 07:03:26; 12.938
 15.12.2025 07:06:27; 12.938
 15.12.2025 07:09:26; 12.875
 15.12.2025 07:12:26; 12.875
 15.12.2025 07:15:27; 12.875
 15.12.2025 07:18:26; 12.938
 15.12.2025 07:21:26; 13.000
 15.12.2025 07:24:27; 13.000
 15.12.2025 07:27:27; 13.063
 15.12.2025 07:30:26; 13.063
 15.12.2025 07:33:27; 13.063
 15.12.2025 07:36:27; 13.063
 15.12.2025 07:39:26; 13.125
 15.12.2025 07:42:27; 13.250
 15.12.2025 07:45:27; 13.313
 15.12.2025 07:48:26; 13.375
 15.12.2025 07:51:27; 13.313
 15.12.2025 07:54:26; 13.313
 15.12.2025 07:57:26; 13.250
 15.12.2025 08:00:27; 13.250
 15.12.2025 08:03:26; 13.250
 15.12.2025 08:06:26; 13.125
 15.12.2025 08:09:27; 13.125
 15.12.2025 08:12:27; 13.063
 15.12.2025 08:15:26; 13.000
 15.12.2025 08:18:27; 13.000
 15.12.2025 08:21:27; 12.938
 15.12.2025 08:24:26; 12.875
 15.12.2025 08:27:27; 12.813
 15.12.2025 08:30:27; 12.750
 15.12.2025 08:33:26; 12.688
 15.12.2025 08:36:27; 12.688
 15.12.2025 08:39:26; 12.625
 15.12.2025 08:42:26; 12.563
 15.12.2025 08:45:27; 12.500
 15.12.2025 08:48:26; 12.438
 15.12.2025 08:51:26; 12.375
 15.12.2025 08:54:27; 12.313
 15.12.2025 08:57:27; 12.250
 15.12.2025 09:00:26; 12.250
 15.12.2025 09:03:27; 12.188
 15.12.2025 09:06:27; 12.125
 15.12.2025 09:09:26; 12.063
 15.12.2025 09:12:27; 12.000
 15.12.2025 09:15:27; 11.938
 15.12.2025 09:18:26; 11.875
 15.12.2025 09:21:27; 11.813
 15.12.2025 09:24:26; 11.813
 15.12.2025 09:27:26; 11.750
 15.12.2025 09:30:27; 11.688
 15.12.2025 09:33:26; 11.688
 15.12.2025 09:36:26; 11.625
 15.12.2025 09:39:27; 11.563
 15.12.2025 09:42:27; 11.500
 15.12.2025 09:45:26; 11.500
 15.12.2025 09:48:27; 11.438
 15.12.2025 09:51:27; 11.375
 15.12.2025 09:54:26; 11.375
 15.12.2025 09:57:27; 11.375
 15.12.2025 10:00:27; 11.375
 15.12.2025 10:03:26; 11.313
 15.12.2025 10:06:27; 11.313
 15.12.2025 10:09:26; 11.375
 15.12.2025 10:12:26; 11.375
 15.12.2025 10:15:27; 11.438
 15.12.2025 10:18:26; 11.438
 15.12.2025 10:21:26; 11.500
 15.12.2025 10:24:27; 11.563
 15.12.2025 10:27:27; 11.563
 15.12.2025 10:30:26; 11.625
 15.12.2025 10:33:27; 11.688
 15.12.2025 10:36:27; 11.688
 15.12.2025 10:39:26; 11.750
 15.12.2025 10:42:27; 11.813
 15.12.2025 10:45:27; 11.875
 15.12.2025 10:48:26; 11.938
 15.12.2025 10:51:27; 12.063
 15.12.2025 10:54:26; 12.188
 15.12.2025 10:57:26; 12.313
 15.12.2025 11:00:27; 12.438
 15.12.2025 11:03:26; 12.500
 15.12.2025 11:06:26; 12.563
 15.12.2025 11:09:27; 12.625
 15.12.2025 11:12:27; 12.750
 15.12.2025 11:15:26; 12.875
 15.12.2025 11:18:27; 13.000
 15.12.2025 11:21:27; 13.188
 15.12.2025 11:24:26; 13.375
 15.12.2025 11:27:27; 13.563
 15.12.2025 11:30:27; 13.750
 15.12.2025 11:33:26; 14.000
 15.12.2025 11:36:27; 14.188
 15.12.2025 11:39:26; 14.438
 15.12.2025 11:42:26; 14.625
 15.12.2025 11:45:27; 14.875
 15.12.2025 11:48:26; 15.063
 15.12.2025 11:51:26; 15.313
 15.12.2025 11:54:27; 15.563
 15.12.2025 11:57:27; 15.750
 15.12.2025 12:00:26; 15.875
 15.12.2025 12:03:27; 15.938
 15.12.2025 12:06:27; 16.000
 15.12.2025 12:09:26; 16.188
 15.12.2025 12:12:27; 16.313
 15.12.2025 12:15:27; 16.438
 15.12.2025 12:18:26; 16.500
 15.12.2025 12:21:27; 16.625
 15.12.2025 12:24:26; 16.813
 15.12.2025 12:27:26; 17.000
 15.12.2025 12:30:27; 17.063
 15.12.2025 12:33:26; 17.188
 15.12.2025 12:36:26; 17.250
 15.12.2025 12:39:27; 17.250
 15.12.2025 12:42:27; 17.375
 15.12.2025 12:45:26; 17.500
 15.12.2025 12:48:27; 17.688
 15.12.2025 12:51:27; 17.688
 15.12.2025 12:54:26; 17.688
 15.12.2025 12:57:27; 17.688
 15.12.2025 13:00:27; 17.625
 15.12.2025 13:03:26; 17.500
 15.12.2025 13:06:27; 17.375
 15.12.2025 13:09:26; 17.250
 15.12.2025 13:12:26; 17.188
 15.12.2025 13:15:27; 17.250
 15.12.2025 13:18:26; 17.313
 15.12.2025 13:21:26; 17.375
 15.12.2025 13:24:27; 17.563
 15.12.2025 13:27:27; 17.625
 15.12.2025 13:30:26; 17.563
 15.12.2025 13:33:27; 17.500
 15.12.2025 13:36:27; 17.625
 15.12.2025 13:39:26; 17.875
 15.12.2025 13:42:27; 18.063
 15.12.2025 13:45:27; 18.125
 15.12.2025 13:48:26; 18.125
 15.12.2025 13:51:27; 18.250
 15.12.2025 13:54:26; 18.563
 15.12.2025 13:57:26; 18.875
 15.12.2025 14:00:27; 19.188
 15.12.2025 14:03:26; 19.438
 15.12.2025 14:06:26; 19.375
 15.12.2025 14:09:27; 19.125
 15.12.2025 14:12:27; 19.000
 15.12.2025 14:15:26; 19.125
 15.12.2025 14:18:27; 19.313
 15.12.2025 14:21:27; 19.438
 15.12.2025 14:24:26; 19.438
 15.12.2025 14:27:27; 19.438
 15.12.2025 14:30:27; 19.438
 15.12.2025 14:33:26; 19.625
 15.12.2025 14:36:27; 19.938
 15.12.2025 14:39:26; 19.813
 15.12.2025 14:42:26; 20.000
 15.12.2025 14:45:27; 20.500
 15.12.2025 14:48:26; 21.063
 15.12.2025 14:51:26; 21.250
 15.12.2025 14:54:27; 21.188
 15.12.2025 14:57:27; 21.438
 15.12.2025 15:00:26; 21.313
 15.12.2025 15:03:27; 21.313
 15.12.2025 15:06:27; 21.438
 15.12.2025 15:09:26; 21.625
 15.12.2025 15:12:27; 21.563
 15.12.2025 15:15:27; 21.625
 15.12.2025 15:18:26; 21.875
 15.12.2025 15:21:27; 22.000
 15.12.2025 15:24:26; 22.250
 15.12.2025 15:27:26; 22.250
 15.12.2025 15:30:27; 22.375
 15.12.2025 15:33:26; 22.625
 15.12.2025 15:36:26; 22.813
 15.12.2025 15:39:27; 23.063
 15.12.2025 15:42:27; 23.313
 15.12.2025 15:45:26; 23.375
 15.12.2025 15:48:27; 23.125
 15.12.2025 15:51:27; 23.250
 15.12.2025 15:54:26; 23.313
 15.12.2025 15:57:27; 23.375
 15.12.2025 16:00:27; 23.750
 15.12.2025 16:03:26; 23.938
 15.12.2025 16:06:27; 23.813
 15.12.2025 16:09:26; 23.688
 15.12.2025 16:12:26; 23.688
 15.12.2025 16:15:27; 23.750
 15.12.2025 16:18:26; 24.000
 15.12.2025 16:21:26; 24.063
 15.12.2025 16:24:27; 24.313
 15.12.2025 16:27:27; 24.813
 15.12.2025 16:30:26; 24.688
 15.12.2025 16:33:27; 24.750
 15.12.2025 16:36:27; 25.063
 15.12.2025 16:39:26; 25.375
 15.12.2025 16:42:27; 25.125
 15.12.2025 16:45:27; 24.938
 15.12.2025 16:48:26; 25.313
 15.12.2025 16:51:27; 25.688
 15.12.2025 16:54:26; 25.813
 15.12.2025 16:57:26; 25.938
 15.12.2025 17:00:27; 26.125
 15.12.2025 17:03:26; 26.188
 15.12.2025 17:06:26; 26.250
 15.12.2025 17:09:27; 26.125
 15.12.2025 17:12:27; 26.375
 15.12.2025 17:15:26; 26.188
 15.12.2025 17:18:27; 26.188
 15.12.2025 17:21:27; 26.313
 15.12.2025 17:24:26; 26.375
 15.12.2025 17:27:27; 26.500
 15.12.2025 17:30:27; 26.563
 15.12.2025 17:33:26; 26.938
 15.12.2025 17:36:27; 26.938
 15.12.2025 17:39:26; 27.375
 15.12.2025 17:42:26; 28.063
 15.12.2025 17:45:27; 28.813
 15.12.2025 17:48:26; 28.875
 15.12.2025 17:51:26; 29.313
 15.12.2025 17:54:27; 29.625
 15.12.2025 17:57:27; 29.875
 15.12.2025 18:00:26; 30.375
 15.12.2025 18:03:27; 30.875
 15.12.2025 18:06:27; 31.500
 15.12.2025 18:09:26; 32.125
 15.12.2025 18:12:27; 32.563
 15.12.2025 18:15:27; 32.750
 15.12.2025 18:18:26; 32.500
 15.12.2025 18:21:27; 32.063
 15.12.2025 18:24:26; 31.813
 15.12.2025 18:27:26; 32.375
 15.12.2025 18:30:27; 32.438
 15.12.2025 18:33:26; 32.938
 15.12.2025 18:36:26; 33.000
 15.12.2025 18:39:27; 32.688
 15.12.2025 18:42:27; 32.500
 15.12.2025 18:45:26; 32.750
 15.12.2025 18:48:27; 33.188
 15.12.2025 18:51:27; 33.750
 15.12.2025 18:54:26; 34.438
 15.12.2025 18:57:27; 35.125
 15.12.2025 19:00:27; 35.625
 15.12.2025 19:03:26; 35.750
 15.12.2025 19:06:27; 36.063
 15.12.2025 19:09:26; 36.125
 15.12.2025 19:12:26; 36.063
 15.12.2025 19:15:27; 36.250
 15.12.2025 19:18:26; 35.438
 15.12.2025 19:21:26; 35.625
 15.12.2025 19:24:27; 36.438
 15.12.2025 19:27:27; 36.563
 15.12.2025 19:30:26; 36.000
 15.12.2025 19:33:27; 35.688
 15.12.2025 19:36:27; 35.813
 15.12.2025 19:39:26; 36.125
 15.12.2025 19:42:27; 36.688
 15.12.2025 19:45:27; 37.125
 15.12.2025 19:48:26; 37.438
 15.12.2025 19:51:27; 37.563
 15.12.2025 19:54:26; 37.625
 15.12.2025 19:57:26; 37.813
 15.12.2025 20:00:27; 37.938
 15.12.2025 20:03:26; 37.500
 15.12.2025 20:06:26; 37.563
 15.12.2025 20:09:27; 37.313
 15.12.2025 20:12:27; 37.500
 15.12.2025 20:15:26; 37.375
 15.12.2025 20:18:27; 37.000
 15.12.2025 20:21:27; 37.000
 15.12.2025 20:24:26; 37.250
 15.12.2025 20:27:27; 37.250
 15.12.2025 20:30:27; 37.688
 15.12.2025 20:33:26; 38.250
 15.12.2025 20:36:27; 38.063
 15.12.2025 20:39:26; 38.125
 15.12.2025 20:42:26; 38.438
 15.12.2025 20:45:27; 38.500
 15.12.2025 20:48:26; 38.438
 15.12.2025 20:51:26; 38.125
 15.12.2025 20:54:27; 38.250
 15.12.2025 20:57:27; 38.313
 15.12.2025 21:00:26; 38.125
 15.12.2025 21:03:27; 38.000
 15.12.2025 21:06:27; 38.000
 15.12.2025 21:09:26; 37.375
 15.12.2025 21:12:27; 36.688
 15.12.2025 21:15:27; 34.375
 15.12.2025 21:18:26; 31.750
 15.12.2025 21:21:27; 29.688
 15.12.2025 21:24:26; 28.188
 15.12.2025 21:27:26; 26.875
 15.12.2025 21:30:27; 26.250
 15.12.2025 21:33:26; 25.625
 15.12.2025 21:36:26; 25.063
 15.12.2025 21:39:27; 24.688
 15.12.2025 21:42:27; 24.188
 15.12.2025 21:45:26; 23.813
 15.12.2025 21:48:27; 23.438
 15.12.2025 21:51:27; 23.188
 15.12.2025 21:54:26; 22.875
 15.12.2025 21:57:27; 22.625
 15.12.2025 22:00:27; 22.375
 15.12.2025 22:03:26; 22.125
 15.12.2025 22:06:27; 21.875
 15.12.2025 22:09:26; 21.750
 15.12.2025 22:12:26; 21.625
 15.12.2025 22:15:27; 21.500
 15.12.2025 22:18:26; 21.313
 15.12.2025 22:21:26; 21.125
 15.12.2025 22:24:27; 20.875
 15.12.2025 22:27:27; 20.688
 15.12.2025 22:30:26; 20.500
 15.12.2025 22:33:27; 20.375
 15.12.2025 22:36:27; 20.250
 15.12.2025 22:39:26; 20.125
 15.12.2025 22:42:27; 20.000
 15.12.2025 22:45:27; 19.813
 15.12.2025 22:48:26; 19.688
 15.12.2025 22:51:27; 19.563
 15.12.2025 22:54:26; 19.438
 15.12.2025 22:57:26; 19.438
 15.12.2025 23:00:27; 19.375
 15.12.2025 23:03:26; 19.250
 15.12.2025 23:06:26; 19.125
 15.12.2025 23:09:27; 19.063
 15.12.2025 23:12:27; 19.000
 15.12.2025 23:15:26; 18.875
 15.12.2025 23:18:27; 18.813
 15.12.2025 23:21:27; 18.750
 15.12.2025 23:24:26; 18.625
 15.12.2025 23:27:27; 18.563
 15.12.2025 23:30:27; 18.438
 15.12.2025 23:33:26; 18.375
 15.12.2025 23:36:27; 18.250
 15.12.2025 23:39:26; 18.188
 15.12.2025 23:42:26; 18.063
 15.12.2025 23:45:27; 18.000
 15.12.2025 23:48:26; 17.875
 15.12.2025 23:51:26; 17.813
 15.12.2025 23:54:27; 17.750
 15.12.2025 23:57:27; 17.625
 16.12.2025 00:00:26; 17.500
 16.12.2025 00:03:27; 17.438
 16.12.2025 00:06:27; 17.375
 16.12.2025 00:09:26; 17.250
 16.12.2025 00:12:27; 17.125
 16.12.2025 00:15:27; 17.063
 16.12.2025 00:18:26; 17.000
 16.12.2025 00:21:27; 16.875
 16.12.2025 00:24:26; 16.750
 16.12.2025 00:27:26; 16.688
 16.12.2025 00:30:27; 16.625
 16.12.2025 00:33:26; 16.500
 16.12.2025 00:36:26; 16.375
 16.12.2025 00:39:27; 16.250
 16.12.2025 00:42:27; 16.188
 16.12.2025 00:45:26; 16.125
 16.12.2025 00:48:27; 16.063
 16.12.2025 00:51:27; 16.000
 16.12.2025 00:54:26; 16.000
 16.12.2025 00:57:27; 15.875
 16.12.2025 01:00:27; 15.813
 16.12.2025 01:03:26; 15.750
 16.12.2025 01:06:27; 15.688
 16.12.2025 01:09:26; 15.625
 16.12.2025 01:12:26; 15.563
 16.12.2025 01:15:27; 15.500
 16.12.2025 01:18:26; 15.438
 16.12.2025 01:21:26; 15.375
 16.12.2025 01:24:27; 15.375
 16.12.2025 01:27:27; 15.375
 16.12.2025 01:30:26; 15.375
 16.12.2025 01:33:27; 15.438
 16.12.2025 01:36:27; 15.375
 16.12.2025 01:39:26; 15.375
 16.12.2025 01:42:27; 15.313
 16.12.2025 01:45:27; 15.313
 16.12.2025 01:48:26; 15.313
 16.12.2025 01:51:27; 15.250
 16.12.2025 01:54:26; 15.250
 16.12.2025 01:57:26; 15.250
 16.12.2025 02:00:27; 15.250
 16.12.2025 02:03:26; 15.188
 16.12.2025 02:06:26; 15.188
 16.12.2025 02:09:27; 15.125
 16.12.2025 02:12:27; 15.125
 16.12.2025 02:15:26; 15.063
 16.12.2025 02:18:27; 15.000
 16.12.2025 02:21:27; 14.875
 16.12.2025 02:24:26; 14.875
 16.12.2025 02:27:27; 14.813
 16.12.2025 02:30:27; 14.813
 16.12.2025 02:33:26; 14.750
 16.12.2025 02:36:27; 14.750
 16.12.2025 02:39:26; 14.750
 16.12.2025 02:42:26; 14.813
 16.12.2025 02:45:27; 14.875
 16.12.2025 02:48:26; 14.875
 16.12.2025 02:51:26; 14.875
 16.12.2025 02:54:27; 14.875
 16.12.2025 02:57:27; 14.938
 16.12.2025 03:00:26; 14.938
 16.12.2025 03:03:27; 14.875
 16.12.2025 03:06:27; 14.875
 16.12.2025 03:09:26; 14.875
 16.12.2025 03:12:27; 14.813
 16.12.2025 03:15:27; 14.813
 16.12.2025 03:18:26; 14.813
 16.12.2025 03:21:27; 14.813
 16.12.2025 03:24:26; 14.813
 16.12.2025 03:27:26; 14.813
 16.12.2025 03:30:27; 14.750
 16.12.2025 03:33:26; 14.625
 16.12.2025 03:36:26; 14.563
 16.12.2025 03:39:27; 14.563
 16.12.2025 03:42:27; 14.500
 16.12.2025 03:45:26; 14.438
 16.12.2025 03:48:27; 14.375
 16.12.2025 03:51:27; 14.313
 16.12.2025 03:54:26; 14.250
 16.12.2025 03:57:27; 14.250
 16.12.2025 04:00:27; 14.188
 16.12.2025 04:03:26; 14.188
 16.12.2025 04:06:27; 14.188
 16.12.2025 04:09:26; 14.125
 16.12.2025 04:12:26; 14.125
 16.12.2025 04:15:27; 14.063
 16.12.2025 04:18:26; 14.063
 16.12.2025 04:21:26; 14.000
 16.12.2025 04:24:27; 13.938
 16.12.2025 04:27:27; 13.938
 16.12.2025 04:30:26; 13.938
 16.12.2025 04:33:27; 13.938
 16.12.2025 04:36:27; 13.875
 16.12.2025 04:39:26; 13.813
 16.12.2025 04:42:27; 13.813
 16.12.2025 04:45:27; 13.750
 16.12.2025 04:48:26; 13.750
 16.12.2025 04:51:27; 13.750
 16.12.2025 04:54:26; 13.688
 16.12.2025 04:57:26; 13.688
 16.12.2025 05:00:27; 13.625
 16.12.2025 05:03:26; 13.625
 16.12.2025 05:06:26; 13.563
 16.12.2025 05:09:27; 13.500
 16.12.2025 05:12:27; 13.438
 16.12.2025 05:15:26; 13.438
 16.12.2025 05:18:27; 13.375
 16.12.2025 05:21:27; 13.313
 16.12.2025 05:24:26; 13.313
 16.12.2025 05:27:27; 13.313
 16.12.2025 05:30:27; 13.313
 16.12.2025 05:33:26; 13.250
 16.12.2025 05:36:27; 13.250
 16.12.2025 05:39:26; 13.188
 16.12.2025 05:42:26; 13.188
 16.12.2025 05:45:27; 13.188
 16.12.2025 05:48:26; 13.188
 16.12.2025 05:51:26; 13.125
 16.12.2025 05:54:27; 13.125
 16.12.2025 05:57:27; 13.125
 16.12.2025 06:00:26; 13.125
 16.12.2025 06:03:27; 13.063
 16.12.2025 06:06:27; 13.000
 16.12.2025 06:09:26; 13.000
 16.12.2025 06:12:27; 12.938
 16.12.2025 06:15:27; 12.938
 16.12.2025 06:18:26; 12.875
 16.12.2025 06:21:27; 12.875
 16.12.2025 06:24:26; 12.875
 16.12.2025 06:27:26; 12.875
 16.12.2025 06:30:27; 12.875
 16.12.2025 06:33:26; 12.813
 16.12.2025 06:36:26; 12.813
 16.12.2025 06:39:27; 12.813
 16.12.2025 06:42:27; 12.750
 16.12.2025 06:45:26; 12.688
 16.12.2025 06:48:27; 12.688
 16.12.2025 06:51:27; 12.688
 16.12.2025 06:54:26; 12.625
 16.12.2025 06:57:27; 12.625
 16.12.2025 07:00:27; 12.563
 16.12.2025 07:03:26; 12.563
 16.12.2025 07:06:27; 12.563
 16.12.2025 07:09:26; 12.500
 16.12.2025 07:12:26; 12.500
 16.12.2025 07:15:27; 12.438
 16.12.2025 07:18:26; 12.438
 16.12.2025 07:21:26; 12.375
 16.12.2025 07:24:27; 12.375
 16.12.2025 07:27:27; 12.375
 16.12.2025 07:30:26; 12.375
 16.12.2025 07:33:27; 12.375
 16.12.2025 07:36:27; 12.313
 16.12.2025 07:39:26; 12.313
 16.12.2025 07:42:27; 12.313
 16.12.2025 07:45:27; 12.313
 16.12.2025 07:48:26; 12.313
 16.12.2025 07:51:27; 12.313
 16.12.2025 07:54:26; 12.250
 16.12.2025 07:57:26; 12.250
 16.12.2025 08:00:27; 12.250
 16.12.2025 08:03:26; 12.250
 16.12.2025 08:06:26; 12.188
 16.12.2025 08:09:27; 12.188
 16.12.2025 08:12:27; 12.125
 16.12.2025 08:15:26; 12.125
 16.12.2025 08:18:27; 12.063
 16.12.2025 08:21:27; 12.063
 16.12.2025 08:24:26; 12.000
 16.12.2025 08:27:27; 12.000
 16.12.2025 08:30:27; 11.938
 16.12.2025 08:33:26; 11.938
 16.12.2025 08:36:27; 11.938
 16.12.2025 08:39:26; 11.938
 16.12.2025 08:42:26; 11.875
 16.12.2025 08:45:27; 11.875
 16.12.2025 08:48:26; 11.875
 16.12.2025 08:51:26; 11.813
 16.12.2025 08:54:27; 11.750
 16.12.2025 08:57:27; 11.750
 16.12.2025 09:00:26; 11.688
 16.12.2025 09:03:27; 11.625
 16.12.2025 09:06:27; 11.625
 16.12.2025 09:09:26; 11.563
 16.12.2025 09:12:27; 11.500
 16.12.2025 09:15:27; 11.438
 16.12.2025 09:18:26; 11.438
 16.12.2025 09:21:27; 11.375
 16.12.2025 09:24:26; 11.375
 16.12.2025 09:27:26; 11.313
 16.12.2025 09:30:27; 11.313
 16.12.2025 09:33:26; 11.250
 16.12.2025 09:36:26; 11.188
 16.12.2025 09:39:27; 11.188
 16.12.2025 09:42:27; 11.188
 16.12.2025 09:45:26; 11.188
 16.12.2025 09:48:27; 11.125
 16.12.2025 09:51:27; 11.125
 16.12.2025 09:54:26; 11.125
 16.12.2025 09:57:27; 11.125
 16.12.2025 10:00:27; 11.125
 16.12.2025 10:03:26; 11.125
 16.12.2025 10:06:27; 11.125
 16.12.2025 10:09:26; 11.063
 16.12.2025 10:12:26; 11.063
 16.12.2025 10:15:27; 11.063
 16.12.2025 10:18:26; 11.125
 16.12.2025 10:21:26; 11.125
 16.12.2025 10:24:27; 11.125
 16.12.2025 10:27:27; 11.188
 16.12.2025 10:30:26; 11.188
 16.12.2025 10:33:27; 11.250
 16.12.2025 10:36:27; 11.375
 16.12.2025 10:39:26; 11.438
 16.12.2025 10:42:27; 11.563
 16.12.2025 10:45:27; 11.625
 16.12.2025 10:48:26; 11.750
 16.12.2025 10:51:27; 11.813
 16.12.2025 10:54:26; 11.875
 16.12.2025 10:57:26; 11.938
 16.12.2025 11:00:27; 12.000
 16.12.2025 11:03:26; 12.000
 16.12.2025 11:06:26; 12.063
 16.12.2025 11:09:27; 12.125
 16.12.2025 11:12:27; 12.125
 16.12.2025 11:15:26; 12.125
 16.12.2025 11:18:27; 12.125
 16.12.2025 11:21:27; 12.188
 16.12.2025 11:24:26; 12.188
 16.12.2025 11:27:27; 12.250
 16.12.2025 11:30:27; 12.313
 16.12.2025 11:33:26; 12.375
 16.12.2025 11:36:27; 12.688
 16.12.2025 11:39:26; 13.000
 16.12.2025 11:42:26; 13.188
 16.12.2025 11:45:27; 13.313
 16.12.2025 11:48:26; 13.438
 16.12.2025 11:51:26; 13.750
 16.12.2025 11:54:27; 14.063
 16.12.2025 11:57:27; 14.375
 16.12.2025 12:00:26; 14.625
 16.12.2025 12:03:27; 14.938
 16.12.2025 12:06:27; 15.250
 16.12.2025 12:09:26; 15.688
 16.12.2025 12:12:27; 15.938
 16.12.2025 12:15:27; 16.125
 16.12.2025 12:18:26; 16.125
 16.12.2025 12:21:27; 16.125
 16.12.2025 12:24:26; 16.000
 16.12.2025 12:27:26; 16.000
 16.12.2025 12:30:27; 16.250
 16.12.2025 12:33:26; 16.563
 16.12.2025 12:36:26; 16.750
 16.12.2025 12:39:27; 17.000
 16.12.2025 12:42:27; 17.188
 16.12.2025 12:45:26; 17.375
 16.12.2025 12:48:27; 17.500
 16.12.2025 12:51:27; 17.563
 16.12.2025 12:54:26; 17.625
 16.12.2025 12:57:27; 17.688
 16.12.2025 13:00:27; 17.750
 16.12.2025 13:03:26; 17.813
 16.12.2025 13:06:27; 17.813
 16.12.2025 13:09:26; 17.750
 16.12.2025 13:12:26; 17.750
 16.12.2025 13:15:27; 17.875
 16.12.2025 13:18:26; 17.875
 16.12.2025 13:21:26; 17.875
 16.12.2025 13:24:27; 18.063
 16.12.2025 13:27:27; 18.125
 16.12.2025 13:30:26; 18.438
 16.12.2025 13:33:27; 18.688
 16.12.2025 13:36:27; 18.813
 16.12.2025 13:39:26; 19.063
 16.12.2025 13:42:27; 19.250
 16.12.2025 13:45:27; 19.313
 16.12.2025 13:48:26; 19.500
 16.12.2025 13:51:27; 19.625
 16.12.2025 13:54:26; 19.625
 16.12.2025 13:57:26; 19.688
 16.12.2025 14:00:27; 19.750
 16.12.2025 14:03:26; 19.938
 16.12.2025 14:06:26; 20.375
 16.12.2025 14:09:27; 20.813
 16.12.2025 14:12:27; 21.438
 16.12.2025 14:15:26; 21.500
 16.12.2025 14:18:27; 21.250
 16.12.2025 14:21:27; 21.125
 16.12.2025 14:24:26; 21.000
 16.12.2025 14:27:27; 20.875
 16.12.2025 14:30:27; 21.063
 16.12.2025 14:33:26; 21.500
 16.12.2025 14:36:27; 22.188
 16.12.2025 14:39:26; 22.063
 16.12.2025 14:42:26; 21.813
 16.12.2025 14:45:27; 21.750
 16.12.2025 14:48:26; 22.125
 16.12.2025 14:51:26; 22.250
 16.12.2025 14:54:27; 22.500
 16.12.2025 14:57:27; 22.375
 16.12.2025 15:00:26; 22.250
 16.12.2025 15:03:27; 22.125
 16.12.2025 15:06:27; 22.375
 16.12.2025 15:09:26; 22.750
 16.12.2025 15:12:27; 22.875
 16.12.2025 15:15:27; 22.938
 16.12.2025 15:18:26; 23.188
 16.12.2025 15:21:27; 23.313
 16.12.2025 15:24:26; 23.625
 16.12.2025 15:27:26; 23.688
 16.12.2025 15:30:27; 23.875
 16.12.2025 15:33:26; 24.188
 16.12.2025 15:36:26; 24.250
 16.12.2025 15:39:27; 24.188
 16.12.2025 15:42:27; 24.438
 16.12.2025 15:45:26; 24.688
 16.12.2025 15:48:27; 25.125
 16.12.2025 15:51:27; 25.375
 16.12.2025 15:54:26; 25.313
 16.12.2025 15:57:27; 25.438
 16.12.2025 16:00:27; 25.438
 16.12.2025 16:03:26; 25.375
 16.12.2025 16:06:27; 25.813
 16.12.2025 16:09:26; 26.063
 16.12.2025 16:12:26; 25.875
 16.12.2025 16:15:27; 25.813
 16.12.2025 16:18:26; 26.000
 16.12.2025 16:21:26; 26.063
 16.12.2025 16:24:27; 26.188
 16.12.2025 16:27:27; 26.813
 16.12.2025 16:30:26; 27.438
 16.12.2025 16:33:27; 27.500
 16.12.2025 16:36:27; 27.313
 16.12.2025 16:39:26; 27.438
 16.12.2025 16:42:27; 27.500
 16.12.2025 16:45:27; 27.938
 16.12.2025 16:48:26; 28.438
 16.12.2025 16:51:27; 28.188
 16.12.2025 16:54:26; 28.125
 16.12.2025 16:57:26; 28.563
 16.12.2025 17:00:27; 29.000
 16.12.2025 17:03:26; 28.875
 16.12.2025 17:06:26; 29.000
 16.12.2025 17:09:27; 29.563
 16.12.2025 17:12:27; 30.125
 16.12.2025 17:15:26; 30.188
 16.12.2025 17:18:27; 30.188
 16.12.2025 17:21:27; 30.000
 16.12.2025 17:24:26; 30.563
 16.12.2025 17:27:27; 30.625
 16.12.2025 17:30:27; 30.938
 16.12.2025 17:33:26; 31.375
 16.12.2025 17:36:27; 31.688
 16.12.2025 17:39:26; 31.313
 16.12.2025 17:42:26; 31.125
 16.12.2025 17:45:27; 31.375
 16.12.2025 17:48:26; 31.563
 16.12.2025 17:51:26; 32.063
 16.12.2025 17:54:27; 32.750
 16.12.2025 17:57:27; 33.438
 16.12.2025 18:00:26; 34.375
 16.12.2025 18:03:27; 35.125
 16.12.2025 18:06:27; 35.313
 16.12.2025 18:09:26; 35.188
 16.12.2025 18:12:27; 35.938
 16.12.2025 18:15:27; 35.938
 16.12.2025 18:18:26; 36.500
 16.12.2025 18:21:27; 37.188
 16.12.2025 18:24:26; 37.563
 16.12.2025 18:27:26; 38.000
 16.12.2025 18:30:27; 38.188
 16.12.2025 18:33:26; 38.875
 16.12.2025 18:36:26; 38.375
 16.12.2025 18:39:27; 38.313
 16.12.2025 18:42:27; 39.000
 16.12.2025 18:45:26; 39.188
 16.12.2025 18:48:27; 39.688
 16.12.2025 18:51:27; 39.313
 16.12.2025 18:54:26; 38.500
 16.12.2025 18:57:27; 38.813
 16.12.2025 19:00:27; 38.938
 16.12.2025 19:03:26; 38.688
 16.12.2025 19:06:27; 38.688
 16.12.2025 19:09:26; 39.438
 16.12.2025 19:12:26; 40.313
 16.12.2025 19:15:27; 40.938
 16.12.2025 19:18:26; 41.188
 16.12.2025 19:21:26; 41.125
 16.12.2025 19:24:27; 40.688
 16.12.2025 19:27:27; 41.000
 16.12.2025 19:30:26; 40.625
 16.12.2025 19:33:27; 40.625
 16.12.2025 19:36:27; 40.188
 16.12.2025 19:39:26; 40.188
 16.12.2025 19:42:27; 40.375
 16.12.2025 19:45:27; 40.125
 16.12.2025 19:48:26; 40.000
 16.12.2025 19:51:27; 39.813
 16.12.2025 19:54:26; 39.063
 16.12.2025 19:57:26; 39.000
 16.12.2025 20:00:27; 38.875
 16.12.2025 20:03:26; 38.188
 16.12.2025 20:06:26; 38.125
 16.12.2025 20:09:27; 37.438
 16.12.2025 20:12:27; 37.375
 16.12.2025 20:15:26; 37.313
 16.12.2025 20:18:27; 37.313
 16.12.2025 20:21:27; 37.250
 16.12.2025 20:24:26; 37.375
 16.12.2025 20:27:27; 37.875
 16.12.2025 20:30:27; 37.688
 16.12.2025 20:33:26; 37.500
 16.12.2025 20:36:27; 37.375
 16.12.2025 20:39:26; 37.375
 16.12.2025 20:42:26; 37.563
 16.12.2025 20:45:27; 37.438
 16.12.2025 20:48:26; 36.938
 16.12.2025 20:51:26; 37.500
 16.12.2025 20:54:27; 37.813
 16.12.2025 20:57:27; 38.375
 16.12.2025 21:00:26; 38.625
 16.12.2025 21:03:27; 38.938
 16.12.2025 21:06:27; 39.375
 16.12.2025 21:09:26; 39.188
 16.12.2025 21:12:27; 37.688
 16.12.2025 21:15:27; 34.813
 16.12.2025 21:18:26; 32.563
 16.12.2025 21:21:27; 31.063
 16.12.2025 21:24:26; 30.063
 16.12.2025 21:27:26; 29.063
 16.12.2025 21:30:27; 28.313
 16.12.2025 21:33:26; 27.875
 16.12.2025 21:36:26; 27.375
 16.12.2025 21:39:27; 26.938
 16.12.2025 21:42:27; 26.438
 16.12.2025 21:45:26; 25.938
 16.12.2025 21:48:27; 25.500
 16.12.2025 21:51:27; 25.125
 16.12.2025 21:54:26; 24.875
 16.12.2025 21:57:27; 24.563
 16.12.2025 22:00:27; 24.375
 16.12.2025 22:03:26; 24.188
 16.12.2025 22:06:27; 24.000
 16.12.2025 22:09:26; 23.813
 16.12.2025 22:12:26; 23.625
 16.12.2025 22:15:27; 23.438
 16.12.2025 22:18:26; 23.313
 16.12.2025 22:21:26; 23.125
 16.12.2025 22:24:27; 22.938
 16.12.2025 22:27:27; 22.813
 16.12.2025 22:30:26; 22.688
 16.12.2025 22:33:27; 22.500
 16.12.2025 22:36:27; 22.375
 16.12.2025 22:39:26; 22.250
 16.12.2025 22:42:27; 22.125
 16.12.2025 22:45:27; 22.063
 16.12.2025 22:48:26; 21.938
 16.12.2025 22:51:27; 21.875
 16.12.2025 22:54:26; 21.750
 16.12.2025 22:57:26; 21.625
 16.12.2025 23:00:27; 21.563
 16.12.2025 23:03:26; 21.438
 16.12.2025 23:06:26; 21.375
 16.12.2025 23:09:27; 21.313
 16.12.2025 23:12:27; 21.250
 16.12.2025 23:15:26; 21.188
 16.12.2025 23:18:27; 21.125
 16.12.2025 23:21:27; 21.000
 16.12.2025 23:24:26; 20.938
 16.12.2025 23:27:27; 20.938
 16.12.2025 23:30:27; 20.875
 16.12.2025 23:33:26; 20.813
 16.12.2025 23:36:27; 20.750
 16.12.2025 23:39:26; 20.688
 16.12.2025 23:42:26; 20.625
 16.12.2025 23:45:27; 20.563
 16.12.2025 23:48:26; 20.500
 16.12.2025 23:51:26; 20.375
 16.12.2025 23:54:27; 20.313
 16.12.2025 23:57:27; 20.313
 17.12.2025 00:00:26; 20.250
 17.12.2025 00:03:27; 20.188
 17.12.2025 00:06:27; 20.125
 17.12.2025 00:09:26; 20.063
 17.12.2025 00:12:27; 20.063
 17.12.2025 00:15:27; 19.938
 17.12.2025 00:18:26; 19.875
 17.12.2025 00:21:27; 19.875
 17.12.2025 00:24:26; 19.813
 17.12.2025 00:27:26; 19.750
 17.12.2025 00:30:27; 19.625
 17.12.2025 00:33:26; 19.563
 17.12.2025 00:36:26; 19.500
 17.12.2025 00:39:27; 19.438
 17.12.2025 00:42:27; 19.375
 17.12.2025 00:45:26; 19.313
 17.12.2025 00:48:27; 19.250
 17.12.2025 00:51:27; 19.188
 17.12.2025 00:54:26; 19.125
 17.12.2025 00:57:27; 19.063
 17.12.2025 01:00:27; 19.000
 17.12.2025 01:03:26; 18.875
 17.12.2025 01:06:27; 18.750
 17.12.2025 01:09:26; 18.625
 17.12.2025 01:12:26; 18.563
 17.12.2025 01:15:27; 18.500
 17.12.2025 01:18:26; 18.438
 17.12.2025 01:21:26; 18.375
 17.12.2025 01:24:27; 18.375
 17.12.2025 01:27:27; 18.313
 17.12.2025 01:30:26; 18.250
 17.12.2025 01:33:27; 18.188
 17.12.2025 01:36:27; 18.125
 17.12.2025 01:39:26; 18.125
 17.12.2025 01:42:27; 18.063
 17.12.2025 01:45:27; 18.000
 17.12.2025 01:48:26; 17.938
 17.12.2025 01:51:27; 17.875
 17.12.2025 01:54:26; 17.875
 17.12.2025 01:57:26; 17.813
 17.12.2025 02:00:27; 17.750
 17.12.2025 02:03:26; 17.750
 17.12.2025 02:06:26; 17.750
 17.12.2025 02:09:27; 17.750
 17.12.2025 02:12:27; 17.750
 17.12.2025 02:15:26; 17.688
 17.12.2025 02:18:27; 17.688
 17.12.2025 02:21:27; 17.688
 17.12.2025 02:24:26; 17.625
 17.12.2025 02:27:27; 17.563
 17.12.2025 02:30:27; 17.500
 17.12.2025 02:33:26; 17.438
 17.12.2025 02:36:27; 17.375
 17.12.2025 02:39:26; 17.375
 17.12.2025 02:42:26; 17.313
 17.12.2025 02:45:27; 17.250
 17.12.2025 02:48:26; 17.188
 17.12.2025 02:51:26; 17.125
 17.12.2025 02:54:27; 17.063
 17.12.2025 02:57:27; 17.063
 17.12.2025 03:00:26; 17.000
 17.12.2025 03:03:27; 17.000
 17.12.2025 03:06:27; 16.938
 17.12.2025 03:09:26; 16.875
 17.12.2025 03:12:27; 16.813
 17.12.2025 03:15:27; 16.813
 17.12.2025 03:18:26; 16.813
 17.12.2025 03:21:27; 16.813
 17.12.2025 03:24:26; 16.750
 17.12.2025 03:27:26; 16.688
 17.12.2025 03:30:27; 16.688
 17.12.2025 03:33:26; 16.625
 17.12.2025 03:36:26; 16.563
 17.12.2025 03:39:27; 16.563
 17.12.2025 03:42:27; 16.563
 17.12.2025 03:45:26; 16.625
 17.12.2025 03:48:27; 16.563
 17.12.2025 03:51:27; 16.563
 17.12.2025 03:54:26; 16.500
 17.12.2025 03:57:27; 16.438
 17.12.2025 04:00:27; 16.438
 17.12.2025 04:03:26; 16.438
 17.12.2025 04:06:27; 16.438
 17.12.2025 04:09:26; 16.375
 17.12.2025 04:12:26; 16.313
 17.12.2025 04:15:27; 16.250
 17.12.2025 04:18:26; 16.250
 17.12.2025 04:21:26; 16.250
 17.12.2025 04:24:27; 16.250
 17.12.2025 04:27:27; 16.188
 17.12.2025 04:30:26; 16.125
 17.12.2025 04:33:27; 16.063
 17.12.2025 04:36:27; 16.063
 17.12.2025 04:39:26; 16.000
 17.12.2025 04:42:27; 15.938
 17.12.2025 04:45:27; 15.875
 17.12.2025 04:48:26; 15.813
 17.12.2025 04:51:27; 15.813
 17.12.2025 04:54:26; 15.750
 17.12.2025 04:57:26; 15.750
 17.12.2025 05:00:27; 15.750
 17.12.2025 05:03:26; 15.688
 17.12.2025 05:06:26; 15.750
 17.12.2025 05:09:27; 15.688
 17.12.2025 05:12:27; 15.625
 17.12.2025 05:15:26; 15.563
 17.12.2025 05:18:27; 15.563
 17.12.2025 05:21:27; 15.563
 17.12.2025 05:24:26; 15.563
 17.12.2025 05:27:27; 15.563
 17.12.2025 05:30:27; 15.563
 17.12.2025 05:33:26; 15.563
 17.12.2025 05:36:27; 15.563
 17.12.2025 05:39:26; 15.625
 17.12.2025 05:42:26; 15.625
 17.12.2025 05:45:27; 15.563
 17.12.2025 05:48:26; 15.500
 17.12.2025 05:51:26; 15.438
 17.12.2025 05:54:27; 15.375
 17.12.2025 05:57:27; 15.375
 17.12.2025 06:00:26; 15.375
 17.12.2025 06:03:27; 15.375
 17.12.2025 06:06:27; 15.375
 17.12.2025 06:09:26; 15.375
 17.12.2025 06:12:27; 15.438
 17.12.2025 06:15:27; 15.375
 17.12.2025 06:18:26; 15.375
 17.12.2025 06:21:27; 15.375
 17.12.2025 06:24:26; 15.313
 17.12.2025 06:27:26; 15.250
 17.12.2025 06:30:27; 15.188
 17.12.2025 06:33:26; 15.125
 17.12.2025 06:36:26; 15.125
 17.12.2025 06:39:27; 15.063
 17.12.2025 06:42:27; 15.000
 17.12.2025 06:45:26; 15.000
 17.12.2025 06:48:27; 14.938
 17.12.2025 06:51:27; 14.875
 17.12.2025 06:54:26; 14.875
 17.12.2025 06:57:27; 14.875
 17.12.2025 07:00:27; 14.875
 17.12.2025 07:03:26; 14.813
 17.12.2025 07:06:27; 14.813
 17.12.2025 07:09:26; 14.813
 17.12.2025 07:12:26; 14.813
 17.12.2025 07:15:27; 14.813
 17.12.2025 07:18:26; 14.813
 17.12.2025 07:21:26; 14.813
 17.12.2025 07:24:27; 14.813
 17.12.2025 07:27:27; 14.813
 17.12.2025 07:30:26; 14.813
 17.12.2025 07:33:27; 14.750
 17.12.2025 07:36:27; 14.750
 17.12.2025 07:39:26; 14.750
 17.12.2025 07:42:27; 14.750
 17.12.2025 07:45:27; 14.750
 17.12.2025 07:48:26; 14.750
 17.12.2025 07:51:27; 14.688
 17.12.2025 07:54:26; 14.625
 17.12.2025 07:57:26; 14.563
 17.12.2025 08:00:27; 14.563
 17.12.2025 08:03:26; 14.500
 17.12.2025 08:06:26; 14.500
 17.12.2025 08:09:27; 14.438
 17.12.2025 08:12:27; 14.438
 17.12.2025 08:15:26; 14.375
 17.12.2025 08:18:27; 14.375
 17.12.2025 08:21:27; 14.375
 17.12.2025 08:24:26; 14.313
 17.12.2025 08:27:27; 14.313
 17.12.2025 08:30:27; 14.250
 17.12.2025 08:33:26; 14.188
 17.12.2025 08:36:27; 14.188
 17.12.2025 08:39:26; 14.125
 17.12.2025 08:42:26; 14.125
 17.12.2025 08:45:27; 14.125
 17.12.2025 08:48:26; 14.125
 17.12.2025 08:51:26; 14.125
 17.12.2025 08:54:27; 14.125
 17.12.2025 08:57:27; 14.125
 17.12.2025 09:00:26; 14.125
 17.12.2025 09:03:27; 14.125
 17.12.2025 09:06:27; 14.125
 17.12.2025 09:09:26; 14.188
 17.12.2025 09:12:27; 14.188
 17.12.2025 09:15:27; 14.188
 17.12.2025 09:18:26; 14.188
 17.12.2025 09:21:27; 14.125
 17.12.2025 09:24:26; 14.125
 17.12.2025 09:27:26; 14.125
 17.12.2025 09:30:27; 14.063
 17.12.2025 09:33:26; 14.000
 17.12.2025 09:36:26; 13.938
 17.12.2025 09:39:27; 13.938
 17.12.2025 09:42:27; 13.938
 17.12.2025 09:45:26; 13.938
 17.12.2025 09:48:27; 13.938
 17.12.2025 09:51:27; 13.875
 17.12.2025 09:54:26; 13.875
 17.12.2025 09:57:27; 13.938
 17.12.2025 10:00:27; 13.875
 17.12.2025 10:03:26; 13.875
 17.12.2025 10:06:27; 13.875
 17.12.2025 10:09:26; 13.875
 17.12.2025 10:12:26; 13.875
 17.12.2025 10:15:27; 13.875
 17.12.2025 10:18:26; 13.875
 17.12.2025 10:21:26; 13.938
 17.12.2025 10:24:27; 13.938
 17.12.2025 10:27:27; 13.938
 17.12.2025 10:30:26; 14.000
 17.12.2025 10:33:27; 14.063
 17.12.2025 10:36:27; 14.125
 17.12.2025 10:39:26; 14.250
 17.12.2025 10:42:27; 14.313
 17.12.2025 10:45:27; 14.375
 17.12.2025 10:48:26; 14.438
 17.12.2025 10:51:27; 14.563
 17.12.2025 10:54:26; 14.625
 17.12.2025 10:57:26; 14.750
 17.12.2025 11:00:27; 14.875
 17.12.2025 11:03:26; 14.938
 17.12.2025 11:06:26; 15.063
 17.12.2025 11:09:27; 15.188
 17.12.2025 11:12:27; 15.250
 17.12.2025 11:15:26; 15.438
 17.12.2025 11:18:27; 15.563
 17.12.2025 11:21:27; 15.688
 17.12.2025 11:24:26; 15.813
 17.12.2025 11:27:27; 16.063
 17.12.2025 11:30:27; 16.250
 17.12.2025 11:33:26; 16.438
 17.12.2025 11:36:27; 16.563
 17.12.2025 11:39:26; 16.688
 17.12.2025 11:42:26; 16.938
 17.12.2025 11:45:27; 17.188
 17.12.2025 11:48:26; 17.438
 17.12.2025 11:51:26; 17.625
 17.12.2025 11:54:27; 17.750
 17.12.2025 11:57:27; 17.938
 17.12.2025 12:00:26; 18.000
 17.12.2025 12:03:27; 18.125
 17.12.2025 12:06:27; 18.313
 17.12.2025 12:09:26; 18.438
 17.12.2025 12:12:27; 18.500
 17.12.2025 12:15:27; 18.563
 17.12.2025 12:18:26; 18.688
 17.12.2025 12:21:27; 18.875
 17.12.2025 12:24:26; 19.000
 17.12.2025 12:27:26; 19.188
 17.12.2025 12:30:27; 19.313
 17.12.2025 12:33:26; 19.438
 17.12.2025 12:36:26; 19.625
 17.12.2025 12:39:27; 19.813
 17.12.2025 12:42:27; 20.063
 17.12.2025 12:45:26; 20.188
 17.12.2025 12:48:27; 20.250
 17.12.2025 12:51:27; 20.313
 17.12.2025 12:54:26; 20.438
 17.12.2025 12:57:27; 20.625
 17.12.2025 13:00:27; 20.688
 17.12.2025 13:03:26; 20.688
 17.12.2025 13:06:27; 20.813
 17.12.2025 13:09:26; 20.938
 17.12.2025 13:12:26; 21.125
 17.12.2025 13:15:27; 21.188
 17.12.2025 13:18:26; 21.375
 17.12.2025 13:21:26; 21.563
 17.12.2025 13:24:27; 21.688
 17.12.2025 13:27:27; 21.750
 17.12.2025 13:30:26; 21.813
 17.12.2025 13:33:27; 21.875
 17.12.2025 13:36:27; 22.000
 17.12.2025 13:39:26; 22.125
 17.12.2025 13:42:27; 22.125
 17.12.2025 13:45:27; 22.188
 17.12.2025 13:48:26; 22.313
 17.12.2025 13:51:27; 22.500
 17.12.2025 13:54:26; 22.625
 17.12.2025 13:57:26; 22.875
 17.12.2025 14:00:27; 23.000
 17.12.2025 14:03:26; 23.125
 17.12.2025 14:06:26; 23.375
 17.12.2025 14:09:27; 23.625
 17.12.2025 14:12:27; 23.938
 17.12.2025 14:15:26; 24.063
 17.12.2025 14:18:27; 24.000
 17.12.2025 14:21:27; 23.938
 17.12.2025 14:24:26; 24.125
 17.12.2025 14:27:27; 24.313
 17.12.2025 14:30:27; 24.563
 17.12.2025 14:33:26; 24.875
 17.12.2025 14:36:27; 24.875
 17.12.2025 14:39:26; 24.938
 17.12.2025 14:42:26; 25.250
 17.12.2025 14:45:27; 25.625
 17.12.2025 14:48:26; 25.750
 17.12.2025 14:51:26; 25.750
 17.12.2025 14:54:27; 25.688
 17.12.2025 14:57:27; 25.813
 17.12.2025 15:00:26; 26.000
 17.12.2025 15:03:27; 26.063
 17.12.2025 15:06:27; 26.000
 17.12.2025 15:09:26; 26.125
 17.12.2025 15:12:27; 26.375
 17.12.2025 15:15:27; 26.688
 17.12.2025 15:18:26; 26.813
 17.12.2025 15:21:27; 27.125
 17.12.2025 15:24:26; 27.188
 17.12.2025 15:27:26; 27.313
 17.12.2025 15:30:27; 27.438
 17.12.2025 15:33:26; 27.688
 17.12.2025 15:36:26; 27.750
 17.12.2025 15:39:27; 28.125
 17.12.2025 15:42:27; 28.500
 17.12.2025 15:45:26; 28.750
 17.12.2025 15:48:27; 28.625
 17.12.2025 15:51:27; 28.875
 17.12.2025 15:54:26; 29.063
 17.12.2025 15:57:27; 29.313
 17.12.2025 16:00:27; 29.500
 17.12.2025 16:03:26; 29.313
 17.12.2025 16:06:27; 29.250
 17.12.2025 16:09:26; 29.500
 17.12.2025 16:12:26; 30.000
 17.12.2025 16:15:27; 30.375
 17.12.2025 16:18:26; 30.625
 17.12.2025 16:21:26; 31.000
 17.12.2025 16:24:27; 31.125
 17.12.2025 16:27:27; 31.375
 17.12.2025 16:30:26; 31.500
 17.12.2025 16:33:27; 31.688
 17.12.2025 16:36:27; 31.813
 17.12.2025 16:39:26; 32.125
 17.12.2025 16:42:27; 32.375
 17.12.2025 16:45:27; 32.625
 17.12.2025 16:48:26; 33.063
 17.12.2025 16:51:27; 33.313
 17.12.2025 16:54:26; 32.688
 17.12.2025 16:57:26; 32.438
 17.12.2025 17:00:27; 32.563
 17.12.2025 17:03:26; 32.438
 17.12.2025 17:06:26; 32.750
 17.12.2025 17:09:27; 32.938
 17.12.2025 17:12:27; 33.250
 17.12.2025 17:15:26; 33.250
 17.12.2025 17:18:27; 33.000
 17.12.2025 17:21:27; 33.250
 17.12.2025 17:24:26; 33.875
 17.12.2025 17:27:27; 34.375
 17.12.2025 17:30:27; 34.813
 17.12.2025 17:33:26; 35.250
 17.12.2025 17:36:27; 35.563
 17.12.2025 17:39:26; 35.750
 17.12.2025 17:42:26; 35.938
 17.12.2025 17:45:27; 36.250
 17.12.2025 17:48:26; 36.750
 17.12.2025 17:51:26; 36.500
 17.12.2025 17:54:27; 36.500
 17.12.2025 17:57:27; 36.875
 17.12.2025 18:00:26; 37.063
 17.12.2025 18:03:27; 36.938
 17.12.2025 18:06:27; 37.375
 17.12.2025 18:09:26; 37.875
 17.12.2025 18:12:27; 37.250
 17.12.2025 18:15:27; 37.938
 17.12.2025 18:18:26; 38.438
 17.12.2025 18:21:27; 39.500
 17.12.2025 18:24:26; 39.563
 17.12.2025 18:27:26; 40.188
 17.12.2025 18:30:27; 40.938
 17.12.2025 18:33:26; 41.250
 17.12.2025 18:36:26; 41.813
 17.12.2025 18:39:27; 42.313
 17.12.2025 18:42:27; 42.313
 17.12.2025 18:45:26; 41.625
 17.12.2025 18:48:27; 41.500
 17.12.2025 18:51:27; 41.188
 17.12.2025 18:54:26; 41.500
 17.12.2025 18:57:27; 41.938
 17.12.2025 19:00:27; 42.063
 17.12.2025 19:03:26; 41.750
 17.12.2025 19:06:27; 42.188
 17.12.2025 19:09:26; 42.625
 17.12.2025 19:12:26; 42.500
 17.12.2025 19:15:27; 42.000
 17.12.2025 19:18:26; 42.125
 17.12.2025 19:21:26; 42.250
 17.12.2025 19:24:27; 42.250
 17.12.2025 19:27:27; 42.375
 17.12.2025 19:30:26; 42.563
 17.12.2025 19:33:27; 42.875
 17.12.2025 19:36:27; 43.125
 17.12.2025 19:39:26; 43.000
 17.12.2025 19:42:27; 43.000
 17.12.2025 19:45:27; 42.750
 17.12.2025 19:48:26; 42.500
 17.12.2025 19:51:27; 41.750
 17.12.2025 19:54:26; 41.438
 17.12.2025 19:57:26; 41.250
 17.12.2025 20:00:27; 41.500
 17.12.2025 20:03:26; 41.375
 17.12.2025 20:06:26; 40.750
 17.12.2025 20:09:27; 40.625
 17.12.2025 20:12:27; 40.125
 17.12.2025 20:15:26; 39.625
 17.12.2025 20:18:27; 39.375
 17.12.2025 20:21:27; 39.000
 17.12.2025 20:24:26; 39.375
 17.12.2025 20:27:27; 39.313
 17.12.2025 20:30:27; 39.313
 17.12.2025 20:33:26; 39.375
 17.12.2025 20:36:27; 39.125
 17.12.2025 20:39:26; 39.188
 17.12.2025 20:42:26; 39.625
 17.12.2025 20:45:27; 39.625
 17.12.2025 20:48:26; 40.500
 17.12.2025 20:51:26; 40.813
 17.12.2025 20:54:27; 40.813
 17.12.2025 20:57:27; 41.188
 17.12.2025 21:00:26; 41.500
 17.12.2025 21:03:27; 41.688
 17.12.2025 21:06:27; 41.500
 17.12.2025 21:09:26; 40.375
 17.12.2025 21:12:27; 37.438
 17.12.2025 21:15:27; 35.188
 17.12.2025 21:18:26; 33.375
 17.12.2025 21:21:27; 31.875
 17.12.2025 21:24:26; 30.938
 17.12.2025 21:27:26; 30.188
 17.12.2025 21:30:27; 29.688
 17.12.2025 21:33:26; 29.063
 17.12.2025 21:36:26; 28.688
 17.12.2025 21:39:27; 28.313
 17.12.2025 21:42:27; 28.063
 17.12.2025 21:45:26; 27.750
 17.12.2025 21:48:27; 27.438
 17.12.2025 21:51:27; 27.188
 17.12.2025 21:54:26; 26.938
 17.12.2025 21:57:27; 26.750
 17.12.2025 22:00:27; 26.563
 17.12.2025 22:03:26; 26.375
 17.12.2025 22:06:27; 26.188
 17.12.2025 22:09:26; 25.938
 17.12.2025 22:12:26; 25.750
 17.12.2025 22:15:27; 25.625
 17.12.2025 22:18:26; 25.438
 17.12.2025 22:21:26; 25.250
 17.12.2025 22:24:27; 25.125
 17.12.2025 22:27:27; 24.938
 17.12.2025 22:30:26; 24.813
 17.12.2025 22:33:27; 24.688
 17.12.2025 22:36:27; 24.563
 17.12.2025 22:39:26; 24.500
 17.12.2025 22:42:27; 24.375
 17.12.2025 22:45:27; 24.250
 17.12.2025 22:48:26; 24.125
 17.12.2025 22:51:27; 24.000
 17.12.2025 22:54:26; 23.875
 17.12.2025 22:57:26; 23.813
 17.12.2025 23:00:27; 23.750
 17.12.2025 23:03:26; 23.688
 17.12.2025 23:06:26; 23.563
 17.12.2025 23:09:27; 23.500
 17.12.2025 23:12:27; 23.438
 17.12.2025 23:15:26; 23.375
 17.12.2025 23:18:27; 23.313
 17.12.2025 23:21:27; 23.250
 17.12.2025 23:24:26; 23.188
 17.12.2025 23:27:27; 23.125
 17.12.2025 23:30:27; 23.063
 17.12.2025 23:33:26; 23.000
 17.12.2025 23:36:27; 22.875
 17.12.2025 23:39:26; 22.813
 17.12.2025 23:42:26; 22.750
 17.12.2025 23:45:27; 22.688
 17.12.2025 23:48:26; 22.625
 17.12.2025 23:51:26; 22.500
 17.12.2025 23:54:27; 22.438
 17.12.2025 23:57:27; 22.375
 18.12.2025 00:00:26; 22.313
 18.12.2025 00:03:27; 22.250
 18.12.2025 00:06:27; 22.188
 18.12.2025 00:09:26; 22.063
 18.12.2025 00:12:27; 22.000
 18.12.2025 00:15:27; 21.875
 18.12.2025 00:18:26; 21.750
 18.12.2025 00:21:27; 21.625
 18.12.2025 00:24:26; 21.563
 18.12.2025 00:27:26; 21.500
 18.12.2025 00:30:27; 21.438
 18.12.2025 00:33:26; 21.313
 18.12.2025 00:36:26; 21.250
 18.12.2025 00:39:27; 21.188
 18.12.2025 00:42:27; 21.063
 18.12.2025 00:45:26; 21.000
 18.12.2025 00:48:27; 20.875
 18.12.2025 00:51:27; 20.813
 18.12.2025 00:54:26; 20.750
 18.12.2025 00:57:27; 20.688
 18.12.2025 01:00:27; 20.688
 18.12.2025 01:03:26; 20.625
 18.12.2025 01:06:27; 20.563
 18.12.2025 01:09:26; 20.563
 18.12.2025 01:12:26; 20.500
 18.12.2025 01:15:27; 20.438
 18.12.2025 01:18:26; 20.438
 18.12.2025 01:21:26; 20.375
 18.12.2025 01:24:27; 20.313
 18.12.2025 01:27:27; 20.250
 18.12.2025 01:30:26; 20.250
 18.12.2025 01:33:27; 20.250
 18.12.2025 01:36:27; 20.188
 18.12.2025 01:39:26; 20.125
 18.12.2025 01:42:27; 20.063
 18.12.2025 01:45:27; 20.063
 18.12.2025 01:48:26; 20.063
 18.12.2025 01:51:27; 20.000
 18.12.2025 01:54:26; 19.938
 18.12.2025 01:57:26; 19.813
 18.12.2025 02:00:27; 19.750
 18.12.2025 02:03:26; 19.688
 18.12.2025 02:06:26; 19.688
 18.12.2025 02:09:27; 19.688
 18.12.2025 02:12:27; 19.688
 18.12.2025 02:15:26; 19.688
 18.12.2025 02:18:27; 19.625
 18.12.2025 02:21:27; 19.625
 18.12.2025 02:24:26; 19.563
 18.12.2025 02:27:27; 19.500
 18.12.2025 02:30:27; 19.500
 18.12.2025 02:33:26; 19.438
 18.12.2025 02:36:27; 19.375
 18.12.2025 02:39:26; 19.375
 18.12.2025 02:42:26; 19.375
 18.12.2025 02:45:27; 19.375
 18.12.2025 02:48:26; 19.250
 18.12.2025 02:51:26; 19.250
 18.12.2025 02:54:27; 19.188
 18.12.2025 02:57:27; 19.188
 18.12.2025 03:00:26; 19.188
 18.12.2025 03:03:27; 19.188
 18.12.2025 03:06:27; 19.125
 18.12.2025 03:09:26; 19.063
 18.12.2025 03:12:27; 18.938
 18.12.2025 03:15:27; 18.875
 18.12.2025 03:18:26; 18.875
 18.12.2025 03:21:27; 18.875
 18.12.2025 03:24:26; 18.875
 18.12.2025 03:27:26; 18.813
 18.12.2025 03:30:27; 18.750
 18.12.2025 03:33:26; 18.625
 18.12.2025 03:36:26; 18.563
 18.12.2025 03:39:27; 18.500
 18.12.2025 03:42:27; 18.500
 18.12.2025 03:45:26; 18.438
 18.12.2025 03:48:27; 18.313
 18.12.2025 03:51:27; 18.313
 18.12.2025 03:54:26; 18.250
 18.12.2025 03:57:27; 18.125
 18.12.2025 04:00:27; 18.063
 18.12.2025 04:03:26; 18.000
 18.12.2025 04:06:27; 18.000
 18.12.2025 04:09:26; 18.000
 18.12.2025 04:12:26; 17.938
 18.12.2025 04:15:27; 17.938
 18.12.2025 04:18:26; 17.875
 18.12.2025 04:21:26; 17.875
 18.12.2025 04:24:27; 17.813
 18.12.2025 04:27:27; 17.688
 18.12.2025 04:30:26; 17.625
 18.12.2025 04:33:27; 17.625
 18.12.2025 04:36:27; 17.625
 18.12.2025 04:39:26; 17.625
 18.12.2025 04:42:27; 17.688
 18.12.2025 04:45:27; 17.688
 18.12.2025 04:48:26; 17.688
 18.12.2025 04:51:27; 17.688
 18.12.2025 04:54:26; 17.625
 18.12.2025 04:57:26; 17.625
 18.12.2025 05:00:27; 17.625
 18.12.2025 05:03:26; 17.563
 18.12.2025 05:06:26; 17.500
 18.12.2025 05:09:27; 17.375
 18.12.2025 05:12:27; 17.375
 18.12.2025 05:15:26; 17.313
 18.12.2025 05:18:27; 17.313
 18.12.2025 05:21:27; 17.313
 18.12.2025 05:24:26; 17.313
 18.12.2025 05:27:27; 17.188
 18.12.2025 05:30:27; 17.125
 18.12.2025 05:33:26; 17.063
 18.12.2025 05:36:27; 17.063
 18.12.2025 05:39:26; 17.000
 18.12.2025 05:42:26; 17.000
 18.12.2025 05:45:27; 17.000
 18.12.2025 05:48:26; 16.938
 18.12.2025 05:51:26; 16.875
 18.12.2025 05:54:27; 16.813
 18.12.2025 05:57:27; 16.750
 18.12.2025 06:00:26; 16.688
 18.12.2025 06:03:27; 16.688
 18.12.2025 06:06:27; 16.625
 18.12.2025 06:09:26; 16.625
 18.12.2025 06:12:27; 16.563
 18.12.2025 06:15:27; 16.500
 18.12.2025 06:18:26; 16.438
 18.12.2025 06:21:27; 16.500
 18.12.2025 06:24:26; 16.438
 18.12.2025 06:27:26; 16.375
 18.12.2025 06:30:27; 16.375
 18.12.2025 06:33:26; 16.375
 18.12.2025 06:36:26; 16.313
 18.12.2025 06:39:27; 16.313
 18.12.2025 06:42:27; 16.250
 18.12.2025 06:45:26; 16.188
 18.12.2025 06:48:27; 16.188
 18.12.2025 06:51:27; 16.125
 18.12.2025 06:54:26; 16.063
 18.12.2025 06:57:27; 16.063
 18.12.2025 07:00:27; 16.000
 18.12.2025 07:03:26; 16.000
 18.12.2025 07:06:27; 16.000
 18.12.2025 07:09:26; 16.000
 18.12.2025 07:12:26; 15.938
 18.12.2025 07:15:27; 15.938
 18.12.2025 07:18:26; 15.938
 18.12.2025 07:21:26; 15.875
 18.12.2025 07:24:27; 15.875
 18.12.2025 07:27:27; 15.875
 18.12.2025 07:30:26; 15.813
 18.12.2025 07:33:27; 15.813
 18.12.2025 07:36:27; 15.813
 18.12.2025 07:39:26; 15.750
 18.12.2025 07:42:27; 15.750
 18.12.2025 07:45:27; 15.750
 18.12.2025 07:48:26; 15.750
 18.12.2025 07:51:27; 15.688
 18.12.2025 07:54:26; 15.688
 18.12.2025 07:57:26; 15.625
 18.12.2025 08:00:27; 15.625
 18.12.2025 08:03:26; 15.563
 18.12.2025 08:06:26; 15.563
 18.12.2025 08:09:27; 15.500
 18.12.2025 08:12:27; 15.500
 18.12.2025 08:15:26; 15.500
 18.12.2025 08:18:27; 15.563
 18.12.2025 08:21:27; 15.563
 18.12.2025 08:24:26; 15.563
 18.12.2025 08:27:27; 15.500
 18.12.2025 08:30:27; 15.500
 18.12.2025 08:33:26; 15.438
 18.12.2025 08:36:27; 15.375
 18.12.2025 08:39:26; 15.375
 18.12.2025 08:42:26; 15.313
 18.12.2025 08:45:27; 15.313
 18.12.2025 08:48:26; 15.250
 18.12.2025 08:51:26; 15.250
 18.12.2025 08:54:27; 15.250
 18.12.2025 08:57:27; 15.188
 18.12.2025 09:00:26; 15.188
 18.12.2025 09:03:27; 15.125
 18.12.2025 09:06:27; 15.125
 18.12.2025 09:09:26; 15.063
 18.12.2025 09:12:27; 15.063
 18.12.2025 09:15:27; 15.063
 18.12.2025 09:18:26; 15.000
 18.12.2025 09:21:27; 15.000
 18.12.2025 09:24:26; 14.938
 18.12.2025 09:27:26; 14.938
 18.12.2025 09:30:27; 14.875
 18.12.2025 09:33:26; 14.875
 18.12.2025 09:36:26; 14.875
 18.12.2025 09:39:27; 14.875
 18.12.2025 09:42:27; 14.813
 18.12.2025 09:45:26; 14.813
 18.12.2025 09:48:27; 14.750
 18.12.2025 09:51:27; 14.750
 18.12.2025 09:54:26; 14.750
 18.12.2025 09:57:27; 14.750
 18.12.2025 10:00:27; 14.750
 18.12.2025 10:03:26; 14.688
 18.12.2025 10:06:27; 14.688
 18.12.2025 10:09:26; 14.688
 18.12.2025 10:12:26; 14.688
 18.12.2025 10:15:27; 14.688
 18.12.2025 10:18:26; 14.688
 18.12.2025 10:21:26; 14.688
 18.12.2025 10:24:27; 14.750
 18.12.2025 10:27:27; 14.750
 18.12.2025 10:30:26; 14.813
 18.12.2025 10:33:27; 14.813
 18.12.2025 10:36:27; 14.875
 18.12.2025 10:39:26; 14.938
 18.12.2025 10:42:27; 15.000
 18.12.2025 10:45:27; 15.063
 18.12.2025 10:48:26; 15.188
 18.12.2025 10:51:27; 15.375
 18.12.2025 10:54:26; 15.500
 18.12.2025 10:57:26; 15.625
 18.12.2025 11:00:27; 15.688
 18.12.2025 11:03:26; 15.813
 18.12.2025 11:06:26; 15.938
 18.12.2025 11:09:27; 16.063
 18.12.2025 11:12:27; 16.250
 18.12.2025 11:15:26; 16.313
 18.12.2025 11:18:27; 16.500
 18.12.2025 11:21:27; 16.625
 18.12.2025 11:24:26; 16.750
 18.12.2025 11:27:27; 16.875
 18.12.2025 11:30:27; 17.063
 18.12.2025 11:33:26; 17.188
 18.12.2025 11:36:27; 17.313
 18.12.2025 11:39:26; 17.438
 18.12.2025 11:42:26; 17.625
 18.12.2025 11:45:27; 17.750
 18.12.2025 11:48:26; 17.938
 18.12.2025 11:51:26; 18.125
 18.12.2025 11:54:27; 18.313
 18.12.2025 11:57:27; 18.500
 18.12.2025 12:00:26; 18.625
 18.12.2025 12:03:27; 18.813
 18.12.2025 12:06:27; 19.000
 18.12.2025 12:09:26; 19.188
 18.12.2025 12:12:27; 19.375
 18.12.2025 12:15:27; 19.500
 18.12.2025 12:18:26; 19.563
 18.12.2025 12:21:27; 19.750
 18.12.2025 12:24:26; 19.938
 18.12.2025 12:27:26; 20.063
 18.12.2025 12:30:27; 20.250
 18.12.2025 12:33:26; 20.438
 18.12.2025 12:36:26; 20.563
 18.12.2025 12:39:27; 20.688
 18.12.2025 12:42:27; 20.813
 18.12.2025 12:45:26; 20.938
 18.12.2025 12:48:27; 21.063
 18.12.2025 12:51:27; 21.250
 18.12.2025 12:54:26; 21.375
 18.12.2025 12:57:27; 21.500
 18.12.2025 13:00:27; 21.688
 18.12.2025 13:03:26; 21.875
 18.12.2025 13:06:27; 22.000
 18.12.2025 13:09:26; 22.188
 18.12.2025 13:12:26; 22.438
 18.12.2025 13:15:27; 22.625
 18.12.2025 13:18:26; 22.813
 18.12.2025 13:21:26; 23.000
 18.12.2025 13:24:27; 23.188
 18.12.2025 13:27:27; 23.375
 18.12.2025 13:30:26; 23.500
 18.12.2025 13:33:27; 23.688
 18.12.2025 13:36:27; 23.750
 18.12.2025 13:39:26; 23.813
 18.12.2025 13:42:27; 23.875
 18.12.2025 13:45:27; 23.938
 18.12.2025 13:48:26; 24.125
 18.12.2025 13:51:27; 24.250
 18.12.2025 13:54:26; 24.375
 18.12.2025 13:57:26; 24.500
 18.12.2025 14:00:27; 24.688
 18.12.2025 14:03:26; 24.813
 18.12.2025 14:06:26; 25.000
 18.12.2025 14:09:27; 25.313
 18.12.2025 14:12:27; 25.375
 18.12.2025 14:15:26; 25.500
 18.12.2025 14:18:27; 25.688
 18.12.2025 14:21:27; 25.750
 18.12.2025 14:24:26; 25.750
 18.12.2025 14:27:27; 25.875
 18.12.2025 14:30:27; 25.938
 18.12.2025 14:33:26; 26.125
 18.12.2025 14:36:27; 26.250
 18.12.2025 14:39:26; 26.375
 18.12.2025 14:42:26; 26.625
 18.12.2025 14:45:27; 26.938
 18.12.2025 14:48:26; 27.250
 18.12.2025 14:51:26; 27.313
 18.12.2025 14:54:27; 27.313
 18.12.2025 14:57:27; 27.313
 18.12.2025 15:00:26; 27.438
 18.12.2025 15:03:27; 27.500
 18.12.2025 15:06:27; 27.688
 18.12.2025 15:09:26; 27.938
 18.12.2025 15:12:27; 28.000
 18.12.2025 15:15:27; 28.313
 18.12.2025 15:18:26; 28.250
 18.12.2025 15:21:27; 28.313
 18.12.2025 15:24:26; 28.500
 18.12.2025 15:27:26; 28.813
 18.12.2025 15:30:27; 29.188
 18.12.2025 15:33:26; 29.500
 18.12.2025 15:36:26; 29.938
 18.12.2025 15:39:27; 30.000
 18.12.2025 15:42:27; 30.313
 18.12.2025 15:45:26; 30.188
 18.12.2025 15:48:27; 30.188
 18.12.2025 15:51:27; 30.188
 18.12.2025 15:54:26; 30.500
 18.12.2025 15:57:27; 31.000
 18.12.2025 16:00:27; 31.563
 18.12.2025 16:03:26; 31.813
 18.12.2025 16:06:27; 31.813
 18.12.2025 16:09:26; 31.688
 18.12.2025 16:12:26; 31.875
 18.12.2025 16:15:27; 31.875
 18.12.2025 16:18:26; 31.875
 18.12.2025 16:21:26; 32.063
 18.12.2025 16:24:27; 32.000
 18.12.2025 16:27:27; 32.063
 18.12.2025 16:30:26; 32.063
 18.12.2025 16:33:27; 32.000
 18.12.2025 16:36:27; 32.313
 18.12.2025 16:39:26; 32.500
 18.12.2025 16:42:27; 33.000
 18.12.2025 16:45:27; 33.125
 18.12.2025 16:48:26; 33.563
 18.12.2025 16:51:27; 33.875
 18.12.2025 16:54:26; 34.188
 18.12.2025 16:57:26; 34.563
 18.12.2025 17:00:27; 34.500
 18.12.2025 17:03:26; 34.313
 18.12.2025 17:06:26; 34.375
 18.12.2025 17:09:27; 34.750
 18.12.2025 17:12:27; 35.125
 18.12.2025 17:15:26; 35.500
 18.12.2025 17:18:27; 35.500
 18.12.2025 17:21:27; 35.750
 18.12.2025 17:24:26; 36.125
 18.12.2025 17:27:27; 36.000
 18.12.2025 17:30:27; 35.875
 18.12.2025 17:33:26; 36.375
 18.12.2025 17:36:27; 36.375
 18.12.2025 17:39:26; 37.063
 18.12.2025 17:42:26; 37.500
 18.12.2025 17:45:27; 38.000
 18.12.2025 17:48:26; 38.500
 18.12.2025 17:51:26; 39.000
 18.12.2025 17:54:27; 38.813
 18.12.2025 17:57:27; 38.750
 18.12.2025 18:00:26; 39.000
 18.12.2025 18:03:27; 39.500
 18.12.2025 18:06:27; 39.500
 18.12.2025 18:09:26; 39.625
 18.12.2025 18:12:27; 40.063
 18.12.2025 18:15:27; 40.813
 18.12.2025 18:18:26; 40.813
 18.12.2025 18:21:27; 41.188
 18.12.2025 18:24:26; 41.688
 18.12.2025 18:27:26; 42.375
 18.12.2025 18:30:27; 42.563
 18.12.2025 18:33:26; 42.625
 18.12.2025 18:36:26; 43.313
 18.12.2025 18:39:27; 43.750
 18.12.2025 18:42:27; 44.188
 18.12.2025 18:45:26; 43.938
 18.12.2025 18:48:27; 43.938
 18.12.2025 18:51:27; 44.000
 18.12.2025 18:54:26; 43.750
 18.12.2025 18:57:27; 44.188
 18.12.2025 19:00:27; 44.375
 18.12.2025 19:03:26; 44.625
 18.12.2025 19:06:27; 45.125
 18.12.2025 19:09:26; 45.188
 18.12.2025 19:12:26; 44.938
 18.12.2025 19:15:27; 44.813
 18.12.2025 19:18:26; 45.250
 18.12.2025 19:21:26; 45.563
 18.12.2025 19:24:27; 45.375
 18.12.2025 19:27:27; 45.250
 18.12.2025 19:30:26; 45.813
 18.12.2025 19:33:27; 45.875
 18.12.2025 19:36:27; 45.500
 18.12.2025 19:39:26; 45.188
 18.12.2025 19:42:27; 44.875
 18.12.2025 19:45:27; 44.750
 18.12.2025 19:48:26; 44.438
 18.12.2025 19:51:27; 44.250
 18.12.2025 19:54:26; 43.375
 18.12.2025 19:57:26; 43.125
 18.12.2025 20:00:27; 42.875
 18.12.2025 20:03:26; 42.250
 18.12.2025 20:06:26; 42.000
 18.12.2025 20:09:27; 42.063
 18.12.2025 20:12:27; 41.688
 18.12.2025 20:15:26; 41.125
 18.12.2025 20:18:27; 40.500
 18.12.2025 20:21:27; 40.500
 18.12.2025 20:24:26; 40.250
 18.12.2025 20:27:27; 39.875
 18.12.2025 20:30:27; 39.938
 18.12.2025 20:33:26; 39.563
 18.12.2025 20:36:27; 39.688
 18.12.2025 20:39:26; 39.688
 18.12.2025 20:42:26; 39.750
 18.12.2025 20:45:27; 39.625
 18.12.2025 20:48:26; 39.250
 18.12.2025 20:51:26; 39.438
 18.12.2025 20:54:27; 39.875
 18.12.2025 20:57:27; 40.438
 18.12.2025 21:00:26; 41.000
 18.12.2025 21:03:27; 41.375
 18.12.2025 21:06:27; 41.688
 18.12.2025 21:09:26; 40.750
 18.12.2025 21:12:27; 38.125
 18.12.2025 21:15:27; 36.188
 18.12.2025 21:18:26; 34.813
 18.12.2025 21:21:27; 33.438
 18.12.2025 21:24:26; 32.625
 18.12.2025 21:27:26; 32.313
 18.12.2025 21:30:27; 31.813
 18.12.2025 21:33:26; 31.250
 18.12.2025 21:36:26; 30.813
 18.12.2025 21:39:27; 30.375
 18.12.2025 21:42:27; 29.938
 18.12.2025 21:45:26; 29.625
 18.12.2025 21:48:27; 29.313
 18.12.2025 21:51:27; 29.063
 18.12.2025 21:54:26; 28.813
 18.12.2025 21:57:27; 28.563
 18.12.2025 22:00:27; 28.375
 18.12.2025 22:03:26; 28.188
 18.12.2025 22:06:27; 28.000
 18.12.2025 22:09:26; 27.813
 18.12.2025 22:12:26; 27.625
 18.12.2025 22:15:27; 27.438
 18.12.2025 22:18:26; 27.313
 18.12.2025 22:21:26; 27.125
 18.12.2025 22:24:27; 27.000
 18.12.2025 22:27:27; 26.875
 18.12.2025 22:30:26; 26.688
 18.12.2025 22:33:27; 26.563
 18.12.2025 22:36:27; 26.438
 18.12.2025 22:39:26; 26.313
 18.12.2025 22:42:27; 26.188
 18.12.2025 22:45:27; 26.063
 18.12.2025 22:48:26; 26.000
 18.12.2025 22:51:27; 25.875
 18.12.2025 22:54:26; 25.813
 18.12.2025 22:57:26; 25.750
 18.12.2025 23:00:27; 25.688
 18.12.2025 23:03:26; 25.625
 18.12.2025 23:06:26; 25.563
 18.12.2025 23:09:27; 25.438
 18.12.2025 23:12:27; 25.375
 18.12.2025 23:15:26; 25.313
 18.12.2025 23:18:27; 25.250
 18.12.2025 23:21:27; 25.188
 18.12.2025 23:24:26; 25.125
 18.12.2025 23:27:27; 25.063
 18.12.2025 23:30:27; 25.000
 18.12.2025 23:33:26; 24.938
 18.12.2025 23:36:27; 24.875
 18.12.2025 23:39:26; 24.813
 18.12.2025 23:42:26; 24.750
 18.12.2025 23:45:27; 24.688
 18.12.2025 23:48:26; 24.625
 18.12.2025 23:51:26; 24.563
 18.12.2025 23:54:27; 24.500
 18.12.2025 23:57:27; 24.375
 19.12.2025 00:00:26; 24.313
 19.12.2025 00:03:27; 24.188
 19.12.2025 00:06:27; 24.125
 19.12.2025 00:09:26; 24.063
 19.12.2025 00:12:27; 24.000
 19.12.2025 00:15:27; 23.938
 19.12.2025 00:18:26; 23.875
 19.12.2025 00:21:27; 23.813
 19.12.2025 00:24:26; 23.750
 19.12.2025 00:27:26; 23.688
 19.12.2025 00:30:27; 23.563
 19.12.2025 00:33:26; 23.500
 19.12.2025 00:36:26; 23.438
 19.12.2025 00:39:27; 23.375
 19.12.2025 00:42:27; 23.313
 19.12.2025 00:45:26; 23.250
 19.12.2025 00:48:27; 23.188
 19.12.2025 00:51:27; 23.188
 19.12.2025 00:54:26; 23.125
 19.12.2025 00:57:27; 23.063
 19.12.2025 01:00:27; 23.000
 19.12.2025 01:03:26; 22.938
 19.12.2025 01:06:27; 22.875
 19.12.2025 01:09:26; 22.813
 19.12.2025 01:12:26; 22.750
 19.12.2025 01:15:27; 22.625
 19.12.2025 01:18:26; 22.563
 19.12.2025 01:21:26; 22.500
 19.12.2025 01:24:27; 22.375
 19.12.2025 01:27:27; 22.375
 19.12.2025 01:30:26; 22.313
 19.12.2025 01:33:27; 22.250
 19.12.2025 01:36:27; 22.188
 19.12.2025 01:39:26; 22.125
 19.12.2025 01:42:27; 22.063
 19.12.2025 01:45:27; 22.000
 19.12.2025 01:48:26; 21.875
 19.12.2025 01:51:27; 21.813
 19.12.2025 01:54:26; 21.688
 19.12.2025 01:57:26; 21.688
 19.12.2025 02:00:27; 21.688
 19.12.2025 02:03:26; 21.625
 19.12.2025 02:06:26; 21.625
 19.12.2025 02:09:27; 21.563
 19.12.2025 02:12:27; 21.563
 19.12.2025 02:15:26; 21.563
 19.12.2025 02:18:27; 21.563
 19.12.2025 02:21:27; 21.500
 19.12.2025 02:24:26; 21.500
 19.12.2025 02:27:27; 21.500
 19.12.2025 02:30:27; 21.438
 19.12.2025 02:33:26; 21.438
 19.12.2025 02:36:27; 21.375
 19.12.2025 02:39:26; 21.375
 19.12.2025 02:42:26; 21.375
 19.12.2025 02:45:27; 21.313
 19.12.2025 02:48:26; 21.250
 19.12.2025 02:51:26; 21.250
 19.12.2025 02:54:27; 21.188
 19.12.2025 02:57:27; 21.125
 19.12.2025 03:00:26; 21.125
 19.12.2025 03:03:27; 21.063
 19.12.2025 03:06:27; 21.000
 19.12.2025 03:09:26; 20.938
 19.12.2025 03:12:27; 20.938
 19.12.2025 03:15:27; 20.875
 19.12.2025 03:18:26; 20.875
 19.12.2025 03:21:27; 20.813
 19.12.2025 03:24:26; 20.813
 19.12.2025 03:27:26; 20.813
 19.12.2025 03:30:27; 20.750
 19.12.2025 03:33:26; 20.750
 19.12.2025 03:36:26; 20.750
 19.12.2025 03:39:27; 20.750
 19.12.2025 03:42:27; 20.750
 19.12.2025 03:45:26; 20.750
 19.12.2025 03:48:27; 20.688
 19.12.2025 03:51:27; 20.625
 19.12.2025 03:54:26; 20.625
 19.12.2025 03:57:27; 20.563
 19.12.2025 04:00:27; 20.500
 19.12.2025 04:03:26; 20.500
 19.12.2025 04:06:27; 20.438
 19.12.2025 04:09:26; 20.438
 19.12.2025 04:12:26; 20.438
 19.12.2025 04:15:27; 20.375
 19.12.2025 04:18:26; 20.313
 19.12.2025 04:21:26; 20.313
 19.12.2025 04:24:27; 20.313
 19.12.2025 04:27:27; 20.313
 19.12.2025 04:30:26; 20.313
 19.12.2025 04:33:27; 20.250
 19.12.2025 04:36:27; 20.250
 19.12.2025 04:39:26; 20.250
 19.12.2025 04:42:27; 20.188
 19.12.2025 04:45:27; 20.125
 19.12.2025 04:48:26; 20.125
 19.12.2025 04:51:27; 20.063
 19.12.2025 04:54:26; 20.000
 19.12.2025 04:57:26; 19.938
 19.12.2025 05:00:27; 19.875
 19.12.2025 05:03:26; 19.875
 19.12.2025 05:06:26; 19.813
 19.12.2025 05:09:27; 19.813
 19.12.2025 05:12:27; 19.813
 19.12.2025 05:15:26; 19.813
 19.12.2025 05:18:27; 19.813
 19.12.2025 05:21:27; 19.750
 19.12.2025 05:24:26; 19.688
 19.12.2025 05:27:27; 19.625
 19.12.2025 05:30:27; 19.563
 19.12.2025 05:33:26; 19.500
 19.12.2025 05:36:27; 19.500
 19.12.2025 05:39:26; 19.438
 19.12.2025 05:42:26; 19.375
 19.12.2025 05:45:27; 19.375
 19.12.2025 05:48:26; 19.375
 19.12.2025 05:51:26; 19.375
 19.12.2025 05:54:27; 19.375
 19.12.2025 05:57:27; 19.438
 19.12.2025 06:00:26; 19.500
 19.12.2025 06:03:27; 19.563
 19.12.2025 06:06:27; 19.500
 19.12.2025 06:09:26; 19.500
 19.12.2025 06:12:27; 19.438
 19.12.2025 06:15:27; 19.438
 19.12.2025 06:18:26; 19.313
 19.12.2025 06:21:27; 19.313
 19.12.2025 06:24:26; 19.313
 19.12.2025 06:27:26; 19.313
 19.12.2025 06:30:27; 19.250
 19.12.2025 06:33:26; 19.188
 19.12.2025 06:36:26; 19.063
 19.12.2025 06:39:27; 19.000
 19.12.2025 06:42:27; 18.938
 19.12.2025 06:45:26; 18.938
 19.12.2025 06:48:27; 18.875
 19.12.2025 06:51:27; 18.813
 19.12.2025 06:54:26; 18.750
 19.12.2025 06:57:27; 18.688
 19.12.2025 07:00:27; 18.625
 19.12.2025 07:03:26; 18.563
 19.12.2025 07:06:27; 18.500
 19.12.2025 07:09:26; 18.438
 19.12.2025 07:12:26; 18.375
 19.12.2025 07:15:27; 18.313
 19.12.2025 07:18:26; 18.250
 19.12.2025 07:21:26; 18.188
 19.12.2025 07:24:27; 18.125
 19.12.2025 07:27:27; 18.125
 19.12.2025 07:30:26; 18.125
 19.12.2025 07:33:27; 18.125
 19.12.2025 07:36:27; 18.125
 19.12.2025 07:39:26; 18.063
 19.12.2025 07:42:27; 18.063
 19.12.2025 07:45:27; 18.000
 19.12.2025 07:48:26; 17.938
 19.12.2025 07:51:27; 17.938
 19.12.2025 07:54:26; 17.875
 19.12.2025 07:57:26; 17.813
 19.12.2025 08:00:27; 17.813
 19.12.2025 08:03:26; 17.813
 19.12.2025 08:06:26; 17.750
 19.12.2025 08:09:27; 17.750
 19.12.2025 08:12:27; 17.688
 19.12.2025 08:15:26; 17.688
 19.12.2025 08:18:27; 17.625
 19.12.2025 08:21:27; 17.625
 19.12.2025 08:24:26; 17.563
 19.12.2025 08:27:27; 17.563
 19.12.2025 08:30:27; 17.500
 19.12.2025 08:33:26; 17.438
 19.12.2025 08:36:27; 17.438
 19.12.2025 08:39:26; 17.438
 19.12.2025 08:42:26; 17.438
 19.12.2025 08:45:27; 17.375
 19.12.2025 08:48:26; 17.375
 19.12.2025 08:51:26; 17.375
 19.12.2025 08:54:27; 17.375
 19.12.2025 08:57:27; 17.375
 19.12.2025 09:00:26; 17.375
 19.12.2025 09:03:27; 17.313
 19.12.2025 09:06:27; 17.313
 19.12.2025 09:09:26; 17.313
 19.12.2025 09:12:27; 17.250
 19.12.2025 09:15:27; 17.250
 19.12.2025 09:18:26; 17.250
 19.12.2025 09:21:27; 17.188
 19.12.2025 09:24:26; 17.188
 19.12.2025 09:27:26; 17.125
 19.12.2025 09:30:27; 17.125
 19.12.2025 09:33:26; 17.125
 19.12.2025 09:36:26; 17.125
 19.12.2025 09:39:27; 17.125
 19.12.2025 09:42:27; 17.063
 19.12.2025 09:45:26; 17.063
 19.12.2025 09:48:27; 17.000
 19.12.2025 09:51:27; 17.000
 19.12.2025 09:54:26; 17.000
 19.12.2025 09:57:27; 17.000
 19.12.2025 10:00:27; 17.000
 19.12.2025 10:03:26; 17.000
 19.12.2025 10:06:27; 17.063
 19.12.2025 10:09:26; 17.188
 19.12.2025 10:12:26; 17.313
 19.12.2025 10:15:27; 17.438
 19.12.2025 10:18:26; 17.500
 19.12.2025 10:21:26; 17.625
 19.12.2025 10:24:27; 17.750
 19.12.2025 10:27:27; 17.875
 19.12.2025 10:30:26; 17.875
 19.12.2025 10:33:27; 17.938
 19.12.2025 10:36:27; 18.000
 19.12.2025 10:39:26; 18.063
 19.12.2025 10:42:27; 18.188
 19.12.2025 10:45:27; 18.250
 19.12.2025 10:48:26; 18.313
 19.12.2025 10:51:27; 18.375
 19.12.2025 10:54:26; 18.500
 19.12.2025 10:57:26; 18.625
 19.12.2025 11:00:27; 18.688
 19.12.2025 11:03:26; 18.750
 19.12.2025 11:06:26; 18.813
 19.12.2025 11:09:27; 18.938
 19.12.2025 11:12:27; 19.000
 19.12.2025 11:15:26; 19.063
 19.12.2025 11:18:27; 19.125
 19.12.2025 11:21:27; 19.250
 19.12.2025 11:24:26; 19.375
 19.12.2025 11:27:27; 19.500
 19.12.2025 11:30:27; 19.625
 19.12.2025 11:33:26; 19.750
 19.12.2025 11:36:27; 19.938
 19.12.2025 11:39:26; 20.063
 19.12.2025 11:42:26; 20.250
 19.12.2025 11:45:27; 20.438
 19.12.2025 11:48:26; 20.563
 19.12.2025 11:51:26; 20.688
 19.12.2025 11:54:27; 20.813
 19.12.2025 11:57:27; 21.000
 19.12.2025 12:00:26; 21.188
 19.12.2025 12:03:27; 21.313
 19.12.2025 12:06:27; 21.438
 19.12.2025 12:09:26; 21.625
 19.12.2025 12:12:27; 21.813
 19.12.2025 12:15:27; 22.000
 19.12.2025 12:18:26; 22.125
 19.12.2025 12:21:27; 22.313
 19.12.2025 12:24:26; 22.500
 19.12.2025 12:27:26; 22.688
 19.12.2025 12:30:27; 22.875
 19.12.2025 12:33:26; 23.063
 19.12.2025 12:36:26; 23.250
 19.12.2025 12:39:27; 23.438
 19.12.2025 12:42:27; 23.563
 19.12.2025 12:45:26; 23.688
 19.12.2025 12:48:27; 23.813
 19.12.2025 12:51:27; 23.938
 19.12.2025 12:54:26; 24.125
 19.12.2025 12:57:27; 24.313
 19.12.2025 13:00:27; 24.438
 19.12.2025 13:03:26; 24.625
 19.12.2025 13:06:27; 24.813
 19.12.2025 13:09:26; 24.938
 19.12.2025 13:12:26; 25.063
 19.12.2025 13:15:27; 25.125
 19.12.2025 13:18:26; 25.188
 19.12.2025 13:21:26; 25.313
 19.12.2025 13:24:27; 25.375
 19.12.2025 13:27:27; 25.438
 19.12.2025 13:30:26; 25.563
 19.12.2025 13:33:27; 25.688
 19.12.2025 13:36:27; 25.813
 19.12.2025 13:39:26; 25.875
 19.12.2025 13:42:27; 26.000
 19.12.2025 13:45:27; 26.063
 19.12.2025 13:48:26; 26.188
 19.12.2025 13:51:27; 26.250
 19.12.2025 13:54:26; 26.313
 19.12.2025 13:57:26; 26.125
 19.12.2025 14:00:27; 26.188
 19.12.2025 14:03:26; 26.250
 19.12.2025 14:06:26; 26.313
 19.12.2025 14:09:27; 26.313
 19.12.2025 14:12:27; 26.438
 19.12.2025 14:15:26; 26.438
 19.12.2025 14:18:27; 26.625
 19.12.2025 14:21:27; 26.875
 19.12.2025 14:24:26; 27.000
 19.12.2025 14:27:27; 27.188
 19.12.2025 14:30:27; 27.375
 19.12.2025 14:33:26; 27.438
 19.12.2025 14:36:27; 27.563
 19.12.2025 14:39:26; 27.688
 19.12.2025 14:42:26; 27.688
 19.12.2025 14:45:27; 27.813
 19.12.2025 14:48:26; 27.938
 19.12.2025 14:51:26; 28.000
 19.12.2025 14:54:27; 28.250
 19.12.2025 14:57:27; 28.063
 19.12.2025 15:00:26; 28.125
 19.12.2025 15:03:27; 28.313
 19.12.2025 15:06:27; 28.125
 19.12.2025 15:09:26; 28.125
 19.12.2025 15:12:27; 28.438
 19.12.2025 15:15:27; 28.750
 19.12.2025 15:18:26; 29.063
 19.12.2025 15:21:27; 29.125
 19.12.2025 15:24:26; 29.313
 19.12.2025 15:27:26; 29.125
 19.12.2025 15:30:27; 29.313
 19.12.2025 15:33:26; 29.500
 19.12.2025 15:36:26; 29.938
 19.12.2025 15:39:27; 30.313
 19.12.2025 15:42:27; 30.500
 19.12.2025 15:45:26; 30.500
 19.12.2025 15:48:27; 30.688
 19.12.2025 15:51:27; 30.938
 19.12.2025 15:54:26; 30.875
 19.12.2025 15:57:27; 31.125
 19.12.2025 16:00:27; 30.938
 19.12.2025 16:03:26; 31.313
 19.12.2025 16:06:27; 31.750
 19.12.2025 16:09:26; 32.063
 19.12.2025 16:12:26; 31.813
 19.12.2025 16:15:27; 31.938
 19.12.2025 16:18:26; 31.938
 19.12.2025 16:21:26; 31.750
 19.12.2025 16:24:27; 31.938
 19.12.2025 16:27:27; 32.000
 19.12.2025 16:30:26; 32.188
 19.12.2025 16:33:27; 32.375
 19.12.2025 16:36:27; 32.563
 19.12.2025 16:39:26; 32.438
 19.12.2025 16:42:27; 32.313
 19.12.2025 16:45:27; 32.563
 19.12.2025 16:48:26; 32.938
 19.12.2025 16:51:27; 33.188
 19.12.2025 16:54:26; 33.063
 19.12.2025 16:57:26; 33.438
 19.12.2025 17:00:27; 33.563
 19.12.2025 17:03:26; 33.438
 19.12.2025 17:06:26; 33.875
 19.12.2025 17:09:27; 34.063
 19.12.2025 17:12:27; 33.750
 19.12.2025 17:15:26; 33.875
 19.12.2025 17:18:27; 33.625
 19.12.2025 17:21:27; 33.938
 19.12.2025 17:24:26; 34.313
 19.12.2025 17:27:27; 34.875
 19.12.2025 17:30:27; 35.313
 19.12.2025 17:33:26; 35.563
 19.12.2025 17:36:27; 36.125
 19.12.2025 17:39:26; 36.313
 19.12.2025 17:42:26; 36.625
 19.12.2025 17:45:27; 36.250
 19.12.2025 17:48:26; 36.625
 19.12.2025 17:51:26; 37.313
 19.12.2025 17:54:27; 37.625
 19.12.2025 17:57:27; 38.125
 19.12.2025 18:00:26; 38.938
 19.12.2025 18:03:27; 39.563
 19.12.2025 18:06:27; 39.625
 19.12.2025 18:09:26; 39.688
 19.12.2025 18:12:27; 39.813
 19.12.2025 18:15:27; 40.313
 19.12.2025 18:18:26; 40.375
 19.12.2025 18:21:27; 41.000
 19.12.2025 18:24:26; 40.875
 19.12.2025 18:27:26; 40.563
 19.12.2025 18:30:27; 41.250
 19.12.2025 18:33:26; 41.188
 19.12.2025 18:36:26; 41.938
 19.12.2025 18:39:27; 41.375
 19.12.2025 18:42:27; 40.875
 19.12.2025 18:45:26; 41.438
 19.12.2025 18:48:27; 41.438
 19.12.2025 18:51:27; 40.813
 19.12.2025 18:54:26; 40.688
 19.12.2025 18:57:27; 40.250
 19.12.2025 19:00:27; 40.750
 19.12.2025 19:03:26; 41.188
 19.12.2025 19:06:27; 41.875
 19.12.2025 19:09:26; 42.750
 19.12.2025 19:12:26; 43.125
 19.12.2025 19:15:27; 43.125
 19.12.2025 19:18:26; 43.250
 19.12.2025 19:21:26; 43.375
 19.12.2025 19:24:27; 44.125
 19.12.2025 19:27:27; 43.125
 19.12.2025 19:30:26; 42.438
 19.12.2025 19:33:27; 42.563
 19.12.2025 19:36:27; 42.563
 19.12.2025 19:39:26; 43.063
 19.12.2025 19:42:27; 43.000
 19.12.2025 19:45:27; 41.875
 19.12.2025 19:48:26; 41.938
 19.12.2025 19:51:27; 42.438
 19.12.2025 19:54:26; 41.250
 19.12.2025 19:57:26; 40.688
 19.12.2025 20:00:27; 40.438
 19.12.2025 20:03:26; 40.375
 19.12.2025 20:06:26; 40.563
 19.12.2025 20:09:27; 40.750
 19.12.2025 20:12:27; 40.813
 19.12.2025 20:15:26; 40.500
 19.12.2025 20:18:27; 40.125
 19.12.2025 20:21:27; 39.750
 19.12.2025 20:24:26; 39.250
 19.12.2025 20:27:27; 38.813
 19.12.2025 20:30:27; 38.625
 19.12.2025 20:33:26; 39.000
 19.12.2025 20:36:27; 39.875
 19.12.2025 20:39:26; 40.438
 19.12.2025 20:42:26; 40.688
 19.12.2025 20:45:27; 41.000
 19.12.2025 20:48:26; 40.313
 19.12.2025 20:51:26; 39.500
 19.12.2025 20:54:27; 39.500
 19.12.2025 20:57:27; 39.438
 19.12.2025 21:00:26; 39.938
 19.12.2025 21:03:27; 40.250
 19.12.2025 21:06:27; 40.625
 19.12.2025 21:09:26; 39.500
 19.12.2025 21:12:27; 36.750
 19.12.2025 21:15:27; 34.813
 19.12.2025 21:18:26; 33.750
 19.12.2025 21:21:27; 32.313
 19.12.2025 21:24:26; 31.313
 19.12.2025 21:27:26; 30.938
 19.12.2025 21:30:27; 30.188
 19.12.2025 21:33:26; 29.375
 19.12.2025 21:36:26; 28.938
 19.12.2025 21:39:27; 28.563
 19.12.2025 21:42:27; 28.188
 19.12.2025 21:45:26; 27.938
 19.12.2025 21:48:27; 27.625
 19.12.2025 21:51:27; 27.313
 19.12.2025 21:54:26; 26.938
 19.12.2025 21:57:27; 26.750
 19.12.2025 22:00:27; 26.500
 19.12.2025 22:03:26; 26.250
 19.12.2025 22:06:27; 26.000
 19.12.2025 22:09:26; 25.750
 19.12.2025 22:12:26; 25.625
 19.12.2025 22:15:27; 25.438
 19.12.2025 22:18:26; 25.250
 19.12.2025 22:21:26; 25.063
 19.12.2025 22:24:27; 24.875
 19.12.2025 22:27:27; 24.750
 19.12.2025 22:30:26; 24.625
 19.12.2025 22:33:27; 24.500
 19.12.2025 22:36:27; 24.438
 19.12.2025 22:39:26; 24.313
 19.12.2025 22:42:27; 24.188
 19.12.2025 22:45:27; 24.063
 19.12.2025 22:48:26; 24.000
 19.12.2025 22:51:27; 23.875
 19.12.2025 22:54:26; 23.813
 19.12.2025 22:57:26; 23.688
 19.12.2025 23:00:27; 23.625
 19.12.2025 23:03:26; 23.500
 19.12.2025 23:06:26; 23.438
 19.12.2025 23:09:27; 23.375
 19.12.2025 23:12:27; 23.313
 19.12.2025 23:15:26; 23.250
 19.12.2025 23:18:27; 23.125
 19.12.2025 23:21:27; 23.063
 19.12.2025 23:24:26; 22.938
 19.12.2025 23:27:27; 22.875
 19.12.2025 23:30:27; 22.813
 19.12.2025 23:33:26; 22.750
 19.12.2025 23:36:27; 22.625
 19.12.2025 23:39:26; 22.563
 19.12.2025 23:42:26; 22.563
 19.12.2025 23:45:27; 22.500
 19.12.2025 23:48:26; 22.438
 19.12.2025 23:51:26; 22.375
 19.12.2025 23:54:27; 22.375
 19.12.2025 23:57:27; 22.313
 20.12.2025 00:00:26; 22.250
 20.12.2025 00:03:27; 22.188
 20.12.2025 00:06:27; 22.125
 20.12.2025 00:09:26; 22.063
 20.12.2025 00:12:27; 22.000
 20.12.2025 00:15:27; 21.938
 20.12.2025 00:18:26; 21.875
 20.12.2025 00:21:27; 21.813
 20.12.2025 00:24:26; 21.813
 20.12.2025 00:27:26; 21.688
 20.12.2025 00:30:27; 21.688
 20.12.2025 00:33:26; 21.688
 20.12.2025 00:36:26; 21.625
 20.12.2025 00:39:27; 21.563
 20.12.2025 00:42:27; 21.563
 20.12.2025 00:45:26; 21.500
 20.12.2025 00:48:27; 21.500
 20.12.2025 00:51:27; 21.500
 20.12.2025 00:54:26; 21.500
 20.12.2025 00:57:27; 21.500
 20.12.2025 01:00:27; 21.500
 20.12.2025 01:03:26; 21.563
 20.12.2025 01:06:27; 21.438
 20.12.2025 01:09:26; 21.375
 20.12.2025 01:12:26; 21.250
 20.12.2025 01:15:27; 21.188
 20.12.2025 01:18:26; 21.063
 20.12.2025 01:21:26; 21.000
 20.12.2025 01:24:27; 20.875
 20.12.2025 01:27:27; 20.750
 20.12.2025 01:30:26; 20.688
 20.12.2025 01:33:27; 20.625
 20.12.2025 01:36:27; 20.500
 20.12.2025 01:39:26; 20.500
 20.12.2025 01:42:27; 20.500
 20.12.2025 01:45:27; 20.375
 20.12.2025 01:48:26; 20.438
 20.12.2025 01:51:27; 20.375
 20.12.2025 01:54:26; 20.438
 20.12.2025 01:57:26; 20.438
 20.12.2025 02:00:27; 20.438
 20.12.2025 02:03:26; 20.500
 20.12.2025 02:06:26; 20.563
 20.12.2025 02:09:27; 20.500
 20.12.2025 02:12:27; 20.563
 20.12.2025 02:15:26; 20.625
 20.12.2025 02:18:27; 20.750
 20.12.2025 02:21:27; 20.813
 20.12.2025 02:24:26; 20.750
 20.12.2025 02:27:27; 20.750
 20.12.2025 02:30:27; 20.750
 20.12.2025 02:33:26; 20.688
 20.12.2025 02:36:27; 20.625
 20.12.2025 02:39:26; 20.625
 20.12.2025 02:42:26; 20.625
 20.12.2025 02:45:27; 20.625
 20.12.2025 02:48:26; 20.563
 20.12.2025 02:51:26; 20.688
 20.12.2025 02:54:27; 20.688
 20.12.2025 02:57:27; 20.625
 20.12.2025 03:00:26; 20.625
 20.12.2025 03:03:27; 20.625
 20.12.2025 03:06:27; 20.500
 20.12.2025 03:09:26; 20.438
 20.12.2025 03:12:27; 20.375
 20.12.2025 03:15:27; 20.250
 20.12.2025 03:18:26; 20.188
 20.12.2025 03:21:27; 20.125
 20.12.2025 03:24:26; 20.000
 20.12.2025 03:27:26; 20.000
 20.12.2025 03:30:27; 19.938
 20.12.2025 03:33:26; 19.875
 20.12.2025 03:36:26; 19.813
 20.12.2025 03:39:27; 19.750
 20.12.2025 03:42:27; 19.813
 20.12.2025 03:45:26; 19.875
 20.12.2025 03:48:27; 19.813
 20.12.2025 03:51:27; 19.750
 20.12.2025 03:54:26; 19.688
 20.12.2025 03:57:27; 19.688
 20.12.2025 04:00:27; 19.625
 20.12.2025 04:03:26; 19.563
 20.12.2025 04:06:27; 19.500
 20.12.2025 04:09:26; 19.438
 20.12.2025 04:12:26; 19.313
 20.12.2025 04:15:27; 19.250
 20.12.2025 04:18:26; 19.125
 20.12.2025 04:21:26; 19.125
 20.12.2025 04:24:27; 19.063
 20.12.2025 04:27:27; 19.000
 20.12.2025 04:30:26; 18.875
 20.12.2025 04:33:27; 18.813
 20.12.2025 04:36:27; 18.813
 20.12.2025 04:39:26; 18.688
 20.12.2025 04:42:27; 18.688
 20.12.2025 04:45:27; 18.750
 20.12.2025 04:48:26; 18.938
 20.12.2025 04:51:27; 18.938
 20.12.2025 04:54:26; 18.875
 20.12.2025 04:57:26; 18.750
 20.12.2025 05:00:27; 19.000
 20.12.2025 05:03:26; 19.063
 20.12.2025 05:06:26; 19.313
 20.12.2025 05:09:27; 19.313
 20.12.2025 05:12:27; 19.125
 20.12.2025 05:15:26; 19.000
 20.12.2025 05:18:27; 18.875
 20.12.2025 05:21:27; 18.750
 20.12.2025 05:24:26; 18.688
 20.12.2025 05:27:27; 18.563
 20.12.2025 05:30:27; 18.500
 20.12.2025 05:33:26; 18.563
 20.12.2025 05:36:27; 18.625
 20.12.2025 05:39:26; 18.625
 20.12.2025 05:42:26; 18.563
 20.12.2025 05:45:27; 18.500
 20.12.2025 05:48:26; 18.500
 20.12.2025 05:51:26; 18.500
 20.12.2025 05:54:27; 18.500
 20.12.2025 05:57:27; 18.500
 20.12.2025 06:00:26; 18.438
 20.12.2025 06:03:27; 18.375
 20.12.2025 06:06:27; 18.438
 20.12.2025 06:09:26; 18.438
 20.12.2025 06:12:27; 18.375
 20.12.2025 06:15:27; 18.438
 20.12.2025 06:18:26; 18.438
 20.12.2025 06:21:27; 18.438
 20.12.2025 06:24:26; 18.500
 20.12.2025 06:27:26; 18.438
 20.12.2025 06:30:27; 18.438
 20.12.2025 06:33:26; 18.375
 20.12.2025 06:36:26; 18.313
 20.12.2025 06:39:27; 18.313
 20.12.2025 06:42:27; 18.250
 20.12.2025 06:45:26; 18.250
 20.12.2025 06:48:27; 18.188
 20.12.2025 06:51:27; 18.250
 20.12.2025 06:54:26; 18.188
 20.12.2025 06:57:27; 18.188
 20.12.2025 07:00:27; 18.125
 20.12.2025 07:03:26; 18.063
 20.12.2025 07:06:27; 18.063
 20.12.2025 07:09:26; 18.000
 20.12.2025 07:12:26; 17.938
 20.12.2025 07:15:27; 17.938
 20.12.2025 07:18:26; 17.875
 20.12.2025 07:21:26; 17.813
 20.12.2025 07:24:27; 17.813
 20.12.2025 07:27:27; 17.750
 20.12.2025 07:30:26; 17.688
 20.12.2025 07:33:27; 17.625
 20.12.2025 07:36:27; 17.563
 20.12.2025 07:39:26; 17.500
 20.12.2025 07:42:27; 17.438
 20.12.2025 07:45:27; 17.438
 20.12.2025 07:48:26; 17.375
 20.12.2025 07:51:27; 17.313
 20.12.2025 07:54:26; 17.188
 20.12.2025 07:57:26; 17.188
 20.12.2025 08:00:27; 17.125
 20.12.2025 08:03:26; 17.063
 20.12.2025 08:06:26; 17.063
 20.12.2025 08:09:27; 17.063
 20.12.2025 08:12:27; 17.000
 20.12.2025 08:15:26; 16.938
 20.12.2025 08:18:27; 17.000
 20.12.2025 08:21:27; 17.000
 20.12.2025 08:24:26; 17.000
 20.12.2025 08:27:27; 17.000
 20.12.2025 08:30:27; 16.938
 20.12.2025 08:33:26; 16.938
 20.12.2025 08:36:27; 16.875
 20.12.2025 08:39:26; 16.813
 20.12.2025 08:42:26; 16.750
 20.12.2025 08:45:27; 16.750
 20.12.2025 08:48:26; 16.750
 20.12.2025 08:51:26; 16.750
 20.12.2025 08:54:27; 16.688
 20.12.2025 08:57:27; 16.625
 20.12.2025 09:00:26; 16.688
 20.12.2025 09:03:27; 16.625
 20.12.2025 09:06:27; 16.625
 20.12.2025 09:09:26; 16.625
 20.12.2025 09:12:27; 16.563
 20.12.2025 09:15:27; 16.500
 20.12.2025 09:18:26; 16.500
 20.12.2025 09:21:27; 16.438
 20.12.2025 09:24:26; 16.500
 20.12.2025 09:27:26; 16.500
 20.12.2025 09:30:27; 16.438
 20.12.2025 09:33:26; 16.500
 20.12.2025 09:36:26; 16.438
 20.12.2025 09:39:27; 16.375
 20.12.2025 09:42:27; 16.375
 20.12.2025 09:45:26; 16.375
 20.12.2025 09:48:27; 16.313
 20.12.2025 09:51:27; 16.313
 20.12.2025 09:54:26; 16.250
 20.12.2025 09:57:27; 16.250
 20.12.2025 10:00:27; 16.250
 20.12.2025 10:03:26; 16.250
 20.12.2025 10:06:27; 16.188
 20.12.2025 10:09:26; 16.188
 20.12.2025 10:12:26; 16.188
 20.12.2025 10:15:27; 16.250
 20.12.2025 10:18:26; 16.250
 20.12.2025 10:21:26; 16.250
 20.12.2025 10:24:27; 16.313
 20.12.2025 10:27:27; 16.313
 20.12.2025 10:30:26; 16.375
 20.12.2025 10:33:27; 16.375
 20.12.2025 10:36:27; 16.438
 20.12.2025 10:39:26; 16.438
 20.12.2025 10:42:27; 16.500
 20.12.2025 10:45:27; 16.500
 20.12.2025 10:48:26; 16.688
 20.12.2025 10:51:27; 16.750
 20.12.2025 10:54:26; 16.813
 20.12.2025 10:57:26; 16.875
 20.12.2025 11:00:27; 16.875
 20.12.2025 11:03:26; 16.938
 20.12.2025 11:06:26; 17.000
 20.12.2025 11:09:27; 17.125
 20.12.2025 11:12:27; 17.250
 20.12.2025 11:15:26; 17.375
 20.12.2025 11:18:27; 17.563
 20.12.2025 11:21:27; 17.750
 20.12.2025 11:24:26; 17.875
 20.12.2025 11:27:27; 18.000
 20.12.2025 11:30:27; 18.125
 20.12.2025 11:33:26; 18.250
 20.12.2025 11:36:27; 18.438
 20.12.2025 11:39:26; 18.500
 20.12.2025 11:42:26; 18.625
 20.12.2025 11:45:27; 18.750
 20.12.2025 11:48:26; 18.938
 20.12.2025 11:51:26; 19.125
 20.12.2025 11:54:27; 19.250
 20.12.2025 11:57:27; 19.438
 20.12.2025 12:00:26; 19.688
 20.12.2025 12:03:27; 19.813
 20.12.2025 12:06:27; 19.938
 20.12.2025 12:09:26; 20.125
 20.12.2025 12:12:27; 20.313
 20.12.2025 12:15:27; 20.500
 20.12.2025 12:18:26; 20.563
 20.12.2025 12:21:27; 20.688
 20.12.2025 12:24:26; 20.875
 20.12.2025 12:27:26; 21.063
 20.12.2025 12:30:27; 21.188
 20.12.2025 12:33:26; 21.313
 20.12.2025 12:36:26; 21.375
 20.12.2025 12:39:27; 21.500
 20.12.2025 12:42:27; 21.625
 20.12.2025 12:45:26; 21.813
 20.12.2025 12:48:27; 21.938
 20.12.2025 12:51:27; 22.063
 20.12.2025 12:54:26; 22.188
 20.12.2025 12:57:27; 22.313
 20.12.2025 13:00:27; 22.438
 20.12.2025 13:03:26; 22.563
 20.12.2025 13:06:27; 22.688
 20.12.2025 13:09:26; 22.813
 20.12.2025 13:12:26; 22.938
 20.12.2025 13:15:27; 23.063
 20.12.2025 13:18:26; 23.000
 20.12.2025 13:21:26; 23.125
 20.12.2025 13:24:27; 23.250
 20.12.2025 13:27:27; 23.313
 20.12.2025 13:30:26; 23.500
 20.12.2025 13:33:27; 23.688
 20.12.2025 13:36:27; 23.750
 20.12.2025 13:39:26; 23.875
 20.12.2025 13:42:27; 23.938
 20.12.2025 13:45:27; 24.063
 20.12.2025 13:48:26; 24.313
 20.12.2025 13:51:27; 24.375
 20.12.2025 13:54:26; 24.438
 20.12.2025 13:57:26; 24.563
 20.12.2025 14:00:27; 24.563
 20.12.2025 14:03:26; 24.625
 20.12.2025 14:06:26; 24.813
 20.12.2025 14:09:27; 24.938
 20.12.2025 14:12:27; 25.000
 20.12.2025 14:15:26; 25.063
 20.12.2025 14:18:27; 25.188
 20.12.2025 14:21:27; 25.313
 20.12.2025 14:24:26; 25.313
 20.12.2025 14:27:27; 25.438
 20.12.2025 14:30:27; 25.500
 20.12.2025 14:33:26; 25.625
 20.12.2025 14:36:27; 25.813
 20.12.2025 14:39:26; 25.875
 20.12.2025 14:42:26; 26.000
 20.12.2025 14:45:27; 26.125
 20.12.2025 14:48:26; 26.125
 20.12.2025 14:51:26; 26.250
 20.12.2025 14:54:27; 26.313
 20.12.2025 14:57:27; 26.313
 20.12.2025 15:00:26; 26.375
 20.12.2025 15:03:27; 26.563
 20.12.2025 15:06:27; 26.688
 20.12.2025 15:09:26; 26.875
 20.12.2025 15:12:27; 27.000
 20.12.2025 15:15:27; 27.125
 20.12.2025 15:18:26; 27.125
 20.12.2025 15:21:27; 27.438
 20.12.2025 15:24:26; 27.688
 20.12.2025 15:27:26; 27.813
 20.12.2025 15:30:27; 27.938
 20.12.2025 15:33:26; 28.063
 20.12.2025 15:36:26; 28.313
 20.12.2025 15:39:27; 28.500
 20.12.2025 15:42:27; 28.750
 20.12.2025 15:45:26; 28.875
 20.12.2025 15:48:27; 29.063
 20.12.2025 15:51:27; 29.000
 20.12.2025 15:54:26; 28.938
 20.12.2025 15:57:27; 29.125
 20.12.2025 16:00:27; 29.250
 20.12.2025 16:03:26; 29.438
 20.12.2025 16:06:27; 29.563
 20.12.2025 16:09:26; 29.813
 20.12.2025 16:12:26; 29.813
 20.12.2025 16:15:27; 29.938
 20.12.2025 16:18:26; 29.875
 20.12.2025 16:21:26; 30.188
 20.12.2025 16:24:27; 30.375
 20.12.2025 16:27:27; 30.813
 20.12.2025 16:30:26; 30.813
 20.12.2025 16:33:27; 30.813
 20.12.2025 16:36:27; 30.750
 20.12.2025 16:39:26; 30.750
 20.12.2025 16:42:27; 30.813
 20.12.2025 16:45:27; 30.938
 20.12.2025 16:48:26; 31.188
 20.12.2025 16:51:27; 31.250
 20.12.2025 16:54:26; 31.313
 20.12.2025 16:57:26; 31.438
 20.12.2025 17:00:27; 31.625
 20.12.2025 17:03:26; 31.688
 20.12.2025 17:06:26; 32.125
 20.12.2025 17:09:27; 32.313
 20.12.2025 17:12:27; 32.500
 20.12.2025 17:15:26; 32.750
 20.12.2025 17:18:27; 33.000
 20.12.2025 17:21:27; 33.250
 20.12.2025 17:24:26; 33.500
 20.12.2025 17:27:27; 33.688
 20.12.2025 17:30:27; 33.938
 20.12.2025 17:33:26; 34.063
 20.12.2025 17:36:27; 34.625
 20.12.2025 17:39:26; 34.875
 20.12.2025 17:42:26; 35.313
 20.12.2025 17:45:27; 35.250
 20.12.2025 17:48:26; 35.375
 20.12.2025 17:51:26; 35.938
 20.12.2025 17:54:27; 36.563
 20.12.2025 17:57:27; 37.063
 20.12.2025 18:00:26; 37.313
 20.12.2025 18:03:27; 37.375
 20.12.2025 18:06:27; 37.938
 20.12.2025 18:09:26; 38.250
 20.12.2025 18:12:27; 38.625
 20.12.2025 18:15:27; 39.250
 20.12.2025 18:18:26; 39.188
 20.12.2025 18:21:27; 39.438
 20.12.2025 18:24:26; 39.625
 20.12.2025 18:27:26; 39.938
 20.12.2025 18:30:27; 40.375
 20.12.2025 18:33:26; 40.188
 20.12.2025 18:36:26; 40.188
 20.12.2025 18:39:27; 40.250
 20.12.2025 18:42:27; 40.625
 20.12.2025 18:45:26; 40.500
 20.12.2025 18:48:27; 40.938
 20.12.2025 18:51:27; 41.375
 20.12.2025 18:54:26; 41.688
 20.12.2025 18:57:27; 42.063
 20.12.2025 19:00:27; 42.813
 20.12.2025 19:03:26; 42.875
 20.12.2025 19:06:27; 42.813
 20.12.2025 19:09:26; 43.063
 20.12.2025 19:12:26; 43.625
 20.12.2025 19:15:27; 44.125
 20.12.2025 19:18:26; 43.750
 20.12.2025 19:21:26; 44.125
 20.12.2025 19:24:27; 44.563
 20.12.2025 19:27:27; 44.750
 20.12.2025 19:30:26; 45.063
 20.12.2025 19:33:27; 44.938
 20.12.2025 19:36:27; 44.688
 20.12.2025 19:39:26; 45.000
 20.12.2025 19:42:27; 45.000
 20.12.2025 19:45:27; 45.625
 20.12.2025 19:48:26; 45.250
 20.12.2025 19:51:27; 45.000
 20.12.2025 19:54:26; 44.813
 20.12.2025 19:57:26; 44.688
 20.12.2025 20:00:27; 44.875
 20.12.2025 20:03:26; 44.875
 20.12.2025 20:06:26; 45.188
 20.12.2025 20:09:27; 45.250
 20.12.2025 20:12:27; 45.500
 20.12.2025 20:15:26; 45.813
 20.12.2025 20:18:27; 45.938
 20.12.2025 20:21:27; 45.750
 20.12.2025 20:24:26; 45.875
 20.12.2025 20:27:27; 45.875
 20.12.2025 20:30:27; 45.875
 20.12.2025 20:33:26; 45.750
 20.12.2025 20:36:27; 45.563
 20.12.2025 20:39:26; 45.375
 20.12.2025 20:42:26; 45.125
 20.12.2025 20:45:27; 44.813
 20.12.2025 20:48:26; 44.875
 20.12.2025 20:51:26; 44.938
 20.12.2025 20:54:27; 44.813
 20.12.2025 20:57:27; 44.938
 20.12.2025 21:00:26; 45.188
 20.12.2025 21:03:27; 45.375
 20.12.2025 21:06:27; 44.875
 20.12.2025 21:09:26; 43.250
 20.12.2025 21:12:27; 39.500
 20.12.2025 21:15:27; 36.813
 20.12.2025 21:18:26; 35.000
 20.12.2025 21:21:27; 33.188
 20.12.2025 21:24:26; 32.438
 20.12.2025 21:27:26; 32.125
 20.12.2025 21:30:27; 31.375
 20.12.2025 21:33:26; 30.438
 20.12.2025 21:36:26; 29.813
 20.12.2025 21:39:27; 29.188
 20.12.2025 21:42:27; 28.750
 20.12.2025 21:45:26; 28.250
 20.12.2025 21:48:27; 27.875
 20.12.2025 21:51:27; 27.500
 20.12.2025 21:54:26; 27.313
 20.12.2025 21:57:27; 27.063
 20.12.2025 22:00:27; 26.875
 20.12.2025 22:03:26; 26.625
 20.12.2025 22:06:27; 26.438
 20.12.2025 22:09:26; 26.313
 20.12.2025 22:12:26; 26.125
 20.12.2025 22:15:27; 26.000
 20.12.2025 22:18:26; 25.813
 20.12.2025 22:21:26; 25.688
 20.12.2025 22:24:27; 25.563
 20.12.2025 22:27:27; 25.563
 20.12.2025 22:30:26; 25.375
 20.12.2025 22:33:27; 25.250
 20.12.2025 22:36:27; 25.000
 20.12.2025 22:39:26; 24.875
 20.12.2025 22:42:27; 24.625
 20.12.2025 22:45:27; 24.500
 20.12.2025 22:48:26; 24.375
 20.12.2025 22:51:27; 24.313
 20.12.2025 22:54:26; 24.250
 20.12.2025 22:57:26; 24.125
 20.12.2025 23:00:27; 24.000
 20.12.2025 23:03:26; 23.938
 20.12.2025 23:06:26; 23.875
 20.12.2025 23:09:27; 23.813
 20.12.2025 23:12:27; 23.750
 20.12.2025 23:15:26; 23.688
 20.12.2025 23:18:27; 23.563
 20.12.2025 23:21:27; 23.563
 20.12.2025 23:24:26; 23.500
 20.12.2025 23:27:27; 23.375
 20.12.2025 23:30:27; 23.375
 20.12.2025 23:33:26; 23.313
 20.12.2025 23:36:27; 23.313
 20.12.2025 23:39:26; 23.313
 20.12.2025 23:42:26; 23.250
 20.12.2025 23:45:27; 23.188
 20.12.2025 23:48:26; 23.125
 20.12.2025 23:51:26; 23.125
 20.12.2025 23:54:27; 23.063
 20.12.2025 23:57:27; 23.000
 21.12.2025 00:00:26; 22.938
 21.12.2025 00:03:27; 22.875
 21.12.2025 00:06:27; 22.875
 21.12.2025 00:09:26; 22.813
 21.12.2025 00:12:27; 22.750
 21.12.2025 00:15:27; 22.750
 21.12.2025 00:18:26; 22.750
 21.12.2025 00:21:27; 22.625
 21.12.2025 00:24:26; 22.563
 21.12.2025 00:27:26; 22.563
 21.12.2025 00:30:27; 22.500
 21.12.2025 00:33:26; 22.438
 21.12.2025 00:36:26; 22.313
 21.12.2025 00:39:27; 22.313
 21.12.2025 00:42:27; 22.313
 21.12.2025 00:45:26; 22.250
 21.12.2025 00:48:27; 22.250
 21.12.2025 00:51:27; 22.188
 21.12.2025 00:54:26; 22.188
 21.12.2025 00:57:27; 22.125
 21.12.2025 01:00:27; 22.063
 21.12.2025 01:03:26; 22.063
 21.12.2025 01:06:27; 22.063
 21.12.2025 01:09:26; 22.000
 21.12.2025 01:12:26; 22.000
 21.12.2025 01:15:27; 21.938
 21.12.2025 01:18:26; 21.875
 21.12.2025 01:21:26; 21.875
 21.12.2025 01:24:27; 21.813
 21.12.2025 01:27:27; 21.875
 21.12.2025 01:30:26; 21.813
 21.12.2025 01:33:27; 21.750
 21.12.2025 01:36:27; 21.688
 21.12.2025 01:39:26; 21.688
 21.12.2025 01:42:27; 21.625
 21.12.2025 01:45:27; 21.563
 21.12.2025 01:48:26; 21.563
 21.12.2025 01:51:27; 21.500
 21.12.2025 01:54:26; 21.500
 21.12.2025 01:57:26; 21.500
 21.12.2025 02:00:27; 21.438
 21.12.2025 02:03:26; 21.438
 21.12.2025 02:06:26; 21.375
 21.12.2025 02:09:27; 21.313
 21.12.2025 02:12:27; 21.250
 21.12.2025 02:15:26; 21.250
 21.12.2025 02:18:27; 21.188
 21.12.2025 02:21:27; 21.125
 21.12.2025 02:24:26; 21.000
 21.12.2025 02:27:27; 20.938
 21.12.2025 02:30:27; 20.875
 21.12.2025 02:33:26; 20.813
 21.12.2025 02:36:27; 20.688
 21.12.2025 02:39:26; 20.688
 21.12.2025 02:42:26; 20.625
 21.12.2025 02:45:27; 20.563
 21.12.2025 02:48:26; 20.563
 21.12.2025 02:51:26; 20.563
 21.12.2025 02:54:27; 20.563
 21.12.2025 02:57:27; 20.563
 21.12.2025 03:00:26; 20.563
 21.12.2025 03:03:27; 20.500
 21.12.2025 03:06:27; 20.438
 21.12.2025 03:09:26; 20.375
 21.12.2025 03:12:27; 20.375
 21.12.2025 03:15:27; 20.313
 21.12.2025 03:18:26; 20.250
 21.12.2025 03:21:27; 20.250
 21.12.2025 03:24:26; 20.188
 21.12.2025 03:27:26; 20.125
 21.12.2025 03:30:27; 20.063
 21.12.2025 03:33:26; 20.063
 21.12.2025 03:36:26; 20.063
 21.12.2025 03:39:27; 20.000
 21.12.2025 03:42:27; 19.938
 21.12.2025 03:45:26; 19.875
 21.12.2025 03:48:27; 19.875
 21.12.2025 03:51:27; 19.875
 21.12.2025 03:54:26; 19.813
 21.12.2025 03:57:27; 19.750
 21.12.2025 04:00:27; 19.688
 21.12.2025 04:03:26; 19.625
 21.12.2025 04:06:27; 19.625
 21.12.2025 04:09:26; 19.625
 21.12.2025 04:12:26; 19.563
 21.12.2025 04:15:27; 19.563
 21.12.2025 04:18:26; 19.563
 21.12.2025 04:21:26; 19.563
 21.12.2025 04:24:27; 19.500
 21.12.2025 04:27:27; 19.500
 21.12.2025 04:30:26; 19.500
 21.12.2025 04:33:27; 19.438
 21.12.2025 04:36:27; 19.438
 21.12.2025 04:39:26; 19.438
 21.12.2025 04:42:27; 19.375
 21.12.2025 04:45:27; 19.375
 21.12.2025 04:48:26; 19.375
 21.12.2025 04:51:27; 19.313
 21.12.2025 04:54:26; 19.313
 21.12.2025 04:57:26; 19.250
 21.12.2025 05:00:27; 19.250
 21.12.2025 05:03:26; 19.250
 21.12.2025 05:06:26; 19.188
 21.12.2025 05:09:27; 19.188
 21.12.2025 05:12:27; 19.125
 21.12.2025 05:15:26; 19.063
 21.12.2025 05:18:27; 19.000
 21.12.2025 05:21:27; 18.938
 21.12.2025 05:24:26; 18.938
 21.12.2025 05:27:27; 18.875
 21.12.2025 05:30:27; 18.875
 21.12.2025 05:33:26; 18.813
 21.12.2025 05:36:27; 18.813
 21.12.2025 05:39:26; 18.813
 21.12.2025 05:42:26; 18.813
 21.12.2025 05:45:27; 18.688
 21.12.2025 05:48:26; 18.688
 21.12.2025 05:51:26; 18.688
 21.12.2025 05:54:27; 18.625
 21.12.2025 05:57:27; 18.688
 21.12.2025 06:00:26; 18.688
 21.12.2025 06:03:27; 18.625
 21.12.2025 06:06:27; 18.625
 21.12.2025 06:09:26; 18.625
 21.12.2025 06:12:27; 18.625
 21.12.2025 06:15:27; 18.563
 21.12.2025 06:18:26; 18.563
 21.12.2025 06:21:27; 18.563
 21.12.2025 06:24:26; 18.500
 21.12.2025 06:27:26; 18.500
 21.12.2025 06:30:27; 18.500
 21.12.2025 06:33:26; 18.438
 21.12.2025 06:36:26; 18.438
 21.12.2025 06:39:27; 18.375
 21.12.2025 06:42:27; 18.375
 21.12.2025 06:45:26; 18.313
 21.12.2025 06:48:27; 18.313
 21.12.2025 06:51:27; 18.313
 21.12.2025 06:54:26; 18.250
 21.12.2025 06:57:27; 18.250
 21.12.2025 07:00:27; 18.250
 21.12.2025 07:03:26; 18.188
 21.12.2025 07:06:27; 18.188
 21.12.2025 07:09:26; 18.188
 21.12.2025 07:12:26; 18.188
 21.12.2025 07:15:27; 18.125
 21.12.2025 07:18:26; 18.125
 21.12.2025 07:21:26; 18.125
 21.12.2025 07:24:27; 18.125
 21.12.2025 07:27:27; 18.063
 21.12.2025 07:30:26; 18.063
 21.12.2025 07:33:27; 18.000
 21.12.2025 07:36:27; 18.000
 21.12.2025 07:39:26; 18.000
 21.12.2025 07:42:27; 18.000
 21.12.2025 07:45:27; 17.938
 21.12.2025 07:48:26; 17.938
 21.12.2025 07:51:27; 17.938
 21.12.2025 07:54:26; 17.875
 21.12.2025 07:57:26; 17.875
 21.12.2025 08:00:27; 17.875
 21.12.2025 08:03:26; 17.875
 21.12.2025 08:06:26; 17.813
 21.12.2025 08:09:27; 17.813
 21.12.2025 08:12:27; 17.813
 21.12.2025 08:15:26; 17.750
 21.12.2025 08:18:27; 17.813
 21.12.2025 08:21:27; 17.750
 21.12.2025 08:24:26; 17.688
 21.12.2025 08:27:27; 17.688
 21.12.2025 08:30:27; 17.625
 21.12.2025 08:33:26; 17.563
 21.12.2025 08:36:27; 17.563
 21.12.2025 08:39:26; 17.500
 21.12.2025 08:42:26; 17.438
 21.12.2025 08:45:27; 17.438
 21.12.2025 08:48:26; 17.375
 21.12.2025 08:51:26; 17.375
 21.12.2025 08:54:27; 17.375
 21.12.2025 08:57:27; 17.313
 21.12.2025 09:00:26; 17.313
 21.12.2025 09:03:27; 17.250
 21.12.2025 09:06:27; 17.250
 21.12.2025 09:09:26; 17.250
 21.12.2025 09:12:27; 17.250
 21.12.2025 09:15:27; 17.188
 21.12.2025 09:18:26; 17.188
 21.12.2025 09:21:27; 17.125
 21.12.2025 09:24:26; 17.125
 21.12.2025 09:27:26; 17.063
 21.12.2025 09:30:27; 17.063
 21.12.2025 09:33:26; 17.063
 21.12.2025 09:36:26; 17.063
 21.12.2025 09:39:27; 17.000
 21.12.2025 09:42:27; 17.063
 21.12.2025 09:45:26; 17.063
 21.12.2025 09:48:27; 17.063
 21.12.2025 09:51:27; 17.000
 21.12.2025 09:54:26; 16.938
 21.12.2025 09:57:27; 16.938
 21.12.2025 10:00:27; 16.875
 21.12.2025 10:03:26; 16.875
 21.12.2025 10:06:27; 16.813
 21.12.2025 10:09:26; 16.813
 21.12.2025 10:12:26; 16.813
 21.12.2025 10:15:27; 16.813
 21.12.2025 10:18:26; 16.813
 21.12.2025 10:21:26; 16.813
 21.12.2025 10:24:27; 16.813
 21.12.2025 10:27:27; 16.813
 21.12.2025 10:30:26; 16.813
 21.12.2025 10:33:27; 16.750
 21.12.2025 10:36:27; 16.750
 21.12.2025 10:39:26; 16.813
 21.12.2025 10:42:27; 16.813
 21.12.2025 10:45:27; 16.938
 21.12.2025 10:48:26; 17.000
 21.12.2025 10:51:27; 17.063
 21.12.2025 10:54:26; 17.125
 21.12.2025 10:57:26; 17.250
 21.12.2025 11:00:27; 17.375
 21.12.2025 11:03:26; 17.438
 21.12.2025 11:06:26; 17.563
 21.12.2025 11:09:27; 17.688
 21.12.2025 11:12:27; 17.813
 21.12.2025 11:15:26; 17.938
 21.12.2025 11:18:27; 18.063
 21.12.2025 11:21:27; 18.250
 21.12.2025 11:24:26; 18.438
 21.12.2025 11:27:27; 18.625
 21.12.2025 11:30:27; 18.750
 21.12.2025 11:33:26; 18.938
 21.12.2025 11:36:27; 19.063
 21.12.2025 11:39:26; 19.250
 21.12.2025 11:42:26; 19.375
 21.12.2025 11:45:27; 19.563
 21.12.2025 11:48:26; 19.750
 21.12.2025 11:51:26; 20.000
 21.12.2025 11:54:27; 20.125
 21.12.2025 11:57:27; 20.313
 21.12.2025 12:00:26; 20.500
 21.12.2025 12:03:27; 20.688
 21.12.2025 12:06:27; 20.875
 21.12.2025 12:09:26; 21.125
 21.12.2025 12:12:27; 21.313
 21.12.2025 12:15:27; 21.438
 21.12.2025 12:18:26; 21.625
 21.12.2025 12:21:27; 21.813
 21.12.2025 12:24:26; 22.000
 21.12.2025 12:27:26; 22.188
 21.12.2025 12:30:27; 22.375
 21.12.2025 12:33:26; 22.500
 21.12.2025 12:36:26; 22.563
 21.12.2025 12:39:27; 22.688
 21.12.2025 12:42:27; 22.875
 21.12.2025 12:45:26; 23.000
 21.12.2025 12:48:27; 23.188
 21.12.2025 12:51:27; 23.313
 21.12.2025 12:54:26; 23.563
 21.12.2025 12:57:27; 23.625
 21.12.2025 13:00:27; 23.750
 21.12.2025 13:03:26; 23.875
 21.12.2025 13:06:27; 24.063
 21.12.2025 13:09:26; 24.063
 21.12.2025 13:12:26; 24.000
 21.12.2025 13:15:27; 24.063
 21.12.2025 13:18:26; 24.188
 21.12.2025 13:21:26; 24.250
 21.12.2025 13:24:27; 24.125
 21.12.2025 13:27:27; 24.188
 21.12.2025 13:30:26; 24.250
 21.12.2025 13:33:27; 24.375
 21.12.2025 13:36:27; 24.688
 21.12.2025 13:39:26; 24.875
 21.12.2025 13:42:27; 25.000
 21.12.2025 13:45:27; 25.000
 21.12.2025 13:48:26; 25.125
 21.12.2025 13:51:27; 25.313
 21.12.2025 13:54:26; 25.500
 21.12.2025 13:57:26; 25.563
 21.12.2025 14:00:27; 25.750
 21.12.2025 14:03:26; 26.063
 21.12.2025 14:06:26; 26.125
 21.12.2025 14:09:27; 26.313
 21.12.2025 14:12:27; 26.375
 21.12.2025 14:15:26; 26.500
 21.12.2025 14:18:27; 26.563
 21.12.2025 14:21:27; 26.688
 21.12.2025 14:24:26; 26.688
 21.12.2025 14:27:27; 26.938
 21.12.2025 14:30:27; 26.938
 21.12.2025 14:33:26; 26.875
 21.12.2025 14:36:27; 26.938
 21.12.2025 14:39:26; 26.938
 21.12.2025 14:42:26; 26.688
 21.12.2025 14:45:27; 26.750
 21.12.2025 14:48:26; 26.813
 21.12.2025 14:51:26; 26.938
 21.12.2025 14:54:27; 26.813
 21.12.2025 14:57:27; 26.750
 21.12.2025 15:00:26; 26.688
 21.12.2025 15:03:27; 26.625
 21.12.2025 15:06:27; 26.875
 21.12.2025 15:09:26; 26.938
 21.12.2025 15:12:27; 27.188
 21.12.2025 15:15:27; 27.375
 21.12.2025 15:18:26; 27.750
 21.12.2025 15:21:27; 28.000
 21.12.2025 15:24:26; 28.375
 21.12.2025 15:27:26; 28.500
 21.12.2025 15:30:27; 28.375
 21.12.2025 15:33:26; 28.625
 21.12.2025 15:36:26; 29.000
 21.12.2025 15:39:27; 29.500
 21.12.2025 15:42:27; 29.813
 21.12.2025 15:45:26; 29.938
 21.12.2025 15:48:27; 30.000
 21.12.2025 15:51:27; 30.125
 21.12.2025 15:54:26; 30.000
 21.12.2025 15:57:27; 29.938
 21.12.2025 16:00:27; 30.125
 21.12.2025 16:03:26; 30.438
 21.12.2025 16:06:27; 30.563
 21.12.2025 16:09:26; 30.625
 21.12.2025 16:12:26; 30.563
 21.12.2025 16:15:27; 31.000
 21.12.2025 16:18:26; 31.125
 21.12.2025 16:21:26; 30.875
 21.12.2025 16:24:27; 31.063
 21.12.2025 16:27:27; 31.375
 21.12.2025 16:30:26; 31.500
 21.12.2025 16:33:27; 31.688
 21.12.2025 16:36:27; 32.063
 21.12.2025 16:39:26; 32.375
 21.12.2025 16:42:27; 32.563
 21.12.2025 16:45:27; 32.500
 21.12.2025 16:48:26; 32.875
 21.12.2025 16:51:27; 33.500
 21.12.2025 16:54:26; 33.875
 21.12.2025 16:57:26; 34.125
 21.12.2025 17:00:27; 34.000
 21.12.2025 17:03:26; 34.125
 21.12.2025 17:06:26; 34.188
 21.12.2025 17:09:27; 34.188
 21.12.2025 17:12:27; 34.438
 21.12.2025 17:15:26; 34.438
 21.12.2025 17:18:27; 34.313
 21.12.2025 17:21:27; 34.500
 21.12.2025 17:24:26; 34.625
 21.12.2025 17:27:27; 35.063
 21.12.2025 17:30:27; 34.875
 21.12.2025 17:33:26; 35.438
 21.12.2025 17:36:27; 36.063
 21.12.2025 17:39:26; 36.500
 21.12.2025 17:42:26; 36.938
 21.12.2025 17:45:27; 37.438
 21.12.2025 17:48:26; 37.813
 21.12.2025 17:51:26; 38.000
 21.12.2025 17:54:27; 38.188
 21.12.2025 17:57:27; 38.375
 21.12.2025 18:00:26; 38.188
 21.12.2025 18:03:27; 38.250
 21.12.2025 18:06:27; 38.188
 21.12.2025 18:09:26; 38.688
 21.12.2025 18:12:27; 39.250
 21.12.2025 18:15:27; 39.875
 21.12.2025 18:18:26; 40.438
 21.12.2025 18:21:27; 40.938
 21.12.2025 18:24:26; 40.875
 21.12.2025 18:27:26; 41.375
 21.12.2025 18:30:27; 42.188
 21.12.2025 18:33:26; 42.563
 21.12.2025 18:36:26; 42.688
 21.12.2025 18:39:27; 42.500
 21.12.2025 18:42:27; 42.313
 21.12.2025 18:45:26; 42.938
 21.12.2025 18:48:27; 43.000
 21.12.2025 18:51:27; 43.000
 21.12.2025 18:54:26; 43.188
 21.12.2025 18:57:27; 43.688
 21.12.2025 19:00:27; 44.250
 21.12.2025 19:03:26; 44.500
 21.12.2025 19:06:27; 44.188
 21.12.2025 19:09:26; 44.313
 21.12.2025 19:12:26; 44.688
 21.12.2025 19:15:27; 44.938
 21.12.2025 19:18:26; 44.688
 21.12.2025 19:21:26; 45.063
 21.12.2025 19:24:27; 45.063
 21.12.2025 19:27:27; 45.563
 21.12.2025 19:30:26; 45.500
 21.12.2025 19:33:27; 45.875
 21.12.2025 19:36:27; 45.563
 21.12.2025 19:39:26; 45.563
 21.12.2025 19:42:27; 45.063
 21.12.2025 19:45:27; 45.438
 21.12.2025 19:48:26; 46.000
 21.12.2025 19:51:27; 46.000
 21.12.2025 19:54:26; 45.750
 21.12.2025 19:57:26; 46.000
 21.12.2025 20:00:27; 45.750
 21.12.2025 20:03:26; 45.750
 21.12.2025 20:06:26; 46.125
 21.12.2025 20:09:27; 46.500
 21.12.2025 20:12:27; 46.313
 21.12.2025 20:15:26; 46.188
 21.12.2025 20:18:27; 46.375
 21.12.2025 20:21:27; 46.063
 21.12.2025 20:24:26; 45.875
 21.12.2025 20:27:27; 45.625
 21.12.2025 20:30:27; 45.563
 21.12.2025 20:33:26; 45.938
 21.12.2025 20:36:27; 46.313
 21.12.2025 20:39:26; 46.625
 21.12.2025 20:42:26; 46.750
 21.12.2025 20:45:27; 46.750
 21.12.2025 20:48:26; 46.563
 21.12.2025 20:51:26; 45.750
 21.12.2025 20:54:27; 45.000
 21.12.2025 20:57:27; 44.125
 21.12.2025 21:00:26; 43.938
 21.12.2025 21:03:27; 43.875
 21.12.2025 21:06:27; 44.188
 21.12.2025 21:09:26; 42.813
 21.12.2025 21:12:27; 39.875
 21.12.2025 21:15:27; 37.688
 21.12.2025 21:18:26; 36.125
 21.12.2025 21:21:27; 34.813
 21.12.2025 21:24:26; 34.375
 21.12.2025 21:27:26; 34.375
 21.12.2025 21:30:27; 33.750
 21.12.2025 21:33:26; 32.813
 21.12.2025 21:36:26; 32.438
 21.12.2025 21:39:27; 31.938
 21.12.2025 21:42:27; 31.438
 21.12.2025 21:45:26; 31.000
 21.12.2025 21:48:27; 30.563
 21.12.2025 21:51:27; 30.250
 21.12.2025 21:54:26; 29.875
 21.12.2025 21:57:27; 29.563
 21.12.2025 22:00:27; 29.250
 21.12.2025 22:03:26; 29.063
 21.12.2025 22:06:27; 28.875
 21.12.2025 22:09:26; 28.750
 21.12.2025 22:12:26; 28.563
 21.12.2025 22:15:27; 28.438
 21.12.2025 22:18:26; 28.188
 21.12.2025 22:21:26; 28.063
 21.12.2025 22:24:27; 27.938
 21.12.2025 22:27:27; 27.750
 21.12.2025 22:30:26; 27.625
 21.12.2025 22:33:27; 27.500
 21.12.2025 22:36:27; 27.438
 21.12.2025 22:39:26; 27.313
 21.12.2025 22:42:27; 27.250
 21.12.2025 22:45:27; 27.125
 21.12.2025 22:48:26; 27.063
 21.12.2025 22:51:27; 26.938
 21.12.2025 22:54:26; 26.813
 21.12.2025 22:57:26; 26.750
 21.12.2025 23:00:27; 26.625
 21.12.2025 23:03:26; 26.563
 21.12.2025 23:06:26; 26.500
 21.12.2025 23:09:27; 26.438
 21.12.2025 23:12:27; 26.375
 21.12.2025 23:15:26; 26.250
 21.12.2025 23:18:27; 26.188
 21.12.2025 23:21:27; 26.125
 21.12.2025 23:24:26; 26.000
 21.12.2025 23:27:27; 25.938
 21.12.2025 23:30:27; 25.875
 21.12.2025 23:33:26; 25.813
 21.12.2025 23:36:27; 25.688
 21.12.2025 23:39:26; 25.563
 21.12.2025 23:42:26; 25.500
 21.12.2025 23:45:27; 25.438
 21.12.2025 23:48:26; 25.375
 21.12.2025 23:51:26; 25.313
 21.12.2025 23:54:27; 25.188
 21.12.2025 23:57:27; 25.063
 22.12.2025 00:00:26; 24.938
 22.12.2025 00:03:27; 24.875
 22.12.2025 00:06:27; 24.750
 22.12.2025 00:09:26; 24.688
 22.12.2025 00:12:27; 24.563
 22.12.2025 00:15:27; 24.500
 22.12.2025 00:18:26; 24.375
 22.12.2025 00:21:27; 24.250
 22.12.2025 00:24:26; 24.188
 22.12.2025 00:27:26; 24.125
 22.12.2025 00:30:27; 24.000
 22.12.2025 00:33:26; 23.938
 22.12.2025 00:36:26; 23.875
 22.12.2025 00:39:27; 23.813
 22.12.2025 00:42:27; 23.750
 22.12.2025 00:45:26; 23.688
 22.12.2025 00:48:27; 23.625
 22.12.2025 00:51:27; 23.563
 22.12.2025 00:54:26; 23.500
 22.12.2025 00:57:27; 23.438
 22.12.2025 01:00:27; 23.375
 22.12.2025 01:03:26; 23.313
 22.12.2025 01:06:27; 23.313
 22.12.2025 01:09:26; 23.250
 22.12.2025 01:12:26; 23.250
 22.12.2025 01:15:27; 23.188
 22.12.2025 01:18:26; 23.125
 22.12.2025 01:21:26; 23.125
 22.12.2025 01:24:27; 23.125
 22.12.2025 01:27:27; 23.063
 22.12.2025 01:30:26; 23.063
 22.12.2025 01:33:27; 23.000
 22.12.2025 01:36:27; 23.000
 22.12.2025 01:39:26; 23.000
 22.12.2025 01:42:27; 22.938
 22.12.2025 01:45:27; 22.875
 22.12.2025 01:48:26; 22.875
 22.12.2025 01:51:27; 22.813
 22.12.2025 01:54:26; 22.813
 22.12.2025 01:57:26; 22.813
 22.12.2025 02:00:27; 22.750
 22.12.2025 02:03:26; 22.688
 22.12.2025 02:06:26; 22.688
 22.12.2025 02:09:27; 22.625
 22.12.2025 02:12:27; 22.563
 22.12.2025 02:15:26; 22.563
 22.12.2025 02:18:27; 22.500
 22.12.2025 02:21:27; 22.500
 22.12.2025 02:24:26; 22.500
 22.12.2025 02:27:27; 22.438
 22.12.2025 02:30:27; 22.375
 22.12.2025 02:33:26; 22.313
 22.12.2025 02:36:27; 22.313
 22.12.2025 02:39:26; 22.250
 22.12.2025 02:42:26; 22.250
 22.12.2025 02:45:27; 22.250
 22.12.2025 02:48:26; 22.188
 22.12.2025 02:51:26; 22.250
 22.12.2025 02:54:27; 22.250
 22.12.2025 02:57:27; 22.250
 22.12.2025 03:00:26; 22.250
 22.12.2025 03:03:27; 22.313
 22.12.2025 03:06:27; 22.375
 22.12.2025 03:09:26; 22.500
 22.12.2025 03:12:27; 22.500
 22.12.2025 03:15:27; 22.500
 22.12.2025 03:18:26; 22.500
 22.12.2025 03:21:27; 22.500
 22.12.2025 03:24:26; 22.500
 22.12.2025 03:27:26; 22.563
 22.12.2025 03:30:27; 22.563
 22.12.2025 03:33:26; 22.563
 22.12.2025 03:36:26; 22.563
 22.12.2025 03:39:27; 22.500
 22.12.2025 03:42:27; 22.438
 22.12.2025 03:45:26; 22.438
 22.12.2025 03:48:27; 22.438
 22.12.2025 03:51:27; 22.375
 22.12.2025 03:54:26; 22.438
 22.12.2025 03:57:27; 22.438
 22.12.2025 04:00:27; 22.375
 22.12.2025 04:03:26; 22.313
 22.12.2025 04:06:27; 22.188
 22.12.2025 04:09:26; 22.188
 22.12.2025 04:12:26; 22.125
 22.12.2025 04:15:27; 22.063
 22.12.2025 04:18:26; 22.000
 22.12.2025 04:21:26; 22.000
 22.12.2025 04:24:27; 21.938
 22.12.2025 04:27:27; 21.875
 22.12.2025 04:30:26; 21.875
 22.12.2025 04:33:27; 21.813
 22.12.2025 04:36:27; 21.750
 22.12.2025 04:39:26; 21.688
 22.12.2025 04:42:27; 21.625
 22.12.2025 04:45:27; 21.563
 22.12.2025 04:48:26; 21.500
 22.12.2025 04:51:27; 21.500
 22.12.2025 04:54:26; 21.500
 22.12.2025 04:57:26; 21.438
 22.12.2025 05:00:27; 21.438
 22.12.2025 05:03:26; 21.438
 22.12.2025 05:06:26; 21.438
 22.12.2025 05:09:27; 21.375
 22.12.2025 05:12:27; 21.313
 22.12.2025 05:15:26; 21.250
 22.12.2025 05:18:27; 21.125
 22.12.2025 05:21:27; 21.063
 22.12.2025 05:24:26; 21.000
 22.12.2025 05:27:27; 20.938
 22.12.2025 05:30:27; 20.875
 22.12.2025 05:33:26; 20.813
 22.12.2025 05:36:27; 20.750
 22.12.2025 05:39:26; 20.688
 22.12.2025 05:42:26; 20.625
 22.12.2025 05:45:27; 20.563
 22.12.2025 05:48:26; 20.500
 22.12.2025 05:51:26; 20.438
 22.12.2025 05:54:27; 20.375
 22.12.2025 05:57:27; 20.375
 22.12.2025 06:00:26; 20.375
 22.12.2025 06:03:27; 20.313
 22.12.2025 06:06:27; 20.250
 22.12.2025 06:09:26; 20.188
 22.12.2025 06:12:27; 20.125
 22.12.2025 06:15:27; 20.063
 22.12.2025 06:18:26; 20.000
 22.12.2025 06:21:27; 20.000
 22.12.2025 06:24:26; 20.000
 22.12.2025 06:27:26; 19.938
 22.12.2025 06:30:27; 19.938
 22.12.2025 06:33:26; 19.875
 22.12.2025 06:36:26; 19.875
 22.12.2025 06:39:27; 19.813
 22.12.2025 06:42:27; 19.813
 22.12.2025 06:45:26; 19.750
 22.12.2025 06:48:27; 19.750
 22.12.2025 06:51:27; 19.813
 22.12.2025 06:54:26; 19.750
 22.12.2025 06:57:27; 19.688
 22.12.2025 07:00:27; 19.688
 22.12.2025 07:03:26; 19.625
 22.12.2025 07:06:27; 19.625
 22.12.2025 07:09:26; 19.625
 22.12.2025 07:12:26; 19.625
 22.12.2025 07:15:27; 19.625
 22.12.2025 07:18:26; 19.563
 22.12.2025 07:21:26; 19.500
 22.12.2025 07:24:27; 19.500
 22.12.2025 07:27:27; 19.438
 22.12.2025 07:30:26; 19.438
 22.12.2025 07:33:27; 19.438
 22.12.2025 07:36:27; 19.438
 22.12.2025 07:39:26; 19.438
 22.12.2025 07:42:27; 19.438
 22.12.2025 07:45:27; 19.438
 22.12.2025 07:48:26; 19.438
 22.12.2025 07:51:27; 19.375
 22.12.2025 07:54:26; 19.313
 22.12.2025 07:57:26; 19.188
 22.12.2025 08:00:27; 19.125
 22.12.2025 08:03:26; 19.063
 22.12.2025 08:06:26; 19.000
 22.12.2025 08:09:27; 19.000
 22.12.2025 08:12:27; 19.000
 22.12.2025 08:15:26; 19.000
 22.12.2025 08:18:27; 19.000
 22.12.2025 08:21:27; 19.000
 22.12.2025 08:24:26; 19.000
 22.12.2025 08:27:27; 18.938
 22.12.2025 08:30:27; 18.875
 22.12.2025 08:33:26; 18.875
 22.12.2025 08:36:27; 18.813
 22.12.2025 08:39:26; 18.813
 22.12.2025 08:42:26; 18.750
 22.12.2025 08:45:27; 18.750
 22.12.2025 08:48:26; 18.688
 22.12.2025 08:51:26; 18.625
 22.12.2025 08:54:27; 18.625
 22.12.2025 08:57:27; 18.563
 22.12.2025 09:00:26; 18.500
 22.12.2025 09:03:27; 18.500
 22.12.2025 09:06:27; 18.438
 22.12.2025 09:09:26; 18.375
 22.12.2025 09:12:27; 18.375
 22.12.2025 09:15:27; 18.375
 22.12.2025 09:18:26; 18.313
 22.12.2025 09:21:27; 18.313
 22.12.2025 09:24:26; 18.250
 22.12.2025 09:27:26; 18.250
 22.12.2025 09:30:27; 18.188
 22.12.2025 09:33:26; 18.188
 22.12.2025 09:36:26; 18.125
 22.12.2025 09:39:27; 18.125
 22.12.2025 09:42:27; 18.063
 22.12.2025 09:45:26; 18.063
 22.12.2025 09:48:27; 18.000
 22.12.2025 09:51:27; 18.000
 22.12.2025 09:54:26; 18.000
 22.12.2025 09:57:27; 18.000
 22.12.2025 10:00:27; 17.938
 22.12.2025 10:03:26; 17.938
 22.12.2025 10:06:27; 17.938
 22.12.2025 10:09:26; 17.875
 22.12.2025 10:12:26; 17.875
 22.12.2025 10:15:27; 17.938
 22.12.2025 10:18:26; 17.938
 22.12.2025 10:21:26; 17.938
 22.12.2025 10:24:27; 17.938
 22.12.2025 10:27:27; 17.938
 22.12.2025 10:30:26; 17.938
 22.12.2025 10:33:27; 17.938
 22.12.2025 10:36:27; 18.000
 22.12.2025 10:39:26; 18.000
 22.12.2025 10:42:27; 18.063
 22.12.2025 10:45:27; 18.125
 22.12.2025 10:48:26; 18.188
 22.12.2025 10:51:27; 18.250
 22.12.2025 10:54:26; 18.313
 22.12.2025 10:57:26; 18.438
 22.12.2025 11:00:27; 18.500
 22.12.2025 11:03:26; 18.625
 22.12.2025 11:06:26; 18.688
 22.12.2025 11:09:27; 18.813
 22.12.2025 11:12:27; 18.938
 22.12.2025 11:15:26; 19.063
 22.12.2025 11:18:27; 19.188
 22.12.2025 11:21:27; 19.313
 22.12.2025 11:24:26; 19.375
 22.12.2025 11:27:27; 19.563
 22.12.2025 11:30:27; 19.688
 22.12.2025 11:33:26; 19.813
 22.12.2025 11:36:27; 19.938
 22.12.2025 11:39:26; 20.125
 22.12.2025 11:42:26; 20.250
 22.12.2025 11:45:27; 20.438
 22.12.2025 11:48:26; 20.625
 22.12.2025 11:51:26; 20.750
 22.12.2025 11:54:27; 20.938
 22.12.2025 11:57:27; 21.125
 22.12.2025 12:00:26; 21.250
 22.12.2025 12:03:27; 21.438
 22.12.2025 12:06:27; 21.563
 22.12.2025 12:09:26; 21.688
 22.12.2025 12:12:27; 21.875
 22.12.2025 12:15:27; 22.000
 22.12.2025 12:18:26; 22.125
 22.12.2025 12:21:27; 22.250
 22.12.2025 12:24:26; 22.375
 22.12.2025 12:27:26; 22.563
 22.12.2025 12:30:27; 22.750
 22.12.2025 12:33:26; 22.875
 22.12.2025 12:36:26; 23.000
 22.12.2025 12:39:27; 23.125
 22.12.2025 12:42:27; 23.250
 22.12.2025 12:45:26; 23.375
 22.12.2025 12:48:27; 23.500
 22.12.2025 12:51:27; 23.563
 22.12.2025 12:54:26; 23.750
 22.12.2025 12:57:27; 23.938
 22.12.2025 13:00:27; 24.063
 22.12.2025 13:03:26; 24.188
 22.12.2025 13:06:27; 24.313
 22.12.2025 13:09:26; 24.500
 22.12.2025 13:12:26; 24.500
 22.12.2025 13:15:27; 24.563
 22.12.2025 13:18:26; 24.688
 22.12.2025 13:21:26; 24.813
 22.12.2025 13:24:27; 25.000
 22.12.2025 13:27:27; 25.188
 22.12.2025 13:30:26; 25.375
 22.12.2025 13:33:27; 25.563
 22.12.2025 13:36:27; 25.750
 22.12.2025 13:39:26; 25.813
 22.12.2025 13:42:27; 25.875
 22.12.2025 13:45:27; 26.000
 22.12.2025 13:48:26; 26.125
 22.12.2025 13:51:27; 26.375
 22.12.2025 13:54:26; 26.500
 22.12.2025 13:57:26; 26.625
 22.12.2025 14:00:27; 26.688
 22.12.2025 14:03:26; 26.750
 22.12.2025 14:06:26; 26.813
 22.12.2025 14:09:27; 26.938
 22.12.2025 14:12:27; 27.125
 22.12.2025 14:15:26; 27.375
 22.12.2025 14:18:27; 27.500
 22.12.2025 14:21:27; 27.563
 22.12.2025 14:24:26; 27.563
 22.12.2025 14:27:27; 27.625
 22.12.2025 14:30:27; 27.688
 22.12.2025 14:33:26; 27.750
 22.12.2025 14:36:27; 27.750
 22.12.2025 14:39:26; 27.750
 22.12.2025 14:42:26; 27.688
 22.12.2025 14:45:27; 27.688
 22.12.2025 14:48:26; 27.688
 22.12.2025 14:51:26; 27.875
 22.12.2025 14:54:27; 28.000
 22.12.2025 14:57:27; 27.938
 22.12.2025 15:00:26; 28.063
 22.12.2025 15:03:27; 28.125
 22.12.2025 15:06:27; 28.125
 22.12.2025 15:09:26; 28.250
 22.12.2025 15:12:27; 28.375
 22.12.2025 15:15:27; 28.625
 22.12.2025 15:18:26; 29.000
 22.12.2025 15:21:27; 29.438
 22.12.2025 15:24:26; 29.625
 22.12.2025 15:27:26; 30.063
 22.12.2025 15:30:27; 30.438
 22.12.2025 15:33:26; 30.563
 22.12.2025 15:36:26; 30.625
 22.12.2025 15:39:27; 30.813
 22.12.2025 15:42:27; 31.063
 22.12.2025 15:45:26; 31.313
 22.12.2025 15:48:27; 31.438
 22.12.2025 15:51:27; 31.750
 22.12.2025 15:54:26; 32.188
 22.12.2025 15:57:27; 32.500
 22.12.2025 16:00:27; 32.625
 22.12.2025 16:03:26; 32.938
 22.12.2025 16:06:27; 33.063
 22.12.2025 16:09:26; 33.250
 22.12.2025 16:12:26; 33.313
 22.12.2025 16:15:27; 33.375
 22.12.2025 16:18:26; 33.625
 22.12.2025 16:21:26; 33.813
 22.12.2025 16:24:27; 33.875
 22.12.2025 16:27:27; 34.125
 22.12.2025 16:30:26; 34.438
 22.12.2025 16:33:27; 34.875
 22.12.2025 16:36:27; 35.125
 22.12.2025 16:39:26; 35.188
 22.12.2025 16:42:27; 34.938
 22.12.2025 16:45:27; 35.125
 22.12.2025 16:48:26; 35.438
 22.12.2025 16:51:27; 35.625
 22.12.2025 16:54:26; 35.563
 22.12.2025 16:57:26; 35.500
 22.12.2025 17:00:27; 35.688
 22.12.2025 17:03:26; 35.625
 22.12.2025 17:06:26; 35.625
 22.12.2025 17:09:27; 35.875
 22.12.2025 17:12:27; 36.000
 22.12.2025 17:15:26; 35.688
 22.12.2025 17:18:27; 35.938
 22.12.2025 17:21:27; 36.063
 22.12.2025 17:24:26; 36.375
 22.12.2025 17:27:27; 36.750
 22.12.2025 17:30:27; 37.188
 22.12.2025 17:33:26; 37.313
 22.12.2025 17:36:27; 37.625
 22.12.2025 17:39:26; 37.813
 22.12.2025 17:42:26; 38.188
 22.12.2025 17:45:27; 38.625
 22.12.2025 17:48:26; 39.063
 22.12.2025 17:51:26; 38.938
 22.12.2025 17:54:27; 39.438
 22.12.2025 17:57:27; 39.500
 22.12.2025 18:00:26; 39.625
 22.12.2025 18:03:27; 39.750
 22.12.2025 18:06:27; 40.063
 22.12.2025 18:09:26; 40.813
 22.12.2025 18:12:27; 41.313
 22.12.2025 18:15:27; 42.000
 22.12.2025 18:18:26; 42.500
 22.12.2025 18:21:27; 43.125
 22.12.2025 18:24:26; 43.500
 22.12.2025 18:27:26; 43.938
 22.12.2025 18:30:27; 43.625
 22.12.2025 18:33:26; 43.750
 22.12.2025 18:36:26; 43.750
 22.12.2025 18:39:27; 44.000
 22.12.2025 18:42:27; 44.188
 22.12.2025 18:45:26; 44.188
 22.12.2025 18:48:27; 44.438
 22.12.2025 18:51:27; 44.688
 22.12.2025 18:54:26; 44.875
 22.12.2025 18:57:27; 45.250
 22.12.2025 19:00:27; 45.500
 22.12.2025 19:03:26; 45.750
 22.12.2025 19:06:27; 46.063
 22.12.2025 19:09:26; 46.063
 22.12.2025 19:12:26; 46.438
 22.12.2025 19:15:27; 46.688
 22.12.2025 19:18:26; 47.000
 22.12.2025 19:21:26; 47.125
 22.12.2025 19:24:27; 46.563
 22.12.2025 19:27:27; 45.875
 22.12.2025 19:30:26; 45.500
 22.12.2025 19:33:27; 46.188
 22.12.2025 19:36:27; 46.500
 22.12.2025 19:39:26; 46.125
 22.12.2025 19:42:27; 46.688
 22.12.2025 19:45:27; 47.000
 22.12.2025 19:48:26; 46.813
 22.12.2025 19:51:27; 46.750
 22.12.2025 19:54:26; 47.313
 22.12.2025 19:57:26; 47.625
 22.12.2025 20:00:27; 47.375
 22.12.2025 20:03:26; 47.063
 22.12.2025 20:06:26; 47.188
 22.12.2025 20:09:27; 47.313
 22.12.2025 20:12:27; 47.063
 22.12.2025 20:15:26; 47.188
 22.12.2025 20:18:27; 47.438
 22.12.2025 20:21:27; 47.313
 22.12.2025 20:24:26; 47.188
 22.12.2025 20:27:27; 47.000
 22.12.2025 20:30:27; 46.938
 22.12.2025 20:33:26; 46.688
 22.12.2025 20:36:27; 46.563
 22.12.2025 20:39:26; 46.250
 22.12.2025 20:42:26; 46.250
 22.12.2025 20:45:27; 46.125
 22.12.2025 20:48:26; 45.375
 22.12.2025 20:51:26; 45.375
 22.12.2025 20:54:27; 45.250
 22.12.2025 20:57:27; 45.125
 22.12.2025 21:00:26; 45.000
 22.12.2025 21:03:27; 44.813
 22.12.2025 21:06:27; 44.375
 22.12.2025 21:09:26; 42.375
 22.12.2025 21:12:27; 39.938
 22.12.2025 21:15:27; 38.000
 22.12.2025 21:18:26; 36.500
 22.12.2025 21:21:27; 35.500
 22.12.2025 21:24:26; 34.813
 22.12.2025 21:27:26; 34.563
 22.12.2025 21:30:27; 33.875
 22.12.2025 21:33:26; 33.125
 22.12.2025 21:36:26; 33.063
 22.12.2025 21:39:27; 32.625
 22.12.2025 21:42:27; 32.000
 22.12.2025 21:45:26; 31.375
 22.12.2025 21:48:27; 30.813
 22.12.2025 21:51:27; 30.375
 22.12.2025 21:54:26; 30.000
 22.12.2025 21:57:27; 29.688
 22.12.2025 22:00:27; 29.438
 22.12.2025 22:03:26; 29.188
 22.12.2025 22:06:27; 28.938
 22.12.2025 22:09:26; 28.688
 22.12.2025 22:12:26; 28.500
 22.12.2025 22:15:27; 28.250
 22.12.2025 22:18:26; 28.000
 22.12.2025 22:21:26; 27.875
 22.12.2025 22:24:27; 27.688
 22.12.2025 22:27:27; 27.563
 22.12.2025 22:30:26; 27.375
 22.12.2025 22:33:27; 27.188
 22.12.2025 22:36:27; 27.063
 22.12.2025 22:39:26; 27.000
 22.12.2025 22:42:27; 26.938
 22.12.2025 22:45:27; 26.813
 22.12.2025 22:48:26; 26.688
 22.12.2025 22:51:27; 26.563
 22.12.2025 22:54:26; 26.500
 22.12.2025 22:57:26; 26.375
 22.12.2025 23:00:27; 26.313
 22.12.2025 23:03:26; 26.250
 22.12.2025 23:06:26; 26.125
 22.12.2025 23:09:27; 26.063
 22.12.2025 23:12:27; 26.000
 22.12.2025 23:15:26; 25.875
 22.12.2025 23:18:27; 25.813
 22.12.2025 23:21:27; 25.750
 22.12.2025 23:24:26; 25.688
 22.12.2025 23:27:27; 25.563
 22.12.2025 23:30:27; 25.500
 22.12.2025 23:33:26; 25.375
 22.12.2025 23:36:27; 25.375
 22.12.2025 23:39:26; 25.250
 22.12.2025 23:42:26; 25.188
 22.12.2025 23:45:27; 25.000
 22.12.2025 23:48:26; 24.938
 22.12.2025 23:51:26; 24.813
 22.12.2025 23:54:27; 24.688
 22.12.2025 23:57:27; 24.563
 23.12.2025 00:00:26; 24.500
 23.12.2025 00:03:27; 24.375
 23.12.2025 00:06:27; 24.250
 23.12.2025 00:09:26; 24.188
 23.12.2025 00:12:27; 24.063
 23.12.2025 00:15:27; 24.000
 23.12.2025 00:18:26; 23.875
 23.12.2025 00:21:27; 23.750
 23.12.2025 00:24:26; 23.625
 23.12.2025 00:27:26; 23.500
 23.12.2025 00:30:27; 23.375
 23.12.2025 00:33:26; 23.250
 23.12.2025 00:36:26; 23.125
 23.12.2025 00:39:27; 23.000
 23.12.2025 00:42:27; 22.875
 23.12.2025 00:45:26; 22.750
 23.12.2025 00:48:27; 22.688
 23.12.2025 00:51:27; 22.625
 23.12.2025 00:54:26; 22.500
 23.12.2025 00:57:27; 22.438
 23.12.2025 01:00:27; 22.375
 23.12.2025 01:03:26; 22.313
 23.12.2025 01:06:27; 22.313
 23.12.2025 01:09:26; 22.250
 23.12.2025 01:12:26; 22.188
 23.12.2025 01:15:27; 22.125
 23.12.2025 01:18:26; 22.063
 23.12.2025 01:21:26; 22.000
 23.12.2025 01:24:27; 22.000
 23.12.2025 01:27:27; 21.938
 23.12.2025 01:30:26; 21.875
 23.12.2025 01:33:27; 21.813
 23.12.2025 01:36:27; 21.750
 23.12.2025 01:39:26; 21.688
 23.12.2025 01:42:27; 21.688
 23.12.2025 01:45:27; 21.688
 23.12.2025 01:48:26; 21.750
 23.12.2025 01:51:27; 21.688
 23.12.2025 01:54:26; 21.625
 23.12.2025 01:57:26; 21.625
 23.12.2025 02:00:27; 21.688
 23.12.2025 02:03:26; 21.625
 23.12.2025 02:06:26; 21.563
 23.12.2025 02:09:27; 21.563
 23.12.2025 02:12:27; 21.500
 23.12.2025 02:15:26; 21.438
 23.12.2025 02:18:27; 21.375
 23.12.2025 02:21:27; 21.313
 23.12.2025 02:24:26; 21.250
 23.12.2025 02:27:27; 21.188
 23.12.2025 02:30:27; 21.188
 23.12.2025 02:33:26; 21.250
 23.12.2025 02:36:27; 21.313
 23.12.2025 02:39:26; 21.375
 23.12.2025 02:42:26; 21.375
 23.12.2025 02:45:27; 21.438
 23.12.2025 02:48:26; 21.438
 23.12.2025 02:51:26; 21.438
 23.12.2025 02:54:27; 21.438
 23.12.2025 02:57:27; 21.375
 23.12.2025 03:00:26; 21.250
 23.12.2025 03:03:27; 21.125
 23.12.2025 03:06:27; 21.000
 23.12.2025 03:09:26; 21.000
 23.12.2025 03:12:27; 21.000
 23.12.2025 03:15:27; 20.938
 23.12.2025 03:18:26; 20.813
 23.12.2025 03:21:27; 20.750
 23.12.2025 03:24:26; 20.688
 23.12.2025 03:27:26; 20.625
 23.12.2025 03:30:27; 20.688
 23.12.2025 03:33:26; 20.625
 23.12.2025 03:36:26; 20.563
 23.12.2025 03:39:27; 20.500
 23.12.2025 03:42:27; 20.375
 23.12.2025 03:45:26; 20.250
 23.12.2025 03:48:27; 20.188
 23.12.2025 03:51:27; 20.188
 23.12.2025 03:54:26; 20.063
 23.12.2025 03:57:27; 20.000
 23.12.2025 04:00:27; 19.938
 23.12.2025 04:03:26; 19.938
 23.12.2025 04:06:27; 19.938
 23.12.2025 04:09:26; 19.875
 23.12.2025 04:12:26; 19.875
 23.12.2025 04:15:27; 19.813
 23.12.2025 04:18:26; 19.813
 23.12.2025 04:21:26; 19.813
 23.12.2025 04:24:27; 19.875
 23.12.2025 04:27:27; 19.813
 23.12.2025 04:30:26; 19.813
 23.12.2025 04:33:27; 19.813
 23.12.2025 04:36:27; 19.813
 23.12.2025 04:39:26; 19.813
 23.12.2025 04:42:27; 19.750
 23.12.2025 04:45:27; 19.688
 23.12.2025 04:48:26; 19.688
 23.12.2025 04:51:27; 19.688
 23.12.2025 04:54:26; 19.688
 23.12.2025 04:57:26; 19.625
 23.12.2025 05:00:27; 19.563
 23.12.2025 05:03:26; 19.438
 23.12.2025 05:06:26; 19.313
 23.12.2025 05:09:27; 19.188
 23.12.2025 05:12:27; 19.125
 23.12.2025 05:15:26; 19.000
 23.12.2025 05:18:27; 18.938
 23.12.2025 05:21:27; 18.938
 23.12.2025 05:24:26; 18.875
 23.12.2025 05:27:27; 18.875
 23.12.2025 05:30:27; 18.813
 23.12.2025 05:33:26; 18.813
 23.12.2025 05:36:27; 18.750
 23.12.2025 05:39:26; 18.750
 23.12.2025 05:42:26; 18.688
 23.12.2025 05:45:27; 18.625
 23.12.2025 05:48:26; 18.563
 23.12.2025 05:51:26; 18.500
 23.12.2025 05:54:27; 18.563
 23.12.2025 05:57:27; 18.500
 23.12.2025 06:00:26; 18.500
 23.12.2025 06:03:27; 18.500
 23.12.2025 06:06:27; 18.500
 23.12.2025 06:09:26; 18.563
 23.12.2025 06:12:27; 18.750
 23.12.2025 06:15:27; 19.063
 23.12.2025 06:18:26; 19.063
 23.12.2025 06:21:27; 19.063
 23.12.2025 06:24:26; 18.938
 23.12.2025 06:27:26; 18.813
 23.12.2025 06:30:27; 18.625
 23.12.2025 06:33:26; 18.563
 23.12.2025 06:36:26; 18.563
 23.12.2025 06:39:27; 18.563
 23.12.2025 06:42:27; 18.500
 23.12.2025 06:45:26; 18.375
 23.12.2025 06:48:27; 18.313
 23.12.2025 06:51:27; 18.313
 23.12.2025 06:54:26; 18.313
 23.12.2025 06:57:27; 18.375
 23.12.2025 07:00:27; 18.375
 23.12.2025 07:03:26; 18.500
 23.12.2025 07:06:27; 18.625
 23.12.2025 07:09:26; 18.625
 23.12.2025 07:12:26; 18.563
 23.12.2025 07:15:27; 18.563
 23.12.2025 07:18:26; 18.563
 23.12.2025 07:21:26; 18.563
 23.12.2025 07:24:27; 18.563
 23.12.2025 07:27:27; 18.500
 23.12.2025 07:30:26; 18.563
 23.12.2025 07:33:27; 18.563
 23.12.2025 07:36:27; 18.563
 23.12.2025 07:39:26; 18.563
 23.12.2025 07:42:27; 18.500
 23.12.2025 07:45:27; 18.438
 23.12.2025 07:48:26; 18.438
 23.12.2025 07:51:27; 18.438
 23.12.2025 07:54:26; 18.375
 23.12.2025 07:57:26; 18.375
 23.12.2025 08:00:27; 18.313
 23.12.2025 08:03:26; 18.250
 23.12.2025 08:06:26; 18.250
 23.12.2025 08:09:27; 18.250
 23.12.2025 08:12:27; 18.250
 23.12.2025 08:15:26; 18.250
 23.12.2025 08:18:27; 18.250
 23.12.2025 08:21:27; 18.188
 23.12.2025 08:24:26; 18.125
 23.12.2025 08:27:27; 18.063
 23.12.2025 08:30:27; 18.000
 23.12.2025 08:33:26; 17.938
 23.12.2025 08:36:27; 17.938
 23.12.2025 08:39:26; 17.875
 23.12.2025 08:42:26; 17.875
 23.12.2025 08:45:27; 17.875
 23.12.2025 08:48:26; 17.875
 23.12.2025 08:51:26; 17.875
 23.12.2025 08:54:27; 17.875
 23.12.2025 08:57:27; 17.938
 23.12.2025 09:00:26; 18.000
 23.12.2025 09:03:27; 18.000
 23.12.2025 09:06:27; 18.000
 23.12.2025 09:09:26; 18.000
 23.12.2025 09:12:27; 17.938
 23.12.2025 09:15:27; 17.938
 23.12.2025 09:18:26; 17.938
 23.12.2025 09:21:27; 17.938
 23.12.2025 09:24:26; 18.000
 23.12.2025 09:27:26; 18.000
 23.12.2025 09:30:27; 18.000
 23.12.2025 09:33:26; 17.938
 23.12.2025 09:36:26; 18.000
 23.12.2025 09:39:27; 18.000
 23.12.2025 09:42:27; 18.063
 23.12.2025 09:45:26; 18.063
 23.12.2025 09:48:27; 18.063
 23.12.2025 09:51:27; 18.063
 23.12.2025 09:54:26; 18.063
 23.12.2025 09:57:27; 18.063
 23.12.2025 10:00:27; 18.063
 23.12.2025 10:03:26; 18.063
 23.12.2025 10:06:27; 18.063
 23.12.2025 10:09:26; 18.000
 23.12.2025 10:12:26; 18.000
 23.12.2025 10:15:27; 18.063
 23.12.2025 10:18:26; 18.125
 23.12.2025 10:21:26; 18.188
 23.12.2025 10:24:27; 18.188
 23.12.2025 10:27:27; 18.250
 23.12.2025 10:30:26; 18.313
 23.12.2025 10:33:27; 18.313
 23.12.2025 10:36:27; 18.375
 23.12.2025 10:39:26; 18.375
 23.12.2025 10:42:27; 18.438
 23.12.2025 10:45:27; 18.438
 23.12.2025 10:48:26; 18.438
 23.12.2025 10:51:27; 18.500
 23.12.2025 10:54:26; 18.500
 23.12.2025 10:57:26; 18.563
 23.12.2025 11:00:27; 18.688
 23.12.2025 11:03:26; 18.750
 23.12.2025 11:06:26; 18.875
 23.12.2025 11:09:27; 19.000
 23.12.2025 11:12:27; 19.063
 23.12.2025 11:15:26; 19.188
 23.12.2025 11:18:27; 19.313
 23.12.2025 11:21:27; 19.438
 23.12.2025 11:24:26; 19.563
 23.12.2025 11:27:27; 19.688
 23.12.2025 11:30:27; 19.813
 23.12.2025 11:33:26; 19.938
 23.12.2025 11:36:27; 20.125
 23.12.2025 11:39:26; 20.250
 23.12.2025 11:42:26; 20.375
 23.12.2025 11:45:27; 20.500
 23.12.2025 11:48:26; 20.688
 23.12.2025 11:51:26; 20.875
 23.12.2025 11:54:27; 21.063
 23.12.2025 11:57:27; 21.250
 23.12.2025 12:00:26; 21.438
 23.12.2025 12:03:27; 21.563
 23.12.2025 12:06:27; 21.688
 23.12.2025 12:09:26; 21.875
 23.12.2025 12:12:27; 22.125
 23.12.2025 12:15:27; 22.438
 23.12.2025 12:18:26; 22.688
 23.12.2025 12:21:27; 22.875
 23.12.2025 12:24:26; 23.063
 23.12.2025 12:27:26; 23.250
 23.12.2025 12:30:27; 23.438
 23.12.2025 12:33:26; 23.563
 23.12.2025 12:36:26; 23.750
 23.12.2025 12:39:27; 23.875
 23.12.2025 12:42:27; 24.000
 23.12.2025 12:45:26; 24.188
 23.12.2025 12:48:27; 24.313
 23.12.2025 12:51:27; 24.438
 23.12.2025 12:54:26; 24.625
 23.12.2025 12:57:27; 24.750
 23.12.2025 13:00:27; 24.875
 23.12.2025 13:03:26; 25.000
 23.12.2025 13:06:27; 25.188
 23.12.2025 13:09:26; 25.313
 23.12.2025 13:12:26; 25.500
 23.12.2025 13:15:27; 25.688
 23.12.2025 13:18:26; 25.875
 23.12.2025 13:21:26; 26.063
 23.12.2025 13:24:27; 26.250
 23.12.2025 13:27:27; 26.313
 23.12.2025 13:30:26; 26.313
 23.12.2025 13:33:27; 26.313
 23.12.2025 13:36:27; 26.438
 23.12.2025 13:39:26; 26.688
 23.12.2025 13:42:27; 26.750
 23.12.2025 13:45:27; 26.938
 23.12.2025 13:48:26; 27.063
 23.12.2025 13:51:27; 27.063
 23.12.2025 13:54:26; 27.063
 23.12.2025 13:57:26; 27.250
 23.12.2025 14:00:27; 27.438
 23.12.2025 14:03:26; 27.625
 23.12.2025 14:06:26; 27.625
 23.12.2025 14:09:27; 27.563
 23.12.2025 14:12:27; 27.563
 23.12.2025 14:15:26; 27.688
 23.12.2025 14:18:27; 27.750
 23.12.2025 14:21:27; 27.875
 23.12.2025 14:24:26; 28.063
 23.12.2025 14:27:27; 28.313
 23.12.2025 14:30:27; 28.500
 23.12.2025 14:33:26; 28.563
 23.12.2025 14:36:27; 28.688
 23.12.2025 14:39:26; 28.750
 23.12.2025 14:42:26; 28.938
 23.12.2025 14:45:27; 29.125
 23.12.2025 14:48:26; 29.188
 23.12.2025 14:51:26; 29.063
 23.12.2025 14:54:27; 29.188
 23.12.2025 14:57:27; 29.375
 23.12.2025 15:00:26; 29.375
 23.12.2025 15:03:27; 29.188
 23.12.2025 15:06:27; 29.063
 23.12.2025 15:09:26; 29.313
 23.12.2025 15:12:27; 29.500
 23.12.2025 15:15:27; 29.750
 23.12.2025 15:18:26; 29.875
 23.12.2025 15:21:27; 30.000
 23.12.2025 15:24:26; 30.188
 23.12.2025 15:27:26; 30.563
 23.12.2025 15:30:27; 30.750
 23.12.2025 15:33:26; 30.875
 23.12.2025 15:36:26; 31.125
 23.12.2025 15:39:27; 31.313
 23.12.2025 15:42:27; 31.688
 23.12.2025 15:45:26; 31.750
 23.12.2025 15:48:27; 31.875
 23.12.2025 15:51:27; 31.938
 23.12.2025 15:54:26; 32.125
 23.12.2025 15:57:27; 32.375
 23.12.2025 16:00:27; 32.063
 23.12.2025 16:03:26; 31.750
 23.12.2025 16:06:27; 32.125
 23.12.2025 16:09:26; 32.375
 23.12.2025 16:12:26; 32.375
 23.12.2025 16:15:27; 32.438
 23.12.2025 16:18:26; 32.375
 23.12.2025 16:21:26; 32.688
 23.12.2025 16:24:27; 32.750
 23.12.2025 16:27:27; 32.875
 23.12.2025 16:30:26; 33.125
 23.12.2025 16:33:27; 33.563
 23.12.2025 16:36:27; 33.313
 23.12.2025 16:39:26; 33.250
 23.12.2025 16:42:27; 33.250
 23.12.2025 16:45:27; 33.563
 23.12.2025 16:48:26; 34.063
 23.12.2025 16:51:27; 34.125
 23.12.2025 16:54:26; 34.438
 23.12.2025 16:57:26; 34.500
 23.12.2025 17:00:27; 34.563
 23.12.2025 17:03:26; 34.813
 23.12.2025 17:06:26; 34.500
 23.12.2025 17:09:27; 34.563
 23.12.2025 17:12:27; 34.500
 23.12.2025 17:15:26; 34.625
 23.12.2025 17:18:27; 34.938
 23.12.2025 17:21:27; 35.063
 23.12.2025 17:24:26; 35.625
 23.12.2025 17:27:27; 36.188
 23.12.2025 17:30:27; 36.688
 23.12.2025 17:33:26; 36.938
 23.12.2025 17:36:27; 37.375
 23.12.2025 17:39:26; 37.688
 23.12.2025 17:42:26; 38.313
 23.12.2025 17:45:27; 38.375
 23.12.2025 17:48:26; 38.188
 23.12.2025 17:51:26; 38.563
 23.12.2025 17:54:27; 39.000
 23.12.2025 17:57:27; 39.438
 23.12.2025 18:00:26; 39.313
 23.12.2025 18:03:27; 39.750
 23.12.2025 18:06:27; 40.250
 23.12.2025 18:09:26; 40.938
 23.12.2025 18:12:27; 41.250
 23.12.2025 18:15:27; 41.500
 23.12.2025 18:18:26; 41.938
 23.12.2025 18:21:27; 41.750
 23.12.2025 18:24:26; 41.625
 23.12.2025 18:27:26; 41.813
 23.12.2025 18:30:27; 42.125
 23.12.2025 18:33:26; 41.813
 23.12.2025 18:36:26; 41.500
 23.12.2025 18:39:27; 41.375
 23.12.2025 18:42:27; 42.250
 23.12.2025 18:45:26; 43.000
 23.12.2025 18:48:27; 43.563
 23.12.2025 18:51:27; 43.813
 23.12.2025 18:54:26; 43.688
 23.12.2025 18:57:27; 44.063
 23.12.2025 19:00:27; 43.875
 23.12.2025 19:03:26; 43.563
 23.12.2025 19:06:27; 43.375
 23.12.2025 19:09:26; 43.625
 23.12.2025 19:12:26; 44.813
 23.12.2025 19:15:27; 46.000
 23.12.2025 19:18:26; 46.438
 23.12.2025 19:21:26; 46.688
 23.12.2025 19:24:27; 45.625
 23.12.2025 19:27:27; 45.563
 23.12.2025 19:30:26; 45.875
 23.12.2025 19:33:27; 46.063
 23.12.2025 19:36:27; 45.500
 23.12.2025 19:39:26; 45.500
 23.12.2025 19:42:27; 45.750
 23.12.2025 19:45:27; 45.313
 23.12.2025 19:48:26; 44.438
 23.12.2025 19:51:27; 43.438
 23.12.2025 19:54:26; 43.125
 23.12.2025 19:57:26; 43.313
 23.12.2025 20:00:27; 43.688
 23.12.2025 20:03:26; 43.563
 23.12.2025 20:06:26; 44.000
 23.12.2025 20:09:27; 44.188
 23.12.2025 20:12:27; 44.250
 23.12.2025 20:15:26; 44.500
 23.12.2025 20:18:27; 44.313
 23.12.2025 20:21:27; 44.750
 23.12.2025 20:24:26; 44.438
 23.12.2025 20:27:27; 44.813
 23.12.2025 20:30:27; 44.375
 23.12.2025 20:33:26; 43.438
 23.12.2025 20:36:27; 42.438
 23.12.2025 20:39:26; 43.188
 23.12.2025 20:42:26; 43.563
 23.12.2025 20:45:27; 43.563
 23.12.2025 20:48:26; 43.750
 23.12.2025 20:51:26; 43.563
 23.12.2025 20:54:27; 43.125
 23.12.2025 20:57:27; 42.813
 23.12.2025 21:00:26; 42.750
 23.12.2025 21:03:27; 42.750
 23.12.2025 21:06:27; 42.563
 23.12.2025 21:09:26; 41.250
 23.12.2025 21:12:27; 38.563
 23.12.2025 21:15:27; 36.563
 23.12.2025 21:18:26; 35.063
 23.12.2025 21:21:27; 34.000
 23.12.2025 21:24:26; 33.250
 23.12.2025 21:27:26; 32.813
 23.12.2025 21:30:27; 32.375
 23.12.2025 21:33:26; 31.875
 23.12.2025 21:36:26; 32.438
 23.12.2025 21:39:27; 31.875
 23.12.2025 21:42:27; 31.438
 23.12.2025 21:45:26; 30.875
 23.12.2025 21:48:27; 30.063
 23.12.2025 21:51:27; 29.563
 23.12.2025 21:54:26; 29.250
 23.12.2025 21:57:27; 28.875
 23.12.2025 22:00:27; 28.625
 23.12.2025 22:03:26; 28.313
 23.12.2025 22:06:27; 28.063
 23.12.2025 22:09:26; 27.875
 23.12.2025 22:12:26; 27.688
 23.12.2025 22:15:27; 27.500
 23.12.2025 22:18:26; 27.375
 23.12.2025 22:21:26; 27.250
 23.12.2025 22:24:27; 27.125
 23.12.2025 22:27:27; 27.000
 23.12.2025 22:30:26; 26.875
 23.12.2025 22:33:27; 26.813
 23.12.2025 22:36:27; 26.688
 23.12.2025 22:39:26; 26.563
 23.12.2025 22:42:27; 26.500
 23.12.2025 22:45:27; 26.438
 23.12.2025 22:48:26; 26.375
 23.12.2025 22:51:27; 26.250
 23.12.2025 22:54:26; 26.188
 23.12.2025 22:57:26; 26.125
 23.12.2025 23:00:27; 26.063
 23.12.2025 23:03:26; 26.000
 23.12.2025 23:06:26; 25.938
 23.12.2025 23:09:27; 25.875
 23.12.2025 23:12:27; 25.813
 23.12.2025 23:15:26; 25.750
 23.12.2025 23:18:27; 25.688
 23.12.2025 23:21:27; 25.625
 23.12.2025 23:24:26; 25.563
 23.12.2025 23:27:27; 25.500
 23.12.2025 23:30:27; 25.438
 23.12.2025 23:33:26; 25.313
 23.12.2025 23:36:27; 25.188
 23.12.2025 23:39:26; 25.188
 23.12.2025 23:42:26; 25.188
 23.12.2025 23:45:27; 25.125
 23.12.2025 23:48:26; 25.000
 23.12.2025 23:51:26; 24.938
 23.12.2025 23:54:27; 24.875
 23.12.2025 23:57:27; 24.813
 24.12.2025 00:00:26; 24.750
 24.12.2025 00:03:27; 24.625
 24.12.2025 00:06:27; 24.500
 24.12.2025 00:09:26; 24.375
 24.12.2025 00:12:27; 24.313
 24.12.2025 00:15:27; 24.188
 24.12.2025 00:18:26; 24.063
 24.12.2025 00:21:27; 24.000
 24.12.2025 00:24:26; 23.875
 24.12.2025 00:27:26; 23.813
 24.12.2025 00:30:27; 23.750
 24.12.2025 00:33:26; 23.625
 24.12.2025 00:36:26; 23.563
 24.12.2025 00:39:27; 23.375
 24.12.2025 00:42:27; 23.313
 24.12.2025 00:45:26; 23.188
 24.12.2025 00:48:27; 23.125
 24.12.2025 00:51:27; 23.063
 24.12.2025 00:54:26; 23.063
 24.12.2025 00:57:27; 23.000
 24.12.2025 01:00:27; 22.938
 24.12.2025 01:03:26; 22.875
 24.12.2025 01:06:27; 22.875
 24.12.2025 01:09:26; 22.813
 24.12.2025 01:12:26; 22.750
 24.12.2025 01:15:27; 22.688
 24.12.2025 01:18:26; 22.688
 24.12.2025 01:21:26; 22.625
 24.12.2025 01:24:27; 22.625
 24.12.2025 01:27:27; 22.625
 24.12.2025 01:30:26; 22.563
 24.12.2025 01:33:27; 22.500
 24.12.2025 01:36:27; 22.500
 24.12.2025 01:39:26; 22.500
 24.12.2025 01:42:27; 22.438
 24.12.2025 01:45:27; 22.375
 24.12.2025 01:48:26; 22.438
 24.12.2025 01:51:27; 22.438
 24.12.2025 01:54:26; 22.438
 24.12.2025 01:57:26; 22.313
 24.12.2025 02:00:27; 22.250
 24.12.2025 02:03:26; 22.188
 24.12.2025 02:06:26; 22.188
 24.12.2025 02:09:27; 22.188
 24.12.2025 02:12:27; 22.188
 24.12.2025 02:15:26; 22.188
 24.12.2025 02:18:27; 22.125
 24.12.2025 02:21:27; 22.063
 24.12.2025 02:24:26; 22.000
 24.12.2025 02:27:27; 21.938
 24.12.2025 02:30:27; 21.938
 24.12.2025 02:33:26; 21.938
 24.12.2025 02:36:27; 21.938
 24.12.2025 02:39:26; 21.875
 24.12.2025 02:42:26; 21.813
 24.12.2025 02:45:27; 21.750
 24.12.2025 02:48:26; 21.750
 24.12.2025 02:51:26; 21.688
 24.12.2025 02:54:27; 21.625
 24.12.2025 02:57:27; 21.563
 24.12.2025 03:00:26; 21.563
 24.12.2025 03:03:27; 21.625
 24.12.2025 03:06:27; 21.625
 24.12.2025 03:09:26; 21.625
 24.12.2025 03:12:27; 21.625
 24.12.2025 03:15:27; 21.625
 24.12.2025 03:18:26; 21.625
 24.12.2025 03:21:27; 21.563
 24.12.2025 03:24:26; 21.563
 24.12.2025 03:27:26; 21.563
 24.12.2025 03:30:27; 21.500
 24.12.2025 03:33:26; 21.438
 24.12.2025 03:36:26; 21.375
 24.12.2025 03:39:27; 21.375
 24.12.2025 03:42:27; 21.313
 24.12.2025 03:45:26; 21.313
 24.12.2025 03:48:27; 21.250
 24.12.2025 03:51:27; 21.313
 24.12.2025 03:54:26; 21.313
 24.12.2025 03:57:27; 21.313
 24.12.2025 04:00:27; 21.313
 24.12.2025 04:03:26; 21.250
 24.12.2025 04:06:27; 21.188
 24.12.2025 04:09:26; 21.188
 24.12.2025 04:12:26; 21.188
 24.12.2025 04:15:27; 21.125
 24.12.2025 04:18:26; 21.125
 24.12.2025 04:21:26; 21.000
 24.12.2025 04:24:27; 20.938
 24.12.2025 04:27:27; 20.813
 24.12.2025 04:30:26; 20.813
 24.12.2025 04:33:27; 20.750
 24.12.2025 04:36:27; 20.688
 24.12.2025 04:39:26; 20.688
 24.12.2025 04:42:27; 20.688
 24.12.2025 04:45:27; 20.625
 24.12.2025 04:48:26; 20.563
 24.12.2025 04:51:27; 20.500
 24.12.2025 04:54:26; 20.500
 24.12.2025 04:57:26; 20.375
 24.12.2025 05:00:27; 20.375
 24.12.2025 05:03:26; 20.313
 24.12.2025 05:06:26; 20.313
 24.12.2025 05:09:27; 20.313
 24.12.2025 05:12:27; 20.250
 24.12.2025 05:15:26; 20.250
 24.12.2025 05:18:27; 20.250
 24.12.2025 05:21:27; 20.188
 24.12.2025 05:24:26; 20.125
 24.12.2025 05:27:27; 20.125
 24.12.2025 05:30:27; 20.125
 24.12.2025 05:33:26; 20.125
 24.12.2025 05:36:27; 20.063
 24.12.2025 05:39:26; 20.000
 24.12.2025 05:42:26; 19.938
 24.12.2025 05:45:27; 19.938
 24.12.2025 05:48:26; 19.875
 24.12.2025 05:51:26; 19.875
 24.12.2025 05:54:27; 19.813
 24.12.2025 05:57:27; 19.750
 24.12.2025 06:00:26; 19.688
 24.12.2025 06:03:27; 19.625
 24.12.2025 06:06:27; 19.563
 24.12.2025 06:09:26; 19.500
 24.12.2025 06:12:27; 19.438
 24.12.2025 06:15:27; 19.438
 24.12.2025 06:18:26; 19.375
 24.12.2025 06:21:27; 19.375
 24.12.2025 06:24:26; 19.313
 24.12.2025 06:27:26; 19.250
 24.12.2025 06:30:27; 19.250
 24.12.2025 06:33:26; 19.188
 24.12.2025 06:36:26; 19.188
 24.12.2025 06:39:27; 19.188
 24.12.2025 06:42:27; 19.188
 24.12.2025 06:45:26; 19.125
 24.12.2025 06:48:27; 19.063
 24.12.2025 06:51:27; 19.000
 24.12.2025 06:54:26; 19.000
 24.12.2025 06:57:27; 18.938
 24.12.2025 07:00:27; 18.938
 24.12.2025 07:03:26; 18.875
 24.12.2025 07:06:27; 18.875
 24.12.2025 07:09:26; 18.875
 24.12.2025 07:12:26; 18.875
 24.12.2025 07:15:27; 18.875
 24.12.2025 07:18:26; 18.875
 24.12.2025 07:21:26; 18.875
 24.12.2025 07:24:27; 18.875
 24.12.2025 07:27:27; 18.875
 24.12.2025 07:30:26; 18.813
 24.12.2025 07:33:27; 18.875
 24.12.2025 07:36:27; 18.875
 24.12.2025 07:39:26; 18.875
 24.12.2025 07:42:27; 18.813
 24.12.2025 07:45:27; 18.750
 24.12.2025 07:48:26; 18.688
 24.12.2025 07:51:27; 18.688
 24.12.2025 07:54:26; 18.625
 24.12.2025 07:57:26; 18.625
 24.12.2025 08:00:27; 18.563
 24.12.2025 08:03:26; 18.500
 24.12.2025 08:06:26; 18.500
 24.12.2025 08:09:27; 18.500
 24.12.2025 08:12:27; 18.500
 24.12.2025 08:15:26; 18.563
 24.12.2025 08:18:27; 18.563
 24.12.2025 08:21:27; 18.563
 24.12.2025 08:24:26; 18.563
 24.12.2025 08:27:27; 18.500
 24.12.2025 08:30:27; 18.500
 24.12.2025 08:33:26; 18.500
 24.12.2025 08:36:27; 18.438
 24.12.2025 08:39:26; 18.438
 24.12.2025 08:42:26; 18.438
 24.12.2025 08:45:27; 18.375
 24.12.2025 08:48:26; 18.375
 24.12.2025 08:51:26; 18.375
 24.12.2025 08:54:27; 18.375
 24.12.2025 08:57:27; 18.438
 24.12.2025 09:00:26; 18.438
 24.12.2025 09:03:27; 18.438
 24.12.2025 09:06:27; 18.438
 24.12.2025 09:09:26; 18.375
 24.12.2025 09:12:27; 18.375
 24.12.2025 09:15:27; 18.375
 24.12.2025 09:18:26; 18.438
 24.12.2025 09:21:27; 18.438
 24.12.2025 09:24:26; 18.438
 24.12.2025 09:27:26; 18.438
 24.12.2025 09:30:27; 18.438
 24.12.2025 09:33:26; 18.438
 24.12.2025 09:36:26; 18.375
 24.12.2025 09:39:27; 18.438
 24.12.2025 09:42:27; 18.438
 24.12.2025 09:45:26; 18.438
 24.12.2025 09:48:27; 18.438
 24.12.2025 09:51:27; 18.438
 24.12.2025 09:54:26; 18.438
 24.12.2025 09:57:27; 18.438
 24.12.2025 10:00:27; 18.500
 24.12.2025 10:03:26; 18.500
 24.12.2025 10:06:27; 18.500
 24.12.2025 10:09:26; 18.500
 24.12.2025 10:12:26; 18.500
 24.12.2025 10:15:27; 18.563
 24.12.2025 10:18:26; 18.563
 24.12.2025 10:21:26; 18.563
 24.12.2025 10:24:27; 18.625
 24.12.2025 10:27:27; 18.625
 24.12.2025 10:30:26; 18.688
 24.12.2025 10:33:27; 18.688
 24.12.2025 10:36:27; 18.750
 24.12.2025 10:39:26; 18.813
 24.12.2025 10:42:27; 18.875
 24.12.2025 10:45:27; 18.938
 24.12.2025 10:48:26; 19.063
 24.12.2025 10:51:27; 19.125
 24.12.2025 10:54:26; 19.250
 24.12.2025 10:57:26; 19.375
 24.12.2025 11:00:27; 19.438
 24.12.2025 11:03:26; 19.563
 24.12.2025 11:06:26; 19.688
 24.12.2025 11:09:27; 19.813
 24.12.2025 11:12:27; 19.938
 24.12.2025 11:15:26; 20.063
 24.12.2025 11:18:27; 20.188
 24.12.2025 11:21:27; 20.313
 24.12.2025 11:24:26; 20.438
 24.12.2025 11:27:27; 20.563
 24.12.2025 11:30:27; 20.688
 24.12.2025 11:33:26; 20.813
 24.12.2025 11:36:27; 21.000
 24.12.2025 11:39:26; 21.125
 24.12.2025 11:42:26; 21.250
 24.12.2025 11:45:27; 21.438
 24.12.2025 11:48:26; 21.563
 24.12.2025 11:51:26; 21.688
 24.12.2025 11:54:27; 21.875
 24.12.2025 11:57:27; 22.063
 24.12.2025 12:00:26; 22.250
 24.12.2025 12:03:27; 22.375
 24.12.2025 12:06:27; 22.500
 24.12.2025 12:09:26; 22.625
 24.12.2025 12:12:27; 22.750
 24.12.2025 12:15:27; 22.875
 24.12.2025 12:18:26; 22.938
 24.12.2025 12:21:27; 23.000
 24.12.2025 12:24:26; 23.125
 24.12.2025 12:27:26; 23.188
 24.12.2025 12:30:27; 23.188
 24.12.2025 12:33:26; 23.250
 24.12.2025 12:36:26; 23.438
 24.12.2025 12:39:27; 23.625
 24.12.2025 12:42:27; 23.750
 24.12.2025 12:45:26; 23.938
 24.12.2025 12:48:27; 24.063
 24.12.2025 12:51:27; 24.125
 24.12.2025 12:54:26; 24.313
 24.12.2025 12:57:27; 24.438
 24.12.2025 13:00:27; 24.438
 24.12.2025 13:03:26; 24.625
 24.12.2025 13:06:27; 24.688
 24.12.2025 13:09:26; 24.750
 24.12.2025 13:12:26; 24.813
 24.12.2025 13:15:27; 24.938
 24.12.2025 13:18:26; 24.938
 24.12.2025 13:21:26; 25.000
 24.12.2025 13:24:27; 25.063
 24.12.2025 13:27:27; 25.125
 24.12.2025 13:30:26; 25.188
 24.12.2025 13:33:27; 25.313
 24.12.2025 13:36:27; 25.500
 24.12.2025 13:39:26; 25.688
 24.12.2025 13:42:27; 25.875
 24.12.2025 13:45:27; 26.000
 24.12.2025 13:48:26; 26.125
 24.12.2025 13:51:27; 26.188
 24.12.2025 13:54:26; 26.375
 24.12.2025 13:57:26; 26.313
 24.12.2025 14:00:27; 26.250
 24.12.2025 14:03:26; 26.188
 24.12.2025 14:06:26; 26.188
 24.12.2025 14:09:27; 26.313
 24.12.2025 14:12:27; 26.563
 24.12.2025 14:15:26; 26.688
 24.12.2025 14:18:27; 26.688
 24.12.2025 14:21:27; 26.750
 24.12.2025 14:24:26; 26.875
 24.12.2025 14:27:27; 27.000
 24.12.2025 14:30:27; 27.125
 24.12.2025 14:33:26; 27.188
 24.12.2025 14:36:27; 27.438
 24.12.2025 14:39:26; 27.563
 24.12.2025 14:42:26; 27.688
 24.12.2025 14:45:27; 27.813
 24.12.2025 14:48:26; 27.938
 24.12.2025 14:51:26; 27.938
 24.12.2025 14:54:27; 28.063
 24.12.2025 14:57:27; 28.250
 24.12.2025 15:00:26; 28.438
 24.12.2025 15:03:27; 28.625
 24.12.2025 15:06:27; 28.813
 24.12.2025 15:09:26; 29.000
 24.12.2025 15:12:27; 29.250
 24.12.2025 15:15:27; 29.500
 24.12.2025 15:18:26; 29.625
 24.12.2025 15:21:27; 29.625
 24.12.2025 15:24:26; 29.750
 24.12.2025 15:27:26; 29.813
 24.12.2025 15:30:27; 30.188
 24.12.2025 15:33:26; 30.438
 24.12.2025 15:36:26; 30.750
 24.12.2025 15:39:27; 30.875
 24.12.2025 15:42:27; 30.750
 24.12.2025 15:45:26; 30.938
 24.12.2025 15:48:27; 31.125
 24.12.2025 15:51:27; 31.250
 24.12.2025 15:54:26; 31.625
 24.12.2025 15:57:27; 32.063
 24.12.2025 16:00:27; 32.313
 24.12.2025 16:03:26; 32.375
 24.12.2025 16:06:27; 32.438
 24.12.2025 16:09:26; 32.625
 24.12.2025 16:12:26; 33.063
 24.12.2025 16:15:27; 33.250
 24.12.2025 16:18:26; 33.313
 24.12.2025 16:21:26; 33.125
 24.12.2025 16:24:27; 33.438
 24.12.2025 16:27:27; 34.063
 24.12.2025 16:30:26; 34.500
 24.12.2025 16:33:27; 35.000
 24.12.2025 16:36:27; 34.938
 24.12.2025 16:39:26; 34.500
 24.12.2025 16:42:27; 34.375
 24.12.2025 16:45:27; 34.375
 24.12.2025 16:48:26; 34.375
 24.12.2025 16:51:27; 34.563
 24.12.2025 16:54:26; 34.875
 24.12.2025 16:57:26; 34.875
 24.12.2025 17:00:27; 34.625
 24.12.2025 17:03:26; 34.875
 24.12.2025 17:06:26; 34.938
 24.12.2025 17:09:27; 35.063
 24.12.2025 17:12:27; 35.250
 24.12.2025 17:15:26; 35.438
 24.12.2025 17:18:27; 35.625
 24.12.2025 17:21:27; 36.000
 24.12.2025 17:24:26; 36.625
 24.12.2025 17:27:27; 37.250
 24.12.2025 17:30:27; 37.250
 24.12.2025 17:33:26; 37.125
 24.12.2025 17:36:27; 37.563
 24.12.2025 17:39:26; 38.313
 24.12.2025 17:42:26; 38.938
 24.12.2025 17:45:27; 39.750
 24.12.2025 17:48:26; 39.750
 24.12.2025 17:51:26; 39.625
 24.12.2025 17:54:27; 40.188
 24.12.2025 17:57:27; 40.375
 24.12.2025 18:00:26; 40.500
 24.12.2025 18:03:27; 41.000
 24.12.2025 18:06:27; 41.688
 24.12.2025 18:09:26; 42.250
 24.12.2025 18:12:27; 41.938
 24.12.2025 18:15:27; 41.750
 24.12.2025 18:18:26; 41.500
 24.12.2025 18:21:27; 41.063
 24.12.2025 18:24:26; 41.188
 24.12.2025 18:27:26; 41.750
 24.12.2025 18:30:27; 41.813
 24.12.2025 18:33:26; 42.375
 24.12.2025 18:36:26; 42.938
 24.12.2025 18:39:27; 43.625
 24.12.2025 18:42:27; 44.125
 24.12.2025 18:45:26; 44.438
 24.12.2025 18:48:27; 45.188
 24.12.2025 18:51:27; 44.750
 24.12.2025 18:54:26; 44.500
 24.12.2025 18:57:27; 44.313
 24.12.2025 19:00:27; 42.063
 24.12.2025 19:03:26; 41.188
 24.12.2025 19:06:27; 40.625
 24.12.2025 19:09:26; 39.688
 24.12.2025 19:12:26; 40.625
 24.12.2025 19:15:27; 41.750
 24.12.2025 19:18:26; 40.688
 24.12.2025 19:21:26; 40.250
 24.12.2025 19:24:27; 40.063
 24.12.2025 19:27:27; 38.938
 24.12.2025 19:30:26; 37.250
 24.12.2025 19:33:27; 35.438
 24.12.2025 19:36:27; 33.938
 24.12.2025 19:39:26; 32.938
 24.12.2025 19:42:27; 32.125
 24.12.2025 19:45:27; 31.375
 24.12.2025 19:48:26; 30.813
 24.12.2025 19:51:27; 30.438
 24.12.2025 19:54:26; 30.125
 24.12.2025 19:57:26; 29.938
 24.12.2025 20:00:27; 29.688
 24.12.2025 20:03:26; 29.375
 24.12.2025 20:06:26; 28.813
 24.12.2025 20:09:27; 28.375
 24.12.2025 20:12:27; 27.875
 24.12.2025 20:15:26; 27.625
 24.12.2025 20:18:27; 27.313
 24.12.2025 20:21:27; 27.063
 24.12.2025 20:24:26; 26.813
 24.12.2025 20:27:27; 26.625
 24.12.2025 20:30:27; 26.438
 24.12.2025 20:33:26; 26.313
 24.12.2025 20:36:27; 26.125
 24.12.2025 20:39:26; 26.000
 24.12.2025 20:42:26; 25.875
 24.12.2025 20:45:27; 25.750
 24.12.2025 20:48:26; 25.625
 24.12.2025 20:51:26; 25.563
 24.12.2025 20:54:27; 25.563
 24.12.2025 20:57:27; 25.438
 24.12.2025 21:00:26; 25.375
 24.12.2025 21:03:27; 25.438
 24.12.2025 21:06:27; 25.625
 24.12.2025 21:09:26; 25.750
 24.12.2025 21:12:27; 25.813
 24.12.2025 21:15:27; 26.000
 24.12.2025 21:18:26; 26.250
 24.12.2025 21:21:27; 26.438
 24.12.2025 21:24:26; 26.688
 24.12.2025 21:27:26; 27.000
 24.12.2025 21:30:27; 27.250
 24.12.2025 21:33:26; 27.438
 24.12.2025 21:36:26; 27.500
 24.12.2025 21:39:27; 27.500
 24.12.2025 21:42:27; 27.375
 24.12.2025 21:45:26; 27.250
 24.12.2025 21:48:27; 27.188
 24.12.2025 21:51:27; 27.188
 24.12.2025 21:54:26; 26.938
 24.12.2025 21:57:27; 26.813
 24.12.2025 22:00:27; 26.813
 24.12.2025 22:03:26; 26.750
 24.12.2025 22:06:27; 26.688
 24.12.2025 22:09:26; 26.625
 24.12.2025 22:12:26; 26.563
 24.12.2025 22:15:27; 26.500
 24.12.2025 22:18:26; 26.438
 24.12.2025 22:21:26; 26.375
 24.12.2025 22:24:27; 26.313
 24.12.2025 22:27:27; 26.250
 24.12.2025 22:30:26; 26.188
 24.12.2025 22:33:27; 26.188
 24.12.2025 22:36:27; 26.188
 24.12.2025 22:39:26; 26.188
 24.12.2025 22:42:27; 26.188
 24.12.2025 22:45:27; 26.188
 24.12.2025 22:48:26; 26.125
 24.12.2025 22:51:27; 26.063
 24.12.2025 22:54:26; 25.938
 24.12.2025 22:57:26; 25.813
 24.12.2025 23:00:27; 25.625
 24.12.2025 23:03:26; 25.500
 24.12.2025 23:06:26; 25.438
 24.12.2025 23:09:27; 25.250
 24.12.2025 23:12:27; 25.125
 24.12.2025 23:15:26; 25.000
 24.12.2025 23:18:27; 24.813
 24.12.2025 23:21:27; 24.688
 24.12.2025 23:24:26; 24.500
 24.12.2025 23:27:27; 24.313
 24.12.2025 23:30:27; 24.188
 24.12.2025 23:33:26; 24.063
 24.12.2025 23:36:27; 23.875
 24.12.2025 23:39:26; 23.750
 24.12.2025 23:42:26; 23.625
 24.12.2025 23:45:27; 23.500
 24.12.2025 23:48:26; 23.375
 24.12.2025 23:51:26; 23.313
 24.12.2025 23:54:27; 23.188
 24.12.2025 23:57:27; 23.063
 25.12.2025 00:00:26; 22.938
 25.12.2025 00:03:27; 22.813
 25.12.2025 00:06:27; 22.688
 25.12.2025 00:09:26; 22.563
 25.12.2025 00:12:27; 22.500
 25.12.2025 00:15:27; 22.375
 25.12.2025 00:18:26; 22.313
 25.12.2025 00:21:27; 22.188
 25.12.2025 00:24:26; 22.125
 25.12.2025 00:27:26; 22.063
 25.12.2025 00:30:27; 22.000
 25.12.2025 00:33:26; 21.938
 25.12.2025 00:36:26; 21.938
 25.12.2025 00:39:27; 21.875
 25.12.2025 00:42:27; 21.875
 25.12.2025 00:45:26; 21.813
 25.12.2025 00:48:27; 21.750
 25.12.2025 00:51:27; 21.688
 25.12.2025 00:54:26; 21.625
 25.12.2025 00:57:27; 21.563
 25.12.2025 01:00:27; 21.500
 25.12.2025 01:03:26; 21.438
 25.12.2025 01:06:27; 21.438
 25.12.2025 01:09:26; 21.375
 25.12.2025 01:12:26; 21.313
 25.12.2025 01:15:27; 21.188
 25.12.2025 01:18:26; 21.125
 25.12.2025 01:21:26; 21.063
 25.12.2025 01:24:27; 21.000
 25.12.2025 01:27:27; 20.938
 25.12.2025 01:30:26; 20.875
 25.12.2025 01:33:27; 20.813
 25.12.2025 01:36:27; 20.750
 25.12.2025 01:39:26; 20.688
 25.12.2025 01:42:27; 20.625
 25.12.2025 01:45:27; 20.563
 25.12.2025 01:48:26; 20.500
 25.12.2025 01:51:27; 20.500
 25.12.2025 01:54:26; 20.500
 25.12.2025 01:57:26; 20.500
 25.12.2025 02:00:27; 20.500
 25.12.2025 02:03:26; 20.500
 25.12.2025 02:06:26; 20.500
 25.12.2025 02:09:27; 20.438
 25.12.2025 02:12:27; 20.438
 25.12.2025 02:15:26; 20.375
 25.12.2025 02:18:27; 20.375
 25.12.2025 02:21:27; 20.375
 25.12.2025 02:24:26; 20.313
 25.12.2025 02:27:27; 20.313
 25.12.2025 02:30:27; 20.250
 25.12.2025 02:33:26; 20.250
 25.12.2025 02:36:27; 20.188
 25.12.2025 02:39:26; 20.125
 25.12.2025 02:42:26; 20.125
 25.12.2025 02:45:27; 20.063
 25.12.2025 02:48:26; 20.000
 25.12.2025 02:51:26; 20.000
 25.12.2025 02:54:27; 19.938
 25.12.2025 02:57:27; 19.938
 25.12.2025 03:00:26; 19.875
 25.12.2025 03:03:27; 19.875
 25.12.2025 03:06:27; 19.875
 25.12.2025 03:09:26; 19.813
 25.12.2025 03:12:27; 19.813
 25.12.2025 03:15:27; 19.813
 25.12.2025 03:18:26; 19.813
 25.12.2025 03:21:27; 19.813
 25.12.2025 03:24:26; 19.813
 25.12.2025 03:27:26; 19.813
 25.12.2025 03:30:27; 19.813
 25.12.2025 03:33:26; 19.750
 25.12.2025 03:36:26; 19.688
 25.12.2025 03:39:27; 19.750
 25.12.2025 03:42:27; 19.750
 25.12.2025 03:45:26; 19.750
 25.12.2025 03:48:27; 19.750
 25.12.2025 03:51:27; 19.750
 25.12.2025 03:54:26; 19.750
 25.12.2025 03:57:27; 19.750
 25.12.2025 04:00:27; 19.688
 25.12.2025 04:03:26; 19.688
 25.12.2025 04:06:27; 19.625
 25.12.2025 04:09:26; 19.688
 25.12.2025 04:12:26; 19.688
 25.12.2025 04:15:27; 19.688
 25.12.2025 04:18:26; 19.625
 25.12.2025 04:21:26; 19.625
 25.12.2025 04:24:27; 19.563
 25.12.2025 04:27:27; 19.563
 25.12.2025 04:30:26; 19.500
 25.12.2025 04:33:27; 19.500
 25.12.2025 04:36:27; 19.438
 25.12.2025 04:39:26; 19.438
 25.12.2025 04:42:27; 19.438
 25.12.2025 04:45:27; 19.375
 25.12.2025 04:48:26; 19.375
 25.12.2025 04:51:27; 19.375
 25.12.2025 04:54:26; 19.313
 25.12.2025 04:57:26; 19.313
 25.12.2025 05:00:27; 19.313
 25.12.2025 05:03:26; 19.313
 25.12.2025 05:06:26; 19.250
 25.12.2025 05:09:27; 19.250
 25.12.2025 05:12:27; 19.188
 25.12.2025 05:15:26; 19.125
 25.12.2025 05:18:27; 19.125
 25.12.2025 05:21:27; 19.063
 25.12.2025 05:24:26; 19.000
 25.12.2025 05:27:27; 19.000
 25.12.2025 05:30:27; 18.938
 25.12.2025 05:33:26; 18.938
 25.12.2025 05:36:27; 18.938
 25.12.2025 05:39:26; 18.938
 25.12.2025 05:42:26; 18.938
 25.12.2025 05:45:27; 18.938
 25.12.2025 05:48:26; 18.938
 25.12.2025 05:51:26; 18.875
 25.12.2025 05:54:27; 18.813
 25.12.2025 05:57:27; 18.813
 25.12.2025 06:00:26; 18.750
 25.12.2025 06:03:27; 18.750
 25.12.2025 06:06:27; 18.750
 25.12.2025 06:09:26; 18.688
 25.12.2025 06:12:27; 18.688
 25.12.2025 06:15:27; 18.688
 25.12.2025 06:18:26; 18.625
 25.12.2025 06:21:27; 18.625
 25.12.2025 06:24:26; 18.625
 25.12.2025 06:27:26; 18.563
 25.12.2025 06:30:27; 18.500
 25.12.2025 06:33:26; 18.500
 25.12.2025 06:36:26; 18.500
 25.12.2025 06:39:27; 18.500
 25.12.2025 06:42:27; 18.500
 25.12.2025 06:45:26; 18.500
 25.12.2025 06:48:27; 18.500
 25.12.2025 06:51:27; 18.500
 25.12.2025 06:54:26; 18.500
 25.12.2025 06:57:27; 18.563
 25.12.2025 07:00:27; 18.563
 25.12.2025 07:03:26; 18.563
 25.12.2025 07:06:27; 18.563
 25.12.2025 07:09:26; 18.563
 25.12.2025 07:12:26; 18.500
 25.12.2025 07:15:27; 18.500
 25.12.2025 07:18:26; 18.438
 25.12.2025 07:21:26; 18.438
 25.12.2025 07:24:27; 18.438
 25.12.2025 07:27:27; 18.375
 25.12.2025 07:30:26; 18.375
 25.12.2025 07:33:27; 18.313
 25.12.2025 07:36:27; 18.313
 25.12.2025 07:39:26; 18.313
 25.12.2025 07:42:27; 18.313
 25.12.2025 07:45:27; 18.250
 25.12.2025 07:48:26; 18.250
 25.12.2025 07:51:27; 18.188
 25.12.2025 07:54:26; 18.188
 25.12.2025 07:57:26; 18.188
 25.12.2025 08:00:27; 18.188
 25.12.2025 08:03:26; 18.188
 25.12.2025 08:06:26; 18.125
 25.12.2025 08:09:27; 18.125
 25.12.2025 08:12:27; 18.063
 25.12.2025 08:15:26; 18.063
 25.12.2025 08:18:27; 18.000
 25.12.2025 08:21:27; 18.000
 25.12.2025 08:24:26; 18.000
 25.12.2025 08:27:27; 18.000
 25.12.2025 08:30:27; 18.000
 25.12.2025 08:33:26; 18.000
 25.12.2025 08:36:27; 18.000
 25.12.2025 08:39:26; 18.000
 25.12.2025 08:42:26; 18.000
 25.12.2025 08:45:27; 17.938
 25.12.2025 08:48:26; 17.938
 25.12.2025 08:51:26; 17.938
 25.12.2025 08:54:27; 17.875
 25.12.2025 08:57:27; 17.875
 25.12.2025 09:00:26; 17.875
 25.12.2025 09:03:27; 17.875
 25.12.2025 09:06:27; 17.875
 25.12.2025 09:09:26; 17.875
 25.12.2025 09:12:27; 17.875
 25.12.2025 09:15:27; 17.875
 25.12.2025 09:18:26; 17.875
 25.12.2025 09:21:27; 17.875
 25.12.2025 09:24:26; 17.875
 25.12.2025 09:27:26; 17.875
 25.12.2025 09:30:27; 17.875
 25.12.2025 09:33:26; 17.813
 25.12.2025 09:36:26; 17.813
 25.12.2025 09:39:27; 17.813
 25.12.2025 09:42:27; 17.813
 25.12.2025 09:45:26; 17.750
 25.12.2025 09:48:27; 17.750
 25.12.2025 09:51:27; 17.750
 25.12.2025 09:54:26; 17.750
 25.12.2025 09:57:27; 17.750
 25.12.2025 10:00:27; 17.750
 25.12.2025 10:03:26; 17.750
 25.12.2025 10:06:27; 17.750
 25.12.2025 10:09:26; 17.688
 25.12.2025 10:12:26; 17.688
 25.12.2025 10:15:27; 17.688
 25.12.2025 10:18:26; 17.688
 25.12.2025 10:21:26; 17.688
 25.12.2025 10:24:27; 17.688
 25.12.2025 10:27:27; 17.688
 25.12.2025 10:30:26; 17.688
 25.12.2025 10:33:27; 17.688
 25.12.2025 10:36:27; 17.688
 25.12.2025 10:39:26; 17.688
 25.12.2025 10:42:27; 17.750
 25.12.2025 10:45:27; 17.750
 25.12.2025 10:48:26; 17.750
 25.12.2025 10:51:27; 17.813
 25.12.2025 10:54:26; 17.875
 25.12.2025 10:57:26; 17.938
 25.12.2025 11:00:27; 18.000
 25.12.2025 11:03:26; 18.063
 25.12.2025 11:06:26; 18.188
 25.12.2025 11:09:27; 18.313
 25.12.2025 11:12:27; 18.375
 25.12.2025 11:15:26; 18.500
 25.12.2025 11:18:27; 18.625
 25.12.2025 11:21:27; 18.750
 25.12.2025 11:24:26; 18.875
 25.12.2025 11:27:27; 19.000
 25.12.2025 11:30:27; 19.125
 25.12.2025 11:33:26; 19.313
 25.12.2025 11:36:27; 19.438
 25.12.2025 11:39:26; 19.563
 25.12.2025 11:42:26; 19.750
 25.12.2025 11:45:27; 19.938
 25.12.2025 11:48:26; 20.188
 25.12.2025 11:51:26; 20.375
 25.12.2025 11:54:27; 20.563
 25.12.2025 11:57:27; 20.750
 25.12.2025 12:00:26; 20.875
 25.12.2025 12:03:27; 21.063
 25.12.2025 12:06:27; 21.250
 25.12.2025 12:09:26; 21.438
 25.12.2025 12:12:27; 21.688
 25.12.2025 12:15:27; 21.875
 25.12.2025 12:18:26; 22.063
 25.12.2025 12:21:27; 22.313
 25.12.2025 12:24:26; 22.438
 25.12.2025 12:27:26; 22.625
 25.12.2025 12:30:27; 22.750
 25.12.2025 12:33:26; 22.938
 25.12.2025 12:36:26; 23.063
 25.12.2025 12:39:27; 23.188
 25.12.2025 12:42:27; 23.375
 25.12.2025 12:45:26; 23.563
 25.12.2025 12:48:27; 23.688
 25.12.2025 12:51:27; 23.875
 25.12.2025 12:54:26; 24.000
 25.12.2025 12:57:27; 24.250
 25.12.2025 13:00:27; 24.500
 25.12.2025 13:03:26; 24.563
 25.12.2025 13:06:27; 24.500
 25.12.2025 13:09:26; 24.438
 25.12.2025 13:12:26; 24.313
 25.12.2025 13:15:27; 24.250
 25.12.2025 13:18:26; 24.313
 25.12.2025 13:21:26; 24.625
 25.12.2025 13:24:27; 24.938
 25.12.2025 13:27:27; 25.125
 25.12.2025 13:30:26; 25.125
 25.12.2025 13:33:27; 25.313
 25.12.2025 13:36:27; 25.500
 25.12.2025 13:39:26; 25.563
 25.12.2025 13:42:27; 25.500
 25.12.2025 13:45:27; 25.563
 25.12.2025 13:48:26; 25.438
 25.12.2025 13:51:27; 25.563
 25.12.2025 13:54:26; 26.000
 25.12.2025 13:57:26; 26.125
 25.12.2025 14:00:27; 26.125
 25.12.2025 14:03:26; 25.938
 25.12.2025 14:06:26; 25.750
 25.12.2025 14:09:27; 25.563
 25.12.2025 14:12:27; 25.438
 25.12.2025 14:15:26; 25.500
 25.12.2025 14:18:27; 25.500
 25.12.2025 14:21:27; 25.500
 25.12.2025 14:24:26; 26.000
 25.12.2025 14:27:27; 26.438
 25.12.2025 14:30:27; 26.813
 25.12.2025 14:33:26; 27.063
 25.12.2025 14:36:27; 27.250
 25.12.2025 14:39:26; 27.438
 25.12.2025 14:42:26; 27.563
 25.12.2025 14:45:27; 27.688
 25.12.2025 14:48:26; 27.750
 25.12.2025 14:51:26; 27.938
 25.12.2025 14:54:27; 28.000
 25.12.2025 14:57:27; 28.188
 25.12.2025 15:00:26; 28.313
 25.12.2025 15:03:27; 28.125
 25.12.2025 15:06:27; 28.250
 25.12.2025 15:09:26; 28.313
 25.12.2025 15:12:27; 28.438
 25.12.2025 15:15:27; 28.250
 25.12.2025 15:18:26; 28.188
 25.12.2025 15:21:27; 28.250
 25.12.2025 15:24:26; 28.313
 25.12.2025 15:27:26; 28.813
 25.12.2025 15:30:27; 29.063
 25.12.2025 15:33:26; 28.938
 25.12.2025 15:36:26; 28.500
 25.12.2025 15:39:27; 27.875
 25.12.2025 15:42:27; 27.375
 25.12.2025 15:45:26; 26.813
 25.12.2025 15:48:27; 26.500
 25.12.2025 15:51:27; 26.125
 25.12.2025 15:54:26; 25.938
 25.12.2025 15:57:27; 25.750
 25.12.2025 16:00:27; 25.625
 25.12.2025 16:03:26; 25.500
 25.12.2025 16:06:27; 25.250
 25.12.2025 16:09:26; 25.063
 25.12.2025 16:12:26; 24.813
 25.12.2025 16:15:27; 24.625
 25.12.2025 16:18:26; 24.500
 25.12.2025 16:21:26; 24.375
 25.12.2025 16:24:27; 24.375
 25.12.2025 16:27:27; 24.438
 25.12.2025 16:30:26; 24.563
 25.12.2025 16:33:27; 24.750
 25.12.2025 16:36:27; 25.063
 25.12.2025 16:39:26; 25.375
 25.12.2025 16:42:27; 25.625
 25.12.2025 16:45:27; 25.813
 25.12.2025 16:48:26; 26.063
 25.12.2025 16:51:27; 26.750
 25.12.2025 16:54:26; 28.125
 25.12.2025 16:57:26; 29.375
 25.12.2025 17:00:27; 30.250
 25.12.2025 17:03:26; 30.688
 25.12.2025 17:06:26; 30.438
 25.12.2025 17:09:27; 30.313
 25.12.2025 17:12:27; 30.563
 25.12.2025 17:15:26; 31.063
 25.12.2025 17:18:27; 31.500
 25.12.2025 17:21:27; 32.000
 25.12.2025 17:24:26; 32.313
 25.12.2025 17:27:27; 32.625
 25.12.2025 17:30:27; 32.938
 25.12.2025 17:33:26; 33.625
 25.12.2025 17:36:27; 34.125
 25.12.2025 17:39:26; 34.125
 25.12.2025 17:42:26; 34.313
 25.12.2025 17:45:27; 34.875
 25.12.2025 17:48:26; 35.188
 25.12.2025 17:51:26; 35.625
 25.12.2025 17:54:27; 36.438
 25.12.2025 17:57:27; 37.438
 25.12.2025 18:00:26; 37.938
 25.12.2025 18:03:27; 37.938
 25.12.2025 18:06:27; 38.563
 25.12.2025 18:09:26; 39.063
 25.12.2025 18:12:27; 39.625
 25.12.2025 18:15:27; 39.813
 25.12.2025 18:18:26; 39.938
 25.12.2025 18:21:27; 40.313
 25.12.2025 18:24:26; 40.625
 25.12.2025 18:27:26; 40.188
 25.12.2025 18:30:27; 39.438
 25.12.2025 18:33:26; 39.063
 25.12.2025 18:36:26; 39.313
 25.12.2025 18:39:27; 40.188
 25.12.2025 18:42:27; 40.813
 25.12.2025 18:45:26; 40.313
 25.12.2025 18:48:27; 40.750
 25.12.2025 18:51:27; 40.500
 25.12.2025 18:54:26; 41.125
 25.12.2025 18:57:27; 41.375
 25.12.2025 19:00:27; 41.313
 25.12.2025 19:03:26; 41.938
 25.12.2025 19:06:27; 42.188
 25.12.2025 19:09:26; 41.875
 25.12.2025 19:12:26; 42.313
 25.12.2025 19:15:27; 42.563
 25.12.2025 19:18:26; 42.625
 25.12.2025 19:21:26; 42.875
 25.12.2025 19:24:27; 42.500
 25.12.2025 19:27:27; 42.438
 25.12.2025 19:30:26; 42.313
 25.12.2025 19:33:27; 42.625
 25.12.2025 19:36:27; 42.313
 25.12.2025 19:39:26; 42.188
 25.12.2025 19:42:27; 42.563
 25.12.2025 19:45:27; 42.250
 25.12.2025 19:48:26; 41.750
 25.12.2025 19:51:27; 42.250
 25.12.2025 19:54:26; 42.375
 25.12.2025 19:57:26; 43.063
 25.12.2025 20:00:27; 43.875
 25.12.2025 20:03:26; 44.188
 25.12.2025 20:06:26; 43.875
 25.12.2025 20:09:27; 43.625
 25.12.2025 20:12:27; 43.938
 25.12.2025 20:15:26; 42.750
 25.12.2025 20:18:27; 43.438
 25.12.2025 20:21:27; 43.813
 25.12.2025 20:24:26; 43.813
 25.12.2025 20:27:27; 43.750
 25.12.2025 20:30:27; 43.750
 25.12.2025 20:33:26; 44.000
 25.12.2025 20:36:27; 43.875
 25.12.2025 20:39:26; 43.313
 25.12.2025 20:42:26; 44.188
 25.12.2025 20:45:27; 43.625
 25.12.2025 20:48:26; 44.250
 25.12.2025 20:51:26; 43.563
 25.12.2025 20:54:27; 43.313
 25.12.2025 20:57:27; 43.375
 25.12.2025 21:00:26; 43.375
 25.12.2025 21:03:27; 41.813
 25.12.2025 21:06:27; 39.313
 25.12.2025 21:09:26; 38.625
 25.12.2025 21:12:27; 36.313
 25.12.2025 21:15:27; 35.250
 25.12.2025 21:18:26; 34.875
 25.12.2025 21:21:27; 34.000
 25.12.2025 21:24:26; 33.188
 25.12.2025 21:27:26; 32.688
 25.12.2025 21:30:27; 31.938
 25.12.2025 21:33:26; 31.875
 25.12.2025 21:36:26; 31.375
 25.12.2025 21:39:27; 31.063
 25.12.2025 21:42:27; 30.500
 25.12.2025 21:45:26; 30.188
 25.12.2025 21:48:27; 29.938
 25.12.2025 21:51:27; 29.500
 25.12.2025 21:54:26; 29.250
 25.12.2025 21:57:27; 28.938
 25.12.2025 22:00:27; 28.563
 25.12.2025 22:03:26; 28.313
 25.12.2025 22:06:27; 28.063
 25.12.2025 22:09:26; 27.750
 25.12.2025 22:12:26; 27.500
 25.12.2025 22:15:27; 27.313
 25.12.2025 22:18:26; 27.063
 25.12.2025 22:21:26; 26.875
 25.12.2025 22:24:27; 26.688
 25.12.2025 22:27:27; 26.438
 25.12.2025 22:30:26; 26.188
 25.12.2025 22:33:27; 26.063
 25.12.2025 22:36:27; 25.875
 25.12.2025 22:39:26; 25.688
 25.12.2025 22:42:27; 25.500
 25.12.2025 22:45:27; 25.438
 25.12.2025 22:48:26; 25.313
 25.12.2025 22:51:27; 25.188
 25.12.2025 22:54:26; 25.063
 25.12.2025 22:57:26; 24.938
 25.12.2025 23:00:27; 24.875
 25.12.2025 23:03:26; 24.750
 25.12.2025 23:06:26; 24.688
 25.12.2025 23:09:27; 24.563
 25.12.2025 23:12:27; 24.438
 25.12.2025 23:15:26; 24.313
 25.12.2025 23:18:27; 24.188
 25.12.2025 23:21:27; 24.125
 25.12.2025 23:24:26; 24.063
 25.12.2025 23:27:27; 23.938
 25.12.2025 23:30:27; 23.875
 25.12.2025 23:33:26; 23.813
 25.12.2025 23:36:27; 23.750
 25.12.2025 23:39:26; 23.625
 25.12.2025 23:42:26; 23.625
 25.12.2025 23:45:27; 23.438
 25.12.2025 23:48:26; 23.250
 25.12.2025 23:51:26; 23.125
 25.12.2025 23:54:27; 23.063
 25.12.2025 23:57:27; 22.938
 26.12.2025 00:00:26; 22.875
 26.12.2025 00:03:27; 22.813
 26.12.2025 00:06:27; 22.813
 26.12.2025 00:09:26; 22.688
 26.12.2025 00:12:27; 22.563
 26.12.2025 00:15:27; 22.563
 26.12.2025 00:18:26; 22.563
 26.12.2025 00:21:27; 22.438
 26.12.2025 00:24:26; 22.375
 26.12.2025 00:27:26; 22.313
 26.12.2025 00:30:27; 22.250
 26.12.2025 00:33:26; 22.188
 26.12.2025 00:36:26; 22.125
 26.12.2025 00:39:27; 22.063
 26.12.2025 00:42:27; 22.125
 26.12.2025 00:45:26; 22.063
 26.12.2025 00:48:27; 22.000
 26.12.2025 00:51:27; 21.938
 26.12.2025 00:54:26; 21.938
 26.12.2025 00:57:27; 21.938
 26.12.2025 01:00:27; 21.938
 26.12.2025 01:03:26; 21.875
 26.12.2025 01:06:27; 21.813
 26.12.2025 01:09:26; 21.750
 26.12.2025 01:12:26; 21.688
 26.12.2025 01:15:27; 21.688
 26.12.2025 01:18:26; 21.625
 26.12.2025 01:21:26; 21.625
 26.12.2025 01:24:27; 21.563
 26.12.2025 01:27:27; 21.563
 26.12.2025 01:30:26; 21.563
 26.12.2025 01:33:27; 21.625
 26.12.2025 01:36:27; 21.750
 26.12.2025 01:39:26; 21.750
 26.12.2025 01:42:27; 21.688
 26.12.2025 01:45:27; 21.688
 26.12.2025 01:48:26; 21.625
 26.12.2025 01:51:27; 21.625
 26.12.2025 01:54:26; 21.500
 26.12.2025 01:57:26; 21.500
 26.12.2025 02:00:27; 21.438
 26.12.2025 02:03:26; 21.375
 26.12.2025 02:06:26; 21.375
 26.12.2025 02:09:27; 21.375
 26.12.2025 02:12:27; 21.375
 26.12.2025 02:15:26; 21.375
 26.12.2025 02:18:27; 21.375
 26.12.2025 02:21:27; 21.375
 26.12.2025 02:24:26; 21.313
 26.12.2025 02:27:27; 21.313
 26.12.2025 02:30:27; 21.313
 26.12.2025 02:33:26; 21.250
 26.12.2025 02:36:27; 21.250
 26.12.2025 02:39:26; 21.250
 26.12.2025 02:42:26; 21.250
 26.12.2025 02:45:27; 21.250
 26.12.2025 02:48:26; 21.250
 26.12.2025 02:51:26; 21.188
 26.12.2025 02:54:27; 21.188
 26.12.2025 02:57:27; 21.188
 26.12.2025 03:00:26; 21.125
 26.12.2025 03:03:27; 21.063
 26.12.2025 03:06:27; 21.063
 26.12.2025 03:09:26; 21.000
 26.12.2025 03:12:27; 20.938
 26.12.2025 03:15:27; 20.875
 26.12.2025 03:18:26; 20.750
 26.12.2025 03:21:27; 20.688
 26.12.2025 03:24:26; 20.563
 26.12.2025 03:27:26; 20.500
 26.12.2025 03:30:27; 20.375
 26.12.2025 03:33:26; 20.313
 26.12.2025 03:36:26; 20.250
 26.12.2025 03:39:27; 20.188
 26.12.2025 03:42:27; 20.250
 26.12.2025 03:45:26; 20.188
 26.12.2025 03:48:27; 20.188
 26.12.2025 03:51:27; 20.125
 26.12.2025 03:54:26; 20.125
 26.12.2025 03:57:27; 20.063
 26.12.2025 04:00:27; 19.938
 26.12.2025 04:03:26; 19.875
 26.12.2025 04:06:27; 19.813
 26.12.2025 04:09:26; 19.688
 26.12.2025 04:12:26; 19.625
 26.12.2025 04:15:27; 19.625
 26.12.2025 04:18:26; 19.563
 26.12.2025 04:21:26; 19.500
 26.12.2025 04:24:27; 19.500
 26.12.2025 04:27:27; 19.500
 26.12.2025 04:30:26; 19.438
 26.12.2025 04:33:27; 19.375
 26.12.2025 04:36:27; 19.375
 26.12.2025 04:39:26; 19.375
 26.12.2025 04:42:27; 19.375
 26.12.2025 04:45:27; 19.375
 26.12.2025 04:48:26; 19.375
 26.12.2025 04:51:27; 19.375
 26.12.2025 04:54:26; 19.313
 26.12.2025 04:57:26; 19.313
 26.12.2025 05:00:27; 19.375
 26.12.2025 05:03:26; 19.438
 26.12.2025 05:06:26; 19.438
 26.12.2025 05:09:27; 19.375
 26.12.2025 05:12:27; 19.375
 26.12.2025 05:15:26; 19.375
 26.12.2025 05:18:27; 19.375
 26.12.2025 05:21:27; 19.313
 26.12.2025 05:24:26; 19.313
 26.12.2025 05:27:27; 19.313
 26.12.2025 05:30:27; 19.250
 26.12.2025 05:33:26; 19.250
 26.12.2025 05:36:27; 19.250
 26.12.2025 05:39:26; 19.250
 26.12.2025 05:42:26; 19.250
 26.12.2025 05:45:27; 19.250
 26.12.2025 05:48:26; 19.188
 26.12.2025 05:51:26; 19.125
 26.12.2025 05:54:27; 19.000
 26.12.2025 05:57:27; 18.938
 26.12.2025 06:00:26; 18.938
 26.12.2025 06:03:27; 18.813
 26.12.2025 06:06:27; 18.750
 26.12.2025 06:09:26; 18.625
 26.12.2025 06:12:27; 18.625
 26.12.2025 06:15:27; 18.563
 26.12.2025 06:18:26; 18.500
 26.12.2025 06:21:27; 18.438
 26.12.2025 06:24:26; 18.313
 26.12.2025 06:27:26; 18.250
 26.12.2025 06:30:27; 18.188
 26.12.2025 06:33:26; 18.125
 26.12.2025 06:36:26; 18.063
 26.12.2025 06:39:27; 18.000
 26.12.2025 06:42:27; 18.000
 26.12.2025 06:45:26; 17.938
 26.12.2025 06:48:27; 17.875
 26.12.2025 06:51:27; 17.813
 26.12.2025 06:54:26; 17.750
 26.12.2025 06:57:27; 17.688
 26.12.2025 07:00:27; 17.625
 26.12.2025 07:03:26; 17.563
 26.12.2025 07:06:27; 17.500
 26.12.2025 07:09:26; 17.438
 26.12.2025 07:12:26; 17.438
 26.12.2025 07:15:27; 17.375
 26.12.2025 07:18:26; 17.313
 26.12.2025 07:21:26; 17.313
 26.12.2025 07:24:27; 17.313
 26.12.2025 07:27:27; 17.313
 26.12.2025 07:30:26; 17.250
 26.12.2025 07:33:27; 17.188
 26.12.2025 07:36:27; 17.188
 26.12.2025 07:39:26; 17.125
 26.12.2025 07:42:27; 17.063
 26.12.2025 07:45:27; 17.000
 26.12.2025 07:48:26; 16.938
 26.12.2025 07:51:27; 16.938
 26.12.2025 07:54:26; 16.938
 26.12.2025 07:57:26; 16.875
 26.12.2025 08:00:27; 16.875
 26.12.2025 08:03:26; 16.813
 26.12.2025 08:06:26; 16.875
 26.12.2025 08:09:27; 16.813
 26.12.2025 08:12:27; 16.813
 26.12.2025 08:15:26; 16.813
 26.12.2025 08:18:27; 16.750
 26.12.2025 08:21:27; 16.750
 26.12.2025 08:24:26; 16.750
 26.12.2025 08:27:27; 16.750
 26.12.2025 08:30:27; 16.750
 26.12.2025 08:33:26; 16.688
 26.12.2025 08:36:27; 16.625
 26.12.2025 08:39:26; 16.625
 26.12.2025 08:42:26; 16.625
 26.12.2025 08:45:27; 16.563
 26.12.2025 08:48:26; 16.563
 26.12.2025 08:51:26; 16.500
 26.12.2025 08:54:27; 16.500
 26.12.2025 08:57:27; 16.438
 26.12.2025 09:00:26; 16.375
 26.12.2025 09:03:27; 16.375
 26.12.2025 09:06:27; 16.313
 26.12.2025 09:09:26; 16.313
 26.12.2025 09:12:27; 16.250
 26.12.2025 09:15:27; 16.250
 26.12.2025 09:18:26; 16.188
 26.12.2025 09:21:27; 16.188
 26.12.2025 09:24:26; 16.125
 26.12.2025 09:27:26; 16.125
 26.12.2025 09:30:27; 16.063
 26.12.2025 09:33:26; 16.063
 26.12.2025 09:36:26; 16.063
 26.12.2025 09:39:27; 16.063
 26.12.2025 09:42:27; 16.063
 26.12.2025 09:45:26; 16.063
 26.12.2025 09:48:27; 16.063
 26.12.2025 09:51:27; 16.063
 26.12.2025 09:54:26; 16.000
 26.12.2025 09:57:27; 16.000
 26.12.2025 10:00:27; 16.000
 26.12.2025 10:03:26; 16.000
 26.12.2025 10:06:27; 16.000
 26.12.2025 10:09:26; 15.938
 26.12.2025 10:12:26; 15.938
 26.12.2025 10:15:27; 15.938
 26.12.2025 10:18:26; 16.000
 26.12.2025 10:21:26; 15.938
 26.12.2025 10:24:27; 15.938
 26.12.2025 10:27:27; 15.938
 26.12.2025 10:30:26; 15.938
 26.12.2025 10:33:27; 15.938
 26.12.2025 10:36:27; 15.938
 26.12.2025 10:39:26; 15.875
 26.12.2025 10:42:27; 15.875
 26.12.2025 10:45:27; 15.938
 26.12.2025 10:48:26; 16.000
 26.12.2025 10:51:27; 16.063
 26.12.2025 10:54:26; 16.125
 26.12.2025 10:57:26; 16.250
 26.12.2025 11:00:27; 16.313
 26.12.2025 11:03:26; 16.375
 26.12.2025 11:06:26; 16.500
 26.12.2025 11:09:27; 16.563
 26.12.2025 11:12:27; 16.688
 26.12.2025 11:15:26; 16.750
 26.12.2025 11:18:27; 16.813
 26.12.2025 11:21:27; 16.875
 26.12.2025 11:24:26; 16.938
 26.12.2025 11:27:27; 16.938
 26.12.2025 11:30:27; 17.000
 26.12.2025 11:33:26; 17.063
 26.12.2025 11:36:27; 17.188
 26.12.2025 11:39:26; 17.313
 26.12.2025 11:42:26; 17.438
 26.12.2025 11:45:27; 17.625
 26.12.2025 11:48:26; 17.750
 26.12.2025 11:51:26; 17.875
 26.12.2025 11:54:27; 18.000
 26.12.2025 11:57:27; 18.125
 26.12.2025 12:00:26; 18.188
 26.12.2025 12:03:27; 18.313
 26.12.2025 12:06:27; 18.375
 26.12.2025 12:09:26; 18.375
 26.12.2025 12:12:27; 18.375
 26.12.2025 12:15:27; 18.313
 26.12.2025 12:18:26; 18.250
 26.12.2025 12:21:27; 18.250
 26.12.2025 12:24:26; 18.250
 26.12.2025 12:27:26; 18.250
 26.12.2025 12:30:27; 18.313
 26.12.2025 12:33:26; 18.375
 26.12.2025 12:36:26; 18.438
 26.12.2025 12:39:27; 18.500
 26.12.2025 12:42:27; 18.500
 26.12.2025 12:45:26; 18.750
 26.12.2025 12:48:27; 19.375
 26.12.2025 12:51:27; 19.875
 26.12.2025 12:54:26; 20.188
 26.12.2025 12:57:27; 20.188
 26.12.2025 13:00:27; 20.188
 26.12.2025 13:03:26; 20.125
 26.12.2025 13:06:27; 20.250
 26.12.2025 13:09:26; 20.375
 26.12.2025 13:12:26; 20.438
 26.12.2025 13:15:27; 20.438
 26.12.2025 13:18:26; 20.375
 26.12.2025 13:21:26; 20.563
 26.12.2025 13:24:27; 20.563
 26.12.2025 13:27:27; 20.375
 26.12.2025 13:30:26; 20.313
 26.12.2025 13:33:27; 20.438
 26.12.2025 13:36:27; 20.750
 26.12.2025 13:39:26; 20.875
 26.12.2025 13:42:27; 20.875
 26.12.2025 13:45:27; 21.000
 26.12.2025 13:48:26; 21.000
 26.12.2025 13:51:27; 20.938
 26.12.2025 13:54:26; 21.063
 26.12.2025 13:57:26; 21.125
 26.12.2025 14:00:27; 21.125
 26.12.2025 14:03:26; 21.313
 26.12.2025 14:06:26; 21.563
 26.12.2025 14:09:27; 21.625
 26.12.2025 14:12:27; 21.813
 26.12.2025 14:15:26; 21.813
 26.12.2025 14:18:27; 21.625
 26.12.2025 14:21:27; 21.750
 26.12.2025 14:24:26; 21.688
 26.12.2025 14:27:27; 21.813
 26.12.2025 14:30:27; 22.000
 26.12.2025 14:33:26; 22.438
 26.12.2025 14:36:27; 22.875
 26.12.2025 14:39:26; 23.063
 26.12.2025 14:42:26; 23.188
 26.12.2025 14:45:27; 23.438
 26.12.2025 14:48:26; 23.750
 26.12.2025 14:51:26; 23.875
 26.12.2025 14:54:27; 23.750
 26.12.2025 14:57:27; 23.563
 26.12.2025 15:00:26; 23.750
 26.12.2025 15:03:27; 23.750
 26.12.2025 15:06:27; 23.500
 26.12.2025 15:09:26; 23.188
 26.12.2025 15:12:27; 23.188
 26.12.2025 15:15:27; 23.063
 26.12.2025 15:18:26; 23.500
 26.12.2025 15:21:27; 23.813
 26.12.2025 15:24:26; 23.938
 26.12.2025 15:27:26; 24.500
 26.12.2025 15:30:27; 24.688
 26.12.2025 15:33:26; 24.625
 26.12.2025 15:36:26; 24.813
 26.12.2025 15:39:27; 25.000
 26.12.2025 15:42:27; 24.625
 26.12.2025 15:45:26; 24.063
 26.12.2025 15:48:27; 23.938
 26.12.2025 15:51:27; 23.875
 26.12.2025 15:54:26; 23.813
 26.12.2025 15:57:27; 23.938
 26.12.2025 16:00:27; 23.875
 26.12.2025 16:03:26; 24.438
 26.12.2025 16:06:27; 25.313
 26.12.2025 16:09:26; 25.375
 26.12.2025 16:12:26; 25.313
 26.12.2025 16:15:27; 25.188
 26.12.2025 16:18:26; 25.250
 26.12.2025 16:21:26; 25.188
 26.12.2025 16:24:27; 25.438
 26.12.2025 16:27:27; 26.625
 26.12.2025 16:30:26; 27.188
 26.12.2025 16:33:27; 27.063
 26.12.2025 16:36:27; 26.750
 26.12.2025 16:39:26; 27.500
 26.12.2025 16:42:27; 27.750
 26.12.2025 16:45:27; 28.563
 26.12.2025 16:48:26; 29.375
 26.12.2025 16:51:27; 30.063
 26.12.2025 16:54:26; 29.875
 26.12.2025 16:57:26; 29.563
 26.12.2025 17:00:27; 29.500
 26.12.2025 17:03:26; 28.688
 26.12.2025 17:06:26; 27.875
 26.12.2025 17:09:27; 27.250
 26.12.2025 17:12:27; 26.938
 26.12.2025 17:15:26; 26.500
 26.12.2025 17:18:27; 26.313
 26.12.2025 17:21:27; 26.813
 26.12.2025 17:24:26; 27.750
 26.12.2025 17:27:27; 29.125
 26.12.2025 17:30:27; 30.375
 26.12.2025 17:33:26; 31.500
 26.12.2025 17:36:27; 32.438
 26.12.2025 17:39:26; 31.875
 26.12.2025 17:42:26; 30.625
 26.12.2025 17:45:27; 29.438
 26.12.2025 17:48:26; 29.625
 26.12.2025 17:51:26; 30.438
 26.12.2025 17:54:27; 30.750
 26.12.2025 17:57:27; 31.688
 26.12.2025 18:00:26; 32.875
 26.12.2025 18:03:27; 32.563
 26.12.2025 18:06:27; 31.375
 26.12.2025 18:09:26; 29.938
 26.12.2025 18:12:27; 29.063
 26.12.2025 18:15:27; 28.438
 26.12.2025 18:18:26; 27.938
 26.12.2025 18:21:27; 27.375
 26.12.2025 18:24:26; 28.875
 26.12.2025 18:27:26; 30.500
 26.12.2025 18:30:27; 30.688
 26.12.2025 18:33:26; 32.063
 26.12.2025 18:36:26; 33.625
 26.12.2025 18:39:27; 34.813
 26.12.2025 18:42:27; 35.813
 26.12.2025 18:45:26; 36.625
 26.12.2025 18:48:27; 38.000
 26.12.2025 18:51:27; 39.313
 26.12.2025 18:54:26; 40.125
 26.12.2025 18:57:27; 40.438
 26.12.2025 19:00:27; 37.500
 26.12.2025 19:03:26; 35.000
 26.12.2025 19:06:27; 34.875
 26.12.2025 19:09:26; 33.375
 26.12.2025 19:12:26; 34.750
 26.12.2025 19:15:27; 37.125
 26.12.2025 19:18:26; 38.313
 26.12.2025 19:21:26; 39.250
 26.12.2025 19:24:27; 39.250
 26.12.2025 19:27:27; 37.313
 26.12.2025 19:30:26; 38.313
 26.12.2025 19:33:27; 38.938
 26.12.2025 19:36:27; 39.688
 26.12.2025 19:39:26; 40.750
 26.12.2025 19:42:27; 41.563
 26.12.2025 19:45:27; 42.250
 26.12.2025 19:48:26; 42.563
 26.12.2025 19:51:27; 41.750
 26.12.2025 19:54:26; 42.625
 26.12.2025 19:57:26; 43.500
 26.12.2025 20:00:27; 43.750
 26.12.2025 20:03:26; 43.563
 26.12.2025 20:06:26; 42.875
 26.12.2025 20:09:27; 39.000
 26.12.2025 20:12:27; 35.750
 26.12.2025 20:15:26; 33.250
 26.12.2025 20:18:27; 31.500
 26.12.2025 20:21:27; 30.000
 26.12.2025 20:24:26; 28.875
 26.12.2025 20:27:27; 27.875
 26.12.2025 20:30:27; 27.500
 26.12.2025 20:33:26; 27.313
 26.12.2025 20:36:27; 27.375
 26.12.2025 20:39:26; 31.125
 26.12.2025 20:42:26; 33.375
 26.12.2025 20:45:27; 32.875
 26.12.2025 20:48:26; 34.625
 26.12.2025 20:51:26; 34.938
 26.12.2025 20:54:27; 34.875
 26.12.2025 20:57:27; 36.438
 26.12.2025 21:00:26; 37.750
 26.12.2025 21:03:27; 36.625
 26.12.2025 21:06:27; 35.000
 26.12.2025 21:09:26; 34.375
 26.12.2025 21:12:27; 33.375
 26.12.2025 21:15:27; 32.375
 26.12.2025 21:18:26; 31.313
 26.12.2025 21:21:27; 29.813
 26.12.2025 21:24:26; 28.563
 26.12.2025 21:27:26; 27.938
 26.12.2025 21:30:27; 27.313
 26.12.2025 21:33:26; 27.500
 26.12.2025 21:36:26; 27.375
 26.12.2025 21:39:27; 27.063
 26.12.2025 21:42:27; 26.688
 26.12.2025 21:45:26; 26.188
 26.12.2025 21:48:27; 25.813
 26.12.2025 21:51:27; 25.500
 26.12.2025 21:54:26; 25.250
 26.12.2025 21:57:27; 24.938
 26.12.2025 22:00:27; 24.688
 26.12.2025 22:03:26; 24.438
 26.12.2025 22:06:27; 24.188
 26.12.2025 22:09:26; 23.938
 26.12.2025 22:12:26; 23.750
 26.12.2025 22:15:27; 23.563
 26.12.2025 22:18:26; 23.375
 26.12.2025 22:21:26; 23.188
 26.12.2025 22:24:27; 23.000
 26.12.2025 22:27:27; 23.000
 26.12.2025 22:30:26; 22.938
 26.12.2025 22:33:27; 22.875
 26.12.2025 22:36:27; 23.000
 26.12.2025 22:39:26; 22.938
 26.12.2025 22:42:27; 22.875
 26.12.2025 22:45:27; 22.813
 26.12.2025 22:48:26; 22.688
 26.12.2025 22:51:27; 22.625
 26.12.2025 22:54:26; 22.563
 26.12.2025 22:57:26; 22.438
 26.12.2025 23:00:27; 22.375
 26.12.2025 23:03:26; 22.313
 26.12.2025 23:06:26; 22.313
 26.12.2025 23:09:27; 22.188
 26.12.2025 23:12:27; 22.125
 26.12.2025 23:15:26; 22.063
 26.12.2025 23:18:27; 22.000
 26.12.2025 23:21:27; 21.875
 26.12.2025 23:24:26; 21.750
 26.12.2025 23:27:27; 21.688
 26.12.2025 23:30:27; 21.563
 26.12.2025 23:33:26; 21.438
 26.12.2025 23:36:27; 21.313
 26.12.2025 23:39:26; 21.250
 26.12.2025 23:42:26; 21.125
 26.12.2025 23:45:27; 21.063
 26.12.2025 23:48:26; 21.063
 26.12.2025 23:51:26; 21.000
 26.12.2025 23:54:27; 20.938
 26.12.2025 23:57:27; 20.813
 27.12.2025 00:00:26; 20.750
 27.12.2025 00:03:27; 20.688
 27.12.2025 00:06:27; 20.563
 27.12.2025 00:09:26; 20.438
 27.12.2025 00:12:27; 20.313
 27.12.2025 00:15:27; 20.188
 27.12.2025 00:18:26; 20.063
 27.12.2025 00:21:27; 19.938
 27.12.2025 00:24:26; 19.813
 27.12.2025 00:27:26; 19.688
 27.12.2025 00:30:27; 19.625
 27.12.2025 00:33:26; 19.500
 27.12.2025 00:36:26; 19.438
 27.12.2025 00:39:27; 19.375
 27.12.2025 00:42:27; 19.313
 27.12.2025 00:45:26; 19.313
 27.12.2025 00:48:27; 19.375
 27.12.2025 00:51:27; 19.375
 27.12.2025 00:54:26; 19.438
 27.12.2025 00:57:27; 19.438
 27.12.2025 01:00:27; 19.438
 27.12.2025 01:03:26; 19.500
 27.12.2025 01:06:27; 19.500
 27.12.2025 01:09:26; 19.563
 27.12.2025 01:12:26; 19.563
 27.12.2025 01:15:27; 19.563
 27.12.2025 01:18:26; 19.563
 27.12.2025 01:21:26; 19.625
 27.12.2025 01:24:27; 19.625
 27.12.2025 01:27:27; 19.750
 27.12.2025 01:30:26; 19.875
 27.12.2025 01:33:27; 19.875
 27.12.2025 01:36:27; 19.938
 27.12.2025 01:39:26; 20.063
 27.12.2025 01:42:27; 20.250
 27.12.2025 01:45:27; 20.313
 27.12.2025 01:48:26; 20.375
 27.12.2025 01:51:27; 20.438
 27.12.2025 01:54:26; 20.500
 27.12.2025 01:57:26; 20.438
 27.12.2025 02:00:27; 20.313
 27.12.2025 02:03:26; 20.125
 27.12.2025 02:06:26; 20.000
 27.12.2025 02:09:27; 19.813
 27.12.2025 02:12:27; 19.688
 27.12.2025 02:15:26; 19.563
 27.12.2025 02:18:27; 19.500
 27.12.2025 02:21:27; 19.438
 27.12.2025 02:24:26; 19.438
 27.12.2025 02:27:27; 19.375
 27.12.2025 02:30:27; 19.313
 27.12.2025 02:33:26; 19.438
 27.12.2025 02:36:27; 19.500
 27.12.2025 02:39:26; 19.500
 27.12.2025 02:42:26; 19.500
 27.12.2025 02:45:27; 19.438
 27.12.2025 02:48:26; 19.438
 27.12.2025 02:51:26; 19.438
 27.12.2025 02:54:27; 19.438
 27.12.2025 02:57:27; 19.375
 27.12.2025 03:00:26; 19.313
 27.12.2025 03:03:27; 19.250
 27.12.2025 03:06:27; 19.188
 27.12.2025 03:09:26; 19.125
 27.12.2025 03:12:27; 19.063
 27.12.2025 03:15:27; 19.063
 27.12.2025 03:18:26; 19.063
 27.12.2025 03:21:27; 19.000
 27.12.2025 03:24:26; 19.000
 27.12.2025 03:27:26; 19.000
 27.12.2025 03:30:27; 19.000
 27.12.2025 03:33:26; 18.938
 27.12.2025 03:36:26; 18.875
 27.12.2025 03:39:27; 18.875
 27.12.2025 03:42:27; 18.875
 27.12.2025 03:45:26; 18.813
 27.12.2025 03:48:27; 18.688
 27.12.2025 03:51:27; 18.563
 27.12.2025 03:54:26; 18.438
 27.12.2025 03:57:27; 18.313
 27.12.2025 04:00:27; 18.250
 27.12.2025 04:03:26; 18.188
 27.12.2025 04:06:27; 18.125
 27.12.2025 04:09:26; 18.125
 27.12.2025 04:12:26; 18.125
 27.12.2025 04:15:27; 18.063
 27.12.2025 04:18:26; 18.063
 27.12.2025 04:21:26; 18.063
 27.12.2025 04:24:27; 18.063
 27.12.2025 04:27:27; 17.938
 27.12.2025 04:30:26; 17.875
 27.12.2025 04:33:27; 17.813
 27.12.2025 04:36:27; 17.750
 27.12.2025 04:39:26; 17.688
 27.12.2025 04:42:27; 17.563
 27.12.2025 04:45:27; 17.500
 27.12.2025 04:48:26; 17.438
 27.12.2025 04:51:27; 17.375
 27.12.2025 04:54:26; 17.313
 27.12.2025 04:57:26; 17.375
 27.12.2025 05:00:27; 17.313
 27.12.2025 05:03:26; 17.250
 27.12.2025 05:06:26; 17.188
 27.12.2025 05:09:27; 17.125
 27.12.2025 05:12:27; 17.125
 27.12.2025 05:15:26; 17.063
 27.12.2025 05:18:27; 17.000
 27.12.2025 05:21:27; 16.938
 27.12.2025 05:24:26; 16.875
 27.12.2025 05:27:27; 16.813
 27.12.2025 05:30:27; 16.813
 27.12.2025 05:33:26; 16.813
 27.12.2025 05:36:27; 16.875
 27.12.2025 05:39:26; 16.875
 27.12.2025 05:42:26; 16.813
 27.12.2025 05:45:27; 16.875
 27.12.2025 05:48:26; 16.875
 27.12.2025 05:51:26; 16.813
 27.12.2025 05:54:27; 16.813
 27.12.2025 05:57:27; 16.750
 27.12.2025 06:00:26; 16.750
 27.12.2025 06:03:27; 16.750
 27.12.2025 06:06:27; 16.688
 27.12.2025 06:09:26; 16.750
 27.12.2025 06:12:27; 16.688
 27.12.2025 06:15:27; 16.813
 27.12.2025 06:18:26; 16.813
 27.12.2025 06:21:27; 16.750
 27.12.2025 06:24:26; 16.688
 27.12.2025 06:27:26; 16.563
 27.12.2025 06:30:27; 16.500
 27.12.2025 06:33:26; 16.438
 27.12.2025 06:36:26; 16.375
 27.12.2025 06:39:27; 16.313
 27.12.2025 06:42:27; 16.250
 27.12.2025 06:45:26; 16.188
 27.12.2025 06:48:27; 16.125
 27.12.2025 06:51:27; 16.063
 27.12.2025 06:54:26; 16.000
 27.12.2025 06:57:27; 16.000
 27.12.2025 07:00:27; 16.000
 27.12.2025 07:03:26; 16.000
 27.12.2025 07:06:27; 16.063
 27.12.2025 07:09:26; 16.000
 27.12.2025 07:12:26; 15.938
 27.12.2025 07:15:27; 15.938
 27.12.2025 07:18:26; 16.000
 27.12.2025 07:21:26; 15.938
 27.12.2025 07:24:27; 15.938
 27.12.2025 07:27:27; 15.875
 27.12.2025 07:30:26; 15.875
 27.12.2025 07:33:27; 15.813
 27.12.2025 07:36:27; 15.750
 27.12.2025 07:39:26; 15.750
 27.12.2025 07:42:27; 15.750
 27.12.2025 07:45:27; 15.750
 27.12.2025 07:48:26; 15.750
 27.12.2025 07:51:27; 15.688
 27.12.2025 07:54:26; 15.688
 27.12.2025 07:57:26; 15.688
 27.12.2025 08:00:27; 15.625
 27.12.2025 08:03:26; 15.625
 27.12.2025 08:06:26; 15.625
 27.12.2025 08:09:27; 15.563
 27.12.2025 08:12:27; 15.500
 27.12.2025 08:15:26; 15.438
 27.12.2025 08:18:27; 15.375
 27.12.2025 08:21:27; 15.375
 27.12.2025 08:24:26; 15.313
 27.12.2025 08:27:27; 15.250
 27.12.2025 08:30:27; 15.250
 27.12.2025 08:33:26; 15.188
 27.12.2025 08:36:27; 15.188
 27.12.2025 08:39:26; 15.063
 27.12.2025 08:42:26; 15.063
 27.12.2025 08:45:27; 15.063
 27.12.2025 08:48:26; 15.000
 27.12.2025 08:51:26; 14.938
 27.12.2025 08:54:27; 14.938
 27.12.2025 08:57:27; 14.875
 27.12.2025 09:00:26; 14.875
 27.12.2025 09:03:27; 14.875
 27.12.2025 09:06:27; 14.813
 27.12.2025 09:09:26; 14.875
 27.12.2025 09:12:27; 14.813
 27.12.2025 09:15:27; 14.875
 27.12.2025 09:18:26; 14.875
 27.12.2025 09:21:27; 14.875
 27.12.2025 09:24:26; 14.875
 27.12.2025 09:27:26; 14.813
 27.12.2025 09:30:27; 14.813
 27.12.2025 09:33:26; 14.813
 27.12.2025 09:36:26; 14.688
 27.12.2025 09:39:27; 14.688
 27.12.2025 09:42:27; 14.625
 27.12.2025 09:45:26; 14.563
 27.12.2025 09:48:27; 14.500
 27.12.2025 09:51:27; 14.438
 27.12.2025 09:54:26; 14.375
 27.12.2025 09:57:27; 14.375
 27.12.2025 10:00:27; 14.250
 27.12.2025 10:03:26; 14.250
 27.12.2025 10:06:27; 14.188
 27.12.2025 10:09:26; 14.188
 27.12.2025 10:12:26; 14.125
 27.12.2025 10:15:27; 14.125
 27.12.2025 10:18:26; 14.063
 27.12.2025 10:21:26; 14.063
 27.12.2025 10:24:27; 14.063
 27.12.2025 10:27:27; 14.000
 27.12.2025 10:30:26; 14.000
 27.12.2025 10:33:27; 14.000
 27.12.2025 10:36:27; 14.000
 27.12.2025 10:39:26; 14.000
 27.12.2025 10:42:27; 14.000
 27.12.2025 10:45:27; 14.063
 27.12.2025 10:48:26; 14.188
 27.12.2025 10:51:27; 14.250
 27.12.2025 10:54:26; 14.375
 27.12.2025 10:57:26; 14.500
 27.12.2025 11:00:27; 14.625
 27.12.2025 11:03:26; 14.750
 27.12.2025 11:06:26; 14.875
 27.12.2025 11:09:27; 15.063
 27.12.2025 11:12:27; 15.188
 27.12.2025 11:15:26; 15.313
 27.12.2025 11:18:27; 15.375
 27.12.2025 11:21:27; 15.500
 27.12.2025 11:24:26; 15.625
 27.12.2025 11:27:27; 15.813
 27.12.2025 11:30:27; 16.000
 27.12.2025 11:33:26; 16.188
 27.12.2025 11:36:27; 16.313
 27.12.2025 11:39:26; 16.375
 27.12.2025 11:42:26; 16.500
 27.12.2025 11:45:27; 16.625
 27.12.2025 11:48:26; 16.750
 27.12.2025 11:51:26; 16.938
 27.12.2025 11:54:27; 17.063
 27.12.2025 11:57:27; 17.125
 27.12.2025 12:00:26; 17.250
 27.12.2025 12:03:27; 17.375
 27.12.2025 12:06:27; 17.500
 27.12.2025 12:09:26; 17.625
 27.12.2025 12:12:27; 17.750
 27.12.2025 12:15:27; 17.875
 27.12.2025 12:18:26; 17.938
 27.12.2025 12:21:27; 18.000
 27.12.2025 12:24:26; 18.125
 27.12.2025 12:27:26; 18.375
 27.12.2025 12:30:27; 18.438
 27.12.2025 12:33:26; 18.500
 27.12.2025 12:36:26; 18.625
 27.12.2025 12:39:27; 18.875
 27.12.2025 12:42:27; 19.125
 27.12.2025 12:45:26; 19.375
 27.12.2025 12:48:27; 19.563
 27.12.2025 12:51:27; 19.625
 27.12.2025 12:54:26; 19.750
 27.12.2025 12:57:27; 19.938
 27.12.2025 13:00:27; 20.063
 27.12.2025 13:03:26; 20.250
 27.12.2025 13:06:27; 20.375
 27.12.2025 13:09:26; 20.438
 27.12.2025 13:12:26; 20.500
 27.12.2025 13:15:27; 20.625
 27.12.2025 13:18:26; 20.750
 27.12.2025 13:21:26; 20.813
 27.12.2025 13:24:27; 21.000
 27.12.2025 13:27:27; 21.125
 27.12.2025 13:30:26; 21.250
 27.12.2025 13:33:27; 21.188
 27.12.2025 13:36:27; 21.188
 27.12.2025 13:39:26; 21.438
 27.12.2025 13:42:27; 21.563
 27.12.2025 13:45:27; 21.750
 27.12.2025 13:48:26; 21.875
 27.12.2025 13:51:27; 22.000
 27.12.2025 13:54:26; 22.063
 27.12.2025 13:57:26; 22.063
 27.12.2025 14:00:27; 22.188
 27.12.2025 14:03:26; 22.438
 27.12.2025 14:06:26; 22.688
 27.12.2025 14:09:27; 22.875
 27.12.2025 14:12:27; 22.875
 27.12.2025 14:15:26; 23.063
 27.12.2025 14:18:27; 23.188
 27.12.2025 14:21:27; 23.313
 27.12.2025 14:24:26; 23.438
 27.12.2025 14:27:27; 23.438
 27.12.2025 14:30:27; 23.438
 27.12.2025 14:33:26; 23.500
 27.12.2025 14:36:27; 23.625
 27.12.2025 14:39:26; 23.938
 27.12.2025 14:42:26; 24.063
 27.12.2025 14:45:27; 24.000
 27.12.2025 14:48:26; 24.125
 27.12.2025 14:51:26; 24.250
 27.12.2025 14:54:27; 24.250
 27.12.2025 14:57:27; 24.250
 27.12.2025 15:00:26; 24.375
 27.12.2025 15:03:27; 24.500
 27.12.2025 15:06:27; 24.438
 27.12.2025 15:09:26; 24.688
 27.12.2025 15:12:27; 24.813
 27.12.2025 15:15:27; 24.813
 27.12.2025 15:18:26; 24.938
 27.12.2025 15:21:27; 25.188
 27.12.2025 15:24:26; 25.375
 27.12.2025 15:27:26; 25.563
 27.12.2025 15:30:27; 25.813
 27.12.2025 15:33:26; 26.000
 27.12.2025 15:36:26; 26.313
 27.12.2025 15:39:27; 26.563
 27.12.2025 15:42:27; 26.625
 27.12.2025 15:45:26; 26.750
 27.12.2025 15:48:27; 26.750
 27.12.2025 15:51:27; 26.875
 27.12.2025 15:54:26; 27.000
 27.12.2025 15:57:27; 27.125
 27.12.2025 16:00:27; 27.313
 27.12.2025 16:03:26; 27.375
 27.12.2025 16:06:27; 27.375
 27.12.2025 16:09:26; 27.563
 27.12.2025 16:12:26; 27.625
 27.12.2025 16:15:27; 27.688
 27.12.2025 16:18:26; 27.813
 27.12.2025 16:21:26; 28.000
 27.12.2025 16:24:27; 28.000
 27.12.2025 16:27:27; 28.188
 27.12.2025 16:30:26; 28.375
 27.12.2025 16:33:27; 28.563
 27.12.2025 16:36:27; 28.813
 27.12.2025 16:39:26; 29.000
 27.12.2025 16:42:27; 29.188
 27.12.2025 16:45:27; 29.563
 27.12.2025 16:48:26; 29.688
 27.12.2025 16:51:27; 29.938
 27.12.2025 16:54:26; 30.125
 27.12.2025 16:57:26; 30.313
 27.12.2025 17:00:27; 30.563
 27.12.2025 17:03:26; 30.875
 27.12.2025 17:06:26; 31.125
 27.12.2025 17:09:27; 31.250
 27.12.2025 17:12:27; 31.375
 27.12.2025 17:15:26; 31.438
 27.12.2025 17:18:27; 31.813
 27.12.2025 17:21:27; 32.188
 27.12.2025 17:24:26; 32.500
 27.12.2025 17:27:27; 32.938
 27.12.2025 17:30:27; 33.063
 27.12.2025 17:33:26; 33.188
 27.12.2025 17:36:27; 33.688
 27.12.2025 17:39:26; 34.063
 27.12.2025 17:42:26; 34.500
 27.12.2025 17:45:27; 35.000
 27.12.2025 17:48:26; 35.313
 27.12.2025 17:51:26; 35.875
 27.12.2025 17:54:27; 36.438
 27.12.2025 17:57:27; 37.063
 27.12.2025 18:00:26; 37.188
 27.12.2025 18:03:27; 37.375
 27.12.2025 18:06:27; 38.000
 27.12.2025 18:09:26; 38.313
 27.12.2025 18:12:27; 38.375
 27.12.2025 18:15:27; 38.250
 27.12.2025 18:18:26; 38.938
 27.12.2025 18:21:27; 39.813
 27.12.2025 18:24:26; 39.938
 27.12.2025 18:27:26; 40.188
 27.12.2025 18:30:27; 40.625
 27.12.2025 18:33:26; 40.938
 27.12.2025 18:36:26; 41.438
 27.12.2025 18:39:27; 42.000
 27.12.2025 18:42:27; 42.438
 27.12.2025 18:45:26; 42.313
 27.12.2025 18:48:27; 42.688
 27.12.2025 18:51:27; 42.563
 27.12.2025 18:54:26; 42.813
 27.12.2025 18:57:27; 42.750
 27.12.2025 19:00:27; 43.375
 27.12.2025 19:03:26; 43.875
 27.12.2025 19:06:27; 43.500
 27.12.2025 19:09:26; 43.250
 27.12.2025 19:12:26; 43.688
 27.12.2025 19:15:27; 44.188
 27.12.2025 19:18:26; 45.000
 27.12.2025 19:21:26; 45.188
 27.12.2025 19:24:27; 45.125
 27.12.2025 19:27:27; 44.875
 27.12.2025 19:30:26; 45.250
 27.12.2025 19:33:27; 45.438
 27.12.2025 19:36:27; 45.563
 27.12.2025 19:39:26; 45.563
 27.12.2025 19:42:27; 45.500
 27.12.2025 19:45:27; 45.563
 27.12.2025 19:48:26; 45.438
 27.12.2025 19:51:27; 45.125
 27.12.2025 19:54:26; 45.438
 27.12.2025 19:57:26; 45.688
 27.12.2025 20:00:27; 46.000
 27.12.2025 20:03:26; 46.188
 27.12.2025 20:06:26; 45.750
 27.12.2025 20:09:27; 45.563
 27.12.2025 20:12:27; 45.563
 27.12.2025 20:15:26; 46.000
 27.12.2025 20:18:27; 45.813
 27.12.2025 20:21:27; 45.875
 27.12.2025 20:24:26; 45.750
 27.12.2025 20:27:27; 45.625
 27.12.2025 20:30:27; 46.000
 27.12.2025 20:33:26; 46.313
 27.12.2025 20:36:27; 46.250
 27.12.2025 20:39:26; 46.375
 27.12.2025 20:42:26; 46.000
 27.12.2025 20:45:27; 43.938
 27.12.2025 20:48:26; 42.938
 27.12.2025 20:51:26; 41.375
 27.12.2025 20:54:27; 39.375
 27.12.2025 20:57:27; 40.875
 27.12.2025 21:00:26; 42.000
 27.12.2025 21:03:27; 40.438
 27.12.2025 21:06:27; 38.438
 27.12.2025 21:09:26; 37.000
 27.12.2025 21:12:27; 35.688
 27.12.2025 21:15:27; 33.875
 27.12.2025 21:18:26; 32.250
 27.12.2025 21:21:27; 30.750
 27.12.2025 21:24:26; 29.500
 27.12.2025 21:27:26; 28.438
 27.12.2025 21:30:27; 27.688
 27.12.2025 21:33:26; 27.375
 27.12.2025 21:36:26; 26.938
 27.12.2025 21:39:27; 26.438
 27.12.2025 21:42:27; 25.938
 27.12.2025 21:45:26; 25.563
 27.12.2025 21:48:27; 25.188
 27.12.2025 21:51:27; 24.938
 27.12.2025 21:54:26; 24.688
 27.12.2025 21:57:27; 24.375
 27.12.2025 22:00:27; 24.125
 27.12.2025 22:03:26; 23.875
 27.12.2025 22:06:27; 23.625
 27.12.2025 22:09:26; 23.438
 27.12.2025 22:12:26; 23.250
 27.12.2025 22:15:27; 23.063
 27.12.2025 22:18:26; 22.938
 27.12.2025 22:21:26; 22.750
 27.12.2025 22:24:27; 22.625
 27.12.2025 22:27:27; 22.438
 27.12.2025 22:30:26; 22.313
 27.12.2025 22:33:27; 22.125
 27.12.2025 22:36:27; 21.938
 27.12.2025 22:39:26; 21.813
 27.12.2025 22:42:27; 21.750
 27.12.2025 22:45:27; 21.688
 27.12.2025 22:48:26; 21.563
 27.12.2025 22:51:27; 21.438
 27.12.2025 22:54:26; 21.375
 27.12.2025 22:57:26; 21.313
 27.12.2025 23:00:27; 21.250
 27.12.2025 23:03:26; 21.188
 27.12.2025 23:06:26; 21.125
 27.12.2025 23:09:27; 21.125
 27.12.2025 23:12:27; 21.063
 27.12.2025 23:15:26; 21.000
 27.12.2025 23:18:27; 20.938
 27.12.2025 23:21:27; 20.875
 27.12.2025 23:24:26; 20.813
 27.12.2025 23:27:27; 20.750
 27.12.2025 23:30:27; 20.750
 27.12.2025 23:33:26; 20.750
 27.12.2025 23:36:27; 20.688
 27.12.2025 23:39:26; 20.625
 27.12.2025 23:42:26; 20.563
 27.12.2025 23:45:27; 20.500
 27.12.2025 23:48:26; 20.500
 27.12.2025 23:51:26; 20.438
 27.12.2025 23:54:27; 20.375
 27.12.2025 23:57:27; 20.313
 28.12.2025 00:00:26; 20.250
 28.12.2025 00:03:27; 20.188
 28.12.2025 00:06:27; 20.125
 28.12.2025 00:09:26; 20.125
 28.12.2025 00:12:27; 20.063
 28.12.2025 00:15:27; 19.938
 28.12.2025 00:18:26; 19.750
 28.12.2025 00:21:27; 19.625
 28.12.2025 00:24:26; 19.563
 28.12.2025 00:27:26; 19.438
 28.12.2025 00:30:27; 19.375
 28.12.2025 00:33:26; 19.313
 28.12.2025 00:36:26; 19.250
 28.12.2025 00:39:27; 19.188
 28.12.2025 00:42:27; 19.188
 28.12.2025 00:45:26; 19.063
 28.12.2025 00:48:27; 19.000
 28.12.2025 00:51:27; 18.938
 28.12.2025 00:54:26; 18.875
 28.12.2025 00:57:27; 18.750
 28.12.2025 01:00:27; 18.688
 28.12.2025 01:03:26; 18.625
 28.12.2025 01:06:27; 18.563
 28.12.2025 01:09:26; 18.563
 28.12.2025 01:12:26; 18.563
 28.12.2025 01:15:27; 18.500
 28.12.2025 01:18:26; 18.563
 28.12.2025 01:21:26; 18.563
 28.12.2025 01:24:27; 18.500
 28.12.2025 01:27:27; 18.563
 28.12.2025 01:30:26; 18.500
 28.12.2025 01:33:27; 18.375
 28.12.2025 01:36:27; 18.313
 28.12.2025 01:39:26; 18.250
 28.12.2025 01:42:27; 18.313
 28.12.2025 01:45:27; 18.250
 28.12.2025 01:48:26; 18.250
 28.12.2025 01:51:27; 18.188
 28.12.2025 01:54:26; 18.125
 28.12.2025 01:57:26; 18.125
 28.12.2025 02:00:27; 18.125
 28.12.2025 02:03:26; 18.063
 28.12.2025 02:06:26; 18.000
 28.12.2025 02:09:27; 18.000
 28.12.2025 02:12:27; 17.938
 28.12.2025 02:15:26; 17.938
 28.12.2025 02:18:27; 17.938
 28.12.2025 02:21:27; 17.938
 28.12.2025 02:24:26; 17.875
 28.12.2025 02:27:27; 17.875
 28.12.2025 02:30:27; 17.813
 28.12.2025 02:33:26; 17.813
 28.12.2025 02:36:27; 17.813
 28.12.2025 02:39:26; 17.688
 28.12.2025 02:42:26; 17.625
 28.12.2025 02:45:27; 17.563
 28.12.2025 02:48:26; 17.563
 28.12.2025 02:51:26; 17.500
 28.12.2025 02:54:27; 17.563
 28.12.2025 02:57:27; 17.563
 28.12.2025 03:00:26; 17.563
 28.12.2025 03:03:27; 17.625
 28.12.2025 03:06:27; 17.563
 28.12.2025 03:09:26; 17.500
 28.12.2025 03:12:27; 17.500
 28.12.2025 03:15:27; 17.500
 28.12.2025 03:18:26; 17.500
 28.12.2025 03:21:27; 17.500
 28.12.2025 03:24:26; 17.500
 28.12.2025 03:27:26; 17.500
 28.12.2025 03:30:27; 17.500
 28.12.2025 03:33:26; 17.438
 28.12.2025 03:36:26; 17.375
 28.12.2025 03:39:27; 17.313
 28.12.2025 03:42:27; 17.313
 28.12.2025 03:45:26; 17.250
 28.12.2025 03:48:27; 17.250
 28.12.2025 03:51:27; 17.188
 28.12.2025 03:54:26; 17.125
 28.12.2025 03:57:27; 17.063
 28.12.2025 04:00:27; 17.000
 28.12.2025 04:03:26; 17.000
 28.12.2025 04:06:27; 17.000
 28.12.2025 04:09:26; 17.063
 28.12.2025 04:12:26; 17.063
 28.12.2025 04:15:27; 17.063
 28.12.2025 04:18:26; 17.000
 28.12.2025 04:21:26; 17.000
 28.12.2025 04:24:27; 17.000
 28.12.2025 04:27:27; 17.000
 28.12.2025 04:30:26; 17.000
 28.12.2025 04:33:27; 17.000
 28.12.2025 04:36:27; 16.938
 28.12.2025 04:39:26; 16.875
 28.12.2025 04:42:27; 16.813
 28.12.2025 04:45:27; 16.750
 28.12.2025 04:48:26; 16.750
 28.12.2025 04:51:27; 16.688
 28.12.2025 04:54:26; 16.625
 28.12.2025 04:57:26; 16.625
 28.12.2025 05:00:27; 16.625
 28.12.2025 05:03:26; 16.625
 28.12.2025 05:06:26; 16.625
 28.12.2025 05:09:27; 16.625
 28.12.2025 05:12:27; 16.563
 28.12.2025 05:15:26; 16.500
 28.12.2025 05:18:27; 16.438
 28.12.2025 05:21:27; 16.375
 28.12.2025 05:24:26; 16.375
 28.12.2025 05:27:27; 16.313
 28.12.2025 05:30:27; 16.250
 28.12.2025 05:33:26; 16.188
 28.12.2025 05:36:27; 16.188
 28.12.2025 05:39:26; 16.125
 28.12.2025 05:42:26; 16.125
 28.12.2025 05:45:27; 16.063
 28.12.2025 05:48:26; 16.000
 28.12.2025 05:51:26; 16.000
 28.12.2025 05:54:27; 15.938
 28.12.2025 05:57:27; 15.938
 28.12.2025 06:00:26; 15.938
 28.12.2025 06:03:27; 15.875
 28.12.2025 06:06:27; 15.875
 28.12.2025 06:09:26; 15.813
 28.12.2025 06:12:27; 15.813
 28.12.2025 06:15:27; 15.813
 28.12.2025 06:18:26; 15.875
 28.12.2025 06:21:27; 15.875
 28.12.2025 06:24:26; 15.813
 28.12.2025 06:27:26; 15.813
 28.12.2025 06:30:27; 15.750
 28.12.2025 06:33:26; 15.750
 28.12.2025 06:36:26; 15.750
 28.12.2025 06:39:27; 15.750
 28.12.2025 06:42:27; 15.688
 28.12.2025 06:45:26; 15.688
 28.12.2025 06:48:27; 15.688
 28.12.2025 06:51:27; 15.688
 28.12.2025 06:54:26; 15.688
 28.12.2025 06:57:27; 15.625
 28.12.2025 07:00:27; 15.563
 28.12.2025 07:03:26; 15.500
 28.12.2025 07:06:27; 15.500
 28.12.2025 07:09:26; 15.438
 28.12.2025 07:12:26; 15.438
 28.12.2025 07:15:27; 15.500
 28.12.2025 07:18:26; 15.500
 28.12.2025 07:21:26; 15.438
 28.12.2025 07:24:27; 15.438
 28.12.2025 07:27:27; 15.438
 28.12.2025 07:30:26; 15.438
 28.12.2025 07:33:27; 15.375
 28.12.2025 07:36:27; 15.375
 28.12.2025 07:39:26; 15.375
 28.12.2025 07:42:27; 15.438
 28.12.2025 07:45:27; 15.500
 28.12.2025 07:48:26; 15.500
 28.12.2025 07:51:27; 15.500
 28.12.2025 07:54:26; 15.438
 28.12.2025 07:57:26; 15.438
 28.12.2025 08:00:27; 15.438
 28.12.2025 08:03:26; 15.375
 28.12.2025 08:06:26; 15.375
 28.12.2025 08:09:27; 15.313
 28.12.2025 08:12:27; 15.313
 28.12.2025 08:15:26; 15.250
 28.12.2025 08:18:27; 15.250
 28.12.2025 08:21:27; 15.188
 28.12.2025 08:24:26; 15.125
 28.12.2025 08:27:27; 15.063
 28.12.2025 08:30:27; 15.000
 28.12.2025 08:33:26; 14.938
 28.12.2025 08:36:27; 14.938
 28.12.2025 08:39:26; 14.875
 28.12.2025 08:42:26; 14.813
 28.12.2025 08:45:27; 14.813
 28.12.2025 08:48:26; 14.750
 28.12.2025 08:51:26; 14.688
 28.12.2025 08:54:27; 14.625
 28.12.2025 08:57:27; 14.625
 28.12.2025 09:00:26; 14.563
 28.12.2025 09:03:27; 14.500
 28.12.2025 09:06:27; 14.500
 28.12.2025 09:09:26; 14.438
 28.12.2025 09:12:27; 14.438
 28.12.2025 09:15:27; 14.438
 28.12.2025 09:18:26; 14.438
 28.12.2025 09:21:27; 14.438
 28.12.2025 09:24:26; 14.438
 28.12.2025 09:27:26; 14.438
 28.12.2025 09:30:27; 14.438
 28.12.2025 09:33:26; 14.438
 28.12.2025 09:36:26; 14.438
 28.12.2025 09:39:27; 14.438
 28.12.2025 09:42:27; 14.375
 28.12.2025 09:45:26; 14.375
 28.12.2025 09:48:27; 14.375
 28.12.2025 09:51:27; 14.375
 28.12.2025 09:54:26; 14.375
 28.12.2025 09:57:27; 14.375
 28.12.2025 10:00:27; 14.313
 28.12.2025 10:03:26; 14.313
 28.12.2025 10:06:27; 14.250
 28.12.2025 10:09:26; 14.250
 28.12.2025 10:12:26; 14.188
 28.12.2025 10:15:27; 14.188
 28.12.2025 10:18:26; 14.188
 28.12.2025 10:21:26; 14.188
 28.12.2025 10:24:27; 14.188
 28.12.2025 10:27:27; 14.250
 28.12.2025 10:30:26; 14.250
 28.12.2025 10:33:27; 14.250
 28.12.2025 10:36:27; 14.313
 28.12.2025 10:39:26; 14.313
 28.12.2025 10:42:27; 14.375
 28.12.2025 10:45:27; 14.438
 28.12.2025 10:48:26; 14.563
 28.12.2025 10:51:27; 14.688
 28.12.2025 10:54:26; 14.750
 28.12.2025 10:57:26; 14.875
 28.12.2025 11:00:27; 15.000
 28.12.2025 11:03:26; 15.125
 28.12.2025 11:06:26; 15.250
 28.12.2025 11:09:27; 15.375
 28.12.2025 11:12:27; 15.563
 28.12.2025 11:15:26; 15.750
 28.12.2025 11:18:27; 15.813
 28.12.2025 11:21:27; 15.813
 28.12.2025 11:24:26; 15.750
 28.12.2025 11:27:27; 15.688
 28.12.2025 11:30:27; 15.625
 28.12.2025 11:33:26; 15.688
 28.12.2025 11:36:27; 15.813
 28.12.2025 11:39:26; 16.000
 28.12.2025 11:42:26; 16.250
 28.12.2025 11:45:27; 16.500
 28.12.2025 11:48:26; 16.750
 28.12.2025 11:51:26; 17.000
 28.12.2025 11:54:27; 17.250
 28.12.2025 11:57:27; 17.500
 28.12.2025 12:00:26; 17.625
 28.12.2025 12:03:27; 17.875
 28.12.2025 12:06:27; 18.063
 28.12.2025 12:09:26; 18.313
 28.12.2025 12:12:27; 18.500
 28.12.2025 12:15:27; 18.625
 28.12.2025 12:18:26; 18.813
 28.12.2025 12:21:27; 19.000
 28.12.2025 12:24:26; 19.188
 28.12.2025 12:27:26; 19.375
 28.12.2025 12:30:27; 19.625
 28.12.2025 12:33:26; 19.750
 28.12.2025 12:36:26; 19.938
 28.12.2025 12:39:27; 20.063
 28.12.2025 12:42:27; 20.250
 28.12.2025 12:45:26; 20.375
 28.12.2025 12:48:27; 20.500
 28.12.2025 12:51:27; 20.688
 28.12.2025 12:54:26; 20.875
 28.12.2025 12:57:27; 21.000
 28.12.2025 13:00:27; 21.188
 28.12.2025 13:03:26; 21.313
 28.12.2025 13:06:27; 21.438
 28.12.2025 13:09:26; 21.563
 28.12.2025 13:12:26; 21.750
 28.12.2025 13:15:27; 21.938
 28.12.2025 13:18:26; 22.188
 28.12.2025 13:21:26; 22.313
 28.12.2025 13:24:27; 22.375
 28.12.2025 13:27:27; 22.313
 28.12.2025 13:30:26; 22.438
 28.12.2025 13:33:27; 22.688
 28.12.2025 13:36:27; 22.938
 28.12.2025 13:39:26; 23.063
 28.12.2025 13:42:27; 23.250
 28.12.2025 13:45:27; 23.438
 28.12.2025 13:48:26; 23.563
 28.12.2025 13:51:27; 23.563
 28.12.2025 13:54:26; 23.688
 28.12.2025 13:57:26; 23.750
 28.12.2025 14:00:27; 24.000
 28.12.2025 14:03:26; 24.188
 28.12.2025 14:06:26; 24.250
 28.12.2025 14:09:27; 24.375
 28.12.2025 14:12:27; 24.313
 28.12.2025 14:15:26; 24.438
 28.12.2025 14:18:27; 24.625
 28.12.2025 14:21:27; 24.813
 28.12.2025 14:24:26; 24.750
 28.12.2025 14:27:27; 24.813
 28.12.2025 14:30:27; 24.813
 28.12.2025 14:33:26; 24.688
 28.12.2025 14:36:27; 24.813
 28.12.2025 14:39:26; 24.688
 28.12.2025 14:42:26; 24.688
 28.12.2025 14:45:27; 24.813
 28.12.2025 14:48:26; 24.875
 28.12.2025 14:51:26; 25.188
 28.12.2025 14:54:27; 25.188
 28.12.2025 14:57:27; 25.000
 28.12.2025 15:00:26; 25.125
 28.12.2025 15:03:27; 25.250
 28.12.2025 15:06:27; 25.500
 28.12.2025 15:09:26; 25.625
 28.12.2025 15:12:27; 25.875
 28.12.2025 15:15:27; 26.000
 28.12.2025 15:18:26; 26.250
 28.12.2025 15:21:27; 26.375
 28.12.2025 15:24:26; 26.563
 28.12.2025 15:27:26; 26.688
 28.12.2025 15:30:27; 27.000
 28.12.2025 15:33:26; 27.125
 28.12.2025 15:36:26; 27.563
 28.12.2025 15:39:27; 27.938
 28.12.2025 15:42:27; 28.125
 28.12.2025 15:45:26; 28.000
 28.12.2025 15:48:27; 27.875
 28.12.2025 15:51:27; 27.688
 28.12.2025 15:54:26; 27.750
 28.12.2025 15:57:27; 27.750
 28.12.2025 16:00:27; 27.813
 28.12.2025 16:03:26; 27.875
 28.12.2025 16:06:27; 27.813
 28.12.2025 16:09:26; 28.063
 28.12.2025 16:12:26; 28.438
 28.12.2025 16:15:27; 28.563
 28.12.2025 16:18:26; 28.625
 28.12.2025 16:21:26; 28.750
 28.12.2025 16:24:27; 29.125
 28.12.2025 16:27:27; 29.500
 28.12.2025 16:30:26; 29.750
 28.12.2025 16:33:27; 30.250
 28.12.2025 16:36:27; 30.250
 28.12.2025 16:39:26; 30.438
 28.12.2025 16:42:27; 30.813
 28.12.2025 16:45:27; 31.000
 28.12.2025 16:48:26; 30.938
 28.12.2025 16:51:27; 30.938
 28.12.2025 16:54:26; 30.938
 28.12.2025 16:57:26; 31.375
 28.12.2025 17:00:27; 31.375
 28.12.2025 17:03:26; 31.750
 28.12.2025 17:06:26; 31.625
 28.12.2025 17:09:27; 31.500
 28.12.2025 17:12:27; 31.563
 28.12.2025 17:15:26; 31.313
 28.12.2025 17:18:27; 31.688
 28.12.2025 17:21:27; 32.313
 28.12.2025 17:24:26; 32.563
 28.12.2025 17:27:27; 33.188
 28.12.2025 17:30:27; 34.188
 28.12.2025 17:33:26; 33.938
 28.12.2025 17:36:27; 33.313
 28.12.2025 17:39:26; 33.250
 28.12.2025 17:42:26; 33.125
 28.12.2025 17:45:27; 33.625
 28.12.2025 17:48:26; 33.938
 28.12.2025 17:51:26; 34.750
 28.12.2025 17:54:27; 35.813
 28.12.2025 17:57:27; 36.625
 28.12.2025 18:00:26; 37.500
 28.12.2025 18:03:27; 38.313
 28.12.2025 18:06:27; 38.625
 28.12.2025 18:09:26; 39.063
 28.12.2025 18:12:27; 39.375
 28.12.2025 18:15:27; 40.000
 28.12.2025 18:18:26; 40.313
 28.12.2025 18:21:27; 41.063
 28.12.2025 18:24:26; 41.813
 28.12.2025 18:27:26; 42.188
 28.12.2025 18:30:27; 42.625
 28.12.2025 18:33:26; 42.313
 28.12.2025 18:36:26; 42.000
 28.12.2025 18:39:27; 42.875
 28.12.2025 18:42:27; 43.438
 28.12.2025 18:45:26; 42.938
 28.12.2025 18:48:27; 41.500
 28.12.2025 18:51:27; 41.438
 28.12.2025 18:54:26; 41.500
 28.12.2025 18:57:27; 42.500
 28.12.2025 19:00:27; 43.000
 28.12.2025 19:03:26; 43.313
 28.12.2025 19:06:27; 42.125
 28.12.2025 19:09:26; 41.438
 28.12.2025 19:12:26; 41.625
 28.12.2025 19:15:27; 42.688
 28.12.2025 19:18:26; 42.438
 28.12.2025 19:21:26; 41.125
 28.12.2025 19:24:27; 40.375
 28.12.2025 19:27:27; 40.563
 28.12.2025 19:30:26; 40.813
 28.12.2025 19:33:27; 41.438
 28.12.2025 19:36:27; 41.563
 28.12.2025 19:39:26; 41.313
 28.12.2025 19:42:27; 41.000
 28.12.2025 19:45:27; 41.250
 28.12.2025 19:48:26; 41.313
 28.12.2025 19:51:27; 41.375
 28.12.2025 19:54:26; 42.063
 28.12.2025 19:57:26; 42.188
 28.12.2025 20:00:27; 41.563
 28.12.2025 20:03:26; 41.875
 28.12.2025 20:06:26; 41.750
 28.12.2025 20:09:27; 41.938
 28.12.2025 20:12:27; 42.125
 28.12.2025 20:15:26; 41.875
 28.12.2025 20:18:27; 41.688
 28.12.2025 20:21:27; 42.313
 28.12.2025 20:24:26; 41.938
 28.12.2025 20:27:27; 41.875
 28.12.2025 20:30:27; 42.125
 28.12.2025 20:33:26; 42.125
 28.12.2025 20:36:27; 42.063
 28.12.2025 20:39:26; 41.625
 28.12.2025 20:42:26; 41.500
 28.12.2025 20:45:27; 41.375
 28.12.2025 20:48:26; 40.313
 28.12.2025 20:51:26; 38.875
 28.12.2025 20:54:27; 38.125
 28.12.2025 20:57:27; 37.625
 28.12.2025 21:00:26; 37.500
 28.12.2025 21:03:27; 36.563
 28.12.2025 21:06:27; 35.313
 28.12.2025 21:09:26; 34.000
 28.12.2025 21:12:27; 33.125
 28.12.2025 21:15:27; 32.063
 28.12.2025 21:18:26; 31.000
 28.12.2025 21:21:27; 30.313
 28.12.2025 21:24:26; 29.750
 28.12.2025 21:27:26; 29.063
 28.12.2025 21:30:27; 28.625
 28.12.2025 21:33:26; 28.438
 28.12.2025 21:36:26; 28.125
 28.12.2025 21:39:27; 27.625
 28.12.2025 21:42:27; 27.250
 28.12.2025 21:45:26; 27.000
 28.12.2025 21:48:27; 26.750
 28.12.2025 21:51:27; 26.438
 28.12.2025 21:54:26; 26.250
 28.12.2025 21:57:27; 26.063
 28.12.2025 22:00:27; 25.875
 28.12.2025 22:03:26; 25.688
 28.12.2025 22:06:27; 25.438
 28.12.2025 22:09:26; 25.313
 28.12.2025 22:12:26; 25.250
 28.12.2025 22:15:27; 25.188
 28.12.2025 22:18:26; 25.063
 28.12.2025 22:21:26; 24.938
 28.12.2025 22:24:27; 24.875
 28.12.2025 22:27:27; 24.813
 28.12.2025 22:30:26; 24.750
 28.12.2025 22:33:27; 24.625
 28.12.2025 22:36:27; 24.563
 28.12.2025 22:39:26; 24.375
 28.12.2025 22:42:27; 24.250
 28.12.2025 22:45:27; 24.125
 28.12.2025 22:48:26; 24.000
 28.12.2025 22:51:27; 23.875
 28.12.2025 22:54:26; 23.750
 28.12.2025 22:57:26; 23.625
 28.12.2025 23:00:27; 23.563
 28.12.2025 23:03:26; 23.438
 28.12.2025 23:06:26; 23.313
 28.12.2025 23:09:27; 23.250
 28.12.2025 23:12:27; 23.188
 28.12.2025 23:15:26; 23.063
 28.12.2025 23:18:27; 23.000
 28.12.2025 23:21:27; 22.875
 28.12.2025 23:24:26; 22.813
 28.12.2025 23:27:27; 22.688
 28.12.2025 23:30:27; 22.625
 28.12.2025 23:33:26; 22.500
 28.12.2025 23:36:27; 22.438
 28.12.2025 23:39:26; 22.375
 28.12.2025 23:42:26; 22.250
 28.12.2025 23:45:27; 22.188
 28.12.2025 23:48:26; 22.063
 28.12.2025 23:51:26; 22.000
 28.12.2025 23:54:27; 21.938
 28.12.2025 23:57:27; 21.875
 29.12.2025 00:00:26; 21.813
 29.12.2025 00:03:27; 21.750
 29.12.2025 00:06:27; 21.688
 29.12.2025 00:09:26; 21.563
 29.12.2025 00:12:27; 21.500
 29.12.2025 00:15:27; 21.500
 29.12.2025 00:18:26; 21.438
 29.12.2025 00:21:27; 21.375
 29.12.2025 00:24:26; 21.313
 29.12.2025 00:27:26; 21.313
 29.12.2025 00:30:27; 21.250
 29.12.2025 00:33:26; 21.188
 29.12.2025 00:36:26; 21.125
 29.12.2025 00:39:27; 21.000
 29.12.2025 00:42:27; 20.938
 29.12.2025 00:45:26; 20.875
 29.12.2025 00:48:27; 20.813
 29.12.2025 00:51:27; 20.750
 29.12.2025 00:54:26; 20.750
 29.12.2025 00:57:27; 20.688
 29.12.2025 01:00:27; 20.625
 29.12.2025 01:03:26; 20.563
 29.12.2025 01:06:27; 20.500
 29.12.2025 01:09:26; 20.500
 29.12.2025 01:12:26; 20.438
 29.12.2025 01:15:27; 20.375
 29.12.2025 01:18:26; 20.313
 29.12.2025 01:21:26; 20.250
 29.12.2025 01:24:27; 20.250
 29.12.2025 01:27:27; 20.250
 29.12.2025 01:30:26; 20.250
 29.12.2025 01:33:27; 20.188
 29.12.2025 01:36:27; 20.188
 29.12.2025 01:39:26; 20.188
 29.12.2025 01:42:27; 20.188
 29.12.2025 01:45:27; 20.188
 29.12.2025 01:48:26; 20.125
 29.12.2025 01:51:27; 20.063
 29.12.2025 01:54:26; 20.125
 29.12.2025 01:57:26; 20.188
 29.12.2025 02:00:27; 20.188
 29.12.2025 02:03:26; 20.125
 29.12.2025 02:06:26; 20.125
 29.12.2025 02:09:27; 20.125
 29.12.2025 02:12:27; 20.125
 29.12.2025 02:15:26; 20.063
 29.12.2025 02:18:27; 20.063
 29.12.2025 02:21:27; 20.063
 29.12.2025 02:24:26; 20.063
 29.12.2025 02:27:27; 20.063
 29.12.2025 02:30:27; 20.000
 29.12.2025 02:33:26; 20.000
 29.12.2025 02:36:27; 20.000
 29.12.2025 02:39:26; 20.000
 29.12.2025 02:42:26; 19.938
 29.12.2025 02:45:27; 19.938
 29.12.2025 02:48:26; 19.938
 29.12.2025 02:51:26; 19.938
 29.12.2025 02:54:27; 19.938
 29.12.2025 02:57:27; 19.875
 29.12.2025 03:00:26; 19.938
 29.12.2025 03:03:27; 19.938
 29.12.2025 03:06:27; 19.938
 29.12.2025 03:09:26; 19.938
 29.12.2025 03:12:27; 19.938
 29.12.2025 03:15:27; 19.938
 29.12.2025 03:18:26; 19.875
 29.12.2025 03:21:27; 19.875
 29.12.2025 03:24:26; 19.813
 29.12.2025 03:27:26; 19.813
 29.12.2025 03:30:27; 19.875
 29.12.2025 03:33:26; 19.875
 29.12.2025 03:36:26; 19.875
 29.12.2025 03:39:27; 19.875
 29.12.2025 03:42:27; 19.813
 29.12.2025 03:45:26; 19.813
 29.12.2025 03:48:27; 19.813
 29.12.2025 03:51:27; 19.750
 29.12.2025 03:54:26; 19.813
 29.12.2025 03:57:27; 19.813
 29.12.2025 04:00:27; 19.875
 29.12.2025 04:03:26; 19.938
 29.12.2025 04:06:27; 20.000
 29.12.2025 04:09:26; 20.000
 29.12.2025 04:12:26; 20.000
 29.12.2025 04:15:27; 19.938
 29.12.2025 04:18:26; 20.063
 29.12.2025 04:21:26; 20.000
 29.12.2025 04:24:27; 19.938
 29.12.2025 04:27:27; 19.938
 29.12.2025 04:30:26; 20.125
 29.12.2025 04:33:27; 20.250
 29.12.2025 04:36:27; 20.188
 29.12.2025 04:39:26; 20.188
 29.12.2025 04:42:27; 20.188
 29.12.2025 04:45:27; 20.125
 29.12.2025 04:48:26; 20.000
 29.12.2025 04:51:27; 19.938
 29.12.2025 04:54:26; 19.875
 29.12.2025 04:57:26; 19.813
 29.12.2025 05:00:27; 19.750
 29.12.2025 05:03:26; 19.688
 29.12.2025 05:06:26; 19.688
 29.12.2025 05:09:27; 19.625
 29.12.2025 05:12:27; 19.563
 29.12.2025 05:15:26; 19.500
 29.12.2025 05:18:27; 19.438
 29.12.2025 05:21:27; 19.375
 29.12.2025 05:24:26; 19.313
 29.12.2025 05:27:27; 19.313
 29.12.2025 05:30:27; 19.250
 29.12.2025 05:33:26; 19.250
 29.12.2025 05:36:27; 19.250
 29.12.2025 05:39:26; 19.313
 29.12.2025 05:42:26; 19.250
 29.12.2025 05:45:27; 19.250
 29.12.2025 05:48:26; 19.188
 29.12.2025 05:51:26; 19.188
 29.12.2025 05:54:27; 19.188
 29.12.2025 05:57:27; 19.125
 29.12.2025 06:00:26; 19.063
 29.12.2025 06:03:27; 19.063
 29.12.2025 06:06:27; 19.063
 29.12.2025 06:09:26; 19.000
 29.12.2025 06:12:27; 18.938
 29.12.2025 06:15:27; 18.875
 29.12.2025 06:18:26; 18.750
 29.12.2025 06:21:27; 18.750
 29.12.2025 06:24:26; 18.625
 29.12.2025 06:27:26; 18.563
 29.12.2025 06:30:27; 18.563
 29.12.2025 06:33:26; 18.563
 29.12.2025 06:36:26; 18.500
 29.12.2025 06:39:27; 18.500
 29.12.2025 06:42:27; 18.500
 29.12.2025 06:45:26; 18.500
 29.12.2025 06:48:27; 18.500
 29.12.2025 06:51:27; 18.563
 29.12.2025 06:54:26; 18.563
 29.12.2025 06:57:27; 18.563
 29.12.2025 07:00:27; 18.563
 29.12.2025 07:03:26; 18.563
 29.12.2025 07:06:27; 18.563
 29.12.2025 07:09:26; 18.563
 29.12.2025 07:12:26; 18.563
 29.12.2025 07:15:27; 18.563
 29.12.2025 07:18:26; 18.563
 29.12.2025 07:21:26; 18.563
 29.12.2025 07:24:27; 18.563
 29.12.2025 07:27:27; 18.500
 29.12.2025 07:30:26; 18.500
 29.12.2025 07:33:27; 18.500
 29.12.2025 07:36:27; 18.500
 29.12.2025 07:39:26; 18.563
 29.12.2025 07:42:27; 18.625
 29.12.2025 07:45:27; 18.625
 29.12.2025 07:48:26; 18.688
 29.12.2025 07:51:27; 18.688
 29.12.2025 07:54:26; 18.625
 29.12.2025 07:57:26; 18.688
 29.12.2025 08:00:27; 18.688
 29.12.2025 08:03:26; 18.625
 29.12.2025 08:06:26; 18.563
 29.12.2025 08:09:27; 18.500
 29.12.2025 08:12:27; 18.438
 29.12.2025 08:15:26; 18.375
 29.12.2025 08:18:27; 18.313
 29.12.2025 08:21:27; 18.313
 29.12.2025 08:24:26; 18.250
 29.12.2025 08:27:27; 18.250
 29.12.2025 08:30:27; 18.188
 29.12.2025 08:33:26; 18.188
 29.12.2025 08:36:27; 18.188
 29.12.2025 08:39:26; 18.188
 29.12.2025 08:42:26; 18.188
 29.12.2025 08:45:27; 18.125
 29.12.2025 08:48:26; 18.125
 29.12.2025 08:51:26; 18.188
 29.12.2025 08:54:27; 18.188
 29.12.2025 08:57:27; 18.188
 29.12.2025 09:00:26; 18.125
 29.12.2025 09:03:27; 18.125
 29.12.2025 09:06:27; 18.125
 29.12.2025 09:09:26; 18.063
 29.12.2025 09:12:27; 18.063
 29.12.2025 09:15:27; 18.063
 29.12.2025 09:18:26; 18.063
 29.12.2025 09:21:27; 18.000
 29.12.2025 09:24:26; 18.000
 29.12.2025 09:27:26; 17.938
 29.12.2025 09:30:27; 17.875
 29.12.2025 09:33:26; 17.875
 29.12.2025 09:36:26; 17.813
 29.12.2025 09:39:27; 17.813
 29.12.2025 09:42:27; 17.813
 29.12.2025 09:45:26; 17.750
 29.12.2025 09:48:27; 17.750
 29.12.2025 09:51:27; 17.688
 29.12.2025 09:54:26; 17.688
 29.12.2025 09:57:27; 17.688
 29.12.2025 10:00:27; 17.625
 29.12.2025 10:03:26; 17.625
 29.12.2025 10:06:27; 17.625
 29.12.2025 10:09:26; 17.563
 29.12.2025 10:12:26; 17.563
 29.12.2025 10:15:27; 17.500
 29.12.2025 10:18:26; 17.500
 29.12.2025 10:21:26; 17.438
 29.12.2025 10:24:27; 17.438
 29.12.2025 10:27:27; 17.438
 29.12.2025 10:30:26; 17.375
 29.12.2025 10:33:27; 17.313
 29.12.2025 10:36:27; 17.313
 29.12.2025 10:39:26; 17.313
 29.12.2025 10:42:27; 17.313
 29.12.2025 10:45:27; 17.313
 29.12.2025 10:48:26; 17.313
 29.12.2025 10:51:27; 17.313
 29.12.2025 10:54:26; 17.375
 29.12.2025 10:57:26; 17.375
 29.12.2025 11:00:27; 17.375
 29.12.2025 11:03:26; 17.438
 29.12.2025 11:06:26; 17.438
 29.12.2025 11:09:27; 17.500
 29.12.2025 11:12:27; 17.500
 29.12.2025 11:15:26; 17.563
 29.12.2025 11:18:27; 17.563
 29.12.2025 11:21:27; 17.625
 29.12.2025 11:24:26; 17.688
 29.12.2025 11:27:27; 17.688
 29.12.2025 11:30:27; 17.750
 29.12.2025 11:33:26; 17.813
 29.12.2025 11:36:27; 17.813
 29.12.2025 11:39:26; 17.875
 29.12.2025 11:42:26; 17.938
 29.12.2025 11:45:27; 17.938
 29.12.2025 11:48:26; 18.000
 29.12.2025 11:51:26; 18.063
 29.12.2025 11:54:27; 18.125
 29.12.2025 11:57:27; 18.125
 29.12.2025 12:00:26; 18.188
 29.12.2025 12:03:27; 18.250
 29.12.2025 12:06:27; 18.250
 29.12.2025 12:09:26; 18.250
 29.12.2025 12:12:27; 18.313
 29.12.2025 12:15:27; 18.313
 29.12.2025 12:18:26; 18.375
 29.12.2025 12:21:27; 18.375
 29.12.2025 12:24:26; 18.375
 29.12.2025 12:27:26; 18.375
 29.12.2025 12:30:27; 18.313
 29.12.2025 12:33:26; 18.313
 29.12.2025 12:36:26; 18.313
 29.12.2025 12:39:27; 18.313
 29.12.2025 12:42:27; 18.313
 29.12.2025 12:45:26; 18.313
 29.12.2025 12:48:27; 18.375
 29.12.2025 12:51:27; 18.375
 29.12.2025 12:54:26; 18.375
 29.12.2025 12:57:27; 18.375
 29.12.2025 13:00:27; 18.438
 29.12.2025 13:03:26; 18.500
 29.12.2025 13:06:27; 18.563
 29.12.2025 13:09:26; 18.563
 29.12.2025 13:12:26; 18.625
 29.12.2025 13:15:27; 18.688
 29.12.2025 13:18:26; 18.750
 29.12.2025 13:21:26; 18.813
 29.12.2025 13:24:27; 18.938
 29.12.2025 13:27:27; 19.000
 29.12.2025 13:30:26; 19.063
 29.12.2025 13:33:27; 19.063
 29.12.2025 13:36:27; 19.125
 29.12.2025 13:39:26; 19.125
 29.12.2025 13:42:27; 19.188
 29.12.2025 13:45:27; 19.188
 29.12.2025 13:48:26; 19.250
 29.12.2025 13:51:27; 19.313
 29.12.2025 13:54:26; 19.375
 29.12.2025 13:57:26; 19.375
 29.12.2025 14:00:27; 19.438
 29.12.2025 14:03:26; 19.438
 29.12.2025 14:06:26; 19.438
 29.12.2025 14:09:27; 19.500
 29.12.2025 14:12:27; 19.438
 29.12.2025 14:15:26; 19.438
 29.12.2025 14:18:27; 19.563
 29.12.2025 14:21:27; 19.625
 29.12.2025 14:24:26; 19.750
 29.12.2025 14:27:27; 19.813
 29.12.2025 14:30:27; 20.063
 29.12.2025 14:33:26; 20.250
 29.12.2025 14:36:27; 20.438
 29.12.2025 14:39:26; 20.563
 29.12.2025 14:42:26; 20.688
 29.12.2025 14:45:27; 20.750
 29.12.2025 14:48:26; 20.875
 29.12.2025 14:51:26; 21.063
 29.12.2025 14:54:27; 21.188
 29.12.2025 14:57:27; 21.313
 29.12.2025 15:00:26; 21.438
 29.12.2025 15:03:27; 21.625
 29.12.2025 15:06:27; 21.750
 29.12.2025 15:09:26; 21.938
 29.12.2025 15:12:27; 22.063
 29.12.2025 15:15:27; 22.063
 29.12.2025 15:18:26; 22.313
 29.12.2025 15:21:27; 22.625
 29.12.2025 15:24:26; 23.000
 29.12.2025 15:27:26; 23.063
 29.12.2025 15:30:27; 23.188
 29.12.2025 15:33:26; 23.438
 29.12.2025 15:36:26; 23.563
 29.12.2025 15:39:27; 23.750
 29.12.2025 15:42:27; 23.750
 29.12.2025 15:45:26; 23.813
 29.12.2025 15:48:27; 23.875
 29.12.2025 15:51:27; 23.688
 29.12.2025 15:54:26; 23.750
 29.12.2025 15:57:27; 23.688
 29.12.2025 16:00:27; 23.563
 29.12.2025 16:03:26; 23.375
 29.12.2025 16:06:27; 23.250
 29.12.2025 16:09:26; 23.375
 29.12.2025 16:12:26; 23.438
 29.12.2025 16:15:27; 23.250
 29.12.2025 16:18:26; 23.125
 29.12.2025 16:21:26; 23.125
 29.12.2025 16:24:27; 23.063
 29.12.2025 16:27:27; 23.000
 29.12.2025 16:30:26; 23.063
 29.12.2025 16:33:27; 23.063
 29.12.2025 16:36:27; 23.188
 29.12.2025 16:39:26; 23.313
 29.12.2025 16:42:27; 23.250
 29.12.2025 16:45:27; 23.313
 29.12.2025 16:48:26; 23.438
 29.12.2025 16:51:27; 23.500
 29.12.2025 16:54:26; 23.625
 29.12.2025 16:57:26; 23.750
 29.12.2025 17:00:27; 23.750
 29.12.2025 17:03:26; 23.813
 29.12.2025 17:06:26; 23.813
 29.12.2025 17:09:27; 24.000
 29.12.2025 17:12:27; 24.125
 29.12.2025 17:15:26; 24.000
 29.12.2025 17:18:27; 24.063
 29.12.2025 17:21:27; 24.250
 29.12.2025 17:24:26; 24.375
 29.12.2025 17:27:27; 24.625
 29.12.2025 17:30:27; 24.938
 29.12.2025 17:33:26; 25.125
 29.12.2025 17:36:27; 25.375
 29.12.2025 17:39:26; 25.625
 29.12.2025 17:42:26; 26.188
 29.12.2025 17:45:27; 27.125
 29.12.2025 17:48:26; 27.438
 29.12.2025 17:51:26; 27.813
 29.12.2025 17:54:27; 28.250
 29.12.2025 17:57:27; 28.375
 29.12.2025 18:00:26; 30.000
 29.12.2025 18:03:27; 30.500
 29.12.2025 18:06:27; 30.000
 29.12.2025 18:09:26; 30.688
 29.12.2025 18:12:27; 30.125
 29.12.2025 18:15:27; 29.375
 29.12.2025 18:18:26; 31.375
 29.12.2025 18:21:27; 32.563
 29.12.2025 18:24:26; 33.375
 29.12.2025 18:27:26; 34.563
 29.12.2025 18:30:27; 35.500
 29.12.2025 18:33:26; 36.125
 29.12.2025 18:36:26; 36.438
 29.12.2025 18:39:27; 36.188
 29.12.2025 18:42:27; 36.063
 29.12.2025 18:45:26; 36.875
 29.12.2025 18:48:27; 37.875
 29.12.2025 18:51:27; 38.625
 29.12.2025 18:54:26; 39.063
 29.12.2025 18:57:27; 39.500
 29.12.2025 19:00:27; 40.063
 29.12.2025 19:03:26; 40.563
 29.12.2025 19:06:27; 41.063
 29.12.2025 19:09:26; 40.500
 29.12.2025 19:12:26; 39.938
 29.12.2025 19:15:27; 39.313
 29.12.2025 19:18:26; 40.188
 29.12.2025 19:21:26; 40.125
 29.12.2025 19:24:27; 40.875
 29.12.2025 19:27:27; 37.438
 29.12.2025 19:30:26; 34.563
 29.12.2025 19:33:27; 34.063
 29.12.2025 19:36:27; 32.938
 29.12.2025 19:39:26; 31.938
 29.12.2025 19:42:27; 30.813
 29.12.2025 19:45:27; 30.250
 29.12.2025 19:48:26; 29.625
 29.12.2025 19:51:27; 29.188
 29.12.2025 19:54:26; 28.813
 29.12.2025 19:57:26; 28.438
 29.12.2025 20:00:27; 27.938
 29.12.2025 20:03:26; 27.250
 29.12.2025 20:06:26; 26.438
 29.12.2025 20:09:27; 25.875
 29.12.2025 20:12:27; 25.438
 29.12.2025 20:15:26; 25.188
 29.12.2025 20:18:27; 25.063
 29.12.2025 20:21:27; 25.000
 29.12.2025 20:24:26; 24.813
 29.12.2025 20:27:27; 24.750
 29.12.2025 20:30:27; 24.625
 29.12.2025 20:33:26; 24.438
 29.12.2025 20:36:27; 24.188
 29.12.2025 20:39:26; 24.125
 29.12.2025 20:42:26; 24.000
 29.12.2025 20:45:27; 23.875
 29.12.2025 20:48:26; 23.750
 29.12.2025 20:51:26; 23.688
 29.12.2025 20:54:27; 23.625
 29.12.2025 20:57:27; 23.500
 29.12.2025 21:00:26; 23.438
 29.12.2025 21:03:27; 23.250
 29.12.2025 21:06:27; 23.125
 29.12.2025 21:09:26; 23.063
 29.12.2025 21:12:27; 23.063
 29.12.2025 21:15:27; 23.063
 29.12.2025 21:18:26; 23.063
 29.12.2025 21:21:27; 23.063
 29.12.2025 21:24:26; 22.938
 29.12.2025 21:27:26; 22.875
 29.12.2025 21:30:27; 22.688
 29.12.2025 21:33:26; 22.500
 29.12.2025 21:36:26; 22.375
 29.12.2025 21:39:27; 22.188
 29.12.2025 21:42:27; 22.125
 29.12.2025 21:45:26; 22.000
 29.12.2025 21:48:27; 21.875
 29.12.2025 21:51:27; 21.750
 29.12.2025 21:54:26; 21.625
 29.12.2025 21:57:27; 21.500
 29.12.2025 22:00:27; 21.375
 29.12.2025 22:03:26; 21.250
 29.12.2025 22:06:27; 21.125
 29.12.2025 22:09:26; 21.063
 29.12.2025 22:12:26; 20.938
 29.12.2025 22:15:27; 20.875
 29.12.2025 22:18:26; 20.813
 29.12.2025 22:21:26; 20.750
 29.12.2025 22:24:27; 20.688
 29.12.2025 22:27:27; 20.625
 29.12.2025 22:30:26; 20.500
 29.12.2025 22:33:27; 20.313
 29.12.2025 22:36:27; 20.125
 29.12.2025 22:39:26; 19.938
 29.12.2025 22:42:27; 19.750
 29.12.2025 22:45:27; 19.688
 29.12.2025 22:48:26; 19.563
 29.12.2025 22:51:27; 19.438
 29.12.2025 22:54:26; 19.313
 29.12.2025 22:57:26; 19.250
 29.12.2025 23:00:27; 19.125
 29.12.2025 23:03:26; 18.938
 29.12.2025 23:06:26; 18.875
 29.12.2025 23:09:27; 18.750
 29.12.2025 23:12:27; 18.625
 29.12.2025 23:15:26; 18.563
 29.12.2025 23:18:27; 18.375
 29.12.2025 23:21:27; 18.313
 29.12.2025 23:24:26; 18.188
 29.12.2025 23:27:27; 18.125
 29.12.2025 23:30:27; 18.063
 29.12.2025 23:33:26; 18.000
 29.12.2025 23:36:27; 18.000
 29.12.2025 23:39:26; 17.938
 29.12.2025 23:42:26; 17.875
 29.12.2025 23:45:27; 17.875
 29.12.2025 23:48:26; 17.813
 29.12.2025 23:51:26; 17.813
 29.12.2025 23:54:27; 17.750
 29.12.2025 23:57:27; 17.625
 30.12.2025 00:00:26; 17.563
 30.12.2025 00:03:27; 17.563
 30.12.2025 00:06:27; 17.500
 30.12.2025 00:09:26; 17.438
 30.12.2025 00:12:27; 17.375
 30.12.2025 00:15:27; 17.313
 30.12.2025 00:18:26; 17.250
 30.12.2025 00:21:27; 17.250
 30.12.2025 00:24:26; 17.250
 30.12.2025 00:27:26; 17.250
 30.12.2025 00:30:27; 17.188
 30.12.2025 00:33:26; 17.188
 30.12.2025 00:36:26; 17.188
 30.12.2025 00:39:27; 17.188
 30.12.2025 00:42:27; 17.125
 30.12.2025 00:45:26; 17.000
 30.12.2025 00:48:27; 16.875
 30.12.2025 00:51:27; 16.750
 30.12.2025 00:54:26; 16.625
 30.12.2025 00:57:27; 16.563
 30.12.2025 01:00:27; 16.500
 30.12.2025 01:03:26; 16.500
 30.12.2025 01:06:27; 16.438
 30.12.2025 01:09:26; 16.438
 30.12.2025 01:12:26; 16.438
 30.12.2025 01:15:27; 16.438
 30.12.2025 01:18:26; 16.438
 30.12.2025 01:21:26; 16.438
 30.12.2025 01:24:27; 16.438
 30.12.2025 01:27:27; 16.375
 30.12.2025 01:30:26; 16.375
 30.12.2025 01:33:27; 16.375
 30.12.2025 01:36:27; 16.375
 30.12.2025 01:39:26; 16.375
 30.12.2025 01:42:27; 16.313
 30.12.2025 01:45:27; 16.313
 30.12.2025 01:48:26; 16.313
 30.12.2025 01:51:27; 16.313
 30.12.2025 01:54:26; 16.250
 30.12.2025 01:57:26; 16.313
 30.12.2025 02:00:27; 16.313
 30.12.2025 02:03:26; 16.313
 30.12.2025 02:06:26; 16.313
 30.12.2025 02:09:27; 16.313
 30.12.2025 02:12:27; 16.313
 30.12.2025 02:15:26; 16.313
 30.12.2025 02:18:27; 16.375
 30.12.2025 02:21:27; 16.375
 30.12.2025 02:24:26; 16.375
 30.12.2025 02:27:27; 16.438
 30.12.2025 02:30:27; 16.375
 30.12.2025 02:33:26; 16.375
 30.12.2025 02:36:27; 16.375
 30.12.2025 02:39:26; 16.375
 30.12.2025 02:42:26; 16.375
 30.12.2025 02:45:27; 16.375
 30.12.2025 02:48:26; 16.375
 30.12.2025 02:51:26; 16.375
 30.12.2025 02:54:27; 16.375
 30.12.2025 02:57:27; 16.375
 30.12.2025 03:00:26; 16.375
 30.12.2025 03:03:27; 16.375
 30.12.2025 03:06:27; 16.375
 30.12.2025 03:09:26; 16.313
 30.12.2025 03:12:27; 16.313
 30.12.2025 03:15:27; 16.313
 30.12.2025 03:18:26; 16.313
 30.12.2025 03:21:27; 16.313
 30.12.2025 03:24:26; 16.313
 30.12.2025 03:27:26; 16.313
 30.12.2025 03:30:27; 16.313
 30.12.2025 03:33:26; 16.313
 30.12.2025 03:36:26; 16.313
 30.12.2025 03:39:27; 16.313
 30.12.2025 03:42:27; 16.313
 30.12.2025 03:45:26; 16.313
 30.12.2025 03:48:27; 16.313
 30.12.2025 03:51:27; 16.313
 30.12.2025 03:54:26; 16.313
 30.12.2025 03:57:27; 16.313
 30.12.2025 04:00:27; 16.250
 30.12.2025 04:03:26; 16.250
 30.12.2025 04:06:27; 16.250
 30.12.2025 04:09:26; 16.250
 30.12.2025 04:12:26; 16.188
 30.12.2025 04:15:27; 16.188
 30.12.2025 04:18:26; 16.188
 30.12.2025 04:21:26; 16.188
 30.12.2025 04:24:27; 16.188
 30.12.2025 04:27:27; 16.188
 30.12.2025 04:30:26; 16.188
 30.12.2025 04:33:27; 16.188
 30.12.2025 04:36:27; 16.250
 30.12.2025 04:39:26; 16.250
 30.12.2025 04:42:27; 16.250
 30.12.2025 04:45:27; 16.250
 30.12.2025 04:48:26; 16.250
 30.12.2025 04:51:27; 16.250
 30.12.2025 04:54:26; 16.250
 30.12.2025 04:57:26; 16.250
 30.12.2025 05:00:27; 16.313
 30.12.2025 05:03:26; 16.313
 30.12.2025 05:06:26; 16.250
 30.12.2025 05:09:27; 16.250
 30.12.2025 05:12:27; 16.250
 30.12.2025 05:15:26; 16.188
 30.12.2025 05:18:27; 16.188
 30.12.2025 05:21:27; 16.188
 30.12.2025 05:24:26; 16.188
 30.12.2025 05:27:27; 16.125
 30.12.2025 05:30:27; 16.125
 30.12.2025 05:33:26; 16.063
 30.12.2025 05:36:27; 16.063
 30.12.2025 05:39:26; 16.000
 30.12.2025 05:42:26; 16.000
 30.12.2025 05:45:27; 15.938
 30.12.2025 05:48:26; 15.938
 30.12.2025 05:51:26; 16.000
 30.12.2025 05:54:27; 16.000
 30.12.2025 05:57:27; 16.000
 30.12.2025 06:00:26; 15.938
 30.12.2025 06:03:27; 16.000
 30.12.2025 06:06:27; 15.938
 30.12.2025 06:09:26; 15.938
 30.12.2025 06:12:27; 15.938
 30.12.2025 06:15:27; 15.938
 30.12.2025 06:18:26; 15.938
 30.12.2025 06:21:27; 15.938
 30.12.2025 06:24:26; 15.875
 30.12.2025 06:27:26; 15.875
 30.12.2025 06:30:27; 15.875
 30.12.2025 06:33:26; 15.813
 30.12.2025 06:36:26; 15.813
 30.12.2025 06:39:27; 15.750
 30.12.2025 06:42:27; 15.750
 30.12.2025 06:45:26; 15.750
 30.12.2025 06:48:27; 15.750
 30.12.2025 06:51:27; 15.750
 30.12.2025 06:54:26; 15.750
 30.12.2025 06:57:27; 15.750
 30.12.2025 07:00:27; 15.750
 30.12.2025 07:03:26; 15.813
 30.12.2025 07:06:27; 15.813
 30.12.2025 07:09:26; 15.813
 30.12.2025 07:12:26; 15.875
 30.12.2025 07:15:27; 15.875
 30.12.2025 07:18:26; 15.875
 30.12.2025 07:21:26; 15.875
 30.12.2025 07:24:27; 15.875
 30.12.2025 07:27:27; 15.875
 30.12.2025 07:30:26; 15.875
 30.12.2025 07:33:27; 15.938
 30.12.2025 07:36:27; 15.938
 30.12.2025 07:39:26; 15.938
 30.12.2025 07:42:27; 15.938
 30.12.2025 07:45:27; 15.875
 30.12.2025 07:48:26; 15.938
 30.12.2025 07:51:27; 15.938
 30.12.2025 07:54:26; 15.938
 30.12.2025 07:57:26; 15.938
 30.12.2025 08:00:27; 16.000
 30.12.2025 08:03:26; 16.000
 30.12.2025 08:06:26; 16.000
 30.12.2025 08:09:27; 16.000
 30.12.2025 08:12:27; 16.000
 30.12.2025 08:15:26; 16.000
 30.12.2025 08:18:27; 16.000
 30.12.2025 08:21:27; 16.000
 30.12.2025 08:24:26; 16.000
 30.12.2025 08:27:27; 16.000
 30.12.2025 08:30:27; 16.000
 30.12.2025 08:33:26; 16.000
 30.12.2025 08:36:27; 15.938
 30.12.2025 08:39:26; 15.938
 30.12.2025 08:42:26; 15.938
 30.12.2025 08:45:27; 15.938
 30.12.2025 08:48:26; 15.938
 30.12.2025 08:51:26; 15.938
 30.12.2025 08:54:27; 15.875
 30.12.2025 08:57:27; 15.875
 30.12.2025 09:00:26; 15.875
 30.12.2025 09:03:27; 15.875
 30.12.2025 09:06:27; 15.813
 30.12.2025 09:09:26; 15.813
 30.12.2025 09:12:27; 15.813
 30.12.2025 09:15:27; 15.813
 30.12.2025 09:18:26; 15.813
 30.12.2025 09:21:27; 15.813
 30.12.2025 09:24:26; 15.813
 30.12.2025 09:27:26; 15.750
 30.12.2025 09:30:27; 15.750
 30.12.2025 09:33:26; 15.750
 30.12.2025 09:36:26; 15.750
 30.12.2025 09:39:27; 15.750
 30.12.2025 09:42:27; 15.750
 30.12.2025 09:45:26; 15.750
 30.12.2025 09:48:27; 15.750
 30.12.2025 09:51:27; 15.750
 30.12.2025 09:54:26; 15.750
 30.12.2025 09:57:27; 15.750
 30.12.2025 10:00:27; 15.688
 30.12.2025 10:03:26; 15.688
 30.12.2025 10:06:27; 15.688
 30.12.2025 10:09:26; 15.750
 30.12.2025 10:12:26; 15.750
 30.12.2025 10:15:27; 15.750
 30.12.2025 10:18:26; 15.688
 30.12.2025 10:21:26; 15.688
 30.12.2025 10:24:27; 15.688
 30.12.2025 10:27:27; 15.688
 30.12.2025 10:30:26; 15.688
 30.12.2025 10:33:27; 15.688
 30.12.2025 10:36:27; 15.688
 30.12.2025 10:39:26; 15.688
 30.12.2025 10:42:27; 15.750
 30.12.2025 10:45:27; 15.750
 30.12.2025 10:48:26; 15.750
 30.12.2025 10:51:27; 15.750
 30.12.2025 10:54:26; 15.813
 30.12.2025 10:57:26; 15.813
 30.12.2025 11:00:27; 15.813
 30.12.2025 11:03:26; 15.813
 30.12.2025 11:06:26; 15.813
 30.12.2025 11:09:27; 15.813
 30.12.2025 11:12:27; 15.875
 30.12.2025 11:15:26; 15.875
 30.12.2025 11:18:27; 15.938
 30.12.2025 11:21:27; 15.938
 30.12.2025 11:24:26; 15.938
 30.12.2025 11:27:27; 15.938
 30.12.2025 11:30:27; 15.875
 30.12.2025 11:33:26; 15.875
 30.12.2025 11:36:27; 15.938
 30.12.2025 11:39:26; 15.875
 30.12.2025 11:42:26; 15.875
 30.12.2025 11:45:27; 15.875
 30.12.2025 11:48:26; 15.875
 30.12.2025 11:51:26; 15.875
 30.12.2025 11:54:27; 15.938
 30.12.2025 11:57:27; 15.938
 30.12.2025 12:00:26; 15.938
 30.12.2025 12:03:27; 15.938
 30.12.2025 12:06:27; 15.938
 30.12.2025 12:09:26; 15.938
 30.12.2025 12:12:27; 15.938
 30.12.2025 12:15:27; 16.000
 30.12.2025 12:18:26; 16.063
 30.12.2025 12:21:27; 16.063
 30.12.2025 12:24:26; 16.125
 30.12.2025 12:27:26; 16.125
 30.12.2025 12:30:27; 16.188
 30.12.2025 12:33:26; 16.250
 30.12.2025 12:36:26; 16.250
 30.12.2025 12:39:27; 16.250
 30.12.2025 12:42:27; 16.250
 30.12.2025 12:45:26; 16.250
 30.12.2025 12:48:27; 16.313
 30.12.2025 12:51:27; 16.375
 30.12.2025 12:54:26; 16.375
 30.12.2025 12:57:27; 16.375
 30.12.2025 13:00:27; 16.375
 30.12.2025 13:03:26; 16.375
 30.12.2025 13:06:27; 16.438
 30.12.2025 13:09:26; 16.500
 30.12.2025 13:12:26; 16.563
 30.12.2025 13:15:27; 16.563
 30.12.2025 13:18:26; 16.625
 30.12.2025 13:21:26; 16.688
 30.12.2025 13:24:27; 16.750
 30.12.2025 13:27:27; 16.813
 30.12.2025 13:30:26; 16.813
 30.12.2025 13:33:27; 16.750
 30.12.2025 13:36:27; 16.688
 30.12.2025 13:39:26; 16.750
 30.12.2025 13:42:27; 16.750
 30.12.2025 13:45:27; 16.750
 30.12.2025 13:48:26; 16.813
 30.12.2025 13:51:27; 16.813
 30.12.2025 13:54:26; 16.875
 30.12.2025 13:57:26; 16.938
 30.12.2025 14:00:27; 16.938
 30.12.2025 14:03:26; 17.063
 30.12.2025 14:06:26; 17.188
 30.12.2025 14:09:27; 17.375
 30.12.2025 14:12:27; 17.688
 30.12.2025 14:15:26; 18.000
 30.12.2025 14:18:27; 18.063
 30.12.2025 14:21:27; 18.375
 30.12.2025 14:24:26; 18.500
 30.12.2025 14:27:27; 18.688
 30.12.2025 14:30:27; 18.875
 30.12.2025 14:33:26; 19.063
 30.12.2025 14:36:27; 19.188
 30.12.2025 14:39:26; 19.188
 30.12.2025 14:42:26; 19.313
 30.12.2025 14:45:27; 19.375
 30.12.2025 14:48:26; 19.750
 30.12.2025 14:51:26; 19.813
 30.12.2025 14:54:27; 19.813
 30.12.2025 14:57:27; 19.688
 30.12.2025 15:00:26; 19.750
 30.12.2025 15:03:27; 19.688
 30.12.2025 15:06:27; 19.500
 30.12.2025 15:09:26; 19.500
 30.12.2025 15:12:27; 19.375
 30.12.2025 15:15:27; 19.250
 30.12.2025 15:18:26; 19.063
 30.12.2025 15:21:27; 19.000
 30.12.2025 15:24:26; 18.813
 30.12.2025 15:27:26; 18.688
 30.12.2025 15:30:27; 18.438
 30.12.2025 15:33:26; 18.188
 30.12.2025 15:36:26; 18.000
 30.12.2025 15:39:27; 17.875
 30.12.2025 15:42:27; 17.688
 30.12.2025 15:45:26; 17.500
 30.12.2025 15:48:27; 17.375
 30.12.2025 15:51:27; 17.313
 30.12.2025 15:54:26; 17.188
 30.12.2025 15:57:27; 17.125
 30.12.2025 16:00:27; 17.063
 30.12.2025 16:03:26; 17.000
 30.12.2025 16:06:27; 17.000
 30.12.2025 16:09:26; 17.000
 30.12.2025 16:12:26; 17.000
 30.12.2025 16:15:27; 17.000
 30.12.2025 16:18:26; 17.000
 30.12.2025 16:21:26; 17.063
 30.12.2025 16:24:27; 17.125
 30.12.2025 16:27:27; 17.188
 30.12.2025 16:30:26; 17.250
 30.12.2025 16:33:27; 17.313
 30.12.2025 16:36:27; 17.313
 30.12.2025 16:39:26; 17.313
 30.12.2025 16:42:27; 17.375
 30.12.2025 16:45:27; 17.375
 30.12.2025 16:48:26; 17.313
 30.12.2025 16:51:27; 17.313
 30.12.2025 16:54:26; 17.250
 30.12.2025 16:57:26; 17.250
 30.12.2025 17:00:27; 17.250
 30.12.2025 17:03:26; 17.250
 30.12.2025 17:06:26; 17.313
 30.12.2025 17:09:27; 17.375
 30.12.2025 17:12:27; 17.375
 30.12.2025 17:15:26; 17.438
 30.12.2025 17:18:27; 17.500
 30.12.2025 17:21:27; 17.563
 30.12.2025 17:24:26; 17.563
 30.12.2025 17:27:27; 17.438
 30.12.2025 17:30:27; 17.438
 30.12.2025 17:33:26; 17.438
 30.12.2025 17:36:27; 17.375
 30.12.2025 17:39:26; 17.313
 30.12.2025 17:42:26; 17.250
 30.12.2025 17:45:27; 17.250
 30.12.2025 17:48:26; 17.188
 30.12.2025 17:51:26; 17.250
 30.12.2025 17:54:27; 17.313
 30.12.2025 17:57:27; 17.250
 30.12.2025 18:00:26; 17.250
 30.12.2025 18:03:27; 17.063
 30.12.2025 18:06:27; 16.875
 30.12.2025 18:09:26; 16.750
 30.12.2025 18:12:27; 16.688
 30.12.2025 18:15:27; 16.625
 30.12.2025 18:18:26; 16.625
 30.12.2025 18:21:27; 16.750
 30.12.2025 18:24:26; 16.750
 30.12.2025 18:27:26; 16.813
 30.12.2025 18:30:27; 16.813
 30.12.2025 18:33:26; 16.750
 30.12.2025 18:36:26; 16.750
 30.12.2025 18:39:27; 16.688
 30.12.2025 18:42:27; 16.688
 30.12.2025 18:45:26; 16.688
 30.12.2025 18:48:27; 16.688
 30.12.2025 18:51:27; 16.688
 30.12.2025 18:54:26; 16.813
 30.12.2025 18:57:27; 16.938
 30.12.2025 19:00:27; 17.000
 30.12.2025 19:03:26; 17.063
 30.12.2025 19:06:27; 17.063
 30.12.2025 19:09:26; 17.000
 30.12.2025 19:12:26; 16.938
 30.12.2025 19:15:27; 16.813
 30.12.2025 19:18:26; 16.688
 30.12.2025 19:21:26; 16.625
 30.12.2025 19:24:27; 16.563
 30.12.2025 19:27:27; 16.438
 30.12.2025 19:30:26; 16.438
 30.12.2025 19:33:27; 16.375
 30.12.2025 19:36:27; 16.375
 30.12.2025 19:39:26; 16.375
 30.12.2025 19:42:27; 16.250
 30.12.2025 19:45:27; 16.125
 30.12.2025 19:48:26; 16.063
 30.12.2025 19:51:27; 16.000
 30.12.2025 19:54:26; 15.938
 30.12.2025 19:57:26; 15.875
 30.12.2025 20:00:27; 15.813
 30.12.2025 20:03:26; 15.813
 30.12.2025 20:06:26; 15.813
 30.12.2025 20:09:27; 15.875
 30.12.2025 20:12:27; 15.938
 30.12.2025 20:15:26; 16.000
 30.12.2025 20:18:27; 15.938
 30.12.2025 20:21:27; 15.938
 30.12.2025 20:24:26; 15.875
 30.12.2025 20:27:27; 15.938
 30.12.2025 20:30:27; 16.000
 30.12.2025 20:33:26; 16.000
 30.12.2025 20:36:27; 16.063
 30.12.2025 20:39:26; 16.063
 30.12.2025 20:42:26; 16.000
 30.12.2025 20:45:27; 15.938
 30.12.2025 20:48:26; 15.875
 30.12.2025 20:51:26; 15.813
 30.12.2025 20:54:27; 15.750
 30.12.2025 20:57:27; 15.750
 30.12.2025 21:00:26; 15.750
 30.12.2025 21:03:27; 15.688
 30.12.2025 21:06:27; 15.688
 30.12.2025 21:09:26; 15.688
 30.12.2025 21:12:27; 15.625
 30.12.2025 21:15:27; 15.563
 30.12.2025 21:18:26; 15.563
 30.12.2025 21:21:27; 15.563
 30.12.2025 21:24:26; 15.563
 30.12.2025 21:27:26; 15.563
 30.12.2025 21:30:27; 15.563
 30.12.2025 21:33:26; 15.563
 30.12.2025 21:36:26; 15.563
 30.12.2025 21:39:27; 15.563
 30.12.2025 21:42:27; 15.563
 30.12.2025 21:45:26; 15.500
 30.12.2025 21:48:27; 15.500
 30.12.2025 21:51:27; 15.500
 30.12.2025 21:54:26; 15.500
 30.12.2025 21:57:27; 15.500
 30.12.2025 22:00:27; 15.500
 30.12.2025 22:03:26; 15.500
 30.12.2025 22:06:27; 15.500
 30.12.2025 22:09:26; 15.500
 30.12.2025 22:12:26; 15.500
 30.12.2025 22:15:27; 15.500
 30.12.2025 22:18:26; 15.500
 30.12.2025 22:21:26; 15.500
 30.12.2025 22:24:27; 15.500
 30.12.2025 22:27:27; 15.500
 30.12.2025 22:30:26; 15.438
 30.12.2025 22:33:27; 15.438
 30.12.2025 22:36:27; 15.438
 30.12.2025 22:39:26; 15.375
 30.12.2025 22:42:27; 15.313
 30.12.2025 22:45:27; 15.313
 30.12.2025 22:48:26; 15.313
 30.12.2025 22:51:27; 15.250
 30.12.2025 22:54:26; 15.250
 30.12.2025 22:57:26; 15.250
 30.12.2025 23:00:27; 15.250
 30.12.2025 23:03:26; 15.313
 30.12.2025 23:06:26; 15.313
 30.12.2025 23:09:27; 15.313
 30.12.2025 23:12:27; 15.313
 30.12.2025 23:15:26; 15.313
 30.12.2025 23:18:27; 15.313
 30.12.2025 23:21:27; 15.250
 30.12.2025 23:24:26; 15.250
 30.12.2025 23:27:27; 15.250
 30.12.2025 23:30:27; 15.250
 30.12.2025 23:33:26; 15.250
 30.12.2025 23:36:27; 15.250
 30.12.2025 23:39:26; 15.250
 30.12.2025 23:42:26; 15.250
 30.12.2025 23:45:27; 15.188
 30.12.2025 23:48:26; 15.188
 30.12.2025 23:51:26; 15.125
 30.12.2025 23:54:27; 15.125
 30.12.2025 23:57:27; 15.125
 31.12.2025 00:00:26; 15.125
 31.12.2025 00:03:27; 15.125
 31.12.2025 00:06:27; 15.125
 31.12.2025 00:09:26; 15.063
 31.12.2025 00:12:27; 15.063
 31.12.2025 00:15:27; 15.063
 31.12.2025 00:18:26; 15.063
 31.12.2025 00:21:27; 15.063
 31.12.2025 00:24:26; 15.063
 31.12.2025 00:27:26; 15.063
 31.12.2025 00:30:27; 15.063
 31.12.2025 00:33:26; 15.063
 31.12.2025 00:36:26; 15.063
 31.12.2025 00:39:27; 15.063
 31.12.2025 00:42:27; 15.063
 31.12.2025 00:45:26; 15.063
 31.12.2025 00:48:27; 15.063
 31.12.2025 00:51:27; 15.063
 31.12.2025 00:54:26; 15.063
 31.12.2025 00:57:27; 15.063
 31.12.2025 01:00:27; 15.063
 31.12.2025 01:03:26; 15.063
 31.12.2025 01:06:27; 15.063
 31.12.2025 01:09:26; 15.063
 31.12.2025 01:12:26; 15.063
 31.12.2025 01:15:27; 15.063
 31.12.2025 01:18:26; 15.063
 31.12.2025 01:21:26; 15.063
 31.12.2025 01:24:27; 15.063
 31.12.2025 01:27:27; 15.063
 31.12.2025 01:30:26; 15.063
 31.12.2025 01:33:27; 15.063
 31.12.2025 01:36:27; 15.063
 31.12.2025 01:39:26; 15.063
 31.12.2025 01:42:27; 15.125
 31.12.2025 01:45:27; 15.125
 31.12.2025 01:48:26; 15.125
 31.12.2025 01:51:27; 15.125
 31.12.2025 01:54:26; 15.125
 31.12.2025 01:57:26; 15.125
 31.12.2025 02:00:27; 15.125
 31.12.2025 02:03:26; 15.125
 31.12.2025 02:06:26; 15.125
 31.12.2025 02:09:27; 15.125
 31.12.2025 02:12:27; 15.125
 31.12.2025 02:15:26; 15.125
 31.12.2025 02:18:27; 15.125
 31.12.2025 02:21:27; 15.188
 31.12.2025 02:24:26; 15.188
 31.12.2025 02:27:27; 15.188
 31.12.2025 02:30:27; 15.188
 31.12.2025 02:33:26; 15.188
 31.12.2025 02:36:27; 15.188
 31.12.2025 02:39:26; 15.250
 31.12.2025 02:42:26; 15.250
 31.12.2025 02:45:27; 15.250
 31.12.2025 02:48:26; 15.250
 31.12.2025 02:51:26; 15.250
 31.12.2025 02:54:27; 15.250
 31.12.2025 02:57:27; 15.313
 31.12.2025 03:00:26; 15.313
 31.12.2025 03:03:27; 15.313
 31.12.2025 03:06:27; 15.313
 31.12.2025 03:09:26; 15.313
 31.12.2025 03:12:27; 15.375
 31.12.2025 03:15:27; 15.375
 31.12.2025 03:18:26; 15.375
 31.12.2025 03:21:27; 15.375
 31.12.2025 03:24:26; 15.438
 31.12.2025 03:27:26; 15.438
 31.12.2025 03:30:27; 15.438
 31.12.2025 03:33:26; 15.438
 31.12.2025 03:36:26; 15.375
 31.12.2025 03:39:27; 15.438
 31.12.2025 03:42:27; 15.438
 31.12.2025 03:45:26; 15.438
 31.12.2025 03:48:27; 15.438
 31.12.2025 03:51:27; 15.438
 31.12.2025 03:54:26; 15.438
 31.12.2025 03:57:27; 15.438
 31.12.2025 04:00:27; 15.438
 31.12.2025 04:03:26; 15.438
 31.12.2025 04:06:27; 15.438
 31.12.2025 04:09:26; 15.438
 31.12.2025 04:12:26; 15.438
 31.12.2025 04:15:27; 15.438
 31.12.2025 04:18:26; 15.438
 31.12.2025 04:21:26; 15.438
 31.12.2025 04:24:27; 15.438
 31.12.2025 04:27:27; 15.438
 31.12.2025 04:30:26; 15.438
 31.12.2025 04:33:27; 15.438
 31.12.2025 04:36:27; 15.438
 31.12.2025 04:39:26; 15.438
 31.12.2025 04:42:27; 15.438
 31.12.2025 04:45:27; 15.500
 31.12.2025 04:48:26; 15.500
 31.12.2025 04:51:27; 15.500
 31.12.2025 04:54:26; 15.500
 31.12.2025 04:57:26; 15.500
 31.12.2025 05:00:27; 15.500
 31.12.2025 05:03:26; 15.500
 31.12.2025 05:06:26; 15.500
 31.12.2025 05:09:27; 15.500
 31.12.2025 05:12:27; 15.500
 31.12.2025 05:15:26; 15.563
 31.12.2025 05:18:27; 15.563
 31.12.2025 05:21:27; 15.563
 31.12.2025 05:24:26; 15.563
 31.12.2025 05:27:27; 15.563
 31.12.2025 05:30:27; 15.563
 31.12.2025 05:33:26; 15.563
 31.12.2025 05:36:27; 15.563
 31.12.2025 05:39:26; 15.563
 31.12.2025 05:42:26; 15.563
 31.12.2025 05:45:27; 15.563
 31.12.2025 05:48:26; 15.563
 31.12.2025 05:51:26; 15.563
 31.12.2025 05:54:27; 15.563
 31.12.2025 05:57:27; 15.625
 31.12.2025 06:00:26; 15.563
 31.12.2025 06:03:27; 15.563
 31.12.2025 06:06:27; 15.563
 31.12.2025 06:09:26; 15.563
 31.12.2025 06:12:27; 15.563
 31.12.2025 06:15:27; 15.563
 31.12.2025 06:18:26; 15.563
 31.12.2025 06:21:27; 15.563
 31.12.2025 06:24:26; 15.563
 31.12.2025 06:27:26; 15.563
 31.12.2025 06:30:27; 15.563
 31.12.2025 06:33:26; 15.563
 31.12.2025 06:36:26; 15.563
 31.12.2025 06:39:27; 15.563
 31.12.2025 06:42:27; 15.563
 31.12.2025 06:45:26; 15.563
 31.12.2025 06:48:27; 15.563
 31.12.2025 06:51:27; 15.563
 31.12.2025 06:54:26; 15.563
 31.12.2025 06:57:27; 15.563
 31.12.2025 07:00:27; 15.563
 31.12.2025 07:03:26; 15.563
 31.12.2025 07:06:27; 15.563
 31.12.2025 07:09:26; 15.563
 31.12.2025 07:12:26; 15.563
 31.12.2025 07:15:27; 15.563
 31.12.2025 07:18:26; 15.563
 31.12.2025 07:21:26; 15.563
 31.12.2025 07:24:27; 15.563
 31.12.2025 07:27:27; 15.563
 31.12.2025 07:30:26; 15.500
 31.12.2025 07:33:27; 15.500
 31.12.2025 07:36:27; 15.500
 31.12.2025 07:39:26; 15.500
 31.12.2025 07:42:27; 15.500
 31.12.2025 07:45:27; 15.500
 31.12.2025 07:48:26; 15.500
 31.12.2025 07:51:27; 15.563
 31.12.2025 07:54:26; 15.500
 31.12.2025 07:57:26; 15.500
 31.12.2025 08:00:27; 15.500
 31.12.2025 08:03:26; 15.500
 31.12.2025 08:06:26; 15.500
 31.12.2025 08:09:27; 15.500
 31.12.2025 08:12:27; 15.500
 31.12.2025 08:15:26; 15.500
 31.12.2025 08:18:27; 15.500
 31.12.2025 08:21:27; 15.500
 31.12.2025 08:24:26; 15.500
 31.12.2025 08:27:27; 15.500
 31.12.2025 08:30:27; 15.500
 31.12.2025 08:33:26; 15.500
 31.12.2025 08:36:27; 15.563
 31.12.2025 08:39:26; 15.563
 31.12.2025 08:42:26; 15.563
 31.12.2025 08:45:27; 15.563
 31.12.2025 08:48:26; 15.563
 31.12.2025 08:51:26; 15.563
 31.12.2025 08:54:27; 15.563
 31.12.2025 08:57:27; 15.563
 31.12.2025 09:00:26; 15.563
 31.12.2025 09:03:27; 15.563
 31.12.2025 09:06:27; 15.563
 31.12.2025 09:09:26; 15.563
 31.12.2025 09:12:27; 15.563
 31.12.2025 09:15:27; 15.563
 31.12.2025 09:18:26; 15.563
 31.12.2025 09:21:27; 15.563
 31.12.2025 09:24:26; 15.563
 31.12.2025 09:27:26; 15.500
 31.12.2025 09:30:27; 15.500
 31.12.2025 09:33:26; 15.500
 31.12.2025 09:36:26; 15.500
 31.12.2025 09:39:27; 15.500
 31.12.2025 09:42:27; 15.500
 31.12.2025 09:45:26; 15.500
 31.12.2025 09:48:27; 15.500
 31.12.2025 09:51:27; 15.500
 31.12.2025 09:54:26; 15.500
 31.12.2025 09:57:27; 15.500
 31.12.2025 10:00:27; 15.500
 31.12.2025 10:03:26; 15.500
 31.12.2025 10:06:27; 15.500
 31.12.2025 10:09:26; 15.500
 31.12.2025 10:12:26; 15.500
 31.12.2025 10:15:27; 15.500
 31.12.2025 10:18:26; 15.500
 31.12.2025 10:21:26; 15.438
 31.12.2025 10:24:27; 15.438
 31.12.2025 10:27:27; 15.438
 31.12.2025 10:30:26; 15.438
 31.12.2025 10:33:27; 15.500
 31.12.2025 10:36:27; 15.500
 31.12.2025 10:39:26; 15.500
 31.12.2025 10:42:27; 15.500
 31.12.2025 10:45:27; 15.500
 31.12.2025 10:48:26; 15.500
 31.12.2025 10:51:27; 15.438
 31.12.2025 10:54:26; 15.438
 31.12.2025 10:57:26; 15.438
 31.12.2025 11:00:27; 15.438
 31.12.2025 11:03:26; 15.500
 31.12.2025 11:06:26; 15.500
 31.12.2025 11:09:27; 15.563
 31.12.2025 11:12:27; 15.625
 31.12.2025 11:15:26; 15.625
 31.12.2025 11:18:27; 15.688
 31.12.2025 11:21:27; 15.688
 31.12.2025 11:24:26; 15.688
 31.12.2025 11:27:27; 15.688
 31.12.2025 11:30:27; 15.750
 31.12.2025 11:33:26; 15.750
 31.12.2025 11:36:27; 15.813
 31.12.2025 11:39:26; 15.813
 31.12.2025 11:42:26; 15.813
 31.12.2025 11:45:27; 15.875
 31.12.2025 11:48:26; 15.938
 31.12.2025 11:51:26; 16.000
 31.12.2025 11:54:27; 16.000
 31.12.2025 11:57:27; 16.000
 31.12.2025 12:00:26; 16.063
 31.12.2025 12:03:27; 16.063
 31.12.2025 12:06:27; 16.063
 31.12.2025 12:09:26; 16.125
 31.12.2025 12:12:27; 16.188
 31.12.2025 12:15:27; 16.188
 31.12.2025 12:18:26; 16.188
 31.12.2025 12:21:27; 16.125
 31.12.2025 12:24:26; 16.125
 31.12.2025 12:27:26; 16.125
 31.12.2025 12:30:27; 16.250
 31.12.2025 12:33:26; 16.313
 31.12.2025 12:36:26; 16.438
 31.12.2025 12:39:27; 16.625
 31.12.2025 12:42:27; 16.750
 31.12.2025 12:45:26; 16.938
 31.12.2025 12:48:27; 17.125
 31.12.2025 12:51:27; 17.188
 31.12.2025 12:54:26; 17.250
 31.12.2025 12:57:27; 17.250
 31.12.2025 13:00:27; 17.250
 31.12.2025 13:03:26; 17.250
 31.12.2025 13:06:27; 17.125
 31.12.2025 13:09:26; 17.188
 31.12.2025 13:12:26; 17.125
 31.12.2025 13:15:27; 17.313
 31.12.2025 13:18:26; 17.375
 31.12.2025 13:21:26; 17.313
 31.12.2025 13:24:27; 17.375
 31.12.2025 13:27:27; 17.500
 31.12.2025 13:30:26; 17.750
 31.12.2025 13:33:27; 17.938
 31.12.2025 13:36:27; 18.000
 31.12.2025 13:39:26; 17.750
 31.12.2025 13:42:27; 17.688
 31.12.2025 13:45:27; 17.563
 31.12.2025 13:48:26; 18.000
 31.12.2025 13:51:27; 18.188
 31.12.2025 13:54:26; 18.125
 31.12.2025 13:57:26; 18.063
 31.12.2025 14:00:27; 18.063
 31.12.2025 14:03:26; 18.188
 31.12.2025 14:06:26; 18.125
 31.12.2025 14:09:27; 18.188
 31.12.2025 14:12:27; 18.375
 31.12.2025 14:15:26; 18.563
 31.12.2025 14:18:27; 18.813
 31.12.2025 14:21:27; 19.375
 31.12.2025 14:24:26; 19.438
 31.12.2025 14:27:27; 19.750
 31.12.2025 14:30:27; 19.813
 31.12.2025 14:33:26; 19.750
 31.12.2025 14:36:27; 19.625
 31.12.2025 14:39:26; 19.625
 31.12.2025 14:42:26; 19.750
 31.12.2025 14:45:27; 19.750
 31.12.2025 14:48:26; 19.625
 31.12.2025 14:51:26; 19.813
 31.12.2025 14:54:27; 19.813
 31.12.2025 14:57:27; 19.875
 31.12.2025 15:00:26; 19.938
 31.12.2025 15:03:27; 19.938
 31.12.2025 15:06:27; 19.875
 31.12.2025 15:09:26; 20.250
 31.12.2025 15:12:27; 20.688
 31.12.2025 15:15:27; 21.000
 31.12.2025 15:18:26; 21.063
 31.12.2025 15:21:27; 20.875
 31.12.2025 15:24:26; 21.000
 31.12.2025 15:27:26; 21.188
 31.12.2025 15:30:27; 21.250
 31.12.2025 15:33:26; 20.625
 31.12.2025 15:36:26; 21.063
 31.12.2025 15:39:27; 20.750
 31.12.2025 15:42:27; 20.563
 31.12.2025 15:45:26; 20.375
 31.12.2025 15:48:27; 20.438
 31.12.2025 15:51:27; 20.938
 31.12.2025 15:54:26; 21.750
 31.12.2025 15:57:27; 22.563
 31.12.2025 16:00:27; 22.875
 31.12.2025 16:03:26; 22.875
 31.12.2025 16:06:27; 23.125
 31.12.2025 16:09:26; 22.250
 31.12.2025 16:12:26; 22.438
 31.12.2025 16:15:27; 23.000
 31.12.2025 16:18:26; 23.438
 31.12.2025 16:21:26; 23.813
 31.12.2025 16:24:27; 23.688
 31.12.2025 16:27:27; 23.188
 31.12.2025 16:30:26; 22.688
 31.12.2025 16:33:27; 23.063
 31.12.2025 16:36:27; 23.438
 31.12.2025 16:39:26; 22.938
 31.12.2025 16:42:27; 22.688
 31.12.2025 16:45:27; 22.313
 31.12.2025 16:48:26; 22.313
 31.12.2025 16:51:27; 23.438
 31.12.2025 16:54:26; 23.938
 31.12.2025 16:57:26; 23.563
 31.12.2025 17:00:27; 23.188
 31.12.2025 17:03:26; 22.750
 31.12.2025 17:06:26; 23.563
 31.12.2025 17:09:27; 24.938
 31.12.2025 17:12:27; 25.125
 31.12.2025 17:15:26; 23.938
 31.12.2025 17:18:27; 23.563
 31.12.2025 17:21:27; 24.500
 31.12.2025 17:24:26; 25.563
 31.12.2025 17:27:27; 25.500
 31.12.2025 17:30:27; 25.750
 31.12.2025 17:33:26; 26.313
 31.12.2025 17:36:27; 26.563
 31.12.2025 17:39:26; 26.313
 31.12.2025 17:42:26; 26.500
 31.12.2025 17:45:27; 26.938
 31.12.2025 17:48:26; 27.063
 31.12.2025 17:51:26; 27.563
 31.12.2025 17:54:27; 27.875
 31.12.2025 17:57:27; 26.375
 31.12.2025 18:00:26; 25.125
 31.12.2025 18:03:27; 25.375
 31.12.2025 18:06:27; 26.313
 31.12.2025 18:09:26; 26.750
 31.12.2025 18:12:27; 27.438
 31.12.2025 18:15:27; 28.000
 31.12.2025 18:18:26; 27.938
 31.12.2025 18:21:27; 28.188
 31.12.2025 18:24:26; 28.125
 31.12.2025 18:27:26; 28.313
 31.12.2025 18:30:27; 29.063
 31.12.2025 18:33:26; 29.563
 31.12.2025 18:36:26; 30.500
 31.12.2025 18:39:27; 31.000
 31.12.2025 18:42:27; 30.938
 31.12.2025 18:45:26; 32.250
 31.12.2025 18:48:27; 32.563
 31.12.2025 18:51:27; 32.875
 31.12.2025 18:54:26; 33.188
 31.12.2025 18:57:27; 33.750
 31.12.2025 19:00:27; 34.688
 31.12.2025 19:03:26; 34.188
 31.12.2025 19:06:27; 34.500
 31.12.2025 19:09:26; 34.750
 31.12.2025 19:12:26; 34.938
 31.12.2025 19:15:27; 35.063
 31.12.2025 19:18:26; 36.125
 31.12.2025 19:21:26; 36.313
 31.12.2025 19:24:27; 35.563
 31.12.2025 19:27:27; 34.813
 31.12.2025 19:30:26; 34.938
 31.12.2025 19:33:27; 35.188
 31.12.2025 19:36:27; 35.375
 31.12.2025 19:39:26; 35.625
 31.12.2025 19:42:27; 35.188
 31.12.2025 19:45:27; 35.438
 31.12.2025 19:48:26; 36.563
 31.12.2025 19:51:27; 36.875
 31.12.2025 19:54:26; 37.438
 31.12.2025 19:57:26; 38.313
 31.12.2025 20:00:27; 38.875
 31.12.2025 20:03:26; 39.750
 31.12.2025 20:06:26; 39.250
 31.12.2025 20:09:27; 38.688
 31.12.2025 20:12:27; 38.813
 31.12.2025 20:15:26; 38.938
 31.12.2025 20:18:27; 38.688
 31.12.2025 20:21:27; 38.688
 31.12.2025 20:24:26; 38.125
 31.12.2025 20:27:27; 37.313
 31.12.2025 20:30:27; 37.250
 31.12.2025 20:33:26; 38.000
 31.12.2025 20:36:27; 37.438
 31.12.2025 20:39:26; 37.250
 31.12.2025 20:42:26; 37.750
 31.12.2025 20:45:27; 37.563
 31.12.2025 20:48:26; 35.375
 31.12.2025 20:51:26; 31.813
 31.12.2025 20:54:27; 30.875
 31.12.2025 20:57:27; 29.688
 31.12.2025 21:00:26; 27.938
 31.12.2025 21:03:27; 27.188
 31.12.2025 21:06:27; 27.063
 31.12.2025 21:09:26; 26.750
 31.12.2025 21:12:27; 26.250
 31.12.2025 21:15:27; 26.313
 31.12.2025 21:18:26; 25.313
 31.12.2025 21:21:27; 24.750
 31.12.2025 21:24:26; 24.250
 31.12.2025 21:27:26; 23.563
 31.12.2025 21:30:27; 23.250
 31.12.2025 21:33:26; 22.875
 31.12.2025 21:36:26; 22.688
 31.12.2025 21:39:27; 22.563
 31.12.2025 21:42:27; 22.563
 31.12.2025 21:45:26; 22.625
 31.12.2025 21:48:27; 22.563
 31.12.2025 21:51:27; 22.563
 31.12.2025 21:54:26; 22.438
 31.12.2025 21:57:27; 22.313
 31.12.2025 22:00:27; 22.063
 31.12.2025 22:03:26; 21.813
 31.12.2025 22:06:27; 21.625
 31.12.2025 22:09:26; 21.438
 31.12.2025 22:12:26; 21.313
 31.12.2025 22:15:27; 21.188
 31.12.2025 22:18:26; 21.125
 31.12.2025 22:21:26; 21.000
 31.12.2025 22:24:27; 20.813
 31.12.2025 22:27:27; 20.813
 31.12.2025 22:30:26; 20.813
 31.12.2025 22:33:27; 20.750
 31.12.2025 22:36:27; 20.625
 31.12.2025 22:39:26; 20.500
 31.12.2025 22:42:27; 20.500
 31.12.2025 22:45:27; 20.438
 31.12.2025 22:48:26; 20.313
 31.12.2025 22:51:27; 20.250
 31.12.2025 22:54:26; 20.063
 31.12.2025 22:57:26; 19.938
 31.12.2025 23:00:27; 19.813
 31.12.2025 23:03:26; 19.625
 31.12.2025 23:06:26; 19.375
 31.12.2025 23:09:27; 19.063
 31.12.2025 23:12:27; 18.813
 31.12.2025 23:15:26; 18.625
 31.12.2025 23:18:27; 18.375
 31.12.2025 23:21:27; 18.125
 31.12.2025 23:24:26; 17.938
 31.12.2025 23:27:27; 17.688
 31.12.2025 23:30:27; 17.500
 31.12.2025 23:33:26; 17.313
 31.12.2025 23:36:27; 17.125
 31.12.2025 23:39:26; 16.938
 31.12.2025 23:42:26; 16.813
 31.12.2025 23:45:27; 16.688
 31.12.2025 23:48:26; 16.563
 31.12.2025 23:51:26; 16.375
 31.12.2025 23:54:27; 16.313
 31.12.2025 23:57:27; 16.188
 01.01.2026 00:00:26; 16.125
 01.01.2026 00:03:27; 16.000
 01.01.2026 00:06:27; 15.875
 01.01.2026 00:09:26; 15.813
 01.01.2026 00:12:27; 15.688
 01.01.2026 00:15:27; 15.625
 01.01.2026 00:18:26; 15.563
 01.01.2026 00:21:27; 15.500
 01.01.2026 00:24:26; 15.438
 01.01.2026 00:27:26; 15.375
 01.01.2026 00:30:27; 15.375
 01.01.2026 00:33:26; 15.313
 01.01.2026 00:36:26; 15.313
 01.01.2026 00:39:27; 15.250
 01.01.2026 00:42:27; 15.250
 01.01.2026 00:45:26; 15.188
 01.01.2026 00:48:27; 15.188
 01.01.2026 00:51:27; 15.188
 01.01.2026 00:54:26; 15.125
 01.01.2026 00:57:27; 15.125
 01.01.2026 01:00:27; 15.125
 01.01.2026 01:03:26; 15.125
 01.01.2026 01:06:27; 15.125
 01.01.2026 01:09:26; 15.125
 01.01.2026 01:12:26; 15.125
 01.01.2026 01:15:27; 15.125
 01.01.2026 01:18:26; 15.125
 01.01.2026 01:21:26; 15.125
 01.01.2026 01:24:27; 15.125
 01.01.2026 01:27:27; 15.125
 01.01.2026 01:30:26; 15.063
 01.01.2026 01:33:27; 15.063
 01.01.2026 01:36:27; 15.000
 01.01.2026 01:39:26; 15.000
 01.01.2026 01:42:27; 14.938
 01.01.2026 01:45:27; 14.875
 01.01.2026 01:48:26; 14.875
 01.01.2026 01:51:27; 14.813
 01.01.2026 01:54:26; 14.813
 01.01.2026 01:57:26; 14.813
 01.01.2026 02:00:27; 14.813
 01.01.2026 02:03:26; 14.813
 01.01.2026 02:06:26; 14.875
 01.01.2026 02:09:27; 14.875
 01.01.2026 02:12:27; 14.938
 01.01.2026 02:15:26; 15.000
 01.01.2026 02:18:27; 15.063
 01.01.2026 02:21:27; 15.125
 01.01.2026 02:24:26; 15.188
 01.01.2026 02:27:27; 15.250
 01.01.2026 02:30:27; 15.313
 01.01.2026 02:33:26; 15.313
 01.01.2026 02:36:27; 15.375
 01.01.2026 02:39:26; 15.375
 01.01.2026 02:42:26; 15.438
 01.01.2026 02:45:27; 15.438
 01.01.2026 02:48:26; 15.438
 01.01.2026 02:51:26; 15.438
 01.01.2026 02:54:27; 15.438
 01.01.2026 02:57:27; 15.500
 01.01.2026 03:00:26; 15.500
 01.01.2026 03:03:27; 15.500
 01.01.2026 03:06:27; 15.500
 01.01.2026 03:09:26; 15.500
 01.01.2026 03:12:27; 15.500
 01.01.2026 03:15:27; 15.500
 01.01.2026 03:18:26; 15.500
 01.01.2026 03:21:27; 15.500
 01.01.2026 03:24:26; 15.438
 01.01.2026 03:27:26; 15.438
 01.01.2026 03:30:27; 15.438
 01.01.2026 03:33:26; 15.438
 01.01.2026 03:36:26; 15.438
 01.01.2026 03:39:27; 15.375
 01.01.2026 03:42:27; 15.375
 01.01.2026 03:45:26; 15.375
 01.01.2026 03:48:27; 15.375
 01.01.2026 03:51:27; 15.313
 01.01.2026 03:54:26; 15.313
 01.01.2026 03:57:27; 15.250
 01.01.2026 04:00:27; 15.188
 01.01.2026 04:03:26; 15.188
 01.01.2026 04:06:27; 15.125
 01.01.2026 04:09:26; 15.063
 01.01.2026 04:12:26; 15.063
 01.01.2026 04:15:27; 15.000
 01.01.2026 04:18:26; 14.938
 01.01.2026 04:21:26; 14.875
 01.01.2026 04:24:27; 14.813
 01.01.2026 04:27:27; 14.750
 01.01.2026 04:30:26; 14.625
 01.01.2026 04:33:27; 14.563
 01.01.2026 04:36:27; 14.500
 01.01.2026 04:39:26; 14.438
 01.01.2026 04:42:27; 14.438
 01.01.2026 04:45:27; 14.438
 01.01.2026 04:48:26; 14.438
 01.01.2026 04:51:27; 14.438
 01.01.2026 04:54:26; 14.375
 01.01.2026 04:57:26; 14.438
 01.01.2026 05:00:27; 14.375
 01.01.2026 05:03:26; 14.375
 01.01.2026 05:06:26; 14.313
 01.01.2026 05:09:27; 14.313
 01.01.2026 05:12:27; 14.313
 01.01.2026 05:15:26; 14.375
 01.01.2026 05:18:27; 14.375
 01.01.2026 05:21:27; 14.375
 01.01.2026 05:24:26; 14.375
 01.01.2026 05:27:27; 14.313
 01.01.2026 05:30:27; 14.250
 01.01.2026 05:33:26; 14.188
 01.01.2026 05:36:27; 14.063
 01.01.2026 05:39:26; 14.000
 01.01.2026 05:42:26; 13.875
 01.01.2026 05:45:27; 13.813
 01.01.2026 05:48:26; 13.813
 01.01.2026 05:51:26; 13.750
 01.01.2026 05:54:27; 13.750
 01.01.2026 05:57:27; 13.750
 01.01.2026 06:00:26; 13.750
 01.01.2026 06:03:27; 13.813
 01.01.2026 06:06:27; 13.813
 01.01.2026 06:09:26; 13.875
 01.01.2026 06:12:27; 13.938
 01.01.2026 06:15:27; 14.000
 01.01.2026 06:18:26; 14.063
 01.01.2026 06:21:27; 14.063
 01.01.2026 06:24:26; 14.063
 01.01.2026 06:27:26; 14.063
 01.01.2026 06:30:27; 14.000
 01.01.2026 06:33:26; 13.938
 01.01.2026 06:36:26; 13.938
 01.01.2026 06:39:27; 13.875
 01.01.2026 06:42:27; 13.938
 01.01.2026 06:45:26; 13.938
 01.01.2026 06:48:27; 13.938
 01.01.2026 06:51:27; 14.000
 01.01.2026 06:54:26; 14.125
 01.01.2026 06:57:27; 14.188
 01.01.2026 07:00:27; 14.313
 01.01.2026 07:03:26; 14.313
 01.01.2026 07:06:27; 14.375
 01.01.2026 07:09:26; 14.438
 01.01.2026 07:12:26; 14.438
 01.01.2026 07:15:27; 14.438
 01.01.2026 07:18:26; 14.438
 01.01.2026 07:21:26; 14.313
 01.01.2026 07:24:27; 14.188
 01.01.2026 07:27:27; 14.063
 01.01.2026 07:30:26; 14.000
 01.01.2026 07:33:27; 13.938
 01.01.2026 07:36:27; 13.813
 01.01.2026 07:39:26; 13.750
 01.01.2026 07:42:27; 13.625
 01.01.2026 07:45:27; 13.500
 01.01.2026 07:48:26; 13.438
 01.01.2026 07:51:27; 13.313
 01.01.2026 07:54:26; 13.188
 01.01.2026 07:57:26; 13.125
 01.01.2026 08:00:27; 13.000
 01.01.2026 08:03:26; 12.938
 01.01.2026 08:06:26; 12.875
 01.01.2026 08:09:27; 12.750
 01.01.2026 08:12:27; 12.750
 01.01.2026 08:15:26; 12.750
 01.01.2026 08:18:27; 12.750
 01.01.2026 08:21:27; 12.750
 01.01.2026 08:24:26; 12.813
 01.01.2026 08:27:27; 12.813
 01.01.2026 08:30:27; 12.875
 01.01.2026 08:33:26; 12.875
 01.01.2026 08:36:27; 12.938
 01.01.2026 08:39:26; 12.938
 01.01.2026 08:42:26; 13.063
 01.01.2026 08:45:27; 13.125
 01.01.2026 08:48:26; 13.125
 01.01.2026 08:51:26; 13.125
 01.01.2026 08:54:27; 13.125
 01.01.2026 08:57:27; 13.125
 01.01.2026 09:00:26; 13.125
 01.01.2026 09:03:27; 13.063
 01.01.2026 09:06:27; 13.063
 01.01.2026 09:09:26; 13.000
 01.01.2026 09:12:27; 13.000
 01.01.2026 09:15:27; 12.875
 01.01.2026 09:18:26; 12.813
 01.01.2026 09:21:27; 12.750
 01.01.2026 09:24:26; 12.750
 01.01.2026 09:27:26; 12.750
 01.01.2026 09:30:27; 12.750
 01.01.2026 09:33:26; 12.750
 01.01.2026 09:36:26; 12.688
 01.01.2026 09:39:27; 12.625
 01.01.2026 09:42:27; 12.563
 01.01.2026 09:45:26; 12.563
 01.01.2026 09:48:27; 12.563
 01.01.2026 09:51:27; 12.563
 01.01.2026 09:54:26; 12.625
 01.01.2026 09:57:27; 12.625
 01.01.2026 10:00:27; 12.563
 01.01.2026 10:03:26; 12.563
 01.01.2026 10:06:27; 12.500
 01.01.2026 10:09:26; 12.500
 01.01.2026 10:12:26; 12.438
 01.01.2026 10:15:27; 12.438
 01.01.2026 10:18:26; 12.375
 01.01.2026 10:21:26; 12.375
 01.01.2026 10:24:27; 12.375
 01.01.2026 10:27:27; 12.313
 01.01.2026 10:30:26; 12.250
 01.01.2026 10:33:27; 12.188
 01.01.2026 10:36:27; 12.188
 01.01.2026 10:39:26; 12.188
 01.01.2026 10:42:27; 12.188
 01.01.2026 10:45:27; 12.188
 01.01.2026 10:48:26; 12.188
 01.01.2026 10:51:27; 12.188
 01.01.2026 10:54:26; 12.250
 01.01.2026 10:57:26; 12.250
 01.01.2026 11:00:27; 12.313
 01.01.2026 11:03:26; 12.375
 01.01.2026 11:06:26; 12.375
 01.01.2026 11:09:27; 12.375
 01.01.2026 11:12:27; 12.375
 01.01.2026 11:15:26; 12.438
 01.01.2026 11:18:27; 12.500
 01.01.2026 11:21:27; 12.563
 01.01.2026 11:24:26; 12.625
 01.01.2026 11:27:27; 12.688
 01.01.2026 11:30:27; 12.750
 01.01.2026 11:33:26; 12.750
 01.01.2026 11:36:27; 12.813
 01.01.2026 11:39:26; 12.875
 01.01.2026 11:42:26; 13.000
 01.01.2026 11:45:27; 13.125
 01.01.2026 11:48:26; 13.250
 01.01.2026 11:51:26; 13.375
 01.01.2026 11:54:27; 13.500
 01.01.2026 11:57:27; 13.688
 01.01.2026 12:00:26; 13.750
 01.01.2026 12:03:27; 13.813
 01.01.2026 12:06:27; 13.875
 01.01.2026 12:09:26; 14.000
 01.01.2026 12:12:27; 14.063
 01.01.2026 12:15:27; 14.125
 01.01.2026 12:18:26; 14.250
 01.01.2026 12:21:27; 14.438
 01.01.2026 12:24:26; 14.625
 01.01.2026 12:27:26; 14.813
 01.01.2026 12:30:27; 14.875
 01.01.2026 12:33:26; 14.875
 01.01.2026 12:36:26; 14.813
 01.01.2026 12:39:27; 14.750
 01.01.2026 12:42:27; 14.688
 01.01.2026 12:45:26; 14.688
 01.01.2026 12:48:27; 14.688
 01.01.2026 12:51:27; 14.688
 01.01.2026 12:54:26; 14.688
 01.01.2026 12:57:27; 14.750
 01.01.2026 13:00:27; 14.813
 01.01.2026 13:03:26; 14.938
 01.01.2026 13:06:27; 15.000
 01.01.2026 13:09:26; 15.188
 01.01.2026 13:12:26; 15.500
 01.01.2026 13:15:27; 15.563
 01.01.2026 13:18:26; 15.625
 01.01.2026 13:21:26; 15.875
 01.01.2026 13:24:27; 16.063
 01.01.2026 13:27:27; 16.188
 01.01.2026 13:30:26; 16.250
 01.01.2026 13:33:27; 16.313
 01.01.2026 13:36:27; 16.375
 01.01.2026 13:39:26; 16.375
 01.01.2026 13:42:27; 16.500
 01.01.2026 13:45:27; 16.563
 01.01.2026 13:48:26; 16.625
 01.01.2026 13:51:27; 16.625
 01.01.2026 13:54:26; 16.563
 01.01.2026 13:57:26; 16.563
 01.01.2026 14:00:27; 16.563
 01.01.2026 14:03:26; 16.688
 01.01.2026 14:06:26; 16.813
 01.01.2026 14:09:27; 16.813
 01.01.2026 14:12:27; 16.875
 01.01.2026 14:15:26; 17.250
 01.01.2026 14:18:27; 17.688
 01.01.2026 14:21:27; 18.250
 01.01.2026 14:24:26; 18.375
 01.01.2026 14:27:27; 18.188
 01.01.2026 14:30:27; 18.000
 01.01.2026 14:33:26; 17.813
 01.01.2026 14:36:27; 17.688
 01.01.2026 14:39:26; 17.875
 01.01.2026 14:42:26; 18.000
 01.01.2026 14:45:27; 18.313
 01.01.2026 14:48:26; 18.375
 01.01.2026 14:51:26; 18.250
 01.01.2026 14:54:27; 18.375
 01.01.2026 14:57:27; 18.438
 01.01.2026 15:00:26; 18.375
 01.01.2026 15:03:27; 18.375
 01.01.2026 15:06:27; 18.375
 01.01.2026 15:09:26; 18.500
 01.01.2026 15:12:27; 18.688
 01.01.2026 15:15:27; 18.813
 01.01.2026 15:18:26; 18.813
 01.01.2026 15:21:27; 18.813
 01.01.2026 15:24:26; 18.938
 01.01.2026 15:27:26; 19.313
 01.01.2026 15:30:27; 19.750
 01.01.2026 15:33:26; 20.000
 01.01.2026 15:36:26; 20.000
 01.01.2026 15:39:27; 20.000
 01.01.2026 15:42:27; 20.188
 01.01.2026 15:45:26; 20.688
 01.01.2026 15:48:27; 21.125
 01.01.2026 15:51:27; 21.625
 01.01.2026 15:54:26; 21.688
 01.01.2026 15:57:27; 21.625
 01.01.2026 16:00:27; 21.375
 01.01.2026 16:03:26; 21.313
 01.01.2026 16:06:27; 21.500
 01.01.2026 16:09:26; 21.688
 01.01.2026 16:12:26; 22.250
 01.01.2026 16:15:27; 21.750
 01.01.2026 16:18:26; 21.063
 01.01.2026 16:21:26; 20.688
 01.01.2026 16:24:27; 21.375
 01.01.2026 16:27:27; 22.500
 01.01.2026 16:30:26; 22.250
 01.01.2026 16:33:27; 22.188
 01.01.2026 16:36:27; 21.813
 01.01.2026 16:39:26; 21.313
 01.01.2026 16:42:27; 21.125
 01.01.2026 16:45:27; 21.188
 01.01.2026 16:48:26; 22.125
 01.01.2026 16:51:27; 23.125
 01.01.2026 16:54:26; 22.938
 01.01.2026 16:57:26; 22.563
 01.01.2026 17:00:27; 22.125
 01.01.2026 17:03:26; 21.813
 01.01.2026 17:06:26; 21.563
 01.01.2026 17:09:27; 21.313
 01.01.2026 17:12:27; 21.063
 01.01.2026 17:15:26; 20.813
 01.01.2026 17:18:27; 20.688
 01.01.2026 17:21:27; 20.875
 01.01.2026 17:24:26; 21.063
 01.01.2026 17:27:27; 21.375
 01.01.2026 17:30:27; 21.750
 01.01.2026 17:33:26; 21.938
 01.01.2026 17:36:27; 22.063
 01.01.2026 17:39:26; 22.250
 01.01.2026 17:42:26; 22.375
 01.01.2026 17:45:27; 22.375
 01.01.2026 17:48:26; 22.563
 01.01.2026 17:51:26; 22.875
 01.01.2026 17:54:27; 24.375
 01.01.2026 17:57:27; 25.750
 01.01.2026 18:00:26; 25.375
 01.01.2026 18:03:27; 24.500
 01.01.2026 18:06:27; 23.188
 01.01.2026 18:09:26; 22.500
 01.01.2026 18:12:27; 21.938
 01.01.2026 18:15:27; 21.813
 01.01.2026 18:18:26; 21.625
 01.01.2026 18:21:27; 21.625
 01.01.2026 18:24:26; 22.375
 01.01.2026 18:27:26; 23.063
 01.01.2026 18:30:27; 23.188
 01.01.2026 18:33:26; 24.313
 01.01.2026 18:36:26; 26.500
 01.01.2026 18:39:27; 28.125
 01.01.2026 18:42:27; 29.438
 01.01.2026 18:45:26; 30.438
 01.01.2026 18:48:27; 30.688
 01.01.2026 18:51:27; 31.250
 01.01.2026 18:54:26; 32.063
 01.01.2026 18:57:27; 32.313
 01.01.2026 19:00:27; 33.000
 01.01.2026 19:03:26; 33.063
 01.01.2026 19:06:27; 33.000
 01.01.2026 19:09:26; 33.625
 01.01.2026 19:12:26; 33.063
 01.01.2026 19:15:27; 33.438
 01.01.2026 19:18:26; 31.938
 01.01.2026 19:21:26; 28.750
 01.01.2026 19:24:27; 28.688
 01.01.2026 19:27:27; 27.563
 01.01.2026 19:30:26; 28.500
 01.01.2026 19:33:27; 28.938
 01.01.2026 19:36:27; 29.625
 01.01.2026 19:39:26; 30.688
 01.01.2026 19:42:27; 30.938
 01.01.2026 19:45:27; 31.563
 01.01.2026 19:48:26; 32.813
 01.01.2026 19:51:27; 34.125
 01.01.2026 19:54:26; 34.500
 01.01.2026 19:57:26; 33.813
 01.01.2026 20:00:27; 34.313
 01.01.2026 20:03:26; 34.563
 01.01.2026 20:06:26; 33.563
 01.01.2026 20:09:27; 34.000
 01.01.2026 20:12:27; 33.500
 01.01.2026 20:15:26; 33.500
 01.01.2026 20:18:27; 34.188
 01.01.2026 20:21:27; 35.188
 01.01.2026 20:24:26; 36.000
 01.01.2026 20:27:27; 36.125
 01.01.2026 20:30:27; 35.688
 01.01.2026 20:33:26; 34.563
 01.01.2026 20:36:27; 33.188
 01.01.2026 20:39:26; 33.000
 01.01.2026 20:42:26; 32.438
 01.01.2026 20:45:27; 31.750
 01.01.2026 20:48:26; 30.625
 01.01.2026 20:51:26; 28.750
 01.01.2026 20:54:27; 27.875
 01.01.2026 20:57:27; 26.500
 01.01.2026 21:00:26; 25.000
 01.01.2026 21:03:27; 24.188
 01.01.2026 21:06:27; 23.875
 01.01.2026 21:09:26; 23.500
 01.01.2026 21:12:27; 23.063
 01.01.2026 21:15:27; 23.250
 01.01.2026 21:18:26; 22.250
 01.01.2026 21:21:27; 21.563
 01.01.2026 21:24:26; 21.188
 01.01.2026 21:27:26; 20.813
 01.01.2026 21:30:27; 20.375
 01.01.2026 21:33:26; 20.063
 01.01.2026 21:36:26; 20.000
 01.01.2026 21:39:27; 19.875
 01.01.2026 21:42:27; 19.688
 01.01.2026 21:45:26; 19.375
 01.01.2026 21:48:27; 19.250
 01.01.2026 21:51:27; 19.125
 01.01.2026 21:54:26; 19.125
 01.01.2026 21:57:27; 19.063
 01.01.2026 22:00:27; 19.000
 01.01.2026 22:03:26; 18.750
 01.01.2026 22:06:27; 18.500
 01.01.2026 22:09:26; 18.313
 01.01.2026 22:12:26; 17.938
 01.01.2026 22:15:27; 17.750
 01.01.2026 22:18:26; 17.563
 01.01.2026 22:21:26; 17.313
 01.01.2026 22:24:27; 17.125
 01.01.2026 22:27:27; 17.000
 01.01.2026 22:30:26; 16.875
 01.01.2026 22:33:27; 16.625
 01.01.2026 22:36:27; 16.438
 01.01.2026 22:39:26; 16.313
 01.01.2026 22:42:27; 16.125
 01.01.2026 22:45:27; 16.063
 01.01.2026 22:48:26; 15.938
 01.01.2026 22:51:27; 15.813
 01.01.2026 22:54:26; 15.750
 01.01.2026 22:57:26; 15.625
 01.01.2026 23:00:27; 15.500
 01.01.2026 23:03:26; 15.375
 01.01.2026 23:06:26; 15.250
 01.01.2026 23:09:27; 15.125
 01.01.2026 23:12:27; 15.000
 01.01.2026 23:15:26; 14.875
 01.01.2026 23:18:27; 14.750
 01.01.2026 23:21:27; 14.688
 01.01.2026 23:24:26; 14.625
 01.01.2026 23:27:27; 14.563
 01.01.2026 23:30:27; 14.438
 01.01.2026 23:33:26; 14.375
 01.01.2026 23:36:27; 14.313
 01.01.2026 23:39:26; 14.250
 01.01.2026 23:42:26; 14.188
 01.01.2026 23:45:27; 14.125
 01.01.2026 23:48:26; 14.063
 01.01.2026 23:51:26; 14.000
 01.01.2026 23:54:27; 13.938
 01.01.2026 23:57:27; 13.938
 02.01.2026 00:00:26; 13.875
 02.01.2026 00:03:27; 13.750
 02.01.2026 00:06:27; 13.750
 02.01.2026 00:09:26; 13.688
 02.01.2026 00:12:27; 13.625
 02.01.2026 00:15:27; 13.563
 02.01.2026 00:18:26; 13.500
 02.01.2026 00:21:27; 13.438
 02.01.2026 00:24:26; 13.375
 02.01.2026 00:27:26; 13.250
 02.01.2026 00:30:27; 13.188
 02.01.2026 00:33:26; 13.188
 02.01.2026 00:36:26; 13.125
 02.01.2026 00:39:27; 13.063
 02.01.2026 00:42:27; 13.000
 02.01.2026 00:45:26; 12.938
 02.01.2026 00:48:27; 12.938
 02.01.2026 00:51:27; 12.938
 02.01.2026 00:54:26; 12.938
 02.01.2026 00:57:27; 12.875
 02.01.2026 01:00:27; 12.875
 02.01.2026 01:03:26; 12.875
 02.01.2026 01:06:27; 12.875
 02.01.2026 01:09:26; 12.875
 02.01.2026 01:12:26; 12.875
 02.01.2026 01:15:27; 12.875
 02.01.2026 01:18:26; 12.938
 02.01.2026 01:21:26; 12.938
 02.01.2026 01:24:27; 12.938
 02.01.2026 01:27:27; 12.938
 02.01.2026 01:30:26; 12.938
 02.01.2026 01:33:27; 12.938
 02.01.2026 01:36:27; 12.875
 02.01.2026 01:39:26; 12.875
 02.01.2026 01:42:27; 12.875
 02.01.2026 01:45:27; 12.813
 02.01.2026 01:48:26; 12.813
 02.01.2026 01:51:27; 12.750
 02.01.2026 01:54:26; 12.750
 02.01.2026 01:57:26; 12.750
 02.01.2026 02:00:27; 12.688
 02.01.2026 02:03:26; 12.625
 02.01.2026 02:06:26; 12.625
 02.01.2026 02:09:27; 12.563
 02.01.2026 02:12:27; 12.500
 02.01.2026 02:15:26; 12.375
 02.01.2026 02:18:27; 12.313
 02.01.2026 02:21:27; 12.250
 02.01.2026 02:24:26; 12.250
 02.01.2026 02:27:27; 12.125
 02.01.2026 02:30:27; 12.125
 02.01.2026 02:33:26; 12.063
 02.01.2026 02:36:27; 12.000
 02.01.2026 02:39:26; 12.000
 02.01.2026 02:42:26; 11.938
 02.01.2026 02:45:27; 11.938
 02.01.2026 02:48:26; 11.938
 02.01.2026 02:51:26; 11.938
 02.01.2026 02:54:27; 11.938
 02.01.2026 02:57:27; 11.875
 02.01.2026 03:00:26; 11.875
 02.01.2026 03:03:27; 11.813
 02.01.2026 03:06:27; 11.813
 02.01.2026 03:09:26; 11.875
 02.01.2026 03:12:27; 11.875
 02.01.2026 03:15:27; 11.813
 02.01.2026 03:18:26; 11.813
 02.01.2026 03:21:27; 11.813
 02.01.2026 03:24:26; 11.750
 02.01.2026 03:27:26; 11.750
 02.01.2026 03:30:27; 11.750
 02.01.2026 03:33:26; 11.688
 02.01.2026 03:36:26; 11.688
 02.01.2026 03:39:27; 11.625
 02.01.2026 03:42:27; 11.563
 02.01.2026 03:45:26; 11.563
 02.01.2026 03:48:27; 11.563
 02.01.2026 03:51:27; 11.563
 02.01.2026 03:54:26; 11.563
 02.01.2026 03:57:27; 11.563
 02.01.2026 04:00:27; 11.563
 02.01.2026 04:03:26; 11.563
 02.01.2026 04:06:27; 11.625
 02.01.2026 04:09:26; 11.625
 02.01.2026 04:12:26; 11.625
 02.01.2026 04:15:27; 11.625
 02.01.2026 04:18:26; 11.563
 02.01.2026 04:21:26; 11.563
 02.01.2026 04:24:27; 11.500
 02.01.2026 04:27:27; 11.500
 02.01.2026 04:30:26; 11.438
 02.01.2026 04:33:27; 11.438
 02.01.2026 04:36:27; 11.375
 02.01.2026 04:39:26; 11.313
 02.01.2026 04:42:27; 11.313
 02.01.2026 04:45:27; 11.250
 02.01.2026 04:48:26; 11.250
 02.01.2026 04:51:27; 11.250
 02.01.2026 04:54:26; 11.188
 02.01.2026 04:57:26; 11.188
 02.01.2026 05:00:27; 11.125
 02.01.2026 05:03:26; 11.125
 02.01.2026 05:06:26; 11.125
 02.01.2026 05:09:27; 11.063
 02.01.2026 05:12:27; 11.063
 02.01.2026 05:15:26; 11.000
 02.01.2026 05:18:27; 11.000
 02.01.2026 05:21:27; 10.938
 02.01.2026 05:24:26; 10.938
 02.01.2026 05:27:27; 10.938
 02.01.2026 05:30:27; 10.875
 02.01.2026 05:33:26; 10.875
 02.01.2026 05:36:27; 10.813
 02.01.2026 05:39:26; 10.813
 02.01.2026 05:42:26; 10.750
 02.01.2026 05:45:27; 10.688
 02.01.2026 05:48:26; 10.688
 02.01.2026 05:51:26; 10.625
 02.01.2026 05:54:27; 10.625
 02.01.2026 05:57:27; 10.563
 02.01.2026 06:00:26; 10.500
 02.01.2026 06:03:27; 10.500
 02.01.2026 06:06:27; 10.500
 02.01.2026 06:09:26; 10.500
 02.01.2026 06:12:27; 10.500
 02.01.2026 06:15:27; 10.500
 02.01.2026 06:18:26; 10.500
 02.01.2026 06:21:27; 10.500
 02.01.2026 06:24:26; 10.563
 02.01.2026 06:27:26; 10.563
 02.01.2026 06:30:27; 10.500
 02.01.2026 06:33:26; 10.500
 02.01.2026 06:36:26; 10.438
 02.01.2026 06:39:27; 10.438
 02.01.2026 06:42:27; 10.438
 02.01.2026 06:45:26; 10.375
 02.01.2026 06:48:27; 10.375
 02.01.2026 06:51:27; 10.313
 02.01.2026 06:54:26; 10.313
 02.01.2026 06:57:27; 10.313
 02.01.2026 07:00:27; 10.313
 02.01.2026 07:03:26; 10.250
 02.01.2026 07:06:27; 10.250
 02.01.2026 07:09:26; 10.250
 02.01.2026 07:12:26; 10.188
 02.01.2026 07:15:27; 10.188
 02.01.2026 07:18:26; 10.188
 02.01.2026 07:21:26; 10.188
 02.01.2026 07:24:27; 10.188
 02.01.2026 07:27:27; 10.188
 02.01.2026 07:30:26; 10.188
 02.01.2026 07:33:27; 10.250
 02.01.2026 07:36:27; 10.188
 02.01.2026 07:39:26; 10.188
 02.01.2026 07:42:27; 10.188
 02.01.2026 07:45:27; 10.188
 02.01.2026 07:48:26; 10.188
 02.01.2026 07:51:27; 10.188
 02.01.2026 07:54:26; 10.125
 02.01.2026 07:57:26; 10.125
 02.01.2026 08:00:27; 10.125
 02.01.2026 08:03:26; 10.063
 02.01.2026 08:06:26; 10.063
 02.01.2026 08:09:27; 10.000
 02.01.2026 08:12:27; 10.000
 02.01.2026 08:15:26;  9.938
 02.01.2026 08:18:27;  9.875
 02.01.2026 08:21:27;  9.875
 02.01.2026 08:24:26;  9.813
 02.01.2026 08:27:27;  9.750
 02.01.2026 08:30:27;  9.750
 02.01.2026 08:33:26;  9.688
 02.01.2026 08:36:27;  9.688
 02.01.2026 08:39:26;  9.750
 02.01.2026 08:42:26;  9.750
 02.01.2026 08:45:27;  9.750
 02.01.2026 08:48:26;  9.813
 02.01.2026 08:51:26;  9.813
 02.01.2026 08:54:27;  9.750
 02.01.2026 08:57:27;  9.750
 02.01.2026 09:00:26;  9.750
 02.01.2026 09:03:27;  9.688
 02.01.2026 09:06:27;  9.688
 02.01.2026 09:09:26;  9.688
 02.01.2026 09:12:27;  9.688
 02.01.2026 09:15:27;  9.688
 02.01.2026 09:18:26;  9.625
 02.01.2026 09:21:27;  9.625
 02.01.2026 09:24:26;  9.563
 02.01.2026 09:27:26;  9.563
 02.01.2026 09:30:27;  9.500
 02.01.2026 09:33:26;  9.500
 02.01.2026 09:36:26;  9.438
 02.01.2026 09:39:27;  9.438
 02.01.2026 09:42:27;  9.438
 02.01.2026 09:45:26;  9.438
 02.01.2026 09:48:27;  9.375
 02.01.2026 09:51:27;  9.375
 02.01.2026 09:54:26;  9.375
 02.01.2026 09:57:27;  9.375
 02.01.2026 10:00:27;  9.438
 02.01.2026 10:03:26;  9.438
 02.01.2026 10:06:27;  9.500
 02.01.2026 10:09:26;  9.500
 02.01.2026 10:12:26;  9.500
 02.01.2026 10:15:27;  9.563
 02.01.2026 10:18:26;  9.625
 02.01.2026 10:21:26;  9.688
 02.01.2026 10:24:27;  9.750
 02.01.2026 10:27:27;  9.813
 02.01.2026 10:30:26;  9.875
 02.01.2026 10:33:27;  9.938
 02.01.2026 10:36:27;  9.938
 02.01.2026 10:39:26; 10.000
 02.01.2026 10:42:27; 10.063
 02.01.2026 10:45:27; 10.125
 02.01.2026 10:48:26; 10.188
 02.01.2026 10:51:27; 10.313
 02.01.2026 10:54:26; 10.375
 02.01.2026 10:57:26; 10.438
 02.01.2026 11:00:27; 10.563
 02.01.2026 11:03:26; 10.625
 02.01.2026 11:06:26; 10.750
 02.01.2026 11:09:27; 10.813
 02.01.2026 11:12:27; 10.938
 02.01.2026 11:15:26; 11.063
 02.01.2026 11:18:27; 11.188
 02.01.2026 11:21:27; 11.438
 02.01.2026 11:24:26; 11.625
 02.01.2026 11:27:27; 11.875
 02.01.2026 11:30:27; 12.063
 02.01.2026 11:33:26; 12.125
 02.01.2026 11:36:27; 12.313
 02.01.2026 11:39:26; 12.500
 02.01.2026 11:42:26; 12.625
 02.01.2026 11:45:27; 12.625
 02.01.2026 11:48:26; 12.813
 02.01.2026 11:51:26; 13.063
 02.01.2026 11:54:27; 13.250
 02.01.2026 11:57:27; 13.438
 02.01.2026 12:00:26; 13.563
 02.01.2026 12:03:27; 13.688
 02.01.2026 12:06:27; 13.938
 02.01.2026 12:09:26; 14.125
 02.01.2026 12:12:27; 14.188
 02.01.2026 12:15:27; 14.250
 02.01.2026 12:18:26; 14.438
 02.01.2026 12:21:27; 14.688
 02.01.2026 12:24:26; 14.813
 02.01.2026 12:27:26; 14.813
 02.01.2026 12:30:27; 14.750
 02.01.2026 12:33:26; 14.750
 02.01.2026 12:36:26; 14.688
 02.01.2026 12:39:27; 14.750
 02.01.2026 12:42:27; 14.813
 02.01.2026 12:45:26; 15.125
 02.01.2026 12:48:27; 15.438
 02.01.2026 12:51:27; 15.625
 02.01.2026 12:54:26; 15.938
 02.01.2026 12:57:27; 16.125
 02.01.2026 13:00:27; 16.250
 02.01.2026 13:03:26; 16.438
 02.01.2026 13:06:27; 16.688
 02.01.2026 13:09:26; 16.875
 02.01.2026 13:12:26; 17.063
 02.01.2026 13:15:27; 17.188
 02.01.2026 13:18:26; 17.313
 02.01.2026 13:21:26; 17.500
 02.01.2026 13:24:27; 17.625
 02.01.2026 13:27:27; 17.813
 02.01.2026 13:30:26; 17.938
 02.01.2026 13:33:27; 18.125
 02.01.2026 13:36:27; 18.125
 02.01.2026 13:39:26; 18.188
 02.01.2026 13:42:27; 18.375
 02.01.2026 13:45:27; 18.500
 02.01.2026 13:48:26; 18.563
 02.01.2026 13:51:27; 18.625
 02.01.2026 13:54:26; 18.625
 02.01.2026 13:57:26; 18.750
 02.01.2026 14:00:27; 18.875
 02.01.2026 14:03:26; 18.750
 02.01.2026 14:06:26; 18.438
 02.01.2026 14:09:27; 18.625
 02.01.2026 14:12:27; 18.500
 02.01.2026 14:15:26; 18.438
 02.01.2026 14:18:27; 18.625
 02.01.2026 14:21:27; 18.625
 02.01.2026 14:24:26; 18.438
 02.01.2026 14:27:27; 18.563
 02.01.2026 14:30:27; 18.563
 02.01.2026 14:33:26; 18.750
 02.01.2026 14:36:27; 18.938
 02.01.2026 14:39:26; 19.000
 02.01.2026 14:42:26; 19.188
 02.01.2026 14:45:27; 19.375
 02.01.2026 14:48:26; 19.438
 02.01.2026 14:51:26; 19.500
 02.01.2026 14:54:27; 19.625
 02.01.2026 14:57:27; 19.813
 02.01.2026 15:00:26; 19.688
 02.01.2026 15:03:27; 19.750
 02.01.2026 15:06:27; 19.688
 02.01.2026 15:09:26; 19.875
 02.01.2026 15:12:27; 20.000
 02.01.2026 15:15:27; 20.000
 02.01.2026 15:18:26; 20.063
 02.01.2026 15:21:27; 20.000
 02.01.2026 15:24:26; 20.000
 02.01.2026 15:27:26; 20.250
 02.01.2026 15:30:27; 20.688
 02.01.2026 15:33:26; 20.875
 02.01.2026 15:36:26; 21.000
 02.01.2026 15:39:27; 21.500
 02.01.2026 15:42:27; 21.750
 02.01.2026 15:45:26; 21.938
 02.01.2026 15:48:27; 22.313
 02.01.2026 15:51:27; 22.750
 02.01.2026 15:54:26; 23.250
 02.01.2026 15:57:27; 23.750
 02.01.2026 16:00:27; 23.875
 02.01.2026 16:03:26; 24.250
 02.01.2026 16:06:27; 24.375
 02.01.2026 16:09:26; 24.563
 02.01.2026 16:12:26; 25.063
 02.01.2026 16:15:27; 25.375
 02.01.2026 16:18:26; 25.750
 02.01.2026 16:21:26; 26.063
 02.01.2026 16:24:27; 26.313
 02.01.2026 16:27:27; 26.375
 02.01.2026 16:30:26; 26.250
 02.01.2026 16:33:27; 26.375
 02.01.2026 16:36:27; 26.563
 02.01.2026 16:39:26; 27.063
 02.01.2026 16:42:27; 27.438
 02.01.2026 16:45:27; 27.688
 02.01.2026 16:48:26; 27.813
 02.01.2026 16:51:27; 27.625
 02.01.2026 16:54:26; 27.813
 02.01.2026 16:57:26; 27.875
 02.01.2026 17:00:27; 27.813
 02.01.2026 17:03:26; 27.938
 02.01.2026 17:06:26; 28.313
 02.01.2026 17:09:27; 27.125
 02.01.2026 17:12:27; 26.625
 02.01.2026 17:15:26; 26.563
 02.01.2026 17:18:27; 27.063
 02.01.2026 17:21:27; 27.875
 02.01.2026 17:24:26; 27.063
 02.01.2026 17:27:27; 25.875
 02.01.2026 17:30:27; 24.938
 02.01.2026 17:33:26; 26.313
 02.01.2026 17:36:27; 27.375
 02.01.2026 17:39:26; 27.313
 02.01.2026 17:42:26; 28.375
 02.01.2026 17:45:27; 28.938
 02.01.2026 17:48:26; 28.438
 02.01.2026 17:51:26; 28.563
 02.01.2026 17:54:27; 29.938
 02.01.2026 17:57:27; 31.063
 02.01.2026 18:00:26; 29.938
 02.01.2026 18:03:27; 28.813
 02.01.2026 18:06:27; 29.375
 02.01.2026 18:09:26; 31.500
 02.01.2026 18:12:27; 32.813
 02.01.2026 18:15:27; 34.063
 02.01.2026 18:18:26; 35.438
 02.01.2026 18:21:27; 35.063
 02.01.2026 18:24:26; 34.938
 02.01.2026 18:27:26; 34.813
 02.01.2026 18:30:27; 35.875
 02.01.2026 18:33:26; 36.375
 02.01.2026 18:36:26; 36.438
 02.01.2026 18:39:27; 36.563
 02.01.2026 18:42:27; 36.188
 02.01.2026 18:45:26; 36.813
 02.01.2026 18:48:27; 37.063
 02.01.2026 18:51:27; 37.375
 02.01.2026 18:54:26; 37.500
 02.01.2026 18:57:27; 37.813
 02.01.2026 19:00:27; 39.188
 02.01.2026 19:03:26; 39.813
 02.01.2026 19:06:27; 40.250
 02.01.2026 19:09:26; 40.750
 02.01.2026 19:12:26; 37.938
 02.01.2026 19:15:27; 34.375
 02.01.2026 19:18:26; 31.438
 02.01.2026 19:21:26; 29.438
 02.01.2026 19:24:27; 28.063
 02.01.2026 19:27:27; 28.875
 02.01.2026 19:30:26; 32.625
 02.01.2026 19:33:27; 34.438
 02.01.2026 19:36:27; 35.563
 02.01.2026 19:39:26; 35.250
 02.01.2026 19:42:27; 30.625
 02.01.2026 19:45:27; 31.313
 02.01.2026 19:48:26; 31.813
 02.01.2026 19:51:27; 30.625
 02.01.2026 19:54:26; 28.563
 02.01.2026 19:57:26; 29.500
 02.01.2026 20:00:27; 29.438
 02.01.2026 20:03:26; 30.750
 02.01.2026 20:06:26; 30.375
 02.01.2026 20:09:27; 31.875
 02.01.2026 20:12:27; 34.438
 02.01.2026 20:15:26; 36.250
 02.01.2026 20:18:27; 37.250
 02.01.2026 20:21:27; 38.188
 02.01.2026 20:24:26; 39.375
 02.01.2026 20:27:27; 40.375
 02.01.2026 20:30:27; 40.125
 02.01.2026 20:33:26; 40.125
 02.01.2026 20:36:27; 40.250
 02.01.2026 20:39:26; 40.313
 02.01.2026 20:42:26; 38.688
 02.01.2026 20:45:27; 36.688
 02.01.2026 20:48:26; 35.250
 02.01.2026 20:51:26; 34.500
 02.01.2026 20:54:27; 34.188
 02.01.2026 20:57:27; 32.125
 02.01.2026 21:00:26; 30.125
 02.01.2026 21:03:27; 29.063
 02.01.2026 21:06:27; 27.750
 02.01.2026 21:09:26; 26.500
 02.01.2026 21:12:27; 25.688
 02.01.2026 21:15:27; 24.688
 02.01.2026 21:18:26; 23.688
 02.01.2026 21:21:27; 22.625
 02.01.2026 21:24:26; 22.375
 02.01.2026 21:27:26; 21.875
 02.01.2026 21:30:27; 21.500
 02.01.2026 21:33:26; 21.250
 02.01.2026 21:36:26; 21.063
 02.01.2026 21:39:27; 20.813
 02.01.2026 21:42:27; 20.438
 02.01.2026 21:45:26; 20.063
 02.01.2026 21:48:27; 19.875
 02.01.2026 21:51:27; 19.750
 02.01.2026 21:54:26; 19.625
 02.01.2026 21:57:27; 19.438
 02.01.2026 22:00:27; 19.313
 02.01.2026 22:03:26; 19.125
 02.01.2026 22:06:27; 18.938
 02.01.2026 22:09:26; 18.813
 02.01.2026 22:12:26; 18.688
 02.01.2026 22:15:27; 18.563
 02.01.2026 22:18:26; 18.438
 02.01.2026 22:21:26; 18.313
 02.01.2026 22:24:27; 18.250
 02.01.2026 22:27:27; 18.188
 02.01.2026 22:30:26; 18.063
 02.01.2026 22:33:27; 18.000
 02.01.2026 22:36:27; 17.938
 02.01.2026 22:39:26; 17.875
 02.01.2026 22:42:27; 17.813
 02.01.2026 22:45:27; 17.688
 02.01.2026 22:48:26; 17.563
 02.01.2026 22:51:27; 17.500
 02.01.2026 22:54:26; 17.438
 02.01.2026 22:57:26; 17.375
 02.01.2026 23:00:27; 17.313
 02.01.2026 23:03:26; 17.250
 02.01.2026 23:06:26; 17.188
 02.01.2026 23:09:27; 17.125
 02.01.2026 23:12:27; 17.000
 02.01.2026 23:15:26; 16.938
 02.01.2026 23:18:27; 16.875
 02.01.2026 23:21:27; 16.813
 02.01.2026 23:24:26; 16.688
 02.01.2026 23:27:27; 16.625
 02.01.2026 23:30:27; 16.563
 02.01.2026 23:33:26; 16.500
 02.01.2026 23:36:27; 16.375
 02.01.2026 23:39:26; 16.313
 02.01.2026 23:42:26; 16.188
 02.01.2026 23:45:27; 16.125
 02.01.2026 23:48:26; 16.063
 02.01.2026 23:51:26; 15.938
 02.01.2026 23:54:27; 15.875
 02.01.2026 23:57:27; 15.813
 03.01.2026 00:00:26; 15.688
 03.01.2026 00:03:27; 15.563
 03.01.2026 00:06:27; 15.500
 03.01.2026 00:09:26; 15.438
 03.01.2026 00:12:27; 15.313
 03.01.2026 00:15:27; 15.250
 03.01.2026 00:18:26; 15.188
 03.01.2026 00:21:27; 15.125
 03.01.2026 00:24:26; 15.063
 03.01.2026 00:27:26; 14.938
 03.01.2026 00:30:27; 14.875
 03.01.2026 00:33:26; 14.813
 03.01.2026 00:36:26; 14.750
 03.01.2026 00:39:27; 14.750
 03.01.2026 00:42:27; 14.688
 03.01.2026 00:45:26; 14.625
 03.01.2026 00:48:27; 14.625
 03.01.2026 00:51:27; 14.563
 03.01.2026 00:54:26; 14.500
 03.01.2026 00:57:27; 14.500
 03.01.2026 01:00:27; 14.438
 03.01.2026 01:03:26; 14.375
 03.01.2026 01:06:27; 14.313
 03.01.2026 01:09:26; 14.313
 03.01.2026 01:12:26; 14.250
 03.01.2026 01:15:27; 14.188
 03.01.2026 01:18:26; 14.125
 03.01.2026 01:21:26; 14.000
 03.01.2026 01:24:27; 13.938
 03.01.2026 01:27:27; 13.875
 03.01.2026 01:30:26; 13.813
 03.01.2026 01:33:27; 13.750
 03.01.2026 01:36:27; 13.688
 03.01.2026 01:39:26; 13.688
 03.01.2026 01:42:27; 13.625
 03.01.2026 01:45:27; 13.563
 03.01.2026 01:48:26; 13.500
 03.01.2026 01:51:27; 13.500
 03.01.2026 01:54:26; 13.438
 03.01.2026 01:57:26; 13.375
 03.01.2026 02:00:27; 13.313
 03.01.2026 02:03:26; 13.313
 03.01.2026 02:06:26; 13.250
 03.01.2026 02:09:27; 13.188
 03.01.2026 02:12:27; 13.188
 03.01.2026 02:15:26; 13.188
 03.01.2026 02:18:27; 13.125
 03.01.2026 02:21:27; 13.063
 03.01.2026 02:24:26; 13.000
 03.01.2026 02:27:27; 12.938
 03.01.2026 02:30:27; 12.875
 03.01.2026 02:33:26; 12.875
 03.01.2026 02:36:27; 12.875
 03.01.2026 02:39:26; 12.875
 03.01.2026 02:42:26; 12.813
 03.01.2026 02:45:27; 12.813
 03.01.2026 02:48:26; 12.813
 03.01.2026 02:51:26; 12.813
 03.01.2026 02:54:27; 12.813
 03.01.2026 02:57:27; 12.813
 03.01.2026 03:00:26; 12.813
 03.01.2026 03:03:27; 12.750
 03.01.2026 03:06:27; 12.750
 03.01.2026 03:09:26; 12.750
 03.01.2026 03:12:27; 12.688
 03.01.2026 03:15:27; 12.688
 03.01.2026 03:18:26; 12.688
 03.01.2026 03:21:27; 12.688
 03.01.2026 03:24:26; 12.688
 03.01.2026 03:27:26; 12.750
 03.01.2026 03:30:27; 12.750
 03.01.2026 03:33:26; 12.813
 03.01.2026 03:36:26; 12.875
 03.01.2026 03:39:27; 12.938
 03.01.2026 03:42:27; 13.000
 03.01.2026 03:45:26; 13.063
 03.01.2026 03:48:27; 13.125
 03.01.2026 03:51:27; 13.188
 03.01.2026 03:54:26; 13.250
 03.01.2026 03:57:27; 13.250
 03.01.2026 04:00:27; 13.250
 03.01.2026 04:03:26; 13.188
 03.01.2026 04:06:27; 13.125
 03.01.2026 04:09:26; 13.063
 03.01.2026 04:12:26; 13.063
 03.01.2026 04:15:27; 13.000
 03.01.2026 04:18:26; 13.000
 03.01.2026 04:21:26; 12.875
 03.01.2026 04:24:27; 12.813
 03.01.2026 04:27:27; 12.750
 03.01.2026 04:30:26; 12.750
 03.01.2026 04:33:27; 12.625
 03.01.2026 04:36:27; 12.563
 03.01.2026 04:39:26; 12.438
 03.01.2026 04:42:27; 12.375
 03.01.2026 04:45:27; 12.313
 03.01.2026 04:48:26; 12.250
 03.01.2026 04:51:27; 12.125
 03.01.2026 04:54:26; 12.063
 03.01.2026 04:57:26; 12.000
 03.01.2026 05:00:27; 11.938
 03.01.2026 05:03:26; 11.875
 03.01.2026 05:06:26; 11.813
 03.01.2026 05:09:27; 11.750
 03.01.2026 05:12:27; 11.688
 03.01.2026 05:15:26; 11.688
 03.01.2026 05:18:27; 11.625
 03.01.2026 05:21:27; 11.625
 03.01.2026 05:24:26; 11.625
 03.01.2026 05:27:27; 11.625
 03.01.2026 05:30:27; 11.625
 03.01.2026 05:33:26; 11.563
 03.01.2026 05:36:27; 11.563
 03.01.2026 05:39:26; 11.500
 03.01.2026 05:42:26; 11.500
 03.01.2026 05:45:27; 11.438
 03.01.2026 05:48:26; 11.438
 03.01.2026 05:51:26; 11.438
 03.01.2026 05:54:27; 11.438
 03.01.2026 05:57:27; 11.375
 03.01.2026 06:00:26; 11.375
 03.01.2026 06:03:27; 11.313
 03.01.2026 06:06:27; 11.313
 03.01.2026 06:09:26; 11.250
 03.01.2026 06:12:27; 11.188
 03.01.2026 06:15:27; 11.188
 03.01.2026 06:18:26; 11.125
 03.01.2026 06:21:27; 11.125
 03.01.2026 06:24:26; 11.063
 03.01.2026 06:27:26; 11.063
 03.01.2026 06:30:27; 11.063
 03.01.2026 06:33:26; 11.063
 03.01.2026 06:36:26; 11.000
 03.01.2026 06:39:27; 11.000
 03.01.2026 06:42:27; 10.938
 03.01.2026 06:45:26; 10.938
 03.01.2026 06:48:27; 10.938
 03.01.2026 06:51:27; 10.938
 03.01.2026 06:54:26; 10.938
 03.01.2026 06:57:27; 10.938
 03.01.2026 07:00:27; 10.938
 03.01.2026 07:03:26; 10.938
 03.01.2026 07:06:27; 10.875
 03.01.2026 07:09:26; 10.875
 03.01.2026 07:12:26; 10.875
 03.01.2026 07:15:27; 10.875
 03.01.2026 07:18:26; 10.813
 03.01.2026 07:21:26; 10.813
 03.01.2026 07:24:27; 10.813
 03.01.2026 07:27:27; 10.750
 03.01.2026 07:30:26; 10.750
 03.01.2026 07:33:27; 10.688
 03.01.2026 07:36:27; 10.688
 03.01.2026 07:39:26; 10.625
 03.01.2026 07:42:27; 10.625
 03.01.2026 07:45:27; 10.625
 03.01.2026 07:48:26; 10.563
 03.01.2026 07:51:27; 10.563
 03.01.2026 07:54:26; 10.500
 03.01.2026 07:57:26; 10.438
 03.01.2026 08:00:27; 10.438
 03.01.2026 08:03:26; 10.375
 03.01.2026 08:06:26; 10.313
 03.01.2026 08:09:27; 10.313
 03.01.2026 08:12:27; 10.250
 03.01.2026 08:15:26; 10.250
 03.01.2026 08:18:27; 10.188
 03.01.2026 08:21:27; 10.188
 03.01.2026 08:24:26; 10.188
 03.01.2026 08:27:27; 10.188
 03.01.2026 08:30:27; 10.188
 03.01.2026 08:33:26; 10.188
 03.01.2026 08:36:27; 10.188
 03.01.2026 08:39:26; 10.188
 03.01.2026 08:42:26; 10.125
 03.01.2026 08:45:27; 10.125
 03.01.2026 08:48:26; 10.125
 03.01.2026 08:51:26; 10.125
 03.01.2026 08:54:27; 10.063
 03.01.2026 08:57:27; 10.063
 03.01.2026 09:00:26; 10.000
 03.01.2026 09:03:27; 10.000
 03.01.2026 09:06:27;  9.938
 03.01.2026 09:09:26;  9.938
 03.01.2026 09:12:27;  9.938
 03.01.2026 09:15:27;  9.938
 03.01.2026 09:18:26;  9.938
 03.01.2026 09:21:27;  9.875
 03.01.2026 09:24:26;  9.875
 03.01.2026 09:27:26;  9.813
 03.01.2026 09:30:27;  9.813
 03.01.2026 09:33:26;  9.750
 03.01.2026 09:36:26;  9.750
 03.01.2026 09:39:27;  9.688
 03.01.2026 09:42:27;  9.625
 03.01.2026 09:45:26;  9.625
 03.01.2026 09:48:27;  9.563
 03.01.2026 09:51:27;  9.563
 03.01.2026 09:54:26;  9.563
 03.01.2026 09:57:27;  9.500
 03.01.2026 10:00:27;  9.500
 03.01.2026 10:03:26;  9.500
 03.01.2026 10:06:27;  9.500
 03.01.2026 10:09:26;  9.438
 03.01.2026 10:12:26;  9.438
 03.01.2026 10:15:27;  9.438
 03.01.2026 10:18:26;  9.438
 03.01.2026 10:21:26;  9.438
 03.01.2026 10:24:27;  9.438
 03.01.2026 10:27:27;  9.438
 03.01.2026 10:30:26;  9.438
 03.01.2026 10:33:27;  9.438
 03.01.2026 10:36:27;  9.438
 03.01.2026 10:39:26;  9.500
 03.01.2026 10:42:27;  9.500
 03.01.2026 10:45:27;  9.500
 03.01.2026 10:48:26;  9.563
 03.01.2026 10:51:27;  9.625
 03.01.2026 10:54:26;  9.750
 03.01.2026 10:57:26;  9.875
 03.01.2026 11:00:27;  9.938
 03.01.2026 11:03:26; 10.063
 03.01.2026 11:06:26; 10.188
 03.01.2026 11:09:27; 10.313
 03.01.2026 11:12:27; 10.500
 03.01.2026 11:15:26; 10.625
 03.01.2026 11:18:27; 10.813
 03.01.2026 11:21:27; 11.000
 03.01.2026 11:24:26; 11.188
 03.01.2026 11:27:27; 11.375
 03.01.2026 11:30:27; 11.500
 03.01.2026 11:33:26; 11.688
 03.01.2026 11:36:27; 11.875
 03.01.2026 11:39:26; 12.063
 03.01.2026 11:42:26; 12.250
 03.01.2026 11:45:27; 12.375
 03.01.2026 11:48:26; 12.563
 03.01.2026 11:51:26; 12.688
 03.01.2026 11:54:27; 12.875
 03.01.2026 11:57:27; 13.063
 03.01.2026 12:00:26; 13.188
 03.01.2026 12:03:27; 13.438
 03.01.2026 12:06:27; 13.625
 03.01.2026 12:09:26; 13.813
 03.01.2026 12:12:27; 14.000
 03.01.2026 12:15:27; 14.250
 03.01.2026 12:18:26; 14.438
 03.01.2026 12:21:27; 14.563
 03.01.2026 12:24:26; 14.813
 03.01.2026 12:27:26; 14.938
 03.01.2026 12:30:27; 15.063
 03.01.2026 12:33:26; 15.250
 03.01.2026 12:36:26; 15.375
 03.01.2026 12:39:27; 15.563
 03.01.2026 12:42:27; 15.750
 03.01.2026 12:45:26; 15.938
 03.01.2026 12:48:27; 16.063
 03.01.2026 12:51:27; 16.188
 03.01.2026 12:54:26; 16.250
 03.01.2026 12:57:27; 16.438
 03.01.2026 13:00:27; 16.563
 03.01.2026 13:03:26; 16.688
 03.01.2026 13:06:27; 16.875
 03.01.2026 13:09:26; 17.063
 03.01.2026 13:12:26; 17.188
 03.01.2026 13:15:27; 17.313
 03.01.2026 13:18:26; 17.438
 03.01.2026 13:21:26; 17.688
 03.01.2026 13:24:27; 17.875
 03.01.2026 13:27:27; 18.000
 03.01.2026 13:30:26; 18.188
 03.01.2026 13:33:27; 18.250
 03.01.2026 13:36:27; 18.313
 03.01.2026 13:39:26; 18.438
 03.01.2026 13:42:27; 18.688
 03.01.2026 13:45:27; 18.875
 03.01.2026 13:48:26; 18.875
 03.01.2026 13:51:27; 18.625
 03.01.2026 13:54:26; 18.875
 03.01.2026 13:57:26; 19.063
 03.01.2026 14:00:27; 19.313
 03.01.2026 14:03:26; 19.375
 03.01.2026 14:06:26; 19.625
 03.01.2026 14:09:27; 19.688
 03.01.2026 14:12:27; 19.813
 03.01.2026 14:15:26; 19.750
 03.01.2026 14:18:27; 19.625
 03.01.2026 14:21:27; 19.875
 03.01.2026 14:24:26; 19.938
 03.01.2026 14:27:27; 20.063
 03.01.2026 14:30:27; 19.875
 03.01.2026 14:33:26; 19.938
 03.01.2026 14:36:27; 20.125
 03.01.2026 14:39:26; 20.188
 03.01.2026 14:42:26; 20.500
 03.01.2026 14:45:27; 20.688
 03.01.2026 14:48:26; 20.688
 03.01.2026 14:51:26; 20.563
 03.01.2026 14:54:27; 20.375
 03.01.2026 14:57:27; 20.125
 03.01.2026 15:00:26; 20.188
 03.01.2026 15:03:27; 20.188
 03.01.2026 15:06:27; 20.438
 03.01.2026 15:09:26; 20.563
 03.01.2026 15:12:27; 20.500
 03.01.2026 15:15:27; 20.563
 03.01.2026 15:18:26; 20.750
 03.01.2026 15:21:27; 20.750
 03.01.2026 15:24:26; 21.000
 03.01.2026 15:27:26; 21.313
 03.01.2026 15:30:27; 21.625
 03.01.2026 15:33:26; 21.813
 03.01.2026 15:36:26; 22.000
 03.01.2026 15:39:27; 22.000
 03.01.2026 15:42:27; 22.250
 03.01.2026 15:45:26; 22.750
 03.01.2026 15:48:27; 23.313
 03.01.2026 15:51:27; 23.438
 03.01.2026 15:54:26; 23.563
 03.01.2026 15:57:27; 23.625
 03.01.2026 16:00:27; 24.063
 03.01.2026 16:03:26; 24.313
 03.01.2026 16:06:27; 24.625
 03.01.2026 16:09:26; 24.875
 03.01.2026 16:12:26; 25.313
 03.01.2026 16:15:27; 25.438
 03.01.2026 16:18:26; 25.500
 03.01.2026 16:21:26; 25.688
 03.01.2026 16:24:27; 25.813
 03.01.2026 16:27:27; 26.000
 03.01.2026 16:30:26; 26.313
 03.01.2026 16:33:27; 26.188
 03.01.2026 16:36:27; 26.063
 03.01.2026 16:39:26; 26.438
 03.01.2026 16:42:27; 26.625
 03.01.2026 16:45:27; 26.625
 03.01.2026 16:48:26; 26.875
 03.01.2026 16:51:27; 27.125
 03.01.2026 16:54:26; 27.500
 03.01.2026 16:57:26; 27.750
 03.01.2026 17:00:27; 27.938
 03.01.2026 17:03:26; 27.438
 03.01.2026 17:06:26; 27.313
 03.01.2026 17:09:27; 27.063
 03.01.2026 17:12:27; 27.500
 03.01.2026 17:15:26; 28.125
 03.01.2026 17:18:27; 28.188
 03.01.2026 17:21:27; 28.813
 03.01.2026 17:24:26; 29.313
 03.01.2026 17:27:27; 29.625
 03.01.2026 17:30:27; 30.188
 03.01.2026 17:33:26; 30.625
 03.01.2026 17:36:27; 30.938
 03.01.2026 17:39:26; 31.813
 03.01.2026 17:42:26; 32.625
 03.01.2026 17:45:27; 32.375
 03.01.2026 17:48:26; 32.063
 03.01.2026 17:51:26; 32.063
 03.01.2026 17:54:27; 32.063
 03.01.2026 17:57:27; 32.438
 03.01.2026 18:00:26; 32.625
 03.01.2026 18:03:27; 33.688
 03.01.2026 18:06:27; 33.938
 03.01.2026 18:09:26; 34.313
 03.01.2026 18:12:27; 34.313
 03.01.2026 18:15:27; 35.250
 03.01.2026 18:18:26; 35.375
 03.01.2026 18:21:27; 36.000
 03.01.2026 18:24:26; 36.313
 03.01.2026 18:27:26; 36.313
 03.01.2026 18:30:27; 36.063
 03.01.2026 18:33:26; 36.188
 03.01.2026 18:36:26; 36.125
 03.01.2026 18:39:27; 35.938
 03.01.2026 18:42:27; 36.313
 03.01.2026 18:45:26; 36.375
 03.01.2026 18:48:27; 36.563
 03.01.2026 18:51:27; 37.500
 03.01.2026 18:54:26; 37.125
 03.01.2026 18:57:27; 37.438
 03.01.2026 19:00:27; 37.813
 03.01.2026 19:03:26; 38.688
 03.01.2026 19:06:27; 39.500
 03.01.2026 19:09:26; 39.813
 03.01.2026 19:12:26; 38.875
 03.01.2026 19:15:27; 38.688
 03.01.2026 19:18:26; 39.250
 03.01.2026 19:21:26; 38.875
 03.01.2026 19:24:27; 38.500
 03.01.2026 19:27:27; 39.000
 03.01.2026 19:30:26; 40.000
 03.01.2026 19:33:27; 39.625
 03.01.2026 19:36:27; 39.438
 03.01.2026 19:39:26; 38.813
 03.01.2026 19:42:27; 39.625
 03.01.2026 19:45:27; 40.188
 03.01.2026 19:48:26; 40.063
 03.01.2026 19:51:27; 39.938
 03.01.2026 19:54:26; 39.875
 03.01.2026 19:57:26; 39.875
 03.01.2026 20:00:27; 40.875
 03.01.2026 20:03:26; 41.188
 03.01.2026 20:06:26; 41.313
 03.01.2026 20:09:27; 40.875
 03.01.2026 20:12:27; 40.500
 03.01.2026 20:15:26; 40.750
 03.01.2026 20:18:27; 41.625
 03.01.2026 20:21:27; 42.125
 03.01.2026 20:24:26; 42.250
 03.01.2026 20:27:27; 41.438
 03.01.2026 20:30:27; 41.500
 03.01.2026 20:33:26; 41.000
 03.01.2026 20:36:27; 40.875
 03.01.2026 20:39:26; 40.813
 03.01.2026 20:42:26; 39.500
 03.01.2026 20:45:27; 38.125
 03.01.2026 20:48:26; 36.625
 03.01.2026 20:51:26; 35.313
 03.01.2026 20:54:27; 34.250
 03.01.2026 20:57:27; 33.813
 03.01.2026 21:00:26; 31.938
 03.01.2026 21:03:27; 30.750
 03.01.2026 21:06:27; 29.500
 03.01.2026 21:09:26; 29.063
 03.01.2026 21:12:27; 28.125
 03.01.2026 21:15:27; 26.938
 03.01.2026 21:18:26; 26.000
 03.01.2026 21:21:27; 25.313
 03.01.2026 21:24:26; 24.688
 03.01.2026 21:27:26; 24.000
 03.01.2026 21:30:27; 23.625
 03.01.2026 21:33:26; 23.438
 03.01.2026 21:36:26; 23.188
 03.01.2026 21:39:27; 22.938
 03.01.2026 21:42:27; 22.750
 03.01.2026 21:45:26; 22.563
 03.01.2026 21:48:27; 22.375
 03.01.2026 21:51:27; 22.250
 03.01.2026 21:54:26; 22.000
 03.01.2026 21:57:27; 21.750
 03.01.2026 22:00:27; 21.563
 03.01.2026 22:03:26; 21.313
 03.01.2026 22:06:27; 21.125
 03.01.2026 22:09:26; 20.875
 03.01.2026 22:12:26; 20.688
 03.01.2026 22:15:27; 20.500
 03.01.2026 22:18:26; 20.375
 03.01.2026 22:21:26; 20.188
 03.01.2026 22:24:27; 20.063
 03.01.2026 22:27:27; 19.938
 03.01.2026 22:30:26; 19.813
 03.01.2026 22:33:27; 19.750
 03.01.2026 22:36:27; 19.688
 03.01.2026 22:39:26; 19.625
 03.01.2026 22:42:27; 19.563
 03.01.2026 22:45:27; 19.500
 03.01.2026 22:48:26; 19.500
 03.01.2026 22:51:27; 19.438
 03.01.2026 22:54:26; 19.438
 03.01.2026 22:57:26; 19.375
 03.01.2026 23:00:27; 19.375
 03.01.2026 23:03:26; 19.313
 03.01.2026 23:06:26; 19.313
 03.01.2026 23:09:27; 19.250
 03.01.2026 23:12:27; 19.188
 03.01.2026 23:15:26; 19.125
 03.01.2026 23:18:27; 19.063
 03.01.2026 23:21:27; 19.000
 03.01.2026 23:24:26; 18.938
 03.01.2026 23:27:27; 18.875
 03.01.2026 23:30:27; 18.813
 03.01.2026 23:33:26; 18.688
 03.01.2026 23:36:27; 18.563
 03.01.2026 23:39:26; 18.500
 03.01.2026 23:42:26; 18.375
 03.01.2026 23:45:27; 18.250
 03.01.2026 23:48:26; 18.125
 03.01.2026 23:51:26; 18.063
 03.01.2026 23:54:27; 17.938
 03.01.2026 23:57:27; 17.813
 04.01.2026 00:00:26; 17.750
 04.01.2026 00:03:27; 17.688
 04.01.2026 00:06:27; 17.625
 04.01.2026 00:09:26; 17.563
 04.01.2026 00:12:27; 17.563
 04.01.2026 00:15:27; 17.438
 04.01.2026 00:18:26; 17.313
 04.01.2026 00:21:27; 17.250
 04.01.2026 00:24:26; 17.125
 04.01.2026 00:27:26; 17.063
 04.01.2026 00:30:27; 17.000
 04.01.2026 00:33:26; 17.000
 04.01.2026 00:36:26; 16.938
 04.01.2026 00:39:27; 16.875
 04.01.2026 00:42:27; 16.875
 04.01.2026 00:45:26; 16.813
 04.01.2026 00:48:27; 16.750
 04.01.2026 00:51:27; 16.625
 04.01.2026 00:54:26; 16.563
 04.01.2026 00:57:27; 16.500
 04.01.2026 01:00:27; 16.438
 04.01.2026 01:03:26; 16.375
 04.01.2026 01:06:27; 16.313
 04.01.2026 01:09:26; 16.250
 04.01.2026 01:12:26; 16.250
 04.01.2026 01:15:27; 16.188
 04.01.2026 01:18:26; 16.188
 04.01.2026 01:21:26; 16.188
 04.01.2026 01:24:27; 16.125
 04.01.2026 01:27:27; 16.125
 04.01.2026 01:30:26; 16.063
 04.01.2026 01:33:27; 16.000
 04.01.2026 01:36:27; 15.938
 04.01.2026 01:39:26; 15.938
 04.01.2026 01:42:27; 15.875
 04.01.2026 01:45:27; 15.813
 04.01.2026 01:48:26; 15.813
 04.01.2026 01:51:27; 15.750
 04.01.2026 01:54:26; 15.750
 04.01.2026 01:57:26; 15.688
 04.01.2026 02:00:27; 15.625
 04.01.2026 02:03:26; 15.625
 04.01.2026 02:06:26; 15.625
 04.01.2026 02:09:27; 15.563
 04.01.2026 02:12:27; 15.563
 04.01.2026 02:15:26; 15.500
 04.01.2026 02:18:27; 15.500
 04.01.2026 02:21:27; 15.438
 04.01.2026 02:24:26; 15.438
 04.01.2026 02:27:27; 15.375
 04.01.2026 02:30:27; 15.313
 04.01.2026 02:33:26; 15.313
 04.01.2026 02:36:27; 15.313
 04.01.2026 02:39:26; 15.250
 04.01.2026 02:42:26; 15.250
 04.01.2026 02:45:27; 15.188
 04.01.2026 02:48:26; 15.125
 04.01.2026 02:51:26; 15.125
 04.01.2026 02:54:27; 15.063
 04.01.2026 02:57:27; 15.000
 04.01.2026 03:00:26; 15.000
 04.01.2026 03:03:27; 14.938
 04.01.2026 03:06:27; 14.938
 04.01.2026 03:09:26; 14.938
 04.01.2026 03:12:27; 14.875
 04.01.2026 03:15:27; 14.813
 04.01.2026 03:18:26; 14.750
 04.01.2026 03:21:27; 14.750
 04.01.2026 03:24:26; 14.688
 04.01.2026 03:27:26; 14.625
 04.01.2026 03:30:27; 14.563
 04.01.2026 03:33:26; 14.500
 04.01.2026 03:36:26; 14.438
 04.01.2026 03:39:27; 14.438
 04.01.2026 03:42:27; 14.438
 04.01.2026 03:45:26; 14.438
 04.01.2026 03:48:27; 14.375
 04.01.2026 03:51:27; 14.375
 04.01.2026 03:54:26; 14.375
 04.01.2026 03:57:27; 14.375
 04.01.2026 04:00:27; 14.313
 04.01.2026 04:03:26; 14.250
 04.01.2026 04:06:27; 14.250
 04.01.2026 04:09:26; 14.188
 04.01.2026 04:12:26; 14.125
 04.01.2026 04:15:27; 14.125
 04.01.2026 04:18:26; 14.063
 04.01.2026 04:21:26; 14.063
 04.01.2026 04:24:27; 14.063
 04.01.2026 04:27:27; 14.000
 04.01.2026 04:30:26; 14.000
 04.01.2026 04:33:27; 14.000
 04.01.2026 04:36:27; 14.000
 04.01.2026 04:39:26; 14.000
 04.01.2026 04:42:27; 13.938
 04.01.2026 04:45:27; 13.875
 04.01.2026 04:48:26; 13.875
 04.01.2026 04:51:27; 13.813
 04.01.2026 04:54:26; 13.813
 04.01.2026 04:57:26; 13.813
 04.01.2026 05:00:27; 13.813
 04.01.2026 05:03:26; 13.750
 04.01.2026 05:06:26; 13.688
 04.01.2026 05:09:27; 13.688
 04.01.2026 05:12:27; 13.625
 04.01.2026 05:15:26; 13.625
 04.01.2026 05:18:27; 13.625
 04.01.2026 05:21:27; 13.563
 04.01.2026 05:24:26; 13.563
 04.01.2026 05:27:27; 13.563
 04.01.2026 05:30:27; 13.500
 04.01.2026 05:33:26; 13.500
 04.01.2026 05:36:27; 13.438
 04.01.2026 05:39:26; 13.438
 04.01.2026 05:42:26; 13.375
 04.01.2026 05:45:27; 13.375
 04.01.2026 05:48:26; 13.375
 04.01.2026 05:51:26; 13.313
 04.01.2026 05:54:27; 13.313
 04.01.2026 05:57:27; 13.313
 04.01.2026 06:00:26; 13.313
 04.01.2026 06:03:27; 13.313
 04.01.2026 06:06:27; 13.313
 04.01.2026 06:09:26; 13.313
 04.01.2026 06:12:27; 13.313
 04.01.2026 06:15:27; 13.313
 04.01.2026 06:18:26; 13.313
 04.01.2026 06:21:27; 13.313
 04.01.2026 06:24:26; 13.250
 04.01.2026 06:27:26; 13.250
 04.01.2026 06:30:27; 13.188
 04.01.2026 06:33:26; 13.188
 04.01.2026 06:36:26; 13.188
 04.01.2026 06:39:27; 13.188
 04.01.2026 06:42:27; 13.188
 04.01.2026 06:45:26; 13.188
 04.01.2026 06:48:27; 13.188
 04.01.2026 06:51:27; 13.188
 04.01.2026 06:54:26; 13.188
 04.01.2026 06:57:27; 13.125
 04.01.2026 07:00:27; 13.125
 04.01.2026 07:03:26; 13.063
 04.01.2026 07:06:27; 13.063
 04.01.2026 07:09:26; 13.063
 04.01.2026 07:12:26; 13.063
 04.01.2026 07:15:27; 13.063
 04.01.2026 07:18:26; 13.063
 04.01.2026 07:21:26; 13.063
 04.01.2026 07:24:27; 13.063
 04.01.2026 07:27:27; 13.000
 04.01.2026 07:30:26; 13.000
 04.01.2026 07:33:27; 13.000
 04.01.2026 07:36:27; 12.938
 04.01.2026 07:39:26; 12.938
 04.01.2026 07:42:27; 12.938
 04.01.2026 07:45:27; 12.875
 04.01.2026 07:48:26; 12.875
 04.01.2026 07:51:27; 12.875
 04.01.2026 07:54:26; 12.813
 04.01.2026 07:57:26; 12.813
 04.01.2026 08:00:27; 12.813
 04.01.2026 08:03:26; 12.750
 04.01.2026 08:06:26; 12.750
 04.01.2026 08:09:27; 12.750
 04.01.2026 08:12:27; 12.688
 04.01.2026 08:15:26; 12.688
 04.01.2026 08:18:27; 12.688
 04.01.2026 08:21:27; 12.688
 04.01.2026 08:24:26; 12.688
 04.01.2026 08:27:27; 12.688
 04.01.2026 08:30:27; 12.625
 04.01.2026 08:33:26; 12.625
 04.01.2026 08:36:27; 12.625
 04.01.2026 08:39:26; 12.625
 04.01.2026 08:42:26; 12.625
 04.01.2026 08:45:27; 12.625
 04.01.2026 08:48:26; 12.625
 04.01.2026 08:51:26; 12.625
 04.01.2026 08:54:27; 12.625
 04.01.2026 08:57:27; 12.625
 04.01.2026 09:00:26; 12.625
 04.01.2026 09:03:27; 12.625
 04.01.2026 09:06:27; 12.625
 04.01.2026 09:09:26; 12.625
 04.01.2026 09:12:27; 12.563
 04.01.2026 09:15:27; 12.563
 04.01.2026 09:18:26; 12.500
 04.01.2026 09:21:27; 12.500
 04.01.2026 09:24:26; 12.500
 04.01.2026 09:27:26; 12.438
 04.01.2026 09:30:27; 12.438
 04.01.2026 09:33:26; 12.375
 04.01.2026 09:36:26; 12.375
 04.01.2026 09:39:27; 12.375
 04.01.2026 09:42:27; 12.375
 04.01.2026 09:45:26; 12.375
 04.01.2026 09:48:27; 12.313
 04.01.2026 09:51:27; 12.313
 04.01.2026 09:54:26; 12.313
 04.01.2026 09:57:27; 12.250
 04.01.2026 10:00:27; 12.188
 04.01.2026 10:03:26; 12.125
 04.01.2026 10:06:27; 12.063
 04.01.2026 10:09:26; 12.000
 04.01.2026 10:12:26; 12.000
 04.01.2026 10:15:27; 11.938
 04.01.2026 10:18:26; 11.938
 04.01.2026 10:21:26; 11.938
 04.01.2026 10:24:27; 11.938
 04.01.2026 10:27:27; 11.938
 04.01.2026 10:30:26; 11.938
 04.01.2026 10:33:27; 11.938
 04.01.2026 10:36:27; 11.938
 04.01.2026 10:39:26; 11.938
 04.01.2026 10:42:27; 11.938
 04.01.2026 10:45:27; 11.938
 04.01.2026 10:48:26; 12.000
 04.01.2026 10:51:27; 12.063
 04.01.2026 10:54:26; 12.125
 04.01.2026 10:57:26; 12.188
 04.01.2026 11:00:27; 12.313
 04.01.2026 11:03:26; 12.375
 04.01.2026 11:06:26; 12.500
 04.01.2026 11:09:27; 12.563
 04.01.2026 11:12:27; 12.625
 04.01.2026 11:15:26; 12.750
 04.01.2026 11:18:27; 12.875
 04.01.2026 11:21:27; 13.000
 04.01.2026 11:24:26; 13.125
 04.01.2026 11:27:27; 13.250
 04.01.2026 11:30:27; 13.375
 04.01.2026 11:33:26; 13.625
 04.01.2026 11:36:27; 13.750
 04.01.2026 11:39:26; 13.938
 04.01.2026 11:42:26; 14.063
 04.01.2026 11:45:27; 14.250
 04.01.2026 11:48:26; 14.438
 04.01.2026 11:51:26; 14.625
 04.01.2026 11:54:27; 14.750
 04.01.2026 11:57:27; 14.875
 04.01.2026 12:00:26; 15.000
 04.01.2026 12:03:27; 15.125
 04.01.2026 12:06:27; 15.250
 04.01.2026 12:09:26; 15.438
 04.01.2026 12:12:27; 15.563
 04.01.2026 12:15:27; 15.813
 04.01.2026 12:18:26; 16.000
 04.01.2026 12:21:27; 16.063
 04.01.2026 12:24:26; 16.188
 04.01.2026 12:27:26; 16.375
 04.01.2026 12:30:27; 16.563
 04.01.2026 12:33:26; 16.688
 04.01.2026 12:36:26; 16.813
 04.01.2026 12:39:27; 16.938
 04.01.2026 12:42:27; 17.125
 04.01.2026 12:45:26; 17.250
 04.01.2026 12:48:27; 17.438
 04.01.2026 12:51:27; 17.500
 04.01.2026 12:54:26; 17.625
 04.01.2026 12:57:27; 17.750
 04.01.2026 13:00:27; 17.875
 04.01.2026 13:03:26; 18.000
 04.01.2026 13:06:27; 18.188
 04.01.2026 13:09:26; 18.375
 04.01.2026 13:12:26; 18.500
 04.01.2026 13:15:27; 18.625
 04.01.2026 13:18:26; 18.750
 04.01.2026 13:21:26; 18.875
 04.01.2026 13:24:27; 18.938
 04.01.2026 13:27:27; 19.063
 04.01.2026 13:30:26; 19.188
 04.01.2026 13:33:27; 19.438
 04.01.2026 13:36:27; 19.625
 04.01.2026 13:39:26; 19.750
 04.01.2026 13:42:27; 19.813
 04.01.2026 13:45:27; 19.938
 04.01.2026 13:48:26; 20.000
 04.01.2026 13:51:27; 20.125
 04.01.2026 13:54:26; 20.188
 04.01.2026 13:57:26; 20.313
 04.01.2026 14:00:27; 20.500
 04.01.2026 14:03:26; 20.813
 04.01.2026 14:06:26; 21.000
 04.01.2026 14:09:27; 20.875
 04.01.2026 14:12:27; 21.000
 04.01.2026 14:15:26; 21.063
 04.01.2026 14:18:27; 21.063
 04.01.2026 14:21:27; 21.250
 04.01.2026 14:24:26; 21.500
 04.01.2026 14:27:27; 21.688
 04.01.2026 14:30:27; 21.750
 04.01.2026 14:33:26; 21.688
 04.01.2026 14:36:27; 21.750
 04.01.2026 14:39:26; 21.938
 04.01.2026 14:42:26; 22.063
 04.01.2026 14:45:27; 22.188
 04.01.2026 14:48:26; 22.250
 04.01.2026 14:51:26; 22.250
 04.01.2026 14:54:27; 22.125
 04.01.2026 14:57:27; 22.125
 04.01.2026 15:00:26; 22.250
 04.01.2026 15:03:27; 22.313
 04.01.2026 15:06:27; 22.313
 04.01.2026 15:09:26; 22.500
 04.01.2026 15:12:27; 22.563
 04.01.2026 15:15:27; 22.750
 04.01.2026 15:18:26; 23.000
 04.01.2026 15:21:27; 23.313
 04.01.2026 15:24:26; 23.438
 04.01.2026 15:27:26; 23.875
 04.01.2026 15:30:27; 24.125
 04.01.2026 15:33:26; 24.188
 04.01.2026 15:36:26; 24.375
 04.01.2026 15:39:27; 24.750
 04.01.2026 15:42:27; 24.875
 04.01.2026 15:45:26; 25.313
 04.01.2026 15:48:27; 25.688
 04.01.2026 15:51:27; 26.063
 04.01.2026 15:54:26; 26.375
 04.01.2026 15:57:27; 26.313
 04.01.2026 16:00:27; 26.438
 04.01.2026 16:03:26; 26.688
 04.01.2026 16:06:27; 26.625
 04.01.2026 16:09:26; 26.688
 04.01.2026 16:12:26; 26.813
 04.01.2026 16:15:27; 26.875
 04.01.2026 16:18:26; 27.125
 04.01.2026 16:21:26; 27.250
 04.01.2026 16:24:27; 27.250
 04.01.2026 16:27:27; 27.688
 04.01.2026 16:30:26; 28.000
 04.01.2026 16:33:27; 27.875
 04.01.2026 16:36:27; 27.938
 04.01.2026 16:39:26; 28.250
 04.01.2026 16:42:27; 28.313
 04.01.2026 16:45:27; 28.375
 04.01.2026 16:48:26; 28.688
 04.01.2026 16:51:27; 29.000
 04.01.2026 16:54:26; 29.188
 04.01.2026 16:57:26; 29.188
 04.01.2026 17:00:27; 29.250
 04.01.2026 17:03:26; 29.375
 04.01.2026 17:06:26; 29.375
 04.01.2026 17:09:27; 29.563
 04.01.2026 17:12:27; 29.813
 04.01.2026 17:15:26; 30.313
 04.01.2026 17:18:27; 30.625
 04.01.2026 17:21:27; 30.500
 04.01.2026 17:24:26; 30.750
 04.01.2026 17:27:27; 30.938
 04.01.2026 17:30:27; 31.250
 04.01.2026 17:33:26; 31.563
 04.01.2026 17:36:27; 32.125
 04.01.2026 17:39:26; 32.625
 04.01.2026 17:42:26; 33.250
 04.01.2026 17:45:27; 33.750
 04.01.2026 17:48:26; 34.188
 04.01.2026 17:51:26; 34.563
 04.01.2026 17:54:27; 35.125
 04.01.2026 17:57:27; 35.000
 04.01.2026 18:00:26; 35.375
 04.01.2026 18:03:27; 35.938
 04.01.2026 18:06:27; 36.313
 04.01.2026 18:09:26; 35.875
 04.01.2026 18:12:27; 36.250
 04.01.2026 18:15:27; 36.688
 04.01.2026 18:18:26; 37.188
 04.01.2026 18:21:27; 36.313
 04.01.2026 18:24:26; 36.813
 04.01.2026 18:27:26; 36.625
 04.01.2026 18:30:27; 36.875
 04.01.2026 18:33:26; 38.000
 04.01.2026 18:36:26; 38.063
 04.01.2026 18:39:27; 37.938
 04.01.2026 18:42:27; 38.188
 04.01.2026 18:45:26; 38.625
 04.01.2026 18:48:27; 38.625
 04.01.2026 18:51:27; 38.313
 04.01.2026 18:54:26; 38.188
 04.01.2026 18:57:27; 38.563
 04.01.2026 19:00:27; 38.688
 04.01.2026 19:03:26; 38.750
 04.01.2026 19:06:27; 38.688
 04.01.2026 19:09:26; 39.188
 04.01.2026 19:12:26; 39.813
 04.01.2026 19:15:27; 39.875
 04.01.2026 19:18:26; 39.813
 04.01.2026 19:21:26; 40.125
 04.01.2026 19:24:27; 39.875
 04.01.2026 19:27:27; 40.313
 04.01.2026 19:30:26; 39.813
 04.01.2026 19:33:27; 39.750
 04.01.2026 19:36:27; 40.250
 04.01.2026 19:39:26; 40.563
 04.01.2026 19:42:27; 40.250
 04.01.2026 19:45:27; 40.813
 04.01.2026 19:48:26; 41.313
 04.01.2026 19:51:27; 41.375
 04.01.2026 19:54:26; 41.063
 04.01.2026 19:57:26; 40.313
 04.01.2026 20:00:27; 39.688
 04.01.2026 20:03:26; 39.750
 04.01.2026 20:06:26; 39.500
 04.01.2026 20:09:27; 39.125
 04.01.2026 20:12:27; 38.500
 04.01.2026 20:15:26; 38.375
 04.01.2026 20:18:27; 38.000
 04.01.2026 20:21:27; 37.813
 04.01.2026 20:24:26; 35.750
 04.01.2026 20:27:27; 34.875
 04.01.2026 20:30:27; 34.625
 04.01.2026 20:33:26; 34.688
 04.01.2026 20:36:27; 33.250
 04.01.2026 20:39:26; 32.000
 04.01.2026 20:42:26; 31.688
 04.01.2026 20:45:27; 30.938
 04.01.2026 20:48:26; 30.000
 04.01.2026 20:51:26; 29.125
 04.01.2026 20:54:27; 28.563
 04.01.2026 20:57:27; 27.875
 04.01.2026 21:00:26; 27.313
 04.01.2026 21:03:27; 26.875
 04.01.2026 21:06:27; 26.500
 04.01.2026 21:09:26; 26.063
 04.01.2026 21:12:27; 25.688
 04.01.2026 21:15:27; 25.625
 04.01.2026 21:18:26; 25.563
 04.01.2026 21:21:27; 25.500
 04.01.2026 21:24:26; 25.250
 04.01.2026 21:27:26; 25.000
 04.01.2026 21:30:27; 24.813
 04.01.2026 21:33:26; 24.688
 04.01.2026 21:36:26; 24.750
 04.01.2026 21:39:27; 24.938
 04.01.2026 21:42:27; 25.000
 04.01.2026 21:45:26; 24.938
 04.01.2026 21:48:27; 24.813
 04.01.2026 21:51:27; 24.688
 04.01.2026 21:54:26; 24.625
 04.01.2026 21:57:27; 24.625
 04.01.2026 22:00:27; 24.500
 04.01.2026 22:03:26; 24.375
 04.01.2026 22:06:27; 24.188
 04.01.2026 22:09:26; 24.000
 04.01.2026 22:12:26; 23.750
 04.01.2026 22:15:27; 23.563
 04.01.2026 22:18:26; 23.375
 04.01.2026 22:21:26; 23.250
 04.01.2026 22:24:27; 23.125
 04.01.2026 22:27:27; 23.000
 04.01.2026 22:30:26; 22.938
 04.01.2026 22:33:27; 22.813
 04.01.2026 22:36:27; 22.750
 04.01.2026 22:39:26; 22.688
 04.01.2026 22:42:27; 22.625
 04.01.2026 22:45:27; 22.563
 04.01.2026 22:48:26; 22.438
 04.01.2026 22:51:27; 22.375
 04.01.2026 22:54:26; 22.250
 04.01.2026 22:57:26; 22.125
 04.01.2026 23:00:27; 22.000
 04.01.2026 23:03:26; 21.938
 04.01.2026 23:06:26; 21.875
 04.01.2026 23:09:27; 21.875
 04.01.2026 23:12:27; 21.750
 04.01.2026 23:15:26; 21.625
 04.01.2026 23:18:27; 21.500
 04.01.2026 23:21:27; 21.375
 04.01.2026 23:24:26; 21.250
 04.01.2026 23:27:27; 21.125
 04.01.2026 23:30:27; 21.063
 04.01.2026 23:33:26; 21.000
 04.01.2026 23:36:27; 20.813
 04.01.2026 23:39:26; 20.750
 04.01.2026 23:42:26; 20.563
 04.01.2026 23:45:27; 20.500
 04.01.2026 23:48:26; 20.438
 04.01.2026 23:51:26; 20.375
 04.01.2026 23:54:27; 20.250
 04.01.2026 23:57:27; 20.125
 05.01.2026 00:00:26; 20.000
 05.01.2026 00:03:27; 19.938
 05.01.2026 00:06:27; 19.875
 05.01.2026 00:09:26; 19.813
 05.01.2026 00:12:27; 19.750
 05.01.2026 00:15:27; 19.688
 05.01.2026 00:18:26; 19.625
 05.01.2026 00:21:27; 19.625
 05.01.2026 00:24:26; 19.625
 05.01.2026 00:27:26; 19.625
 05.01.2026 00:30:27; 19.625
 05.01.2026 00:33:26; 19.625
 05.01.2026 00:36:26; 19.625
 05.01.2026 00:39:27; 19.563
 05.01.2026 00:42:27; 19.563
 05.01.2026 00:45:26; 19.625
 05.01.2026 00:48:27; 19.688
 05.01.2026 00:51:27; 19.625
 05.01.2026 00:54:26; 19.625
 05.01.2026 00:57:27; 19.688
 05.01.2026 01:00:27; 19.688
 05.01.2026 01:03:26; 19.688
 05.01.2026 01:06:27; 19.750
 05.01.2026 01:09:26; 19.688
 05.01.2026 01:12:26; 19.688
 05.01.2026 01:15:27; 19.750
 05.01.2026 01:18:26; 19.750
 05.01.2026 01:21:26; 19.750
 05.01.2026 01:24:27; 19.750
 05.01.2026 01:27:27; 19.813
 05.01.2026 01:30:26; 20.125
 05.01.2026 01:33:27; 20.750
 05.01.2026 01:36:27; 21.125
 05.01.2026 01:39:26; 21.250
 05.01.2026 01:42:27; 21.375
 05.01.2026 01:45:27; 21.500
 05.01.2026 01:48:26; 21.625
 05.01.2026 01:51:27; 21.625
 05.01.2026 01:54:26; 21.625
 05.01.2026 01:57:26; 21.500
 05.01.2026 02:00:27; 21.375
 05.01.2026 02:03:26; 21.313
 05.01.2026 02:06:26; 21.188
 05.01.2026 02:09:27; 21.063
 05.01.2026 02:12:27; 21.000
 05.01.2026 02:15:26; 20.875
 05.01.2026 02:18:27; 20.750
 05.01.2026 02:21:27; 20.688
 05.01.2026 02:24:26; 20.625
 05.01.2026 02:27:27; 20.500
 05.01.2026 02:30:27; 20.438
 05.01.2026 02:33:26; 20.313
 05.01.2026 02:36:27; 20.250
 05.01.2026 02:39:26; 20.188
 05.01.2026 02:42:26; 20.188
 05.01.2026 02:45:27; 20.125
 05.01.2026 02:48:26; 20.000
 05.01.2026 02:51:26; 20.000
 05.01.2026 02:54:27; 19.938
 05.01.2026 02:57:27; 20.000
 05.01.2026 03:00:26; 19.938
 05.01.2026 03:03:27; 19.875
 05.01.2026 03:06:27; 19.750
 05.01.2026 03:09:26; 19.625
 05.01.2026 03:12:27; 19.500
 05.01.2026 03:15:27; 19.375
 05.01.2026 03:18:26; 19.250
 05.01.2026 03:21:27; 19.125
 05.01.2026 03:24:26; 19.000
 05.01.2026 03:27:26; 18.750
 05.01.2026 03:30:27; 18.563
 05.01.2026 03:33:26; 18.375
 05.01.2026 03:36:26; 18.250
 05.01.2026 03:39:27; 18.188
 05.01.2026 03:42:27; 18.125
 05.01.2026 03:45:26; 18.000
 05.01.2026 03:48:27; 18.000
 05.01.2026 03:51:27; 17.875
 05.01.2026 03:54:26; 17.750
 05.01.2026 03:57:27; 17.688
 05.01.2026 04:00:27; 17.563
 05.01.2026 04:03:26; 17.438
 05.01.2026 04:06:27; 17.375
 05.01.2026 04:09:26; 17.375
 05.01.2026 04:12:26; 17.313
 05.01.2026 04:15:27; 17.250
 05.01.2026 04:18:26; 17.250
 05.01.2026 04:21:26; 17.188
 05.01.2026 04:24:27; 17.188
 05.01.2026 04:27:27; 17.125
 05.01.2026 04:30:26; 17.125
 05.01.2026 04:33:27; 17.125
 05.01.2026 04:36:27; 17.063
 05.01.2026 04:39:26; 17.063
 05.01.2026 04:42:27; 17.063
 05.01.2026 04:45:27; 17.063
 05.01.2026 04:48:26; 17.063
 05.01.2026 04:51:27; 17.000
 05.01.2026 04:54:26; 17.000
 05.01.2026 04:57:26; 17.000
 05.01.2026 05:00:27; 17.000
 05.01.2026 05:03:26; 17.000
 05.01.2026 05:06:26; 17.000
 05.01.2026 05:09:27; 17.000
 05.01.2026 05:12:27; 17.000
 05.01.2026 05:15:26; 17.000
 05.01.2026 05:18:27; 17.000
 05.01.2026 05:21:27; 17.000
 05.01.2026 05:24:26; 17.000
 05.01.2026 05:27:27; 16.938
 05.01.2026 05:30:27; 16.938
 05.01.2026 05:33:26; 16.938
 05.01.2026 05:36:27; 16.938
 05.01.2026 05:39:26; 16.938
 05.01.2026 05:42:26; 16.938
 05.01.2026 05:45:27; 16.938
 05.01.2026 05:48:26; 16.938
 05.01.2026 05:51:26; 16.875
 05.01.2026 05:54:27; 16.875
 05.01.2026 05:57:27; 16.875
 05.01.2026 06:00:26; 16.875
 05.01.2026 06:03:27; 16.875
 05.01.2026 06:06:27; 16.875
 05.01.2026 06:09:26; 16.875
 05.01.2026 06:12:27; 16.875
 05.01.2026 06:15:27; 16.875
 05.01.2026 06:18:26; 16.875
 05.01.2026 06:21:27; 16.875
 05.01.2026 06:24:26; 16.875
 05.01.2026 06:27:26; 16.875
 05.01.2026 06:30:27; 16.875
 05.01.2026 06:33:26; 16.875
 05.01.2026 06:36:26; 16.813
 05.01.2026 06:39:27; 16.875
 05.01.2026 06:42:27; 16.813
 05.01.2026 06:45:26; 16.813
 05.01.2026 06:48:27; 16.813
 05.01.2026 06:51:27; 16.813
 05.01.2026 06:54:26; 16.813
 05.01.2026 06:57:27; 16.813
 05.01.2026 07:00:27; 16.813
 05.01.2026 07:03:26; 16.813
 05.01.2026 07:06:27; 16.750
 05.01.2026 07:09:26; 16.750
 05.01.2026 07:12:26; 16.750
 05.01.2026 07:15:27; 16.750
 05.01.2026 07:18:26; 16.750
 05.01.2026 07:21:26; 16.750
 05.01.2026 07:24:27; 16.750
 05.01.2026 07:27:27; 16.750
 05.01.2026 07:30:26; 16.688
 05.01.2026 07:33:27; 16.688
 05.01.2026 07:36:27; 16.688
 05.01.2026 07:39:26; 16.688
 05.01.2026 07:42:27; 16.688
 05.01.2026 07:45:27; 16.688
 05.01.2026 07:48:26; 16.688
 05.01.2026 07:51:27; 16.688
 05.01.2026 07:54:26; 16.688
 05.01.2026 07:57:26; 16.688
 05.01.2026 08:00:27; 16.688
 05.01.2026 08:03:26; 16.688
 05.01.2026 08:06:26; 16.688
 05.01.2026 08:09:27; 16.688
 05.01.2026 08:12:27; 16.688
 05.01.2026 08:15:26; 16.688
 05.01.2026 08:18:27; 16.688
 05.01.2026 08:21:27; 16.750
 05.01.2026 08:24:26; 16.750
 05.01.2026 08:27:27; 16.750
 05.01.2026 08:30:27; 16.750
 05.01.2026 08:33:26; 16.750
 05.01.2026 08:36:27; 16.750
 05.01.2026 08:39:26; 16.750
 05.01.2026 08:42:26; 16.750
 05.01.2026 08:45:27; 16.750
 05.01.2026 08:48:26; 16.750
 05.01.2026 08:51:26; 16.750
 05.01.2026 08:54:27; 16.750
 05.01.2026 08:57:27; 16.750
 05.01.2026 09:00:26; 16.750
 05.01.2026 09:03:27; 16.750
 05.01.2026 09:06:27; 16.688
 05.01.2026 09:09:26; 16.688
 05.01.2026 09:12:27; 16.688
 05.01.2026 09:15:27; 16.625
 05.01.2026 09:18:26; 16.563
 05.01.2026 09:21:27; 16.563
 05.01.2026 09:24:26; 16.563
 05.01.2026 09:27:26; 16.500
 05.01.2026 09:30:27; 16.500
 05.01.2026 09:33:26; 16.500
 05.01.2026 09:36:26; 16.438
 05.01.2026 09:39:27; 16.438
 05.01.2026 09:42:27; 16.375
 05.01.2026 09:45:26; 16.375
 05.01.2026 09:48:27; 16.375
 05.01.2026 09:51:27; 16.375
 05.01.2026 09:54:26; 16.375
 05.01.2026 09:57:27; 16.438
 05.01.2026 10:00:27; 16.375
 05.01.2026 10:03:26; 16.375
 05.01.2026 10:06:27; 16.438
 05.01.2026 10:09:26; 16.438
 05.01.2026 10:12:26; 16.500
 05.01.2026 10:15:27; 16.563
 05.01.2026 10:18:26; 16.563
 05.01.2026 10:21:26; 16.563
 05.01.2026 10:24:27; 16.563
 05.01.2026 10:27:27; 16.563
 05.01.2026 10:30:26; 16.563
 05.01.2026 10:33:27; 16.563
 05.01.2026 10:36:27; 16.500
 05.01.2026 10:39:26; 16.500
 05.01.2026 10:42:27; 16.438
 05.01.2026 10:45:27; 16.438
 05.01.2026 10:48:26; 16.438
 05.01.2026 10:51:27; 16.438
 05.01.2026 10:54:26; 16.438
 05.01.2026 10:57:26; 16.438
 05.01.2026 11:00:27; 16.438
 05.01.2026 11:03:26; 16.500
 05.01.2026 11:06:26; 16.563
 05.01.2026 11:09:27; 16.625
 05.01.2026 11:12:27; 16.625
 05.01.2026 11:15:26; 16.688
 05.01.2026 11:18:27; 16.813
 05.01.2026 11:21:27; 16.875
 05.01.2026 11:24:26; 16.938
 05.01.2026 11:27:27; 17.000
 05.01.2026 11:30:27; 17.125
 05.01.2026 11:33:26; 17.188
 05.01.2026 11:36:27; 17.313
 05.01.2026 11:39:26; 17.438
 05.01.2026 11:42:26; 17.688
 05.01.2026 11:45:27; 17.813
 05.01.2026 11:48:26; 17.938
 05.01.2026 11:51:26; 18.063
 05.01.2026 11:54:27; 18.188
 05.01.2026 11:57:27; 18.125
 05.01.2026 12:00:26; 18.063
 05.01.2026 12:03:27; 17.938
 05.01.2026 12:06:27; 17.875
 05.01.2026 12:09:26; 17.875
 05.01.2026 12:12:27; 17.875
 05.01.2026 12:15:27; 18.188
 05.01.2026 12:18:26; 18.563
 05.01.2026 12:21:27; 18.750
 05.01.2026 12:24:26; 18.938
 05.01.2026 12:27:26; 19.125
 05.01.2026 12:30:27; 19.250
 05.01.2026 12:33:26; 19.313
 05.01.2026 12:36:26; 19.375
 05.01.2026 12:39:27; 19.313
 05.01.2026 12:42:27; 19.313
 05.01.2026 12:45:26; 19.438
 05.01.2026 12:48:27; 19.688
 05.01.2026 12:51:27; 19.813
 05.01.2026 12:54:26; 19.813
 05.01.2026 12:57:27; 19.625
 05.01.2026 13:00:27; 19.563
 05.01.2026 13:03:26; 19.563
 05.01.2026 13:06:27; 19.750
 05.01.2026 13:09:26; 20.063
 05.01.2026 13:12:26; 20.313
 05.01.2026 13:15:27; 20.500
 05.01.2026 13:18:26; 20.750
 05.01.2026 13:21:26; 20.688
 05.01.2026 13:24:27; 20.438
 05.01.2026 13:27:27; 20.313
 05.01.2026 13:30:26; 20.625
 05.01.2026 13:33:27; 20.500
 05.01.2026 13:36:27; 20.625
 05.01.2026 13:39:26; 20.813
 05.01.2026 13:42:27; 20.875
 05.01.2026 13:45:27; 20.938
 05.01.2026 13:48:26; 21.125
 05.01.2026 13:51:27; 21.250
 05.01.2026 13:54:26; 21.375
 05.01.2026 13:57:26; 21.563
 05.01.2026 14:00:27; 21.813
 05.01.2026 14:03:26; 21.938
 05.01.2026 14:06:26; 22.063
 05.01.2026 14:09:27; 22.313
 05.01.2026 14:12:27; 22.438
 05.01.2026 14:15:26; 22.313
 05.01.2026 14:18:27; 22.375
 05.01.2026 14:21:27; 22.375
 05.01.2026 14:24:26; 22.500
 05.01.2026 14:27:27; 22.625
 05.01.2026 14:30:27; 22.625
 05.01.2026 14:33:26; 22.500
 05.01.2026 14:36:27; 22.625
 05.01.2026 14:39:26; 22.875
 05.01.2026 14:42:26; 22.938
 05.01.2026 14:45:27; 23.063
 05.01.2026 14:48:26; 23.313
 05.01.2026 14:51:26; 23.438
 05.01.2026 14:54:27; 23.438
 05.01.2026 14:57:27; 23.500
 05.01.2026 15:00:26; 23.563
 05.01.2026 15:03:27; 23.625
 05.01.2026 15:06:27; 23.875
 05.01.2026 15:09:26; 24.125
 05.01.2026 15:12:27; 24.438
 05.01.2026 15:15:27; 24.375
 05.01.2026 15:18:26; 24.250
 05.01.2026 15:21:27; 24.250
 05.01.2026 15:24:26; 24.313
 05.01.2026 15:27:26; 24.438
 05.01.2026 15:30:27; 24.563
 05.01.2026 15:33:26; 24.688
 05.01.2026 15:36:26; 25.125
 05.01.2026 15:39:27; 25.563
 05.01.2026 15:42:27; 25.563
 05.01.2026 15:45:26; 25.500
 05.01.2026 15:48:27; 25.625
 05.01.2026 15:51:27; 25.938
 05.01.2026 15:54:26; 26.188
 05.01.2026 15:57:27; 26.250
 05.01.2026 16:00:27; 26.625
 05.01.2026 16:03:26; 26.938
 05.01.2026 16:06:27; 27.063
 05.01.2026 16:09:26; 27.375
 05.01.2026 16:12:26; 27.500
 05.01.2026 16:15:27; 27.750
 05.01.2026 16:18:26; 28.125
 05.01.2026 16:21:26; 28.125
 05.01.2026 16:24:27; 28.250
 05.01.2026 16:27:27; 28.313
 05.01.2026 16:30:26; 28.813
 05.01.2026 16:33:27; 28.563
 05.01.2026 16:36:27; 29.063
 05.01.2026 16:39:26; 29.500
 05.01.2026 16:42:27; 29.813
 05.01.2026 16:45:27; 29.688
 05.01.2026 16:48:26; 29.563
 05.01.2026 16:51:27; 29.813
 05.01.2026 16:54:26; 30.125
 05.01.2026 16:57:26; 30.250
 05.01.2026 17:00:27; 30.125
 05.01.2026 17:03:26; 30.188
 05.01.2026 17:06:26; 30.563
 05.01.2026 17:09:27; 30.813
 05.01.2026 17:12:27; 31.625
 05.01.2026 17:15:26; 30.500
 05.01.2026 17:18:27; 30.250
 05.01.2026 17:21:27; 29.438
 05.01.2026 17:24:26; 28.875
 05.01.2026 17:27:27; 28.375
 05.01.2026 17:30:27; 28.063
 05.01.2026 17:33:26; 27.750
 05.01.2026 17:36:27; 27.938
 05.01.2026 17:39:26; 28.438
 05.01.2026 17:42:26; 28.875
 05.01.2026 17:45:27; 29.688
 05.01.2026 17:48:26; 29.750
 05.01.2026 17:51:26; 30.625
 05.01.2026 17:54:27; 31.250
 05.01.2026 17:57:27; 31.000
 05.01.2026 18:00:26; 32.000
 05.01.2026 18:03:27; 32.250
 05.01.2026 18:06:27; 33.188
 05.01.2026 18:09:26; 34.063
 05.01.2026 18:12:27; 34.313
 05.01.2026 18:15:27; 34.438
 05.01.2026 18:18:26; 35.438
 05.01.2026 18:21:27; 36.063
 05.01.2026 18:24:26; 36.250
 05.01.2026 18:27:26; 36.750
 05.01.2026 18:30:27; 37.438
 05.01.2026 18:33:26; 37.375
 05.01.2026 18:36:26; 34.813
 05.01.2026 18:39:27; 33.313
 05.01.2026 18:42:27; 32.188
 05.01.2026 18:45:26; 31.125
 05.01.2026 18:48:27; 31.688
 05.01.2026 18:51:27; 33.063
 05.01.2026 18:54:26; 34.438
 05.01.2026 18:57:27; 33.500
 05.01.2026 19:00:27; 31.438
 05.01.2026 19:03:26; 29.688
 05.01.2026 19:06:27; 28.500
 05.01.2026 19:09:26; 27.813
 05.01.2026 19:12:26; 27.313
 05.01.2026 19:15:27; 26.750
 05.01.2026 19:18:26; 26.563
 05.01.2026 19:21:26; 26.563
 05.01.2026 19:24:27; 28.438
 05.01.2026 19:27:27; 32.250
 05.01.2026 19:30:26; 34.750
 05.01.2026 19:33:27; 36.188
 05.01.2026 19:36:27; 36.938
 05.01.2026 19:39:26; 35.375
 05.01.2026 19:42:27; 34.875
 05.01.2026 19:45:27; 33.063
 05.01.2026 19:48:26; 31.750
 05.01.2026 19:51:27; 30.625
 05.01.2026 19:54:26; 29.875
 05.01.2026 19:57:26; 29.500
 05.01.2026 20:00:27; 30.063
 05.01.2026 20:03:26; 30.250
 05.01.2026 20:06:26; 29.188
 05.01.2026 20:09:27; 28.750
 05.01.2026 20:12:27; 28.625
 05.01.2026 20:15:26; 29.000
 05.01.2026 20:18:27; 28.375
 05.01.2026 20:21:27; 27.563
 05.01.2026 20:24:26; 26.813
 05.01.2026 20:27:27; 26.250
 05.01.2026 20:30:27; 25.875
 05.01.2026 20:33:26; 25.688
 05.01.2026 20:36:27; 25.500
 05.01.2026 20:39:26; 25.563
 05.01.2026 20:42:26; 25.500
 05.01.2026 20:45:27; 25.250
 05.01.2026 20:48:26; 25.125
 05.01.2026 20:51:26; 24.938
 05.01.2026 20:54:27; 24.750
 05.01.2026 20:57:27; 24.688
 05.01.2026 21:00:26; 24.500
 05.01.2026 21:03:27; 24.438
 05.01.2026 21:06:27; 24.250
 05.01.2026 21:09:26; 24.125
 05.01.2026 21:12:27; 24.000
 05.01.2026 21:15:27; 23.875
 05.01.2026 21:18:26; 23.688
 05.01.2026 21:21:27; 23.563
 05.01.2026 21:24:26; 23.438
 05.01.2026 21:27:26; 23.250
 05.01.2026 21:30:27; 23.125
 05.01.2026 21:33:26; 23.063
 05.01.2026 21:36:26; 23.125
 05.01.2026 21:39:27; 23.188
 05.01.2026 21:42:27; 23.188
 05.01.2026 21:45:26; 23.188
 05.01.2026 21:48:27; 23.188
 05.01.2026 21:51:27; 23.063
 05.01.2026 21:54:26; 22.938
 05.01.2026 21:57:27; 22.813
 05.01.2026 22:00:27; 22.625
 05.01.2026 22:03:26; 22.500
 05.01.2026 22:06:27; 22.438
 05.01.2026 22:09:26; 22.375
 05.01.2026 22:12:26; 22.313
 05.01.2026 22:15:27; 22.313
 05.01.2026 22:18:26; 22.313
 05.01.2026 22:21:26; 22.375
 05.01.2026 22:24:27; 22.563
 05.01.2026 22:27:27; 22.750
 05.01.2026 22:30:26; 22.875
 05.01.2026 22:33:27; 22.875
 05.01.2026 22:36:27; 22.875
 05.01.2026 22:39:26; 22.750
 05.01.2026 22:42:27; 22.750
 05.01.2026 22:45:27; 22.625
 05.01.2026 22:48:26; 22.500
 05.01.2026 22:51:27; 22.375
 05.01.2026 22:54:26; 22.250
 05.01.2026 22:57:26; 22.000
 05.01.2026 23:00:27; 21.813
 05.01.2026 23:03:26; 21.625
 05.01.2026 23:06:26; 21.500
 05.01.2026 23:09:27; 21.438
 05.01.2026 23:12:27; 21.375
 05.01.2026 23:15:26; 21.313
 05.01.2026 23:18:27; 21.250
 05.01.2026 23:21:27; 21.188
 05.01.2026 23:24:26; 21.125
 05.01.2026 23:27:27; 21.188
 05.01.2026 23:30:27; 21.188
 05.01.2026 23:33:26; 21.000
 05.01.2026 23:36:27; 20.813
 05.01.2026 23:39:26; 20.750
 05.01.2026 23:42:26; 20.750
 05.01.2026 23:45:27; 20.875
 05.01.2026 23:48:26; 20.938
 05.01.2026 23:51:26; 20.938
 05.01.2026 23:54:27; 21.000
 05.01.2026 23:57:27; 21.000
 06.01.2026 00:00:26; 20.938
 06.01.2026 00:03:27; 20.875
 06.01.2026 00:06:27; 20.750
 06.01.2026 00:09:26; 20.625
 06.01.2026 00:12:27; 20.500
 06.01.2026 00:15:27; 20.313
 06.01.2026 00:18:26; 20.188
 06.01.2026 00:21:27; 20.063
 06.01.2026 00:24:26; 19.875
 06.01.2026 00:27:26; 19.750
 06.01.2026 00:30:27; 19.625
 06.01.2026 00:33:26; 19.563
 06.01.2026 00:36:26; 19.500
 06.01.2026 00:39:27; 19.500
 06.01.2026 00:42:27; 19.438
 06.01.2026 00:45:26; 19.375
 06.01.2026 00:48:27; 19.375
 06.01.2026 00:51:27; 19.313
 06.01.2026 00:54:26; 19.250
 06.01.2026 00:57:27; 19.188
 06.01.2026 01:00:27; 19.125
 06.01.2026 01:03:26; 19.063
 06.01.2026 01:06:27; 19.000
 06.01.2026 01:09:26; 18.938
 06.01.2026 01:12:26; 18.813
 06.01.2026 01:15:27; 18.750
 06.01.2026 01:18:26; 18.750
 06.01.2026 01:21:26; 18.688
 06.01.2026 01:24:27; 18.688
 06.01.2026 01:27:27; 18.688
 06.01.2026 01:30:26; 18.625
 06.01.2026 01:33:27; 18.563
 06.01.2026 01:36:27; 18.500
 06.01.2026 01:39:26; 18.438
 06.01.2026 01:42:27; 18.313
 06.01.2026 01:45:27; 18.313
 06.01.2026 01:48:26; 18.313
 06.01.2026 01:51:27; 18.313
 06.01.2026 01:54:26; 18.250
 06.01.2026 01:57:26; 18.313
 06.01.2026 02:00:27; 18.250
 06.01.2026 02:03:26; 18.250
 06.01.2026 02:06:26; 18.188
 06.01.2026 02:09:27; 18.125
 06.01.2026 02:12:27; 18.000
 06.01.2026 02:15:26; 17.938
 06.01.2026 02:18:27; 17.875
 06.01.2026 02:21:27; 17.813
 06.01.2026 02:24:26; 17.750
 06.01.2026 02:27:27; 17.688
 06.01.2026 02:30:27; 17.625
 06.01.2026 02:33:26; 17.563
 06.01.2026 02:36:27; 17.500
 06.01.2026 02:39:26; 17.438
 06.01.2026 02:42:26; 17.375
 06.01.2026 02:45:27; 17.375
 06.01.2026 02:48:26; 17.313
 06.01.2026 02:51:26; 17.313
 06.01.2026 02:54:27; 17.250
 06.01.2026 02:57:27; 17.250
 06.01.2026 03:00:26; 17.250
 06.01.2026 03:03:27; 17.188
 06.01.2026 03:06:27; 17.188
 06.01.2026 03:09:26; 17.125
 06.01.2026 03:12:27; 17.125
 06.01.2026 03:15:27; 17.063
 06.01.2026 03:18:26; 17.063
 06.01.2026 03:21:27; 17.063
 06.01.2026 03:24:26; 17.063
 06.01.2026 03:27:26; 17.063
 06.01.2026 03:30:27; 17.000
 06.01.2026 03:33:26; 17.000
 06.01.2026 03:36:26; 17.000
 06.01.2026 03:39:27; 17.000
 06.01.2026 03:42:27; 17.000
 06.01.2026 03:45:26; 17.000
 06.01.2026 03:48:27; 17.000
 06.01.2026 03:51:27; 17.000
 06.01.2026 03:54:26; 17.063
 06.01.2026 03:57:27; 17.000
 06.01.2026 04:00:27; 17.000
 06.01.2026 04:03:26; 16.938
 06.01.2026 04:06:27; 16.938
 06.01.2026 04:09:26; 16.938
 06.01.2026 04:12:26; 16.875
 06.01.2026 04:15:27; 16.875
 06.01.2026 04:18:26; 16.813
 06.01.2026 04:21:26; 16.813
 06.01.2026 04:24:27; 16.875
 06.01.2026 04:27:27; 16.938
 06.01.2026 04:30:26; 16.938
 06.01.2026 04:33:27; 16.938
 06.01.2026 04:36:27; 17.000
 06.01.2026 04:39:26; 17.000
 06.01.2026 04:42:27; 17.125
 06.01.2026 04:45:27; 17.188
 06.01.2026 04:48:26; 17.188
 06.01.2026 04:51:27; 17.250
 06.01.2026 04:54:26; 17.250
 06.01.2026 04:57:26; 17.313
 06.01.2026 05:00:27; 17.313
 06.01.2026 05:03:26; 17.313
 06.01.2026 05:06:26; 17.375
 06.01.2026 05:09:27; 17.375
 06.01.2026 05:12:27; 17.375
 06.01.2026 05:15:26; 17.375
 06.01.2026 05:18:27; 17.375
 06.01.2026 05:21:27; 17.313
 06.01.2026 05:24:26; 17.313
 06.01.2026 05:27:27; 17.313
 06.01.2026 05:30:27; 17.375
 06.01.2026 05:33:26; 17.375
 06.01.2026 05:36:27; 17.375
 06.01.2026 05:39:26; 17.438
 06.01.2026 05:42:26; 17.813
 06.01.2026 05:45:27; 18.000
 06.01.2026 05:48:26; 18.125
 06.01.2026 05:51:26; 18.188
 06.01.2026 05:54:27; 18.250
 06.01.2026 05:57:27; 18.313
 06.01.2026 06:00:26; 18.375
 06.01.2026 06:03:27; 18.375
 06.01.2026 06:06:27; 18.375
 06.01.2026 06:09:26; 18.313
 06.01.2026 06:12:27; 18.313
 06.01.2026 06:15:27; 18.250
 06.01.2026 06:18:26; 18.250
 06.01.2026 06:21:27; 18.250
 06.01.2026 06:24:26; 18.188
 06.01.2026 06:27:26; 18.125
 06.01.2026 06:30:27; 18.063
 06.01.2026 06:33:26; 18.000
 06.01.2026 06:36:26; 17.875
 06.01.2026 06:39:27; 17.813
 06.01.2026 06:42:27; 17.688
 06.01.2026 06:45:26; 17.625
 06.01.2026 06:48:27; 17.500
 06.01.2026 06:51:27; 17.438
 06.01.2026 06:54:26; 17.375
 06.01.2026 06:57:27; 17.250
 06.01.2026 07:00:27; 17.250
 06.01.2026 07:03:26; 17.188
 06.01.2026 07:06:27; 17.125
 06.01.2026 07:09:26; 17.063
 06.01.2026 07:12:26; 17.000
 06.01.2026 07:15:27; 16.938
 06.01.2026 07:18:26; 16.938
 06.01.2026 07:21:26; 16.938
 06.01.2026 07:24:27; 16.875
 06.01.2026 07:27:27; 16.813
 06.01.2026 07:30:26; 16.813
 06.01.2026 07:33:27; 16.750
 06.01.2026 07:36:27; 16.750
 06.01.2026 07:39:26; 16.688
 06.01.2026 07:42:27; 16.688
 06.01.2026 07:45:27; 16.688
 06.01.2026 07:48:26; 16.688
 06.01.2026 07:51:27; 16.688
 06.01.2026 07:54:26; 16.688
 06.01.2026 07:57:26; 16.625
 06.01.2026 08:00:27; 16.625
 06.01.2026 08:03:26; 16.563
 06.01.2026 08:06:26; 16.563
 06.01.2026 08:09:27; 16.500
 06.01.2026 08:12:27; 16.500
 06.01.2026 08:15:26; 16.500
 06.01.2026 08:18:27; 16.500
 06.01.2026 08:21:27; 16.438
 06.01.2026 08:24:26; 16.438
 06.01.2026 08:27:27; 16.438
 06.01.2026 08:30:27; 16.438
 06.01.2026 08:33:26; 16.438
 06.01.2026 08:36:27; 16.438
 06.01.2026 08:39:26; 16.438
 06.01.2026 08:42:26; 16.438
 06.01.2026 08:45:27; 16.438
 06.01.2026 08:48:26; 16.438
 06.01.2026 08:51:26; 16.375
 06.01.2026 08:54:27; 16.438
 06.01.2026 08:57:27; 16.438
 06.01.2026 09:00:26; 16.438
 06.01.2026 09:03:27; 16.438
 06.01.2026 09:06:27; 16.438
 06.01.2026 09:09:26; 16.438
 06.01.2026 09:12:27; 16.375
 06.01.2026 09:15:27; 16.375
 06.01.2026 09:18:26; 16.375
 06.01.2026 09:21:27; 16.375
 06.01.2026 09:24:26; 16.375
 06.01.2026 09:27:26; 16.438
 06.01.2026 09:30:27; 16.438
 06.01.2026 09:33:26; 16.438
 06.01.2026 09:36:26; 16.438
 06.01.2026 09:39:27; 16.438
 06.01.2026 09:42:27; 16.500
 06.01.2026 09:45:26; 16.500
 06.01.2026 09:48:27; 16.500
 06.01.2026 09:51:27; 16.500
 06.01.2026 09:54:26; 16.500
 06.01.2026 09:57:27; 16.500
 06.01.2026 10:00:27; 16.500
 06.01.2026 10:03:26; 16.500
 06.01.2026 10:06:27; 16.500
 06.01.2026 10:09:26; 16.375
 06.01.2026 10:12:26; 16.375
 06.01.2026 10:15:27; 16.375
 06.01.2026 10:18:26; 16.375
 06.01.2026 10:21:26; 16.375
 06.01.2026 10:24:27; 16.375
 06.01.2026 10:27:27; 16.313
 06.01.2026 10:30:26; 16.313
 06.01.2026 10:33:27; 16.250
 06.01.2026 10:36:27; 16.250
 06.01.2026 10:39:26; 16.250
 06.01.2026 10:42:27; 16.250
 06.01.2026 10:45:27; 16.250
 06.01.2026 10:48:26; 16.250
 06.01.2026 10:51:27; 16.250
 06.01.2026 10:54:26; 16.250
 06.01.2026 10:57:26; 16.188
 06.01.2026 11:00:27; 16.125
 06.01.2026 11:03:26; 16.125
 06.01.2026 11:06:26; 16.125
 06.01.2026 11:09:27; 16.125
 06.01.2026 11:12:27; 16.125
 06.01.2026 11:15:26; 16.125
 06.01.2026 11:18:27; 16.125
 06.01.2026 11:21:27; 16.125
 06.01.2026 11:24:26; 16.188
 06.01.2026 11:27:27; 16.188
 06.01.2026 11:30:27; 16.188
 06.01.2026 11:33:26; 16.188
 06.01.2026 11:36:27; 16.188
 06.01.2026 11:39:26; 16.250
 06.01.2026 11:42:26; 16.250
 06.01.2026 11:45:27; 16.250
 06.01.2026 11:48:26; 16.250
 06.01.2026 11:51:26; 16.250
 06.01.2026 11:54:27; 16.250
 06.01.2026 11:57:27; 16.250
 06.01.2026 12:00:26; 16.250
 06.01.2026 12:03:27; 16.313
 06.01.2026 12:06:27; 16.375
 06.01.2026 12:09:26; 16.438
 06.01.2026 12:12:27; 16.500
 06.01.2026 12:15:27; 16.563
 06.01.2026 12:18:26; 16.625
 06.01.2026 12:21:27; 16.563
 06.01.2026 12:24:26; 16.500
 06.01.2026 12:27:26; 16.500
 06.01.2026 12:30:27; 16.563
 06.01.2026 12:33:26; 16.625
 06.01.2026 12:36:26; 16.563
 06.01.2026 12:39:27; 16.625
 06.01.2026 12:42:27; 16.625
 06.01.2026 12:45:26; 16.625
 06.01.2026 12:48:27; 16.625
 06.01.2026 12:51:27; 16.625
 06.01.2026 12:54:26; 16.625
 06.01.2026 12:57:27; 16.688
 06.01.2026 13:00:27; 16.750
 06.01.2026 13:03:26; 16.750
 06.01.2026 13:06:27; 16.688
 06.01.2026 13:09:26; 16.625
 06.01.2026 13:12:26; 16.563
 06.01.2026 13:15:27; 16.563
 06.01.2026 13:18:26; 16.500
 06.01.2026 13:21:26; 16.500
 06.01.2026 13:24:27; 16.438
 06.01.2026 13:27:27; 16.438
 06.01.2026 13:30:26; 16.438
 06.01.2026 13:33:27; 16.375
 06.01.2026 13:36:27; 16.375
 06.01.2026 13:39:26; 16.313
 06.01.2026 13:42:27; 16.313
 06.01.2026 13:45:27; 16.250
 06.01.2026 13:48:26; 16.188
 06.01.2026 13:51:27; 16.125
 06.01.2026 13:54:26; 16.125
 06.01.2026 13:57:26; 16.063
 06.01.2026 14:00:27; 16.063
 06.01.2026 14:03:26; 16.063
 06.01.2026 14:06:26; 16.125
 06.01.2026 14:09:27; 16.125
 06.01.2026 14:12:27; 16.125
 06.01.2026 14:15:26; 16.250
 06.01.2026 14:18:27; 16.313
 06.01.2026 14:21:27; 16.438
 06.01.2026 14:24:26; 16.625
 06.01.2026 14:27:27; 16.875
 06.01.2026 14:30:27; 16.938
 06.01.2026 14:33:26; 17.125
 06.01.2026 14:36:27; 17.125
 06.01.2026 14:39:26; 17.125
 06.01.2026 14:42:26; 17.063
 06.01.2026 14:45:27; 17.063
 06.01.2026 14:48:26; 17.063
 06.01.2026 14:51:26; 17.000
 06.01.2026 14:54:27; 16.938
 06.01.2026 14:57:27; 16.813
 06.01.2026 15:00:26; 16.688
 06.01.2026 15:03:27; 16.688
 06.01.2026 15:06:27; 16.688
 06.01.2026 15:09:26; 16.688
 06.01.2026 15:12:27; 16.813
 06.01.2026 15:15:27; 17.000
 06.01.2026 15:18:26; 17.000
 06.01.2026 15:21:27; 17.125
 06.01.2026 15:24:26; 17.250
 06.01.2026 15:27:26; 17.375
 06.01.2026 15:30:27; 17.563
 06.01.2026 15:33:26; 17.688
 06.01.2026 15:36:26; 17.875
 06.01.2026 15:39:27; 17.938
 06.01.2026 15:42:27; 18.125
 06.01.2026 15:45:26; 18.188
 06.01.2026 15:48:27; 18.375
 06.01.2026 15:51:27; 18.563
 06.01.2026 15:54:26; 18.563
 06.01.2026 15:57:27; 18.500
 06.01.2026 16:00:27; 18.438
 06.01.2026 16:03:26; 18.313
 06.01.2026 16:06:27; 18.313
 06.01.2026 16:09:26; 18.250
 06.01.2026 16:12:26; 18.188
 06.01.2026 16:15:27; 18.063
 06.01.2026 16:18:26; 18.125
 06.01.2026 16:21:26; 18.125
 06.01.2026 16:24:27; 18.063
 06.01.2026 16:27:27; 18.000
 06.01.2026 16:30:26; 18.063
 06.01.2026 16:33:27; 18.125
 06.01.2026 16:36:27; 18.063
 06.01.2026 16:39:26; 18.000
 06.01.2026 16:42:27; 18.000
 06.01.2026 16:45:27; 18.188
 06.01.2026 16:48:26; 18.188
 06.01.2026 16:51:27; 18.188
 06.01.2026 16:54:26; 18.188
 06.01.2026 16:57:26; 18.188
 06.01.2026 17:00:27; 18.125
 06.01.2026 17:03:26; 18.125
 06.01.2026 17:06:26; 18.250
 06.01.2026 17:09:27; 18.313
 06.01.2026 17:12:27; 18.375
 06.01.2026 17:15:26; 18.500
 06.01.2026 17:18:27; 18.500
 06.01.2026 17:21:27; 18.625
 06.01.2026 17:24:26; 18.875
 06.01.2026 17:27:27; 19.125
 06.01.2026 17:30:27; 19.250
 06.01.2026 17:33:26; 19.375
 06.01.2026 17:36:27; 19.438
 06.01.2026 17:39:26; 19.375
 06.01.2026 17:42:26; 19.250
 06.01.2026 17:45:27; 19.063
 06.01.2026 17:48:26; 19.000
 06.01.2026 17:51:26; 18.875
 06.01.2026 17:54:27; 18.750
 06.01.2026 17:57:27; 18.688
 06.01.2026 18:00:26; 18.688
 06.01.2026 18:03:27; 18.750
 06.01.2026 18:06:27; 18.813
 06.01.2026 18:09:26; 19.000
 06.01.2026 18:12:27; 19.125
 06.01.2026 18:15:27; 19.313
 06.01.2026 18:18:26; 19.438
 06.01.2026 18:21:27; 19.438
 06.01.2026 18:24:26; 19.438
 06.01.2026 18:27:26; 19.313
 06.01.2026 18:30:27; 19.188
 06.01.2026 18:33:26; 19.188
 06.01.2026 18:36:26; 19.125
 06.01.2026 18:39:27; 19.063
 06.01.2026 18:42:27; 19.125
 06.01.2026 18:45:26; 19.063
 06.01.2026 18:48:27; 19.000
 06.01.2026 18:51:27; 19.000
 06.01.2026 18:54:26; 19.125
 06.01.2026 18:57:27; 19.063
 06.01.2026 19:00:27; 19.125
 06.01.2026 19:03:26; 19.063
 06.01.2026 19:06:27; 19.000
 06.01.2026 19:09:26; 18.938
 06.01.2026 19:12:26; 18.938
 06.01.2026 19:15:27; 18.875
 06.01.2026 19:18:26; 18.813
 06.01.2026 19:21:26; 18.750
 06.01.2026 19:24:27; 18.688
 06.01.2026 19:27:27; 18.625
 06.01.2026 19:30:26; 18.563
 06.01.2026 19:33:27; 18.563
 06.01.2026 19:36:27; 18.563
 06.01.2026 19:39:26; 18.563
 06.01.2026 19:42:27; 18.625
 06.01.2026 19:45:27; 18.625
 06.01.2026 19:48:26; 18.625
 06.01.2026 19:51:27; 18.625
 06.01.2026 19:54:26; 18.563
 06.01.2026 19:57:26; 18.563
 06.01.2026 20:00:27; 18.625
 06.01.2026 20:03:26; 18.625
 06.01.2026 20:06:26; 18.750
 06.01.2026 20:09:27; 18.875
 06.01.2026 20:12:27; 18.875
 06.01.2026 20:15:26; 18.688
 06.01.2026 20:18:27; 18.625
 06.01.2026 20:21:27; 18.625
 06.01.2026 20:24:26; 18.688
 06.01.2026 20:27:27; 18.750
 06.01.2026 20:30:27; 19.000
 06.01.2026 20:33:26; 19.063
 06.01.2026 20:36:27; 19.063
 06.01.2026 20:39:26; 19.063
 06.01.2026 20:42:26; 19.125
 06.01.2026 20:45:27; 19.188
 06.01.2026 20:48:26; 19.313
 06.01.2026 20:51:26; 19.500
 06.01.2026 20:54:27; 19.688
 06.01.2026 20:57:27; 19.625
 06.01.2026 21:00:26; 19.625
 06.01.2026 21:03:27; 19.688
 06.01.2026 21:06:27; 19.625
 06.01.2026 21:09:26; 19.625
 06.01.2026 21:12:27; 19.563
 06.01.2026 21:15:27; 19.500
 06.01.2026 21:18:26; 19.500
 06.01.2026 21:21:27; 19.438
 06.01.2026 21:24:26; 19.375
 06.01.2026 21:27:26; 19.250
 06.01.2026 21:30:27; 19.188
 06.01.2026 21:33:26; 19.125
 06.01.2026 21:36:26; 19.063
 06.01.2026 21:39:27; 19.063
 06.01.2026 21:42:27; 19.125
 06.01.2026 21:45:26; 19.250
 06.01.2026 21:48:27; 19.313
 06.01.2026 21:51:27; 19.313
 06.01.2026 21:54:26; 19.250
 06.01.2026 21:57:27; 19.188
 06.01.2026 22:00:27; 19.125
 06.01.2026 22:03:26; 19.000
 06.01.2026 22:06:27; 18.938
 06.01.2026 22:09:26; 18.875
 06.01.2026 22:12:26; 18.875
 06.01.2026 22:15:27; 18.875
 06.01.2026 22:18:26; 18.938
 06.01.2026 22:21:26; 19.000
 06.01.2026 22:24:27; 19.000
 06.01.2026 22:27:27; 18.938
 06.01.2026 22:30:26; 18.875
 06.01.2026 22:33:27; 18.813
 06.01.2026 22:36:27; 18.750
 06.01.2026 22:39:26; 18.688
 06.01.2026 22:42:27; 18.625
 06.01.2026 22:45:27; 18.500
 06.01.2026 22:48:26; 18.438
 06.01.2026 22:51:27; 18.375
 06.01.2026 22:54:26; 18.313
 06.01.2026 22:57:26; 18.188
 06.01.2026 23:00:27; 18.125
 06.01.2026 23:03:26; 18.125
 06.01.2026 23:06:26; 18.000
 06.01.2026 23:09:27; 17.938
 06.01.2026 23:12:27; 17.813
 06.01.2026 23:15:26; 17.813
 06.01.2026 23:18:27; 17.688
 06.01.2026 23:21:27; 17.625
 06.01.2026 23:24:26; 17.563
 06.01.2026 23:27:27; 17.563
 06.01.2026 23:30:27; 17.500
 06.01.2026 23:33:26; 17.438
 06.01.2026 23:36:27; 17.313
 06.01.2026 23:39:26; 17.250
 06.01.2026 23:42:26; 17.188
 06.01.2026 23:45:27; 17.125
 06.01.2026 23:48:26; 17.000
 06.01.2026 23:51:26; 16.938
 06.01.2026 23:54:27; 16.813
 06.01.2026 23:57:27; 16.688
 07.01.2026 00:00:26; 16.563
 07.01.2026 00:03:27; 16.500
 07.01.2026 00:06:27; 16.375
 07.01.2026 00:09:26; 16.313
 07.01.2026 00:12:27; 16.250
 07.01.2026 00:15:27; 16.188
 07.01.2026 00:18:26; 16.125
 07.01.2026 00:21:27; 16.125
 07.01.2026 00:24:26; 16.063
 07.01.2026 00:27:26; 16.000
 07.01.2026 00:30:27; 16.000
 07.01.2026 00:33:26; 15.938
 07.01.2026 00:36:26; 15.875
 07.01.2026 00:39:27; 15.875
 07.01.2026 00:42:27; 15.813
 07.01.2026 00:45:26; 15.813
 07.01.2026 00:48:27; 15.750
 07.01.2026 00:51:27; 15.750
 07.01.2026 00:54:26; 15.688
 07.01.2026 00:57:27; 15.688
 07.01.2026 01:00:27; 15.688
 07.01.2026 01:03:26; 15.625
 07.01.2026 01:06:27; 15.625
 07.01.2026 01:09:26; 15.625
 07.01.2026 01:12:26; 15.563
 07.01.2026 01:15:27; 15.563
 07.01.2026 01:18:26; 15.500
 07.01.2026 01:21:26; 15.500
 07.01.2026 01:24:27; 15.438
 07.01.2026 01:27:27; 15.375
 07.01.2026 01:30:26; 15.375
 07.01.2026 01:33:27; 15.313
 07.01.2026 01:36:27; 15.313
 07.01.2026 01:39:26; 15.313
 07.01.2026 01:42:27; 15.313
 07.01.2026 01:45:27; 15.313
 07.01.2026 01:48:26; 15.375
 07.01.2026 01:51:27; 15.438
 07.01.2026 01:54:26; 15.438
 07.01.2026 01:57:26; 15.438
 07.01.2026 02:00:27; 15.500
 07.01.2026 02:03:26; 15.500
 07.01.2026 02:06:26; 15.500
 07.01.2026 02:09:27; 15.438
 07.01.2026 02:12:27; 15.500
 07.01.2026 02:15:26; 15.500
 07.01.2026 02:18:27; 15.563
 07.01.2026 02:21:27; 15.563
 07.01.2026 02:24:26; 15.563
 07.01.2026 02:27:27; 15.563
 07.01.2026 02:30:27; 15.625
 07.01.2026 02:33:26; 15.625
 07.01.2026 02:36:27; 15.688
 07.01.2026 02:39:26; 15.688
 07.01.2026 02:42:26; 15.750
 07.01.2026 02:45:27; 15.750
 07.01.2026 02:48:26; 15.813
 07.01.2026 02:51:26; 15.813
 07.01.2026 02:54:27; 15.813
 07.01.2026 02:57:27; 15.813
 07.01.2026 03:00:26; 15.750
 07.01.2026 03:03:27; 15.750
 07.01.2026 03:06:27; 15.750
 07.01.2026 03:09:26; 15.750
 07.01.2026 03:12:27; 15.750
 07.01.2026 03:15:27; 15.688
 07.01.2026 03:18:26; 15.688
 07.01.2026 03:21:27; 15.688
 07.01.2026 03:24:26; 15.750
 07.01.2026 03:27:26; 15.750
 07.01.2026 03:30:27; 15.813
 07.01.2026 03:33:26; 15.813
 07.01.2026 03:36:26; 15.875
 07.01.2026 03:39:27; 15.875
 07.01.2026 03:42:27; 15.875
 07.01.2026 03:45:26; 15.875
 07.01.2026 03:48:27; 15.875
 07.01.2026 03:51:27; 15.875
 07.01.2026 03:54:26; 15.875
 07.01.2026 03:57:27; 15.875
 07.01.2026 04:00:27; 15.875
 07.01.2026 04:03:26; 15.875
 07.01.2026 04:06:27; 15.938
 07.01.2026 04:09:26; 15.938
 07.01.2026 04:12:26; 15.938
 07.01.2026 04:15:27; 15.938
 07.01.2026 04:18:26; 15.938
 07.01.2026 04:21:26; 16.000
 07.01.2026 04:24:27; 15.938
 07.01.2026 04:27:27; 15.938
 07.01.2026 04:30:26; 15.875
 07.01.2026 04:33:27; 15.750
 07.01.2026 04:36:27; 15.625
 07.01.2026 04:39:26; 15.563
 07.01.2026 04:42:27; 15.563
 07.01.2026 04:45:27; 15.500
 07.01.2026 04:48:26; 15.438
 07.01.2026 04:51:27; 15.375
 07.01.2026 04:54:26; 15.250
 07.01.2026 04:57:26; 15.125
 07.01.2026 05:00:27; 15.063
 07.01.2026 05:03:26; 15.063
 07.01.2026 05:06:26; 15.063
 07.01.2026 05:09:27; 15.000
 07.01.2026 05:12:27; 14.875
 07.01.2026 05:15:26; 14.750
 07.01.2026 05:18:27; 14.500
 07.01.2026 05:21:27; 14.375
 07.01.2026 05:24:26; 14.188
 07.01.2026 05:27:27; 14.000
 07.01.2026 05:30:27; 13.875
 07.01.2026 05:33:26; 13.750
 07.01.2026 05:36:27; 13.688
 07.01.2026 05:39:26; 13.625
 07.01.2026 05:42:26; 13.625
 07.01.2026 05:45:27; 13.563
 07.01.2026 05:48:26; 13.500
 07.01.2026 05:51:26; 13.438
 07.01.2026 05:54:27; 13.375
 07.01.2026 05:57:27; 13.313
 07.01.2026 06:00:26; 13.250
 07.01.2026 06:03:27; 13.250
 07.01.2026 06:06:27; 13.188
 07.01.2026 06:09:26; 13.188
 07.01.2026 06:12:27; 13.188
 07.01.2026 06:15:27; 13.125
 07.01.2026 06:18:26; 13.125
 07.01.2026 06:21:27; 13.125
 07.01.2026 06:24:26; 13.063
 07.01.2026 06:27:26; 13.063
 07.01.2026 06:30:27; 13.063
 07.01.2026 06:33:26; 13.063
 07.01.2026 06:36:26; 13.063
 07.01.2026 06:39:27; 13.063
 07.01.2026 06:42:27; 13.063
 07.01.2026 06:45:26; 13.063
 07.01.2026 06:48:27; 13.063
 07.01.2026 06:51:27; 13.063
 07.01.2026 06:54:26; 13.063
 07.01.2026 06:57:27; 13.063
 07.01.2026 07:00:27; 13.063
 07.01.2026 07:03:26; 13.063
 07.01.2026 07:06:27; 13.125
 07.01.2026 07:09:26; 13.125
 07.01.2026 07:12:26; 13.125
 07.01.2026 07:15:27; 13.188
 07.01.2026 07:18:26; 13.188
 07.01.2026 07:21:26; 13.188
 07.01.2026 07:24:27; 13.250
 07.01.2026 07:27:27; 13.250
 07.01.2026 07:30:26; 13.250
 07.01.2026 07:33:27; 13.250
 07.01.2026 07:36:27; 13.250
 07.01.2026 07:39:26; 13.250
 07.01.2026 07:42:27; 13.250
 07.01.2026 07:45:27; 13.250
 07.01.2026 07:48:26; 13.313
 07.01.2026 07:51:27; 13.313
 07.01.2026 07:54:26; 13.313
 07.01.2026 07:57:26; 13.313
 07.01.2026 08:00:27; 13.313
 07.01.2026 08:03:26; 13.313
 07.01.2026 08:06:26; 13.375
 07.01.2026 08:09:27; 13.375
 07.01.2026 08:12:27; 13.375
 07.01.2026 08:15:26; 13.375
 07.01.2026 08:18:27; 13.375
 07.01.2026 08:21:27; 13.375
 07.01.2026 08:24:26; 13.438
 07.01.2026 08:27:27; 13.438
 07.01.2026 08:30:27; 13.438
 07.01.2026 08:33:26; 13.438
 07.01.2026 08:36:27; 13.438
 07.01.2026 08:39:26; 13.438
 07.01.2026 08:42:26; 13.438
 07.01.2026 08:45:27; 13.438
 07.01.2026 08:48:26; 13.375
 07.01.2026 08:51:26; 13.375
 07.01.2026 08:54:27; 13.375
 07.01.2026 08:57:27; 13.375
 07.01.2026 09:00:26; 13.375
 07.01.2026 09:03:27; 13.375
 07.01.2026 09:06:27; 13.438
 07.01.2026 09:09:26; 13.438
 07.01.2026 09:12:27; 13.438
 07.01.2026 09:15:27; 13.375
 07.01.2026 09:18:26; 13.375
 07.01.2026 09:21:27; 13.313
 07.01.2026 09:24:26; 13.250
 07.01.2026 09:27:26; 13.188
 07.01.2026 09:30:27; 13.125
 07.01.2026 09:33:26; 13.063
 07.01.2026 09:36:26; 13.000
 07.01.2026 09:39:27; 13.000
 07.01.2026 09:42:27; 12.938
 07.01.2026 09:45:26; 12.875
 07.01.2026 09:48:27; 12.750
 07.01.2026 09:51:27; 12.688
 07.01.2026 09:54:26; 12.625
 07.01.2026 09:57:27; 12.563
 07.01.2026 10:00:27; 12.438
 07.01.2026 10:03:26; 12.375
 07.01.2026 10:06:27; 12.313
 07.01.2026 10:09:26; 12.250
 07.01.2026 10:12:26; 12.188
 07.01.2026 10:15:27; 12.125
 07.01.2026 10:18:26; 12.125
 07.01.2026 10:21:26; 12.063
 07.01.2026 10:24:27; 12.063
 07.01.2026 10:27:27; 12.125
 07.01.2026 10:30:26; 12.125
 07.01.2026 10:33:27; 12.063
 07.01.2026 10:36:27; 12.125
 07.01.2026 10:39:26; 12.125
 07.01.2026 10:42:27; 12.125
 07.01.2026 10:45:27; 12.125
 07.01.2026 10:48:26; 12.125
 07.01.2026 10:51:27; 12.125
 07.01.2026 10:54:26; 12.125
 07.01.2026 10:57:26; 12.125
 07.01.2026 11:00:27; 12.125
 07.01.2026 11:03:26; 12.188
 07.01.2026 11:06:26; 12.188
 07.01.2026 11:09:27; 12.188
 07.01.2026 11:12:27; 12.313
 07.01.2026 11:15:26; 12.375
 07.01.2026 11:18:27; 12.500
 07.01.2026 11:21:27; 12.500
 07.01.2026 11:24:26; 12.625
 07.01.2026 11:27:27; 12.688
 07.01.2026 11:30:27; 12.750
 07.01.2026 11:33:26; 12.813
 07.01.2026 11:36:27; 12.875
 07.01.2026 11:39:26; 13.000
 07.01.2026 11:42:26; 13.063
 07.01.2026 11:45:27; 13.125
 07.01.2026 11:48:26; 13.250
 07.01.2026 11:51:26; 13.313
 07.01.2026 11:54:27; 13.438
 07.01.2026 11:57:27; 13.625
 07.01.2026 12:00:26; 13.813
 07.01.2026 12:03:27; 14.000
 07.01.2026 12:06:27; 14.125
 07.01.2026 12:09:26; 14.125
 07.01.2026 12:12:27; 14.188
 07.01.2026 12:15:27; 14.375
 07.01.2026 12:18:26; 14.500
 07.01.2026 12:21:27; 14.563
 07.01.2026 12:24:26; 14.625
 07.01.2026 12:27:26; 14.688
 07.01.2026 12:30:27; 14.875
 07.01.2026 12:33:26; 15.063
 07.01.2026 12:36:26; 15.250
 07.01.2026 12:39:27; 15.375
 07.01.2026 12:42:27; 15.438
 07.01.2026 12:45:26; 15.625
 07.01.2026 12:48:27; 15.688
 07.01.2026 12:51:27; 15.688
 07.01.2026 12:54:26; 15.688
 07.01.2026 12:57:27; 15.813
 07.01.2026 13:00:27; 16.000
 07.01.2026 13:03:26; 16.063
 07.01.2026 13:06:27; 16.125
 07.01.2026 13:09:26; 16.188
 07.01.2026 13:12:26; 16.188
 07.01.2026 13:15:27; 16.188
 07.01.2026 13:18:26; 16.188
 07.01.2026 13:21:26; 16.250
 07.01.2026 13:24:27; 16.313
 07.01.2026 13:27:27; 16.500
 07.01.2026 13:30:26; 16.750
 07.01.2026 13:33:27; 16.875
 07.01.2026 13:36:27; 16.938
 07.01.2026 13:39:26; 17.000
 07.01.2026 13:42:27; 17.188
 07.01.2026 13:45:27; 17.313
 07.01.2026 13:48:26; 17.375
 07.01.2026 13:51:27; 17.313
 07.01.2026 13:54:26; 17.438
 07.01.2026 13:57:26; 17.563
 07.01.2026 14:00:27; 17.750
 07.01.2026 14:03:26; 18.000
 07.01.2026 14:06:26; 18.125
 07.01.2026 14:09:27; 18.125
 07.01.2026 14:12:27; 18.063
 07.01.2026 14:15:26; 18.125
 07.01.2026 14:18:27; 17.938
 07.01.2026 14:21:27; 17.875
 07.01.2026 14:24:26; 17.813
 07.01.2026 14:27:27; 17.875
 07.01.2026 14:30:27; 18.000
 07.01.2026 14:33:26; 18.188
 07.01.2026 14:36:27; 18.563
 07.01.2026 14:39:26; 18.813
 07.01.2026 14:42:26; 18.625
 07.01.2026 14:45:27; 18.625
 07.01.2026 14:48:26; 18.563
 07.01.2026 14:51:26; 19.000
 07.01.2026 14:54:27; 19.563
 07.01.2026 14:57:27; 19.938
 07.01.2026 15:00:26; 19.938
 07.01.2026 15:03:27; 19.625
 07.01.2026 15:06:27; 19.625
 07.01.2026 15:09:26; 19.500
 07.01.2026 15:12:27; 19.188
 07.01.2026 15:15:27; 19.000
 07.01.2026 15:18:26; 18.938
 07.01.2026 15:21:27; 18.688
 07.01.2026 15:24:26; 18.813
 07.01.2026 15:27:26; 18.750
 07.01.2026 15:30:27; 18.563
 07.01.2026 15:33:26; 18.688
 07.01.2026 15:36:26; 19.563
 07.01.2026 15:39:27; 20.188
 07.01.2026 15:42:27; 20.938
 07.01.2026 15:45:26; 21.750
 07.01.2026 15:48:27; 22.500
 07.01.2026 15:51:27; 22.313
 07.01.2026 15:54:26; 21.875
 07.01.2026 15:57:27; 22.125
 07.01.2026 16:00:27; 21.750
 07.01.2026 16:03:26; 20.875
 07.01.2026 16:06:27; 20.313
 07.01.2026 16:09:26; 20.063
 07.01.2026 16:12:26; 19.813
 07.01.2026 16:15:27; 19.688
 07.01.2026 16:18:26; 19.750
 07.01.2026 16:21:26; 20.063
 07.01.2026 16:24:27; 20.875
 07.01.2026 16:27:27; 21.375
 07.01.2026 16:30:26; 21.375
 07.01.2026 16:33:27; 21.000
 07.01.2026 16:36:27; 20.625
 07.01.2026 16:39:26; 20.500
 07.01.2026 16:42:27; 20.875
 07.01.2026 16:45:27; 20.938
 07.01.2026 16:48:26; 20.750
 07.01.2026 16:51:27; 21.688
 07.01.2026 16:54:26; 22.750
 07.01.2026 16:57:26; 23.813
 07.01.2026 17:00:27; 24.250
 07.01.2026 17:03:26; 24.563
 07.01.2026 17:06:26; 24.688
 07.01.2026 17:09:27; 24.625
 07.01.2026 17:12:27; 24.813
 07.01.2026 17:15:26; 25.125
 07.01.2026 17:18:27; 25.313
 07.01.2026 17:21:27; 24.500
 07.01.2026 17:24:26; 24.125
 07.01.2026 17:27:27; 25.000
 07.01.2026 17:30:27; 26.250
 07.01.2026 17:33:26; 26.688
 07.01.2026 17:36:27; 27.625
 07.01.2026 17:39:26; 28.125
 07.01.2026 17:42:26; 29.000
 07.01.2026 17:45:27; 29.313
 07.01.2026 17:48:26; 29.500
 07.01.2026 17:51:26; 30.313
 07.01.2026 17:54:27; 30.875
 07.01.2026 17:57:27; 30.813
 07.01.2026 18:00:26; 31.000
 07.01.2026 18:03:27; 31.188
 07.01.2026 18:06:27; 30.750
 07.01.2026 18:09:26; 30.750
 07.01.2026 18:12:27; 30.313
 07.01.2026 18:15:27; 30.688
 07.01.2026 18:18:26; 30.875
 07.01.2026 18:21:27; 31.563
 07.01.2026 18:24:26; 31.875
 07.01.2026 18:27:26; 31.688
 07.01.2026 18:30:27; 32.438
 07.01.2026 18:33:26; 33.688
 07.01.2026 18:36:26; 33.938
 07.01.2026 18:39:27; 33.500
 07.01.2026 18:42:27; 32.375
 07.01.2026 18:45:26; 32.563
 07.01.2026 18:48:27; 33.813
 07.01.2026 18:51:27; 34.500
 07.01.2026 18:54:26; 34.938
 07.01.2026 18:57:27; 34.563
 07.01.2026 19:00:27; 35.313
 07.01.2026 19:03:26; 36.375
 07.01.2026 19:06:27; 36.063
 07.01.2026 19:09:26; 36.375
 07.01.2026 19:12:26; 35.875
 07.01.2026 19:15:27; 34.250
 07.01.2026 19:18:26; 32.188
 07.01.2026 19:21:26; 30.250
 07.01.2026 19:24:27; 29.063
 07.01.2026 19:27:27; 28.563
 07.01.2026 19:30:26; 29.625
 07.01.2026 19:33:27; 32.813
 07.01.2026 19:36:27; 34.688
 07.01.2026 19:39:26; 35.625
 07.01.2026 19:42:27; 35.875
 07.01.2026 19:45:27; 36.125
 07.01.2026 19:48:26; 36.188
 07.01.2026 19:51:27; 36.625
 07.01.2026 19:54:26; 37.063
 07.01.2026 19:57:26; 37.438
 07.01.2026 20:00:27; 38.125
 07.01.2026 20:03:26; 38.375
 07.01.2026 20:06:26; 38.313
 07.01.2026 20:09:27; 38.438
 07.01.2026 20:12:27; 38.250
 07.01.2026 20:15:26; 38.250
 07.01.2026 20:18:27; 38.438
 07.01.2026 20:21:27; 38.313
 07.01.2026 20:24:26; 38.438
 07.01.2026 20:27:27; 37.938
 07.01.2026 20:30:27; 37.938
 07.01.2026 20:33:26; 36.688
 07.01.2026 20:36:27; 35.625
 07.01.2026 20:39:26; 34.563
 07.01.2026 20:42:26; 31.250
 07.01.2026 20:45:27; 29.125
 07.01.2026 20:48:26; 27.313
 07.01.2026 20:51:26; 25.688
 07.01.2026 20:54:27; 24.438
 07.01.2026 20:57:27; 23.500
 07.01.2026 21:00:26; 23.125
 07.01.2026 21:03:27; 22.938
 07.01.2026 21:06:27; 23.125
 07.01.2026 21:09:26; 23.063
 07.01.2026 21:12:27; 22.688
 07.01.2026 21:15:27; 22.500
 07.01.2026 21:18:26; 22.375
 07.01.2026 21:21:27; 22.188
 07.01.2026 21:24:26; 22.125
 07.01.2026 21:27:26; 22.250
 07.01.2026 21:30:27; 22.188
 07.01.2026 21:33:26; 22.063
 07.01.2026 21:36:26; 22.000
 07.01.2026 21:39:27; 21.938
 07.01.2026 21:42:27; 21.750
 07.01.2026 21:45:26; 21.500
 07.01.2026 21:48:27; 21.250
 07.01.2026 21:51:27; 20.938
 07.01.2026 21:54:26; 20.625
 07.01.2026 21:57:27; 20.375
 07.01.2026 22:00:27; 20.063
 07.01.2026 22:03:26; 19.813
 07.01.2026 22:06:27; 19.500
 07.01.2026 22:09:26; 19.188
 07.01.2026 22:12:26; 19.063
 07.01.2026 22:15:27; 19.125
 07.01.2026 22:18:26; 19.125
 07.01.2026 22:21:26; 19.125
 07.01.2026 22:24:27; 19.063
 07.01.2026 22:27:27; 18.938
 07.01.2026 22:30:26; 18.875
 07.01.2026 22:33:27; 18.750
 07.01.2026 22:36:27; 18.625
 07.01.2026 22:39:26; 18.438
 07.01.2026 22:42:27; 18.313
 07.01.2026 22:45:27; 18.188
 07.01.2026 22:48:26; 17.938
 07.01.2026 22:51:27; 17.813
 07.01.2026 22:54:26; 17.688
 07.01.2026 22:57:26; 17.563
 07.01.2026 23:00:27; 17.375
 07.01.2026 23:03:26; 17.188
 07.01.2026 23:06:26; 17.063
 07.01.2026 23:09:27; 16.875
 07.01.2026 23:12:27; 16.563
 07.01.2026 23:15:26; 16.375
 07.01.2026 23:18:27; 16.125
 07.01.2026 23:21:27; 15.938
 07.01.2026 23:24:26; 15.813
 07.01.2026 23:27:27; 15.688
 07.01.2026 23:30:27; 15.625
 07.01.2026 23:33:26; 15.563
 07.01.2026 23:36:27; 15.500
 07.01.2026 23:39:26; 15.500
 07.01.2026 23:42:26; 15.438
 07.01.2026 23:45:27; 15.375
 07.01.2026 23:48:26; 15.313
 07.01.2026 23:51:26; 15.250
 07.01.2026 23:54:27; 15.250
 07.01.2026 23:57:27; 15.188
 08.01.2026 00:00:26; 15.188
 08.01.2026 00:03:27; 15.125
 08.01.2026 00:06:27; 15.063
 08.01.2026 00:09:26; 15.000
 08.01.2026 00:12:27; 14.938
 08.01.2026 00:15:27; 14.813
 08.01.2026 00:18:26; 14.750
 08.01.2026 00:21:27; 14.625
 08.01.2026 00:24:26; 14.563
 08.01.2026 00:27:26; 14.563
 08.01.2026 00:30:27; 14.500
 08.01.2026 00:33:26; 14.500
 08.01.2026 00:36:26; 14.438
 08.01.2026 00:39:27; 14.375
 08.01.2026 00:42:27; 14.313
 08.01.2026 00:45:26; 14.250
 08.01.2026 00:48:27; 14.188
 08.01.2026 00:51:27; 14.125
 08.01.2026 00:54:26; 14.125
 08.01.2026 00:57:27; 14.000
 08.01.2026 01:00:27; 14.000
 08.01.2026 01:03:26; 13.875
 08.01.2026 01:06:27; 13.875
 08.01.2026 01:09:26; 13.813
 08.01.2026 01:12:26; 13.750
 08.01.2026 01:15:27; 13.688
 08.01.2026 01:18:26; 13.688
 08.01.2026 01:21:26; 13.688
 08.01.2026 01:24:27; 13.625
 08.01.2026 01:27:27; 13.688
 08.01.2026 01:30:26; 13.688
 08.01.2026 01:33:27; 13.688
 08.01.2026 01:36:27; 13.688
 08.01.2026 01:39:26; 13.688
 08.01.2026 01:42:27; 13.688
 08.01.2026 01:45:27; 13.750
 08.01.2026 01:48:26; 13.750
 08.01.2026 01:51:27; 13.813
 08.01.2026 01:54:26; 13.875
 08.01.2026 01:57:26; 13.938
 08.01.2026 02:00:27; 14.000
 08.01.2026 02:03:26; 14.000
 08.01.2026 02:06:26; 14.000
 08.01.2026 02:09:27; 14.063
 08.01.2026 02:12:27; 14.063
 08.01.2026 02:15:26; 14.063
 08.01.2026 02:18:27; 14.125
 08.01.2026 02:21:27; 14.125
 08.01.2026 02:24:26; 14.063
 08.01.2026 02:27:27; 14.063
 08.01.2026 02:30:27; 14.000
 08.01.2026 02:33:26; 14.000
 08.01.2026 02:36:27; 13.938
 08.01.2026 02:39:26; 13.938
 08.01.2026 02:42:26; 13.938
 08.01.2026 02:45:27; 13.938
 08.01.2026 02:48:26; 13.875
 08.01.2026 02:51:26; 13.813
 08.01.2026 02:54:27; 13.813
 08.01.2026 02:57:27; 13.750
 08.01.2026 03:00:26; 13.750
 08.01.2026 03:03:27; 13.688
 08.01.2026 03:06:27; 13.688
 08.01.2026 03:09:26; 13.688
 08.01.2026 03:12:27; 13.625
 08.01.2026 03:15:27; 13.688
 08.01.2026 03:18:26; 13.688
 08.01.2026 03:21:27; 13.688
 08.01.2026 03:24:26; 13.688
 08.01.2026 03:27:26; 13.750
 08.01.2026 03:30:27; 13.750
 08.01.2026 03:33:26; 13.750
 08.01.2026 03:36:26; 13.750
 08.01.2026 03:39:27; 13.750
 08.01.2026 03:42:27; 13.813
 08.01.2026 03:45:26; 13.813
 08.01.2026 03:48:27; 13.813
 08.01.2026 03:51:27; 13.813
 08.01.2026 03:54:26; 13.875
 08.01.2026 03:57:27; 13.875
 08.01.2026 04:00:27; 13.875
 08.01.2026 04:03:26; 13.875
 08.01.2026 04:06:27; 13.875
 08.01.2026 04:09:26; 13.875
 08.01.2026 04:12:26; 13.875
 08.01.2026 04:15:27; 13.875
 08.01.2026 04:18:26; 13.875
 08.01.2026 04:21:26; 13.875
 08.01.2026 04:24:27; 13.875
 08.01.2026 04:27:27; 13.875
 08.01.2026 04:30:26; 13.875
 08.01.2026 04:33:27; 13.875
 08.01.2026 04:36:27; 13.875
 08.01.2026 04:39:26; 13.813
 08.01.2026 04:42:27; 13.813
 08.01.2026 04:45:27; 13.813
 08.01.2026 04:48:26; 13.813
 08.01.2026 04:51:27; 13.813
 08.01.2026 04:54:26; 13.813
 08.01.2026 04:57:26; 13.813
 08.01.2026 05:00:27; 13.813
 08.01.2026 05:03:26; 13.813
 08.01.2026 05:06:26; 13.813
 08.01.2026 05:09:27; 13.813
 08.01.2026 05:12:27; 13.813
 08.01.2026 05:15:26; 13.750
 08.01.2026 05:18:27; 13.750
 08.01.2026 05:21:27; 13.688
 08.01.2026 05:24:26; 13.625
 08.01.2026 05:27:27; 13.625
 08.01.2026 05:30:27; 13.625
 08.01.2026 05:33:26; 13.625
 08.01.2026 05:36:27; 13.625
 08.01.2026 05:39:26; 13.625
 08.01.2026 05:42:26; 13.625
 08.01.2026 05:45:27; 13.625
 08.01.2026 05:48:26; 13.625
 08.01.2026 05:51:26; 13.563
 08.01.2026 05:54:27; 13.563
 08.01.2026 05:57:27; 13.563
 08.01.2026 06:00:26; 13.563
 08.01.2026 06:03:27; 13.563
 08.01.2026 06:06:27; 13.500
 08.01.2026 06:09:26; 13.500
 08.01.2026 06:12:27; 13.438
 08.01.2026 06:15:27; 13.438
 08.01.2026 06:18:26; 13.375
 08.01.2026 06:21:27; 13.375
 08.01.2026 06:24:26; 13.313
 08.01.2026 06:27:26; 13.313
 08.01.2026 06:30:27; 13.250
 08.01.2026 06:33:26; 13.250
 08.01.2026 06:36:26; 13.250
 08.01.2026 06:39:27; 13.188
 08.01.2026 06:42:27; 13.188
 08.01.2026 06:45:26; 13.188
 08.01.2026 06:48:27; 13.188
 08.01.2026 06:51:27; 13.188
 08.01.2026 06:54:26; 13.188
 08.01.2026 06:57:27; 13.125
 08.01.2026 07:00:27; 13.125
 08.01.2026 07:03:26; 13.125
 08.01.2026 07:06:27; 13.125
 08.01.2026 07:09:26; 13.063
 08.01.2026 07:12:26; 13.063
 08.01.2026 07:15:27; 13.063
 08.01.2026 07:18:26; 13.063
 08.01.2026 07:21:26; 13.063
 08.01.2026 07:24:27; 13.063
 08.01.2026 07:27:27; 13.125
 08.01.2026 07:30:26; 13.125
 08.01.2026 07:33:27; 13.125
 08.01.2026 07:36:27; 13.125
 08.01.2026 07:39:26; 13.125
 08.01.2026 07:42:27; 13.125
 08.01.2026 07:45:27; 13.125
 08.01.2026 07:48:26; 13.125
 08.01.2026 07:51:27; 13.125
 08.01.2026 07:54:26; 13.125
 08.01.2026 07:57:26; 13.125
 08.01.2026 08:00:27; 13.063
 08.01.2026 08:03:26; 13.063
 08.01.2026 08:06:26; 13.063
 08.01.2026 08:09:27; 13.000
 08.01.2026 08:12:27; 13.000
 08.01.2026 08:15:26; 12.938
 08.01.2026 08:18:27; 12.938
 08.01.2026 08:21:27; 12.875
 08.01.2026 08:24:26; 12.813
 08.01.2026 08:27:27; 12.813
 08.01.2026 08:30:27; 12.813
 08.01.2026 08:33:26; 12.750
 08.01.2026 08:36:27; 12.750
 08.01.2026 08:39:26; 12.750
 08.01.2026 08:42:26; 12.750
 08.01.2026 08:45:27; 12.688
 08.01.2026 08:48:26; 12.688
 08.01.2026 08:51:26; 12.625
 08.01.2026 08:54:27; 12.625
 08.01.2026 08:57:27; 12.625
 08.01.2026 09:00:26; 12.625
 08.01.2026 09:03:27; 12.563
 08.01.2026 09:06:27; 12.563
 08.01.2026 09:09:26; 12.563
 08.01.2026 09:12:27; 12.625
 08.01.2026 09:15:27; 12.625
 08.01.2026 09:18:26; 12.625
 08.01.2026 09:21:27; 12.625
 08.01.2026 09:24:26; 12.625
 08.01.2026 09:27:26; 12.688
 08.01.2026 09:30:27; 12.688
 08.01.2026 09:33:26; 12.688
 08.01.2026 09:36:26; 12.688
 08.01.2026 09:39:27; 12.688
 08.01.2026 09:42:27; 12.688
 08.01.2026 09:45:26; 12.688
 08.01.2026 09:48:27; 12.688
 08.01.2026 09:51:27; 12.688
 08.01.2026 09:54:26; 12.625
 08.01.2026 09:57:27; 12.625
 08.01.2026 10:00:27; 12.625
 08.01.2026 10:03:26; 12.625
 08.01.2026 10:06:27; 12.563
 08.01.2026 10:09:26; 12.563
 08.01.2026 10:12:26; 12.563
 08.01.2026 10:15:27; 12.500
 08.01.2026 10:18:26; 12.500
 08.01.2026 10:21:26; 12.563
 08.01.2026 10:24:27; 12.563
 08.01.2026 10:27:27; 12.563
 08.01.2026 10:30:26; 12.563
 08.01.2026 10:33:27; 12.625
 08.01.2026 10:36:27; 12.625
 08.01.2026 10:39:26; 12.688
 08.01.2026 10:42:27; 12.688
 08.01.2026 10:45:27; 12.688
 08.01.2026 10:48:26; 12.688
 08.01.2026 10:51:27; 12.750
 08.01.2026 10:54:26; 12.750
 08.01.2026 10:57:26; 12.750
 08.01.2026 11:00:27; 12.750
 08.01.2026 11:03:26; 12.813
 08.01.2026 11:06:26; 12.813
 08.01.2026 11:09:27; 12.813
 08.01.2026 11:12:27; 12.813
 08.01.2026 11:15:26; 12.750
 08.01.2026 11:18:27; 12.688
 08.01.2026 11:21:27; 12.688
 08.01.2026 11:24:26; 12.625
 08.01.2026 11:27:27; 12.688
 08.01.2026 11:30:27; 12.688
 08.01.2026 11:33:26; 12.688
 08.01.2026 11:36:27; 12.750
 08.01.2026 11:39:26; 12.750
 08.01.2026 11:42:26; 12.813
 08.01.2026 11:45:27; 12.875
 08.01.2026 11:48:26; 12.938
 08.01.2026 11:51:26; 13.063
 08.01.2026 11:54:27; 13.125
 08.01.2026 11:57:27; 13.188
 08.01.2026 12:00:26; 13.375
 08.01.2026 12:03:27; 13.500
 08.01.2026 12:06:27; 13.625
 08.01.2026 12:09:26; 13.625
 08.01.2026 12:12:27; 13.750
 08.01.2026 12:15:27; 13.813
 08.01.2026 12:18:26; 13.813
 08.01.2026 12:21:27; 13.875
 08.01.2026 12:24:26; 13.938
 08.01.2026 12:27:26; 14.063
 08.01.2026 12:30:27; 14.063
 08.01.2026 12:33:26; 14.125
 08.01.2026 12:36:26; 14.188
 08.01.2026 12:39:27; 14.250
 08.01.2026 12:42:27; 14.313
 08.01.2026 12:45:26; 14.250
 08.01.2026 12:48:27; 14.250
 08.01.2026 12:51:27; 14.188
 08.01.2026 12:54:26; 14.313
 08.01.2026 12:57:27; 14.688
 08.01.2026 13:00:27; 14.750
 08.01.2026 13:03:26; 14.750
 08.01.2026 13:06:27; 15.000
 08.01.2026 13:09:26; 15.125
 08.01.2026 13:12:26; 15.063
 08.01.2026 13:15:27; 15.313
 08.01.2026 13:18:26; 15.438
 08.01.2026 13:21:26; 15.500
 08.01.2026 13:24:27; 15.500
 08.01.2026 13:27:27; 15.625
 08.01.2026 13:30:26; 15.688
 08.01.2026 13:33:27; 15.688
 08.01.2026 13:36:27; 15.500
 08.01.2026 13:39:26; 15.750
 08.01.2026 13:42:27; 16.188
 08.01.2026 13:45:27; 16.313
 08.01.2026 13:48:26; 16.313
 08.01.2026 13:51:27; 16.563
 08.01.2026 13:54:26; 16.625
 08.01.2026 13:57:26; 16.875
 08.01.2026 14:00:27; 16.938
 08.01.2026 14:03:26; 17.063
 08.01.2026 14:06:26; 17.375
 08.01.2026 14:09:27; 17.375
 08.01.2026 14:12:27; 16.875
 08.01.2026 14:15:26; 16.688
 08.01.2026 14:18:27; 17.063
 08.01.2026 14:21:27; 17.438
 08.01.2026 14:24:26; 17.688
 08.01.2026 14:27:27; 17.438
 08.01.2026 14:30:27; 17.438
 08.01.2026 14:33:26; 17.500
 08.01.2026 14:36:27; 17.813
 08.01.2026 14:39:26; 18.063
 08.01.2026 14:42:26; 18.250
 08.01.2026 14:45:27; 18.563
 08.01.2026 14:48:26; 18.438
 08.01.2026 14:51:26; 18.500
 08.01.2026 14:54:27; 18.375
 08.01.2026 14:57:27; 18.438
 08.01.2026 15:00:26; 18.688
 08.01.2026 15:03:27; 19.125
 08.01.2026 15:06:27; 19.625
 08.01.2026 15:09:26; 19.563
 08.01.2026 15:12:27; 19.313
 08.01.2026 15:15:27; 19.063
 08.01.2026 15:18:26; 19.125
 08.01.2026 15:21:27; 19.188
 08.01.2026 15:24:26; 19.188
 08.01.2026 15:27:26; 19.250
 08.01.2026 15:30:27; 19.188
 08.01.2026 15:33:26; 19.250
 08.01.2026 15:36:26; 19.563
 08.01.2026 15:39:27; 19.875
 08.01.2026 15:42:27; 19.688
 08.01.2026 15:45:26; 19.438
 08.01.2026 15:48:27; 19.188
 08.01.2026 15:51:27; 19.125
 08.01.2026 15:54:26; 19.063
 08.01.2026 15:57:27; 19.125
 08.01.2026 16:00:27; 19.250
 08.01.2026 16:03:26; 19.750
 08.01.2026 16:06:27; 20.875
 08.01.2026 16:09:26; 21.563
 08.01.2026 16:12:26; 21.813
 08.01.2026 16:15:27; 21.563
 08.01.2026 16:18:26; 21.250
 08.01.2026 16:21:26; 20.750
 08.01.2026 16:24:27; 20.250
 08.01.2026 16:27:27; 19.813
 08.01.2026 16:30:26; 19.375
 08.01.2026 16:33:27; 18.750
 08.01.2026 16:36:27; 18.250
 08.01.2026 16:39:26; 18.063
 08.01.2026 16:42:27; 18.000
 08.01.2026 16:45:27; 17.938
 08.01.2026 16:48:26; 18.375
 08.01.2026 16:51:27; 18.750
 08.01.2026 16:54:26; 19.125
 08.01.2026 16:57:26; 19.438
 08.01.2026 17:00:27; 19.375
 08.01.2026 17:03:26; 19.563
 08.01.2026 17:06:26; 19.563
 08.01.2026 17:09:27; 19.375
 08.01.2026 17:12:27; 19.125
 08.01.2026 17:15:26; 18.875
 08.01.2026 17:18:27; 19.188
 08.01.2026 17:21:27; 19.688
 08.01.2026 17:24:26; 20.250
 08.01.2026 17:27:27; 20.375
 08.01.2026 17:30:27; 20.563
 08.01.2026 17:33:26; 20.500
 08.01.2026 17:36:27; 20.500
 08.01.2026 17:39:26; 20.688
 08.01.2026 17:42:26; 20.563
 08.01.2026 17:45:27; 20.375
 08.01.2026 17:48:26; 20.125
 08.01.2026 17:51:26; 19.625
 08.01.2026 17:54:27; 19.188
 08.01.2026 17:57:27; 19.000
 08.01.2026 18:00:26; 18.813
 08.01.2026 18:03:27; 18.625
 08.01.2026 18:06:27; 18.500
 08.01.2026 18:09:26; 18.375
 08.01.2026 18:12:27; 18.250
 08.01.2026 18:15:27; 18.000
 08.01.2026 18:18:26; 17.500
 08.01.2026 18:21:27; 17.375
 08.01.2026 18:24:26; 17.375
 08.01.2026 18:27:26; 17.938
 08.01.2026 18:30:27; 18.938
 08.01.2026 18:33:26; 18.750
 08.01.2026 18:36:26; 18.875
 08.01.2026 18:39:27; 20.063
 08.01.2026 18:42:27; 24.000
 08.01.2026 18:45:26; 26.063
 08.01.2026 18:48:27; 28.000
 08.01.2026 18:51:27; 28.000
 08.01.2026 18:54:26; 27.938
 08.01.2026 18:57:27; 28.375
 08.01.2026 19:00:27; 29.688
 08.01.2026 19:03:26; 30.875
 08.01.2026 19:06:27; 31.625
 08.01.2026 19:09:26; 32.938
 08.01.2026 19:12:26; 33.813
 08.01.2026 19:15:27; 29.250
 08.01.2026 19:18:26; 26.500
 08.01.2026 19:21:26; 24.688
 08.01.2026 19:24:27; 23.688
 08.01.2026 19:27:27; 23.125
 08.01.2026 19:30:26; 22.813
 08.01.2026 19:33:27; 23.188
 08.01.2026 19:36:27; 25.813
 08.01.2026 19:39:26; 28.375
 08.01.2026 19:42:27; 28.250
 08.01.2026 19:45:27; 25.375
 08.01.2026 19:48:26; 23.313
 08.01.2026 19:51:27; 21.938
 08.01.2026 19:54:26; 21.750
 08.01.2026 19:57:26; 21.688
 08.01.2026 20:00:27; 21.625
 08.01.2026 20:03:26; 22.438
 08.01.2026 20:06:26; 22.188
 08.01.2026 20:09:27; 23.063
 08.01.2026 20:12:27; 23.313
 08.01.2026 20:15:26; 23.250
 08.01.2026 20:18:27; 22.438
 08.01.2026 20:21:27; 21.625
 08.01.2026 20:24:26; 21.250
 08.01.2026 20:27:27; 20.875
 08.01.2026 20:30:27; 20.688
 08.01.2026 20:33:26; 21.875
 08.01.2026 20:36:27; 22.563
 08.01.2026 20:39:26; 24.563
 08.01.2026 20:42:26; 23.813
 08.01.2026 20:45:27; 22.813
 08.01.2026 20:48:26; 23.125
 08.01.2026 20:51:26; 23.813
 08.01.2026 20:54:27; 24.563
 08.01.2026 20:57:27; 24.750
 08.01.2026 21:00:26; 23.688
 08.01.2026 21:03:27; 23.188
 08.01.2026 21:06:27; 22.813
 08.01.2026 21:09:26; 22.188
 08.01.2026 21:12:27; 21.750
 08.01.2026 21:15:27; 21.688
 08.01.2026 21:18:26; 21.500
 08.01.2026 21:21:27; 21.250
 08.01.2026 21:24:26; 20.875
 08.01.2026 21:27:26; 20.625
 08.01.2026 21:30:27; 20.500
 08.01.2026 21:33:26; 20.313
 08.01.2026 21:36:26; 20.000
 08.01.2026 21:39:27; 19.813
 08.01.2026 21:42:27; 19.813
 08.01.2026 21:45:26; 19.688
 08.01.2026 21:48:27; 19.563
 08.01.2026 21:51:27; 19.375
 08.01.2026 21:54:26; 19.063
 08.01.2026 21:57:27; 18.813
 08.01.2026 22:00:27; 18.438
 08.01.2026 22:03:26; 18.063
 08.01.2026 22:06:27; 17.813
 08.01.2026 22:09:26; 17.500
 08.01.2026 22:12:26; 17.313
 08.01.2026 22:15:27; 17.188
 08.01.2026 22:18:26; 17.063
 08.01.2026 22:21:26; 17.063
 08.01.2026 22:24:27; 16.938
 08.01.2026 22:27:27; 16.938
 08.01.2026 22:30:26; 16.875
 08.01.2026 22:33:27; 16.875
 08.01.2026 22:36:27; 16.875
 08.01.2026 22:39:26; 16.813
 08.01.2026 22:42:27; 16.813
 08.01.2026 22:45:27; 16.813
 08.01.2026 22:48:26; 16.813
 08.01.2026 22:51:27; 16.750
 08.01.2026 22:54:26; 16.750
 08.01.2026 22:57:26; 16.813
 08.01.2026 23:00:27; 16.813
 08.01.2026 23:03:26; 16.813
 08.01.2026 23:06:26; 16.813
 08.01.2026 23:09:27; 16.750
 08.01.2026 23:12:27; 16.750
 08.01.2026 23:15:26; 16.688
 08.01.2026 23:18:27; 16.625
 08.01.2026 23:21:27; 16.563
 08.01.2026 23:24:26; 16.500
 08.01.2026 23:27:27; 16.438
 08.01.2026 23:30:27; 16.375
 08.01.2026 23:33:26; 16.313
 08.01.2026 23:36:27; 16.188
 08.01.2026 23:39:26; 16.125
 08.01.2026 23:42:26; 16.063
 08.01.2026 23:45:27; 16.000
 08.01.2026 23:48:26; 15.938
 08.01.2026 23:51:26; 15.875
 08.01.2026 23:54:27; 15.875
 08.01.2026 23:57:27; 15.750
 09.01.2026 00:00:26; 15.750
 09.01.2026 00:03:27; 15.688
 09.01.2026 00:06:27; 15.625
 09.01.2026 00:09:26; 15.563
 09.01.2026 00:12:27; 15.438
 09.01.2026 00:15:27; 15.375
 09.01.2026 00:18:26; 15.313
 09.01.2026 00:21:27; 15.250
 09.01.2026 00:24:26; 15.188
 09.01.2026 00:27:26; 15.063
 09.01.2026 00:30:27; 14.938
 09.01.2026 00:33:26; 14.875
 09.01.2026 00:36:26; 14.750
 09.01.2026 00:39:27; 14.688
 09.01.2026 00:42:27; 14.563
 09.01.2026 00:45:26; 14.500
 09.01.2026 00:48:27; 14.438
 09.01.2026 00:51:27; 14.375
 09.01.2026 00:54:26; 14.313
 09.01.2026 00:57:27; 14.250
 09.01.2026 01:00:27; 14.125
 09.01.2026 01:03:26; 14.063
 09.01.2026 01:06:27; 14.000
 09.01.2026 01:09:26; 13.875
 09.01.2026 01:12:26; 13.813
 09.01.2026 01:15:27; 13.750
 09.01.2026 01:18:26; 13.688
 09.01.2026 01:21:26; 13.625
 09.01.2026 01:24:27; 13.563
 09.01.2026 01:27:27; 13.500
 09.01.2026 01:30:26; 13.438
 09.01.2026 01:33:27; 13.438
 09.01.2026 01:36:27; 13.500
 09.01.2026 01:39:26; 13.500
 09.01.2026 01:42:27; 13.438
 09.01.2026 01:45:27; 13.438
 09.01.2026 01:48:26; 13.375
 09.01.2026 01:51:27; 13.313
 09.01.2026 01:54:26; 13.250
 09.01.2026 01:57:26; 13.188
 09.01.2026 02:00:27; 13.188
 09.01.2026 02:03:26; 13.125
 09.01.2026 02:06:26; 13.063
 09.01.2026 02:09:27; 13.000
 09.01.2026 02:12:27; 13.000
 09.01.2026 02:15:26; 13.000
 09.01.2026 02:18:27; 12.938
 09.01.2026 02:21:27; 12.938
 09.01.2026 02:24:26; 12.938
 09.01.2026 02:27:27; 12.875
 09.01.2026 02:30:27; 12.813
 09.01.2026 02:33:26; 12.813
 09.01.2026 02:36:27; 12.813
 09.01.2026 02:39:26; 12.750
 09.01.2026 02:42:26; 12.750
 09.01.2026 02:45:27; 12.750
 09.01.2026 02:48:26; 12.750
 09.01.2026 02:51:26; 12.750
 09.01.2026 02:54:27; 12.750
 09.01.2026 02:57:27; 12.688
 09.01.2026 03:00:26; 12.688
 09.01.2026 03:03:27; 12.688
 09.01.2026 03:06:27; 12.688
 09.01.2026 03:09:26; 12.688
 09.01.2026 03:12:27; 12.688
 09.01.2026 03:15:27; 12.688
 09.01.2026 03:18:26; 12.625
 09.01.2026 03:21:27; 12.625
 09.01.2026 03:24:26; 12.625
 09.01.2026 03:27:26; 12.563
 09.01.2026 03:30:27; 12.563
 09.01.2026 03:33:26; 12.563
 09.01.2026 03:36:26; 12.563
 09.01.2026 03:39:27; 12.500
 09.01.2026 03:42:27; 12.500
 09.01.2026 03:45:26; 12.500
 09.01.2026 03:48:27; 12.500
 09.01.2026 03:51:27; 12.500
 09.01.2026 03:54:26; 12.500
 09.01.2026 03:57:27; 12.438
 09.01.2026 04:00:27; 12.438
 09.01.2026 04:03:26; 12.438
 09.01.2026 04:06:27; 12.438
 09.01.2026 04:09:26; 12.375
 09.01.2026 04:12:26; 12.375
 09.01.2026 04:15:27; 12.375
 09.01.2026 04:18:26; 12.313
 09.01.2026 04:21:26; 12.313
 09.01.2026 04:24:27; 12.313
 09.01.2026 04:27:27; 12.250
 09.01.2026 04:30:26; 12.250
 09.01.2026 04:33:27; 12.250
 09.01.2026 04:36:27; 12.313
 09.01.2026 04:39:26; 12.250
 09.01.2026 04:42:27; 12.250
 09.01.2026 04:45:27; 12.250
 09.01.2026 04:48:26; 12.250
 09.01.2026 04:51:27; 12.250
 09.01.2026 04:54:26; 12.188
 09.01.2026 04:57:26; 12.125
 09.01.2026 05:00:27; 12.125
 09.01.2026 05:03:26; 12.063
 09.01.2026 05:06:26; 12.063
 09.01.2026 05:09:27; 12.000
 09.01.2026 05:12:27; 11.938
 09.01.2026 05:15:26; 11.938
 09.01.2026 05:18:27; 11.938
 09.01.2026 05:21:27; 11.938
 09.01.2026 05:24:26; 11.938
 09.01.2026 05:27:27; 11.938
 09.01.2026 05:30:27; 11.938
 09.01.2026 05:33:26; 11.875
 09.01.2026 05:36:27; 11.875
 09.01.2026 05:39:26; 11.875
 09.01.2026 05:42:26; 11.813
 09.01.2026 05:45:27; 11.813
 09.01.2026 05:48:26; 11.750
 09.01.2026 05:51:26; 11.688
 09.01.2026 05:54:27; 11.688
 09.01.2026 05:57:27; 11.688
 09.01.2026 06:00:26; 11.750
 09.01.2026 06:03:27; 11.750
 09.01.2026 06:06:27; 11.750
 09.01.2026 06:09:26; 11.750
 09.01.2026 06:12:27; 11.688
 09.01.2026 06:15:27; 11.625
 09.01.2026 06:18:26; 11.625
 09.01.2026 06:21:27; 11.625
 09.01.2026 06:24:26; 11.563
 09.01.2026 06:27:26; 11.563
 09.01.2026 06:30:27; 11.563
 09.01.2026 06:33:26; 11.500
 09.01.2026 06:36:26; 11.500
 09.01.2026 06:39:27; 11.563
 09.01.2026 06:42:27; 11.563
 09.01.2026 06:45:26; 11.563
 09.01.2026 06:48:27; 11.563
 09.01.2026 06:51:27; 11.563
 09.01.2026 06:54:26; 11.563
 09.01.2026 06:57:27; 11.563
 09.01.2026 07:00:27; 11.500
 09.01.2026 07:03:26; 11.438
 09.01.2026 07:06:27; 11.438
 09.01.2026 07:09:26; 11.438
 09.01.2026 07:12:26; 11.375
 09.01.2026 07:15:27; 11.375
 09.01.2026 07:18:26; 11.375
 09.01.2026 07:21:26; 11.375
 09.01.2026 07:24:27; 11.313
 09.01.2026 07:27:27; 11.313
 09.01.2026 07:30:26; 11.313
 09.01.2026 07:33:27; 11.313
 09.01.2026 07:36:27; 11.313
 09.01.2026 07:39:26; 11.313
 09.01.2026 07:42:27; 11.250
 09.01.2026 07:45:27; 11.188
 09.01.2026 07:48:26; 11.125
 09.01.2026 07:51:27; 11.125
 09.01.2026 07:54:26; 11.125
 09.01.2026 07:57:26; 11.063
 09.01.2026 08:00:27; 11.063
 09.01.2026 08:03:26; 11.063
 09.01.2026 08:06:26; 11.063
 09.01.2026 08:09:27; 11.063
 09.01.2026 08:12:27; 11.125
 09.01.2026 08:15:26; 11.125
 09.01.2026 08:18:27; 11.125
 09.01.2026 08:21:27; 11.125
 09.01.2026 08:24:26; 11.063
 09.01.2026 08:27:27; 11.000
 09.01.2026 08:30:27; 11.000
 09.01.2026 08:33:26; 10.938
 09.01.2026 08:36:27; 10.938
 09.01.2026 08:39:26; 10.875
 09.01.2026 08:42:26; 10.813
 09.01.2026 08:45:27; 10.813
 09.01.2026 08:48:26; 10.813
 09.01.2026 08:51:26; 10.750
 09.01.2026 08:54:27; 10.813
 09.01.2026 08:57:27; 10.813
 09.01.2026 09:00:26; 10.875
 09.01.2026 09:03:27; 10.813
 09.01.2026 09:06:27; 10.813
 09.01.2026 09:09:26; 10.813
 09.01.2026 09:12:27; 10.750
 09.01.2026 09:15:27; 10.750
 09.01.2026 09:18:26; 10.688
 09.01.2026 09:21:27; 10.688
 09.01.2026 09:24:26; 10.625
 09.01.2026 09:27:26; 10.625
 09.01.2026 09:30:27; 10.563
 09.01.2026 09:33:26; 10.563
 09.01.2026 09:36:26; 10.563
 09.01.2026 09:39:27; 10.563
 09.01.2026 09:42:27; 10.563
 09.01.2026 09:45:26; 10.563
 09.01.2026 09:48:27; 10.563
 09.01.2026 09:51:27; 10.563
 09.01.2026 09:54:26; 10.500
 09.01.2026 09:57:27; 10.500
 09.01.2026 10:00:27; 10.563
 09.01.2026 10:03:26; 10.563
 09.01.2026 10:06:27; 10.625
 09.01.2026 10:09:26; 10.625
 09.01.2026 10:12:26; 10.688
 09.01.2026 10:15:27; 10.688
 09.01.2026 10:18:26; 10.750
 09.01.2026 10:21:26; 10.750
 09.01.2026 10:24:27; 10.750
 09.01.2026 10:27:27; 10.688
 09.01.2026 10:30:26; 10.688
 09.01.2026 10:33:27; 10.625
 09.01.2026 10:36:27; 10.625
 09.01.2026 10:39:26; 10.625
 09.01.2026 10:42:27; 10.688
 09.01.2026 10:45:27; 10.688
 09.01.2026 10:48:26; 10.750
 09.01.2026 10:51:27; 10.813
 09.01.2026 10:54:26; 10.875
 09.01.2026 10:57:26; 10.875
 09.01.2026 11:00:27; 10.938
 09.01.2026 11:03:26; 10.938
 09.01.2026 11:06:26; 10.938
 09.01.2026 11:09:27; 10.938
 09.01.2026 11:12:27; 10.875
 09.01.2026 11:15:26; 10.875
 09.01.2026 11:18:27; 10.875
 09.01.2026 11:21:27; 10.875
 09.01.2026 11:24:26; 10.938
 09.01.2026 11:27:27; 11.063
 09.01.2026 11:30:27; 11.188
 09.01.2026 11:33:26; 11.313
 09.01.2026 11:36:27; 11.313
 09.01.2026 11:39:26; 11.313
 09.01.2026 11:42:26; 11.375
 09.01.2026 11:45:27; 11.375
 09.01.2026 11:48:26; 11.500
 09.01.2026 11:51:26; 11.563
 09.01.2026 11:54:27; 11.625
 09.01.2026 11:57:27; 11.750
 09.01.2026 12:00:26; 11.813
 09.01.2026 12:03:27; 11.938
 09.01.2026 12:06:27; 12.063
 09.01.2026 12:09:26; 12.125
 09.01.2026 12:12:27; 12.188
 09.01.2026 12:15:27; 12.188
 09.01.2026 12:18:26; 12.313
 09.01.2026 12:21:27; 12.375
 09.01.2026 12:24:26; 12.500
 09.01.2026 12:27:26; 12.500
 09.01.2026 12:30:27; 12.563
 09.01.2026 12:33:26; 12.688
 09.01.2026 12:36:26; 12.813
 09.01.2026 12:39:27; 13.063
 09.01.2026 12:42:27; 13.188
 09.01.2026 12:45:26; 13.250
 09.01.2026 12:48:27; 13.375
 09.01.2026 12:51:27; 13.563
 09.01.2026 12:54:26; 13.625
 09.01.2026 12:57:27; 13.688
 09.01.2026 13:00:27; 13.813
 09.01.2026 13:03:26; 13.938
 09.01.2026 13:06:27; 14.063
 09.01.2026 13:09:26; 14.313
 09.01.2026 13:12:26; 14.375
 09.01.2026 13:15:27; 14.563
 09.01.2026 13:18:26; 14.688
 09.01.2026 13:21:26; 14.688
 09.01.2026 13:24:27; 14.875
 09.01.2026 13:27:27; 15.000
 09.01.2026 13:30:26; 15.188
 09.01.2026 13:33:27; 15.375
 09.01.2026 13:36:27; 15.625
 09.01.2026 13:39:26; 15.813
 09.01.2026 13:42:27; 15.938
 09.01.2026 13:45:27; 16.063
 09.01.2026 13:48:26; 16.250
 09.01.2026 13:51:27; 16.625
 09.01.2026 13:54:26; 16.750
 09.01.2026 13:57:26; 16.938
 09.01.2026 14:00:27; 17.188
 09.01.2026 14:03:26; 17.313
 09.01.2026 14:06:26; 17.375
 09.01.2026 14:09:27; 17.375
 09.01.2026 14:12:27; 17.625
 09.01.2026 14:15:26; 18.000
 09.01.2026 14:18:27; 18.313
 09.01.2026 14:21:27; 18.375
 09.01.2026 14:24:26; 18.438
 09.01.2026 14:27:27; 18.563
 09.01.2026 14:30:27; 18.938
 09.01.2026 14:33:26; 19.188
 09.01.2026 14:36:27; 19.313
 09.01.2026 14:39:26; 19.313
 09.01.2026 14:42:26; 19.188
 09.01.2026 14:45:27; 19.313
 09.01.2026 14:48:26; 19.313
 09.01.2026 14:51:26; 19.563
 09.01.2026 14:54:27; 19.813
 09.01.2026 14:57:27; 19.750
 09.01.2026 15:00:26; 19.813
 09.01.2026 15:03:27; 19.625
 09.01.2026 15:06:27; 19.625
 09.01.2026 15:09:26; 19.563
 09.01.2026 15:12:27; 19.625
 09.01.2026 15:15:27; 19.750
 09.01.2026 15:18:26; 19.813
 09.01.2026 15:21:27; 19.813
 09.01.2026 15:24:26; 19.938
 09.01.2026 15:27:26; 20.125
 09.01.2026 15:30:27; 20.500
 09.01.2026 15:33:26; 20.813
 09.01.2026 15:36:26; 21.063
 09.01.2026 15:39:27; 21.188
 09.01.2026 15:42:27; 21.500
 09.01.2026 15:45:26; 21.938
 09.01.2026 15:48:27; 22.563
 09.01.2026 15:51:27; 23.188
 09.01.2026 15:54:26; 23.250
 09.01.2026 15:57:27; 23.625
 09.01.2026 16:00:27; 23.938
 09.01.2026 16:03:26; 24.313
 09.01.2026 16:06:27; 24.500
 09.01.2026 16:09:26; 24.375
 09.01.2026 16:12:26; 24.188
 09.01.2026 16:15:27; 24.625
 09.01.2026 16:18:26; 25.000
 09.01.2026 16:21:26; 24.688
 09.01.2026 16:24:27; 24.563
 09.01.2026 16:27:27; 24.750
 09.01.2026 16:30:26; 24.750
 09.01.2026 16:33:27; 24.875
 09.01.2026 16:36:27; 24.875
 09.01.2026 16:39:26; 25.250
 09.01.2026 16:42:27; 25.813
 09.01.2026 16:45:27; 26.063
 09.01.2026 16:48:26; 25.938
 09.01.2026 16:51:27; 26.438
 09.01.2026 16:54:26; 26.625
 09.01.2026 16:57:26; 27.125
 09.01.2026 17:00:27; 28.063
 09.01.2026 17:03:26; 27.688
 09.01.2026 17:06:26; 27.500
 09.01.2026 17:09:27; 27.750
 09.01.2026 17:12:27; 28.500
 09.01.2026 17:15:26; 28.813
 09.01.2026 17:18:27; 28.313
 09.01.2026 17:21:27; 28.250
 09.01.2026 17:24:26; 28.250
 09.01.2026 17:27:27; 28.000
 09.01.2026 17:30:27; 27.625
 09.01.2026 17:33:26; 27.125
 09.01.2026 17:36:27; 26.438
 09.01.2026 17:39:26; 27.000
 09.01.2026 17:42:26; 28.250
 09.01.2026 17:45:27; 29.188
 09.01.2026 17:48:26; 29.688
 09.01.2026 17:51:26; 31.000
 09.01.2026 17:54:27; 31.563
 09.01.2026 17:57:27; 31.750
 09.01.2026 18:00:26; 31.875
 09.01.2026 18:03:27; 32.000
 09.01.2026 18:06:27; 32.500
 09.01.2026 18:09:26; 33.500
 09.01.2026 18:12:27; 33.875
 09.01.2026 18:15:27; 34.313
 09.01.2026 18:18:26; 34.563
 09.01.2026 18:21:27; 35.125
 09.01.2026 18:24:26; 36.000
 09.01.2026 18:27:26; 36.375
 09.01.2026 18:30:27; 36.750
 09.01.2026 18:33:26; 36.375
 09.01.2026 18:36:26; 37.000
 09.01.2026 18:39:27; 37.188
 09.01.2026 18:42:27; 37.438
 09.01.2026 18:45:26; 37.625
 09.01.2026 18:48:27; 38.188
 09.01.2026 18:51:27; 37.875
 09.01.2026 18:54:26; 38.000
 09.01.2026 18:57:27; 38.688
 09.01.2026 19:00:27; 39.125
 09.01.2026 19:03:26; 39.813
 09.01.2026 19:06:27; 39.563
 09.01.2026 19:09:26; 39.875
 09.01.2026 19:12:26; 40.125
 09.01.2026 19:15:27; 40.438
 09.01.2026 19:18:26; 41.000
 09.01.2026 19:21:26; 41.375
 09.01.2026 19:24:27; 41.500
 09.01.2026 19:27:27; 40.625
 09.01.2026 19:30:26; 40.938
 09.01.2026 19:33:27; 40.813
 09.01.2026 19:36:27; 41.125
 09.01.2026 19:39:26; 41.375
 09.01.2026 19:42:27; 41.250
 09.01.2026 19:45:27; 41.063
 09.01.2026 19:48:26; 41.000
 09.01.2026 19:51:27; 41.375
 09.01.2026 19:54:26; 41.688
 09.01.2026 19:57:26; 40.938
 09.01.2026 20:00:27; 39.125
 09.01.2026 20:03:26; 38.063
 09.01.2026 20:06:26; 37.688
 09.01.2026 20:09:27; 37.188
 09.01.2026 20:12:27; 37.563
 09.01.2026 20:15:26; 37.938
 09.01.2026 20:18:27; 37.875
 09.01.2026 20:21:27; 37.438
 09.01.2026 20:24:26; 37.188
 09.01.2026 20:27:27; 37.188
 09.01.2026 20:30:27; 37.125
 09.01.2026 20:33:26; 37.063
 09.01.2026 20:36:27; 36.625
 09.01.2026 20:39:26; 35.938
 09.01.2026 20:42:26; 34.688
 09.01.2026 20:45:27; 33.313
 09.01.2026 20:48:26; 32.000
 09.01.2026 20:51:26; 30.563
 09.01.2026 20:54:27; 29.250
 09.01.2026 20:57:27; 28.000
 09.01.2026 21:00:26; 26.688
 09.01.2026 21:03:27; 25.813
 09.01.2026 21:06:27; 25.500
 09.01.2026 21:09:26; 24.625
 09.01.2026 21:12:27; 23.938
 09.01.2026 21:15:27; 23.250
 09.01.2026 21:18:26; 22.813
 09.01.2026 21:21:27; 22.375
 09.01.2026 21:24:26; 22.063
 09.01.2026 21:27:26; 21.875
 09.01.2026 21:30:27; 21.625
 09.01.2026 21:33:26; 21.375
 09.01.2026 21:36:26; 21.250
 09.01.2026 21:39:27; 21.125
 09.01.2026 21:42:27; 20.938
 09.01.2026 21:45:26; 20.750
 09.01.2026 21:48:27; 20.563
 09.01.2026 21:51:27; 20.375
 09.01.2026 21:54:26; 20.188
 09.01.2026 21:57:27; 20.063
 09.01.2026 22:00:27; 19.875
 09.01.2026 22:03:26; 19.750
 09.01.2026 22:06:27; 19.625
 09.01.2026 22:09:26; 19.500
 09.01.2026 22:12:26; 19.438
 09.01.2026 22:15:27; 19.250
 09.01.2026 22:18:26; 19.188
 09.01.2026 22:21:26; 19.125
 09.01.2026 22:24:27; 19.063
 09.01.2026 22:27:27; 19.000
 09.01.2026 22:30:26; 18.938
 09.01.2026 22:33:27; 18.875
 09.01.2026 22:36:27; 18.813
 09.01.2026 22:39:26; 18.750
 09.01.2026 22:42:27; 18.688
 09.01.2026 22:45:27; 18.625
 09.01.2026 22:48:26; 18.563
 09.01.2026 22:51:27; 18.500
 09.01.2026 22:54:26; 18.438
 09.01.2026 22:57:26; 18.438
 09.01.2026 23:00:27; 18.375
 09.01.2026 23:03:26; 18.313
 09.01.2026 23:06:26; 18.250
 09.01.2026 23:09:27; 18.188
 09.01.2026 23:12:27; 18.125
 09.01.2026 23:15:26; 18.125
 09.01.2026 23:18:27; 18.063
 09.01.2026 23:21:27; 18.000
 09.01.2026 23:24:26; 17.938
 09.01.2026 23:27:27; 17.938
 09.01.2026 23:30:27; 17.875
 09.01.2026 23:33:26; 17.813
 09.01.2026 23:36:27; 17.813
 09.01.2026 23:39:26; 17.750
 09.01.2026 23:42:26; 17.688
 09.01.2026 23:45:27; 17.625
 09.01.2026 23:48:26; 17.563
 09.01.2026 23:51:26; 17.500
 09.01.2026 23:54:27; 17.500
 09.01.2026 23:57:27; 17.375
 10.01.2026 00:00:26; 17.313
 10.01.2026 00:03:27; 17.250
 10.01.2026 00:06:27; 17.188
 10.01.2026 00:09:26; 17.125
 10.01.2026 00:12:27; 17.063
 10.01.2026 00:15:27; 17.000
 10.01.2026 00:18:26; 16.938
 10.01.2026 00:21:27; 16.938
 10.01.2026 00:24:26; 16.875
 10.01.2026 00:27:26; 16.813
 10.01.2026 00:30:27; 16.688
 10.01.2026 00:33:26; 16.625
 10.01.2026 00:36:26; 16.563
 10.01.2026 00:39:27; 16.500
 10.01.2026 00:42:27; 16.500
 10.01.2026 00:45:26; 16.500
 10.01.2026 00:48:27; 16.500
 10.01.2026 00:51:27; 16.500
 10.01.2026 00:54:26; 16.500
 10.01.2026 00:57:27; 16.500
 10.01.2026 01:00:27; 16.438
 10.01.2026 01:03:26; 16.375
 10.01.2026 01:06:27; 16.313
 10.01.2026 01:09:26; 16.313
 10.01.2026 01:12:26; 16.250
 10.01.2026 01:15:27; 16.250
 10.01.2026 01:18:26; 16.250
 10.01.2026 01:21:26; 16.188
 10.01.2026 01:24:27; 16.188
 10.01.2026 01:27:27; 16.125
 10.01.2026 01:30:26; 16.063
 10.01.2026 01:33:27; 16.000
 10.01.2026 01:36:27; 15.938
 10.01.2026 01:39:26; 15.875
 10.01.2026 01:42:27; 15.875
 10.01.2026 01:45:27; 15.875
 10.01.2026 01:48:26; 15.938
 10.01.2026 01:51:27; 15.875
 10.01.2026 01:54:26; 15.813
 10.01.2026 01:57:26; 15.813
 10.01.2026 02:00:27; 15.750
 10.01.2026 02:03:26; 15.688
 10.01.2026 02:06:26; 15.688
 10.01.2026 02:09:27; 15.625
 10.01.2026 02:12:27; 15.625
 10.01.2026 02:15:26; 15.625
 10.01.2026 02:18:27; 15.625
 10.01.2026 02:21:27; 15.625
 10.01.2026 02:24:26; 15.625
 10.01.2026 02:27:27; 15.563
 10.01.2026 02:30:27; 15.563
 10.01.2026 02:33:26; 15.500
 10.01.2026 02:36:27; 15.500
 10.01.2026 02:39:26; 15.438
 10.01.2026 02:42:26; 15.500
 10.01.2026 02:45:27; 15.500
 10.01.2026 02:48:26; 15.500
 10.01.2026 02:51:26; 15.438
 10.01.2026 02:54:27; 15.313
 10.01.2026 02:57:27; 15.250
 10.01.2026 03:00:26; 15.188
 10.01.2026 03:03:27; 15.188
 10.01.2026 03:06:27; 15.250
 10.01.2026 03:09:26; 15.250
 10.01.2026 03:12:27; 15.188
 10.01.2026 03:15:27; 15.125
 10.01.2026 03:18:26; 15.125
 10.01.2026 03:21:27; 15.188
 10.01.2026 03:24:26; 15.188
 10.01.2026 03:27:26; 15.188
 10.01.2026 03:30:27; 15.250
 10.01.2026 03:33:26; 15.250
 10.01.2026 03:36:26; 15.250
 10.01.2026 03:39:27; 15.250
 10.01.2026 03:42:27; 15.313
 10.01.2026 03:45:26; 15.250
 10.01.2026 03:48:27; 15.250
 10.01.2026 03:51:27; 15.188
 10.01.2026 03:54:26; 15.188
 10.01.2026 03:57:27; 15.188
 10.01.2026 04:00:27; 15.188
 10.01.2026 04:03:26; 15.188
 10.01.2026 04:06:27; 15.188
 10.01.2026 04:09:26; 15.188
 10.01.2026 04:12:26; 15.188
 10.01.2026 04:15:27; 15.250
 10.01.2026 04:18:26; 15.313
 10.01.2026 04:21:26; 15.375
 10.01.2026 04:24:27; 15.438
 10.01.2026 04:27:27; 15.438
 10.01.2026 04:30:26; 15.438
 10.01.2026 04:33:27; 15.438
 10.01.2026 04:36:27; 15.438
 10.01.2026 04:39:26; 15.438
 10.01.2026 04:42:27; 15.438
 10.01.2026 04:45:27; 15.438
 10.01.2026 04:48:26; 15.500
 10.01.2026 04:51:27; 15.500
 10.01.2026 04:54:26; 15.500
 10.01.2026 04:57:26; 15.500
 10.01.2026 05:00:27; 15.500
 10.01.2026 05:03:26; 15.500
 10.01.2026 05:06:26; 15.500
 10.01.2026 05:09:27; 15.500
 10.01.2026 05:12:27; 15.500
 10.01.2026 05:15:26; 15.500
 10.01.2026 05:18:27; 15.500
 10.01.2026 05:21:27; 15.500
 10.01.2026 05:24:26; 15.500
 10.01.2026 05:27:27; 15.500
 10.01.2026 05:30:27; 15.500
 10.01.2026 05:33:26; 15.500
 10.01.2026 05:36:27; 15.500
 10.01.2026 05:39:26; 15.500
 10.01.2026 05:42:26; 15.500
 10.01.2026 05:45:27; 15.500
 10.01.2026 05:48:26; 15.563
 10.01.2026 05:51:26; 15.563
 10.01.2026 05:54:27; 15.625
 10.01.2026 05:57:27; 15.625
 10.01.2026 06:00:26; 15.625
 10.01.2026 06:03:27; 15.625
 10.01.2026 06:06:27; 15.625
 10.01.2026 06:09:26; 15.688
 10.01.2026 06:12:27; 15.813
 10.01.2026 06:15:27; 15.938
 10.01.2026 06:18:26; 16.000
 10.01.2026 06:21:27; 16.063
 10.01.2026 06:24:26; 16.063
 10.01.2026 06:27:26; 16.000
 10.01.2026 06:30:27; 16.000
 10.01.2026 06:33:26; 16.000
 10.01.2026 06:36:26; 16.000
 10.01.2026 06:39:27; 16.063
 10.01.2026 06:42:27; 16.188
 10.01.2026 06:45:26; 16.250
 10.01.2026 06:48:27; 16.313
 10.01.2026 06:51:27; 16.500
 10.01.2026 06:54:26; 16.563
 10.01.2026 06:57:27; 16.688
 10.01.2026 07:00:27; 16.750
 10.01.2026 07:03:26; 16.875
 10.01.2026 07:06:27; 16.875
 10.01.2026 07:09:26; 16.938
 10.01.2026 07:12:26; 16.875
 10.01.2026 07:15:27; 16.875
 10.01.2026 07:18:26; 16.813
 10.01.2026 07:21:26; 16.750
 10.01.2026 07:24:27; 16.750
 10.01.2026 07:27:27; 16.688
 10.01.2026 07:30:26; 16.563
 10.01.2026 07:33:27; 16.438
 10.01.2026 07:36:27; 16.500
 10.01.2026 07:39:26; 16.438
 10.01.2026 07:42:27; 16.500
 10.01.2026 07:45:27; 16.688
 10.01.2026 07:48:26; 16.625
 10.01.2026 07:51:27; 16.563
 10.01.2026 07:54:26; 16.438
 10.01.2026 07:57:26; 16.438
 10.01.2026 08:00:27; 16.438
 10.01.2026 08:03:26; 16.375
 10.01.2026 08:06:26; 16.375
 10.01.2026 08:09:27; 16.313
 10.01.2026 08:12:27; 16.250
 10.01.2026 08:15:26; 16.250
 10.01.2026 08:18:27; 16.250
 10.01.2026 08:21:27; 16.188
 10.01.2026 08:24:26; 16.188
 10.01.2026 08:27:27; 16.188
 10.01.2026 08:30:27; 16.125
 10.01.2026 08:33:26; 16.063
 10.01.2026 08:36:27; 16.063
 10.01.2026 08:39:26; 16.000
 10.01.2026 08:42:26; 16.000
 10.01.2026 08:45:27; 16.063
 10.01.2026 08:48:26; 16.188
 10.01.2026 08:51:26; 16.188
 10.01.2026 08:54:27; 16.188
 10.01.2026 08:57:27; 16.188
 10.01.2026 09:00:26; 16.125
 10.01.2026 09:03:27; 15.938
 10.01.2026 09:06:27; 15.750
 10.01.2026 09:09:26; 15.625
 10.01.2026 09:12:27; 15.500
 10.01.2026 09:15:27; 15.438
 10.01.2026 09:18:26; 15.375
 10.01.2026 09:21:27; 15.375
 10.01.2026 09:24:26; 15.313
 10.01.2026 09:27:26; 15.313
 10.01.2026 09:30:27; 15.313
 10.01.2026 09:33:26; 15.313
 10.01.2026 09:36:26; 15.250
 10.01.2026 09:39:27; 15.188
 10.01.2026 09:42:27; 15.125
 10.01.2026 09:45:26; 15.063
 10.01.2026 09:48:27; 15.063
 10.01.2026 09:51:27; 15.063
 10.01.2026 09:54:26; 15.063
 10.01.2026 09:57:27; 15.000
 10.01.2026 10:00:27; 15.000
 10.01.2026 10:03:26; 15.000
 10.01.2026 10:06:27; 15.000
 10.01.2026 10:09:26; 15.063
 10.01.2026 10:12:26; 15.063
 10.01.2026 10:15:27; 15.063
 10.01.2026 10:18:26; 15.063
 10.01.2026 10:21:26; 15.063
 10.01.2026 10:24:27; 15.063
 10.01.2026 10:27:27; 15.125
 10.01.2026 10:30:26; 15.250
 10.01.2026 10:33:27; 15.313
 10.01.2026 10:36:27; 15.313
 10.01.2026 10:39:26; 15.313
 10.01.2026 10:42:27; 15.313
 10.01.2026 10:45:27; 15.313
 10.01.2026 10:48:26; 15.313
 10.01.2026 10:51:27; 15.313
 10.01.2026 10:54:26; 15.313
 10.01.2026 10:57:26; 15.313
 10.01.2026 11:00:27; 15.250
 10.01.2026 11:03:26; 15.250
 10.01.2026 11:06:26; 15.250
 10.01.2026 11:09:27; 15.188
 10.01.2026 11:12:27; 15.188
 10.01.2026 11:15:26; 15.125
 10.01.2026 11:18:27; 15.125
 10.01.2026 11:21:27; 15.125
 10.01.2026 11:24:26; 15.063
 10.01.2026 11:27:27; 15.063
 10.01.2026 11:30:27; 15.063
 10.01.2026 11:33:26; 15.063
 10.01.2026 11:36:27; 15.063
 10.01.2026 11:39:26; 15.063
 10.01.2026 11:42:26; 15.063
 10.01.2026 11:45:27; 15.063
 10.01.2026 11:48:26; 15.063
 10.01.2026 11:51:26; 15.063
 10.01.2026 11:54:27; 15.063
 10.01.2026 11:57:27; 15.000
 10.01.2026 12:00:26; 15.000
 10.01.2026 12:03:27; 15.000
 10.01.2026 12:06:27; 14.938
 10.01.2026 12:09:26; 14.938
 10.01.2026 12:12:27; 14.875
 10.01.2026 12:15:27; 14.875
 10.01.2026 12:18:26; 14.875
 10.01.2026 12:21:27; 14.875
 10.01.2026 12:24:26; 14.875
 10.01.2026 12:27:26; 14.875
 10.01.2026 12:30:27; 14.875
 10.01.2026 12:33:26; 14.875
 10.01.2026 12:36:26; 14.875
 10.01.2026 12:39:27; 14.875
 10.01.2026 12:42:27; 14.875
 10.01.2026 12:45:26; 14.875
 10.01.2026 12:48:27; 14.875
 10.01.2026 12:51:27; 14.938
 10.01.2026 12:54:26; 14.938
 10.01.2026 12:57:27; 14.938
 10.01.2026 13:00:27; 15.000
 10.01.2026 13:03:26; 15.000
 10.01.2026 13:06:27; 15.063
 10.01.2026 13:09:26; 15.063
 10.01.2026 13:12:26; 15.063
 10.01.2026 13:15:27; 15.063
 10.01.2026 13:18:26; 15.063
 10.01.2026 13:21:26; 15.063
 10.01.2026 13:24:27; 15.063
 10.01.2026 13:27:27; 15.063
 10.01.2026 13:30:26; 15.125
 10.01.2026 13:33:27; 15.125
 10.01.2026 13:36:27; 15.125
 10.01.2026 13:39:26; 15.125
 10.01.2026 13:42:27; 15.125
 10.01.2026 13:45:27; 15.188
 10.01.2026 13:48:26; 15.188
 10.01.2026 13:51:27; 15.250
 10.01.2026 13:54:26; 15.250
 10.01.2026 13:57:26; 15.250
 10.01.2026 14:00:27; 15.313
 10.01.2026 14:03:26; 15.313
 10.01.2026 14:06:26; 15.375
 10.01.2026 14:09:27; 15.438
 10.01.2026 14:12:27; 15.438
 10.01.2026 14:15:26; 15.563
 10.01.2026 14:18:27; 15.688
 10.01.2026 14:21:27; 15.688
 10.01.2026 14:24:26; 15.750
 10.01.2026 14:27:27; 15.688
 10.01.2026 14:30:27; 15.688
 10.01.2026 14:33:26; 15.688
 10.01.2026 14:36:27; 15.750
 10.01.2026 14:39:26; 15.750
 10.01.2026 14:42:26; 15.688
 10.01.2026 14:45:27; 15.688
 10.01.2026 14:48:26; 15.688
 10.01.2026 14:51:26; 15.750
 10.01.2026 14:54:27; 15.750
 10.01.2026 14:57:27; 15.750
 10.01.2026 15:00:26; 15.875
 10.01.2026 15:03:27; 15.875
 10.01.2026 15:06:27; 15.875
 10.01.2026 15:09:26; 15.875
 10.01.2026 15:12:27; 15.875
 10.01.2026 15:15:27; 15.875
 10.01.2026 15:18:26; 15.875
 10.01.2026 15:21:27; 15.875
 10.01.2026 15:24:26; 15.938
 10.01.2026 15:27:26; 16.000
 10.01.2026 15:30:27; 16.125
 10.01.2026 15:33:26; 16.313
 10.01.2026 15:36:26; 16.375
 10.01.2026 15:39:27; 16.438
 10.01.2026 15:42:27; 16.375
 10.01.2026 15:45:26; 16.375
 10.01.2026 15:48:27; 16.500
 10.01.2026 15:51:27; 16.750
 10.01.2026 15:54:26; 17.250
 10.01.2026 15:57:27; 17.813
 10.01.2026 16:00:27; 17.875
 10.01.2026 16:03:26; 17.750
 10.01.2026 16:06:27; 17.438
 10.01.2026 16:09:26; 17.500
 10.01.2026 16:12:26; 17.625
 10.01.2026 16:15:27; 17.813
 10.01.2026 16:18:26; 18.063
 10.01.2026 16:21:26; 18.438
 10.01.2026 16:24:27; 18.813
 10.01.2026 16:27:27; 19.500
 10.01.2026 16:30:26; 19.625
 10.01.2026 16:33:27; 19.813
 10.01.2026 16:36:27; 20.063
 10.01.2026 16:39:26; 21.563
 10.01.2026 16:42:27; 22.125
 10.01.2026 16:45:27; 21.500
 10.01.2026 16:48:26; 20.875
 10.01.2026 16:51:27; 20.563
 10.01.2026 16:54:26; 20.625
 10.01.2026 16:57:26; 20.625
 10.01.2026 17:00:27; 20.438
 10.01.2026 17:03:26; 20.250
 10.01.2026 17:06:26; 19.875
 10.01.2026 17:09:27; 19.375
 10.01.2026 17:12:27; 19.188
 10.01.2026 17:15:26; 19.250
 10.01.2026 17:18:27; 19.688
 10.01.2026 17:21:27; 20.375
 10.01.2026 17:24:26; 21.063
 10.01.2026 17:27:27; 21.625
 10.01.2026 17:30:27; 22.813
 10.01.2026 17:33:26; 24.063
 10.01.2026 17:36:27; 23.688
 10.01.2026 17:39:26; 24.063
 10.01.2026 17:42:26; 25.813
 10.01.2026 17:45:27; 26.563
 10.01.2026 17:48:26; 27.750
 10.01.2026 17:51:26; 28.688
 10.01.2026 17:54:27; 28.000
 10.01.2026 17:57:27; 26.500
 10.01.2026 18:00:26; 25.063
 10.01.2026 18:03:27; 23.688
 10.01.2026 18:06:27; 22.688
 10.01.2026 18:09:26; 22.000
 10.01.2026 18:12:27; 21.188
 10.01.2026 18:15:27; 20.563
 10.01.2026 18:18:26; 20.188
 10.01.2026 18:21:27; 19.938
 10.01.2026 18:24:26; 19.875
 10.01.2026 18:27:26; 19.750
 10.01.2026 18:30:27; 19.750
 10.01.2026 18:33:26; 19.625
 10.01.2026 18:36:26; 19.813
 10.01.2026 18:39:27; 20.063
 10.01.2026 18:42:27; 20.500
 10.01.2026 18:45:26; 20.750
 10.01.2026 18:48:27; 20.875
 10.01.2026 18:51:27; 21.188
 10.01.2026 18:54:26; 21.875
 10.01.2026 18:57:27; 21.813
 10.01.2026 19:00:27; 21.625
 10.01.2026 19:03:26; 21.188
 10.01.2026 19:06:27; 20.938
 10.01.2026 19:09:26; 20.563
 10.01.2026 19:12:26; 20.563
 10.01.2026 19:15:27; 20.688
 10.01.2026 19:18:26; 20.813
 10.01.2026 19:21:26; 20.563
 10.01.2026 19:24:27; 20.250
 10.01.2026 19:27:27; 20.250
 10.01.2026 19:30:26; 20.188
 10.01.2026 19:33:27; 20.188
 10.01.2026 19:36:27; 20.125
 10.01.2026 19:39:26; 20.250
 10.01.2026 19:42:27; 20.375
 10.01.2026 19:45:27; 20.500
 10.01.2026 19:48:26; 20.625
 10.01.2026 19:51:27; 20.563
 10.01.2026 19:54:26; 20.438
 10.01.2026 19:57:26; 20.188
 10.01.2026 20:00:27; 19.938
 10.01.2026 20:03:26; 19.750
 10.01.2026 20:06:26; 19.688
 10.01.2026 20:09:27; 19.625
 10.01.2026 20:12:27; 19.625
 10.01.2026 20:15:26; 19.563
 10.01.2026 20:18:27; 19.438
 10.01.2026 20:21:27; 19.375
 10.01.2026 20:24:26; 19.250
 10.01.2026 20:27:27; 19.125
 10.01.2026 20:30:27; 19.063
 10.01.2026 20:33:26; 19.000
 10.01.2026 20:36:27; 19.000
 10.01.2026 20:39:26; 18.938
 10.01.2026 20:42:26; 18.938
 10.01.2026 20:45:27; 18.938
 10.01.2026 20:48:26; 18.875
 10.01.2026 20:51:26; 18.875
 10.01.2026 20:54:27; 19.000
 10.01.2026 20:57:27; 19.125
 10.01.2026 21:00:26; 19.313
 10.01.2026 21:03:27; 19.375
 10.01.2026 21:06:27; 19.500
 10.01.2026 21:09:26; 19.688
 10.01.2026 21:12:27; 19.875
 10.01.2026 21:15:27; 19.813
 10.01.2026 21:18:26; 19.813
 10.01.2026 21:21:27; 19.750
 10.01.2026 21:24:26; 19.625
 10.01.2026 21:27:26; 19.438
 10.01.2026 21:30:27; 19.313
 10.01.2026 21:33:26; 19.188
 10.01.2026 21:36:26; 19.063
 10.01.2026 21:39:27; 19.000
 10.01.2026 21:42:27; 18.875
 10.01.2026 21:45:26; 18.813
 10.01.2026 21:48:27; 18.750
 10.01.2026 21:51:27; 18.750
 10.01.2026 21:54:26; 18.750
 10.01.2026 21:57:27; 18.750
 10.01.2026 22:00:27; 18.750
 10.01.2026 22:03:26; 18.813
 10.01.2026 22:06:27; 18.875
 10.01.2026 22:09:26; 18.938
 10.01.2026 22:12:26; 19.000
 10.01.2026 22:15:27; 19.000
 10.01.2026 22:18:26; 18.938
 10.01.2026 22:21:26; 18.875
 10.01.2026 22:24:27; 18.750
 10.01.2026 22:27:27; 18.625
 10.01.2026 22:30:26; 18.438
 10.01.2026 22:33:27; 18.313
 10.01.2026 22:36:27; 18.125
 10.01.2026 22:39:26; 18.000
 10.01.2026 22:42:27; 17.875
 10.01.2026 22:45:27; 17.688
 10.01.2026 22:48:26; 17.563
 10.01.2026 22:51:27; 17.438
 10.01.2026 22:54:26; 17.313
 10.01.2026 22:57:26; 17.250
 10.01.2026 23:00:27; 17.188
 10.01.2026 23:03:26; 17.125
 10.01.2026 23:06:26; 16.938
 10.01.2026 23:09:27; 16.750
 10.01.2026 23:12:27; 16.563
 10.01.2026 23:15:26; 16.438
 10.01.2026 23:18:27; 16.313
 10.01.2026 23:21:27; 16.250
 10.01.2026 23:24:26; 16.188
 10.01.2026 23:27:27; 16.188
 10.01.2026 23:30:27; 16.125
 10.01.2026 23:33:26; 16.000
 10.01.2026 23:36:27; 15.875
 10.01.2026 23:39:26; 15.750
 10.01.2026 23:42:26; 15.563
 10.01.2026 23:45:27; 15.438
 10.01.2026 23:48:26; 15.188
 10.01.2026 23:51:26; 15.000
 10.01.2026 23:54:27; 14.750
 10.01.2026 23:57:27; 14.563
 11.01.2026 00:00:26; 14.438
 11.01.2026 00:03:27; 14.250
 11.01.2026 00:06:27; 14.125
 11.01.2026 00:09:26; 14.063
 11.01.2026 00:12:27; 14.000
 11.01.2026 00:15:27; 13.938
 11.01.2026 00:18:26; 13.875
 11.01.2026 00:21:27; 13.813
 11.01.2026 00:24:26; 13.813
 11.01.2026 00:27:26; 13.688
 11.01.2026 00:30:27; 13.625
 11.01.2026 00:33:26; 13.625
 11.01.2026 00:36:26; 13.625
 11.01.2026 00:39:27; 13.563
 11.01.2026 00:42:27; 13.500
 11.01.2026 00:45:26; 13.500
 11.01.2026 00:48:27; 13.500
 11.01.2026 00:51:27; 13.500
 11.01.2026 00:54:26; 13.500
 11.01.2026 00:57:27; 13.563
 11.01.2026 01:00:27; 13.563
 11.01.2026 01:03:26; 13.563
 11.01.2026 01:06:27; 13.625
 11.01.2026 01:09:26; 13.625
 11.01.2026 01:12:26; 13.625
 11.01.2026 01:15:27; 13.625
 11.01.2026 01:18:26; 13.625
 11.01.2026 01:21:26; 13.688
 11.01.2026 01:24:27; 13.688
 11.01.2026 01:27:27; 13.750
 11.01.2026 01:30:26; 13.750
 11.01.2026 01:33:27; 13.750
 11.01.2026 01:36:27; 13.813
 11.01.2026 01:39:26; 13.813
 11.01.2026 01:42:27; 13.813
 11.01.2026 01:45:27; 13.813
 11.01.2026 01:48:26; 13.813
 11.01.2026 01:51:27; 13.750
 11.01.2026 01:54:26; 13.750
 11.01.2026 01:57:26; 13.750
 11.01.2026 02:00:27; 13.688
 11.01.2026 02:03:26; 13.625
 11.01.2026 02:06:26; 13.563
 11.01.2026 02:09:27; 13.563
 11.01.2026 02:12:27; 13.500
 11.01.2026 02:15:26; 13.500
 11.01.2026 02:18:27; 13.500
 11.01.2026 02:21:27; 13.438
 11.01.2026 02:24:26; 13.438
 11.01.2026 02:27:27; 13.438
 11.01.2026 02:30:27; 13.375
 11.01.2026 02:33:26; 13.375
 11.01.2026 02:36:27; 13.375
 11.01.2026 02:39:26; 13.313
 11.01.2026 02:42:26; 13.313
 11.01.2026 02:45:27; 13.313
 11.01.2026 02:48:26; 13.313
 11.01.2026 02:51:26; 13.313
 11.01.2026 02:54:27; 13.313
 11.01.2026 02:57:27; 13.250
 11.01.2026 03:00:26; 13.250
 11.01.2026 03:03:27; 13.188
 11.01.2026 03:06:27; 13.188
 11.01.2026 03:09:26; 13.125
 11.01.2026 03:12:27; 13.125
 11.01.2026 03:15:27; 13.125
 11.01.2026 03:18:26; 13.063
 11.01.2026 03:21:27; 13.063
 11.01.2026 03:24:26; 13.063
 11.01.2026 03:27:26; 13.000
 11.01.2026 03:30:27; 13.000
 11.01.2026 03:33:26; 13.063
 11.01.2026 03:36:26; 13.063
 11.01.2026 03:39:27; 13.000
 11.01.2026 03:42:27; 13.000
 11.01.2026 03:45:26; 13.000
 11.01.2026 03:48:27; 13.000
 11.01.2026 03:51:27; 12.938
 11.01.2026 03:54:26; 12.938
 11.01.2026 03:57:27; 12.875
 11.01.2026 04:00:27; 12.875
 11.01.2026 04:03:26; 12.813
 11.01.2026 04:06:27; 12.813
 11.01.2026 04:09:26; 12.750
 11.01.2026 04:12:26; 12.750
 11.01.2026 04:15:27; 12.750
 11.01.2026 04:18:26; 12.750
 11.01.2026 04:21:26; 12.750
 11.01.2026 04:24:27; 12.750
 11.01.2026 04:27:27; 12.750
 11.01.2026 04:30:26; 12.750
 11.01.2026 04:33:27; 12.688
 11.01.2026 04:36:27; 12.688
 11.01.2026 04:39:26; 12.688
 11.01.2026 04:42:27; 12.688
 11.01.2026 04:45:27; 12.688
 11.01.2026 04:48:26; 12.688
 11.01.2026 04:51:27; 12.688
 11.01.2026 04:54:26; 12.688
 11.01.2026 04:57:26; 12.688
 11.01.2026 05:00:27; 12.688
 11.01.2026 05:03:26; 12.688
 11.01.2026 05:06:26; 12.750
 11.01.2026 05:09:27; 12.750
 11.01.2026 05:12:27; 12.813
 11.01.2026 05:15:26; 12.813
 11.01.2026 05:18:27; 12.875
 11.01.2026 05:21:27; 12.875
 11.01.2026 05:24:26; 12.875
 11.01.2026 05:27:27; 12.875
 11.01.2026 05:30:27; 12.813
 11.01.2026 05:33:26; 12.813
 11.01.2026 05:36:27; 12.750
 11.01.2026 05:39:26; 12.750
 11.01.2026 05:42:26; 12.688
 11.01.2026 05:45:27; 12.688
 11.01.2026 05:48:26; 12.688
 11.01.2026 05:51:26; 12.750
 11.01.2026 05:54:27; 12.750
 11.01.2026 05:57:27; 12.813
 11.01.2026 06:00:26; 12.813
 11.01.2026 06:03:27; 12.813
 11.01.2026 06:06:27; 12.875
 11.01.2026 06:09:26; 12.875
 11.01.2026 06:12:27; 12.875
 11.01.2026 06:15:27; 12.875
 11.01.2026 06:18:26; 12.875
 11.01.2026 06:21:27; 12.875
 11.01.2026 06:24:26; 12.875
 11.01.2026 06:27:26; 12.875
 11.01.2026 06:30:27; 12.813
 11.01.2026 06:33:26; 12.813
 11.01.2026 06:36:26; 12.813
 11.01.2026 06:39:27; 12.813
 11.01.2026 06:42:27; 12.750
 11.01.2026 06:45:26; 12.750
 11.01.2026 06:48:27; 12.750
 11.01.2026 06:51:27; 12.688
 11.01.2026 06:54:26; 12.688
 11.01.2026 06:57:27; 12.688
 11.01.2026 07:00:27; 12.688
 11.01.2026 07:03:26; 12.688
 11.01.2026 07:06:27; 12.688
 11.01.2026 07:09:26; 12.688
 11.01.2026 07:12:26; 12.688
 11.01.2026 07:15:27; 12.625
 11.01.2026 07:18:26; 12.625
 11.01.2026 07:21:26; 12.625
 11.01.2026 07:24:27; 12.625
 11.01.2026 07:27:27; 12.625
 11.01.2026 07:30:26; 12.563
 11.01.2026 07:33:27; 12.563
 11.01.2026 07:36:27; 12.563
 11.01.2026 07:39:26; 12.563
 11.01.2026 07:42:27; 12.563
 11.01.2026 07:45:27; 12.500
 11.01.2026 07:48:26; 12.500
 11.01.2026 07:51:27; 12.500
 11.01.2026 07:54:26; 12.500
 11.01.2026 07:57:26; 12.500
 11.01.2026 08:00:27; 12.563
 11.01.2026 08:03:26; 12.563
 11.01.2026 08:06:26; 12.563
 11.01.2026 08:09:27; 12.563
 11.01.2026 08:12:27; 12.563
 11.01.2026 08:15:26; 12.625
 11.01.2026 08:18:27; 12.625
 11.01.2026 08:21:27; 12.625
 11.01.2026 08:24:26; 12.688
 11.01.2026 08:27:27; 12.688
 11.01.2026 08:30:27; 12.750
 11.01.2026 08:33:26; 12.750
 11.01.2026 08:36:27; 12.750
 11.01.2026 08:39:26; 12.813
 11.01.2026 08:42:26; 12.813
 11.01.2026 08:45:27; 12.813
 11.01.2026 08:48:26; 12.875
 11.01.2026 08:51:26; 12.875
 11.01.2026 08:54:27; 12.875
 11.01.2026 08:57:27; 12.875
 11.01.2026 09:00:26; 12.875
 11.01.2026 09:03:27; 12.813
 11.01.2026 09:06:27; 12.813
 11.01.2026 09:09:26; 12.750
 11.01.2026 09:12:27; 12.688
 11.01.2026 09:15:27; 12.625
 11.01.2026 09:18:26; 12.500
 11.01.2026 09:21:27; 12.438
 11.01.2026 09:24:26; 12.375
 11.01.2026 09:27:26; 12.313
 11.01.2026 09:30:27; 12.250
 11.01.2026 09:33:26; 12.188
 11.01.2026 09:36:26; 12.125
 11.01.2026 09:39:27; 12.063
 11.01.2026 09:42:27; 12.063
 11.01.2026 09:45:26; 12.000
 11.01.2026 09:48:27; 11.938
 11.01.2026 09:51:27; 11.938
 11.01.2026 09:54:26; 11.938
 11.01.2026 09:57:27; 12.000
 11.01.2026 10:00:27; 12.000
 11.01.2026 10:03:26; 12.063
 11.01.2026 10:06:27; 12.063
 11.01.2026 10:09:26; 12.125
 11.01.2026 10:12:26; 12.188
 11.01.2026 10:15:27; 12.250
 11.01.2026 10:18:26; 12.313
 11.01.2026 10:21:26; 12.313
 11.01.2026 10:24:27; 12.375
 11.01.2026 10:27:27; 12.375
 11.01.2026 10:30:26; 12.375
 11.01.2026 10:33:27; 12.375
 11.01.2026 10:36:27; 12.438
 11.01.2026 10:39:26; 12.438
 11.01.2026 10:42:27; 12.438
 11.01.2026 10:45:27; 12.438
 11.01.2026 10:48:26; 12.438
 11.01.2026 10:51:27; 12.375
 11.01.2026 10:54:26; 12.375
 11.01.2026 10:57:26; 12.375
 11.01.2026 11:00:27; 12.313
 11.01.2026 11:03:26; 12.313
 11.01.2026 11:06:26; 12.250
 11.01.2026 11:09:27; 12.250
 11.01.2026 11:12:27; 12.250
 11.01.2026 11:15:26; 12.250
 11.01.2026 11:18:27; 12.250
 11.01.2026 11:21:27; 12.313
 11.01.2026 11:24:26; 12.375
 11.01.2026 11:27:27; 12.500
 11.01.2026 11:30:27; 12.625
 11.01.2026 11:33:26; 12.688
 11.01.2026 11:36:27; 12.813
 11.01.2026 11:39:26; 12.938
 11.01.2026 11:42:26; 13.063
 11.01.2026 11:45:27; 13.125
 11.01.2026 11:48:26; 13.188
 11.01.2026 11:51:26; 13.188
 11.01.2026 11:54:27; 13.250
 11.01.2026 11:57:27; 13.313
 11.01.2026 12:00:26; 13.313
 11.01.2026 12:03:27; 13.375
 11.01.2026 12:06:27; 13.438
 11.01.2026 12:09:26; 13.563
 11.01.2026 12:12:27; 13.625
 11.01.2026 12:15:27; 13.688
 11.01.2026 12:18:26; 13.750
 11.01.2026 12:21:27; 13.750
 11.01.2026 12:24:26; 13.813
 11.01.2026 12:27:26; 14.000
 11.01.2026 12:30:27; 14.125
 11.01.2026 12:33:26; 14.125
 11.01.2026 12:36:26; 14.188
 11.01.2026 12:39:27; 14.250
 11.01.2026 12:42:27; 14.375
 11.01.2026 12:45:26; 14.438
 11.01.2026 12:48:27; 14.625
 11.01.2026 12:51:27; 14.875
 11.01.2026 12:54:26; 15.000
 11.01.2026 12:57:27; 15.125
 11.01.2026 13:00:27; 15.188
 11.01.2026 13:03:26; 15.313
 11.01.2026 13:06:27; 15.500
 11.01.2026 13:09:26; 15.813
 11.01.2026 13:12:26; 15.875
 11.01.2026 13:15:27; 15.813
 11.01.2026 13:18:26; 15.563
 11.01.2026 13:21:26; 15.563
 11.01.2026 13:24:27; 15.563
 11.01.2026 13:27:27; 15.563
 11.01.2026 13:30:26; 15.625
 11.01.2026 13:33:27; 15.688
 11.01.2026 13:36:27; 15.625
 11.01.2026 13:39:26; 15.625
 11.01.2026 13:42:27; 15.625
 11.01.2026 13:45:27; 15.688
 11.01.2026 13:48:26; 15.813
 11.01.2026 13:51:27; 15.813
 11.01.2026 13:54:26; 15.938
 11.01.2026 13:57:26; 15.938
 11.01.2026 14:00:27; 16.000
 11.01.2026 14:03:26; 15.938
 11.01.2026 14:06:26; 16.000
 11.01.2026 14:09:27; 16.125
 11.01.2026 14:12:27; 16.188
 11.01.2026 14:15:26; 16.188
 11.01.2026 14:18:27; 16.188
 11.01.2026 14:21:27; 16.063
 11.01.2026 14:24:26; 16.063
 11.01.2026 14:27:27; 16.000
 11.01.2026 14:30:27; 15.938
 11.01.2026 14:33:26; 16.000
 11.01.2026 14:36:27; 16.188
 11.01.2026 14:39:26; 16.125
 11.01.2026 14:42:26; 16.063
 11.01.2026 14:45:27; 16.063
 11.01.2026 14:48:26; 16.000
 11.01.2026 14:51:26; 15.938
 11.01.2026 14:54:27; 15.813
 11.01.2026 14:57:27; 15.688
 11.01.2026 15:00:26; 15.688
 11.01.2026 15:03:27; 15.688
 11.01.2026 15:06:27; 15.875
 11.01.2026 15:09:26; 16.125
 11.01.2026 15:12:27; 16.563
 11.01.2026 15:15:27; 17.000
 11.01.2026 15:18:26; 17.563
 11.01.2026 15:21:27; 18.000
 11.01.2026 15:24:26; 18.313
 11.01.2026 15:27:26; 18.000
 11.01.2026 15:30:27; 17.750
 11.01.2026 15:33:26; 17.563
 11.01.2026 15:36:26; 17.313
 11.01.2026 15:39:27; 17.000
 11.01.2026 15:42:27; 16.750
 11.01.2026 15:45:26; 16.688
 11.01.2026 15:48:27; 16.625
 11.01.2026 15:51:27; 16.750
 11.01.2026 15:54:26; 17.000
 11.01.2026 15:57:27; 17.250
 11.01.2026 16:00:27; 17.938
 11.01.2026 16:03:26; 18.000
 11.01.2026 16:06:27; 17.875
 11.01.2026 16:09:26; 17.688
 11.01.2026 16:12:26; 17.563
 11.01.2026 16:15:27; 17.813
 11.01.2026 16:18:26; 18.125
 11.01.2026 16:21:26; 18.375
 11.01.2026 16:24:27; 18.375
 11.01.2026 16:27:27; 18.375
 11.01.2026 16:30:26; 18.438
 11.01.2026 16:33:27; 18.313
 11.01.2026 16:36:27; 18.438
 11.01.2026 16:39:26; 18.313
 11.01.2026 16:42:27; 18.500
 11.01.2026 16:45:27; 18.813
 11.01.2026 16:48:26; 18.875
 11.01.2026 16:51:27; 18.875
 11.01.2026 16:54:26; 18.813
 11.01.2026 16:57:26; 18.813
 11.01.2026 17:00:27; 18.938
 11.01.2026 17:03:26; 19.063
 11.01.2026 17:06:26; 19.438
 11.01.2026 17:09:27; 19.750
 11.01.2026 17:12:27; 19.625
 11.01.2026 17:15:26; 19.500
 11.01.2026 17:18:27; 19.938
 11.01.2026 17:21:27; 20.750
 11.01.2026 17:24:26; 22.000
 11.01.2026 17:27:27; 22.438
 11.01.2026 17:30:27; 21.813
 11.01.2026 17:33:26; 21.500
 11.01.2026 17:36:27; 22.188
 11.01.2026 17:39:26; 22.250
 11.01.2026 17:42:26; 21.813
 11.01.2026 17:45:27; 22.188
 11.01.2026 17:48:26; 23.000
 11.01.2026 17:51:26; 23.438
 11.01.2026 17:54:27; 24.438
 11.01.2026 17:57:27; 26.125
 11.01.2026 18:00:26; 25.375
 11.01.2026 18:03:27; 24.063
 11.01.2026 18:06:27; 23.000
 11.01.2026 18:09:26; 22.125
 11.01.2026 18:12:27; 21.688
 11.01.2026 18:15:27; 21.188
 11.01.2026 18:18:26; 20.938
 11.01.2026 18:21:27; 21.250
 11.01.2026 18:24:26; 21.313
 11.01.2026 18:27:26; 21.438
 11.01.2026 18:30:27; 22.125
 11.01.2026 18:33:26; 22.750
 11.01.2026 18:36:26; 22.000
 11.01.2026 18:39:27; 21.313
 11.01.2026 18:42:27; 21.000
 11.01.2026 18:45:26; 20.688
 11.01.2026 18:48:27; 22.188
 11.01.2026 18:51:27; 24.250
 11.01.2026 18:54:26; 27.063
 11.01.2026 18:57:27; 29.000
 11.01.2026 19:00:27; 30.563
 11.01.2026 19:03:26; 29.188
 11.01.2026 19:06:27; 25.875
 11.01.2026 19:09:26; 23.688
 11.01.2026 19:12:26; 22.500
 11.01.2026 19:15:27; 21.188
 11.01.2026 19:18:26; 20.500
 11.01.2026 19:21:26; 20.563
 11.01.2026 19:24:27; 22.250
 11.01.2026 19:27:27; 25.250
 11.01.2026 19:30:26; 28.375
 11.01.2026 19:33:27; 30.438
 11.01.2026 19:36:27; 31.750
 11.01.2026 19:39:26; 32.938
 11.01.2026 19:42:27; 34.375
 11.01.2026 19:45:27; 35.438
 11.01.2026 19:48:26; 35.563
 11.01.2026 19:51:27; 36.000
 11.01.2026 19:54:26; 36.313
 11.01.2026 19:57:26; 37.438
 11.01.2026 20:00:27; 38.313
 11.01.2026 20:03:26; 38.625
 11.01.2026 20:06:26; 39.125
 11.01.2026 20:09:27; 39.188
 11.01.2026 20:12:27; 39.375
 11.01.2026 20:15:26; 39.438
 11.01.2026 20:18:27; 39.000
 11.01.2026 20:21:27; 38.688
 11.01.2026 20:24:26; 38.625
 11.01.2026 20:27:27; 38.250
 11.01.2026 20:30:27; 37.750
 11.01.2026 20:33:26; 37.625
 11.01.2026 20:36:27; 37.688
 11.01.2026 20:39:26; 36.750
 11.01.2026 20:42:26; 34.313
 11.01.2026 20:45:27; 31.750
 11.01.2026 20:48:26; 29.563
 11.01.2026 20:51:26; 28.250
 11.01.2026 20:54:27; 27.125
 11.01.2026 20:57:27; 26.000
 11.01.2026 21:00:26; 25.313
 11.01.2026 21:03:27; 24.000
 11.01.2026 21:06:27; 22.875
 11.01.2026 21:09:26; 22.125
 11.01.2026 21:12:27; 21.813
 11.01.2026 21:15:27; 21.563
 11.01.2026 21:18:26; 21.063
 11.01.2026 21:21:27; 20.875
 11.01.2026 21:24:26; 20.438
 11.01.2026 21:27:26; 20.125
 11.01.2026 21:30:27; 19.875
 11.01.2026 21:33:26; 19.625
 11.01.2026 21:36:26; 19.188
 11.01.2026 21:39:27; 18.813
 11.01.2026 21:42:27; 18.688
 11.01.2026 21:45:26; 18.500
 11.01.2026 21:48:27; 18.438
 11.01.2026 21:51:27; 18.563
 11.01.2026 21:54:26; 18.625
 11.01.2026 21:57:27; 18.375
 11.01.2026 22:00:27; 18.188
 11.01.2026 22:03:26; 18.000
 11.01.2026 22:06:27; 17.750
 11.01.2026 22:09:26; 17.500
 11.01.2026 22:12:26; 17.188
 11.01.2026 22:15:27; 16.875
 11.01.2026 22:18:26; 16.625
 11.01.2026 22:21:26; 16.500
 11.01.2026 22:24:27; 16.313
 11.01.2026 22:27:27; 16.188
 11.01.2026 22:30:26; 16.063
 11.01.2026 22:33:27; 16.000
 11.01.2026 22:36:27; 15.875
 11.01.2026 22:39:26; 15.813
 11.01.2026 22:42:27; 15.813
 11.01.2026 22:45:27; 15.750
 11.01.2026 22:48:26; 15.688
 11.01.2026 22:51:27; 15.625
 11.01.2026 22:54:26; 15.563
 11.01.2026 22:57:26; 15.438
 11.01.2026 23:00:27; 15.375
 11.01.2026 23:03:26; 15.313
 11.01.2026 23:06:26; 15.250
 11.01.2026 23:09:27; 15.188
 11.01.2026 23:12:27; 15.125
 11.01.2026 23:15:26; 15.063
 11.01.2026 23:18:27; 15.000
 11.01.2026 23:21:27; 15.000
 11.01.2026 23:24:26; 14.938
 11.01.2026 23:27:27; 14.875
 11.01.2026 23:30:27; 14.813
 11.01.2026 23:33:26; 14.750
 11.01.2026 23:36:27; 14.750
 11.01.2026 23:39:26; 14.688
 11.01.2026 23:42:26; 14.625
 11.01.2026 23:45:27; 14.563
 11.01.2026 23:48:26; 14.500
 11.01.2026 23:51:26; 14.438
 11.01.2026 23:54:27; 14.375
 11.01.2026 23:57:27; 14.313
 12.01.2026 00:00:26; 14.250
 12.01.2026 00:03:27; 14.250
 12.01.2026 00:06:27; 14.188
 12.01.2026 00:09:26; 14.188
 12.01.2026 00:12:27; 14.188
 12.01.2026 00:15:27; 14.188
 12.01.2026 00:18:26; 14.188
 12.01.2026 00:21:27; 14.188
 12.01.2026 00:24:26; 14.125
 12.01.2026 00:27:26; 14.125
 12.01.2026 00:30:27; 14.063
 12.01.2026 00:33:26; 14.063
 12.01.2026 00:36:26; 14.000
 12.01.2026 00:39:27; 14.000
 12.01.2026 00:42:27; 14.000
 12.01.2026 00:45:26; 14.000
 12.01.2026 00:48:27; 14.000
 12.01.2026 00:51:27; 14.000
 12.01.2026 00:54:26; 14.000
 12.01.2026 00:57:27; 14.000
 12.01.2026 01:00:27; 14.000
 12.01.2026 01:03:26; 14.000
 12.01.2026 01:06:27; 13.938
 12.01.2026 01:09:26; 13.875
 12.01.2026 01:12:26; 13.813
 12.01.2026 01:15:27; 13.750
 12.01.2026 01:18:26; 13.688
 12.01.2026 01:21:26; 13.625
 12.01.2026 01:24:27; 13.625
 12.01.2026 01:27:27; 13.563
 12.01.2026 01:30:26; 13.500
 12.01.2026 01:33:27; 13.500
 12.01.2026 01:36:27; 13.438
 12.01.2026 01:39:26; 13.375
 12.01.2026 01:42:27; 13.313
 12.01.2026 01:45:27; 13.250
 12.01.2026 01:48:26; 13.188
 12.01.2026 01:51:27; 13.188
 12.01.2026 01:54:26; 13.188
 12.01.2026 01:57:26; 13.188
 12.01.2026 02:00:27; 13.188
 12.01.2026 02:03:26; 13.125
 12.01.2026 02:06:26; 13.063
 12.01.2026 02:09:27; 13.063
 12.01.2026 02:12:27; 13.000
 12.01.2026 02:15:26; 12.938
 12.01.2026 02:18:27; 12.875
 12.01.2026 02:21:27; 12.875
 12.01.2026 02:24:26; 12.813
 12.01.2026 02:27:27; 12.750
 12.01.2026 02:30:27; 12.750
 12.01.2026 02:33:26; 12.688
 12.01.2026 02:36:27; 12.625
 12.01.2026 02:39:26; 12.625
 12.01.2026 02:42:26; 12.563
 12.01.2026 02:45:27; 12.500
 12.01.2026 02:48:26; 12.500
 12.01.2026 02:51:26; 12.438
 12.01.2026 02:54:27; 12.438
 12.01.2026 02:57:27; 12.438
 12.01.2026 03:00:26; 12.438
 12.01.2026 03:03:27; 12.375
 12.01.2026 03:06:27; 12.375
 12.01.2026 03:09:26; 12.438
 12.01.2026 03:12:27; 12.438
 12.01.2026 03:15:27; 12.438
 12.01.2026 03:18:26; 12.438
 12.01.2026 03:21:27; 12.438
 12.01.2026 03:24:26; 12.375
 12.01.2026 03:27:26; 12.375
 12.01.2026 03:30:27; 12.375
 12.01.2026 03:33:26; 12.438
 12.01.2026 03:36:26; 12.375
 12.01.2026 03:39:27; 12.375
 12.01.2026 03:42:27; 12.375
 12.01.2026 03:45:26; 12.438
 12.01.2026 03:48:27; 12.438
 12.01.2026 03:51:27; 12.500
 12.01.2026 03:54:26; 12.563
 12.01.2026 03:57:27; 12.688
 12.01.2026 04:00:27; 12.750
 12.01.2026 04:03:26; 12.813
 12.01.2026 04:06:27; 12.875
 12.01.2026 04:09:26; 12.938
 12.01.2026 04:12:26; 12.938
 12.01.2026 04:15:27; 13.000
 12.01.2026 04:18:26; 13.063
 12.01.2026 04:21:26; 13.063
 12.01.2026 04:24:27; 13.125
 12.01.2026 04:27:27; 13.125
 12.01.2026 04:30:26; 13.125
 12.01.2026 04:33:27; 13.188
 12.01.2026 04:36:27; 13.188
 12.01.2026 04:39:26; 13.188
 12.01.2026 04:42:27; 13.250
 12.01.2026 04:45:27; 13.250
 12.01.2026 04:48:26; 13.250
 12.01.2026 04:51:27; 13.188
 12.01.2026 04:54:26; 13.188
 12.01.2026 04:57:26; 13.250
 12.01.2026 05:00:27; 13.250
 12.01.2026 05:03:26; 13.250
 12.01.2026 05:06:26; 13.250
 12.01.2026 05:09:27; 13.188
 12.01.2026 05:12:27; 13.188
 12.01.2026 05:15:26; 13.188
 12.01.2026 05:18:27; 13.188
 12.01.2026 05:21:27; 13.125
 12.01.2026 05:24:26; 13.188
 12.01.2026 05:27:27; 13.188
 12.01.2026 05:30:27; 13.188
 12.01.2026 05:33:26; 13.188
 12.01.2026 05:36:27; 13.188
 12.01.2026 05:39:26; 13.188
 12.01.2026 05:42:26; 13.250
 12.01.2026 05:45:27; 13.250
 12.01.2026 05:48:26; 13.250
 12.01.2026 05:51:26; 13.250
 12.01.2026 05:54:27; 13.188
 12.01.2026 05:57:27; 13.188
 12.01.2026 06:00:26; 13.188
 12.01.2026 06:03:27; 13.188
 12.01.2026 06:06:27; 13.188
 12.01.2026 06:09:26; 13.188
 12.01.2026 06:12:27; 13.188
 12.01.2026 06:15:27; 13.250
 12.01.2026 06:18:26; 13.313
 12.01.2026 06:21:27; 13.313
 12.01.2026 06:24:26; 13.375
 12.01.2026 06:27:26; 13.375
 12.01.2026 06:30:27; 13.438
 12.01.2026 06:33:26; 13.438
 12.01.2026 06:36:26; 13.438
 12.01.2026 06:39:27; 13.438
 12.01.2026 06:42:27; 13.438
 12.01.2026 06:45:26; 13.438
 12.01.2026 06:48:27; 13.438
 12.01.2026 06:51:27; 13.438
 12.01.2026 06:54:26; 13.438
 12.01.2026 06:57:27; 13.438
 12.01.2026 07:00:27; 13.438
 12.01.2026 07:03:26; 13.375
 12.01.2026 07:06:27; 13.375
 12.01.2026 07:09:26; 13.375
 12.01.2026 07:12:26; 13.375
 12.01.2026 07:15:27; 13.313
 12.01.2026 07:18:26; 13.313
 12.01.2026 07:21:26; 13.313
 12.01.2026 07:24:27; 13.313
 12.01.2026 07:27:27; 13.313
 12.01.2026 07:30:26; 13.250
 12.01.2026 07:33:27; 13.250
 12.01.2026 07:36:27; 13.250
 12.01.2026 07:39:26; 13.250
 12.01.2026 07:42:27; 13.250
 12.01.2026 07:45:27; 13.188
 12.01.2026 07:48:26; 13.125
 12.01.2026 07:51:27; 13.063
 12.01.2026 07:54:26; 13.063
 12.01.2026 07:57:26; 13.000
 12.01.2026 08:00:27; 12.938
 12.01.2026 08:03:26; 12.875
 12.01.2026 08:06:26; 12.750
 12.01.2026 08:09:27; 12.688
 12.01.2026 08:12:27; 12.563
 12.01.2026 08:15:26; 12.500
 12.01.2026 08:18:27; 12.438
 12.01.2026 08:21:27; 12.375
 12.01.2026 08:24:26; 12.313
 12.01.2026 08:27:27; 12.313
 12.01.2026 08:30:27; 12.375
 12.01.2026 08:33:26; 12.375
 12.01.2026 08:36:27; 12.375
 12.01.2026 08:39:26; 12.375
 12.01.2026 08:42:26; 12.438
 12.01.2026 08:45:27; 12.438
 12.01.2026 08:48:26; 12.438
 12.01.2026 08:51:26; 12.500
 12.01.2026 08:54:27; 12.500
 12.01.2026 08:57:27; 12.500
 12.01.2026 09:00:26; 12.563
 12.01.2026 09:03:27; 12.563
 12.01.2026 09:06:27; 12.625
 12.01.2026 09:09:26; 12.688
 12.01.2026 09:12:27; 12.750
 12.01.2026 09:15:27; 12.750
 12.01.2026 09:18:26; 12.813
 12.01.2026 09:21:27; 12.813
 12.01.2026 09:24:26; 12.875
 12.01.2026 09:27:26; 12.813
 12.01.2026 09:30:27; 12.813
 12.01.2026 09:33:26; 12.813
 12.01.2026 09:36:26; 12.750
 12.01.2026 09:39:27; 12.688
 12.01.2026 09:42:27; 12.688
 12.01.2026 09:45:26; 12.688
 12.01.2026 09:48:27; 12.625
 12.01.2026 09:51:27; 12.625
 12.01.2026 09:54:26; 12.625
 12.01.2026 09:57:27; 12.625
 12.01.2026 10:00:27; 12.625
 12.01.2026 10:03:26; 12.625
 12.01.2026 10:06:27; 12.688
 12.01.2026 10:09:26; 12.688
 12.01.2026 10:12:26; 12.688
 12.01.2026 10:15:27; 12.688
 12.01.2026 10:18:26; 12.750
 12.01.2026 10:21:26; 12.750
 12.01.2026 10:24:27; 12.750
 12.01.2026 10:27:27; 12.750
 12.01.2026 10:30:26; 12.750
 12.01.2026 10:33:27; 12.688
 12.01.2026 10:36:27; 12.688
 12.01.2026 10:39:26; 12.625
 12.01.2026 10:42:27; 12.563
 12.01.2026 10:45:27; 12.500
 12.01.2026 10:48:26; 12.438
 12.01.2026 10:51:27; 12.375
 12.01.2026 10:54:26; 12.313
 12.01.2026 10:57:26; 12.313
 12.01.2026 11:00:27; 12.375
 12.01.2026 11:03:26; 12.375
 12.01.2026 11:06:26; 12.375
 12.01.2026 11:09:27; 12.438
 12.01.2026 11:12:27; 12.438
 12.01.2026 11:15:26; 12.500
 12.01.2026 11:18:27; 12.563
 12.01.2026 11:21:27; 12.688
 12.01.2026 11:24:26; 12.813
 12.01.2026 11:27:27; 12.875
 12.01.2026 11:30:27; 13.000
 12.01.2026 11:33:26; 13.125
 12.01.2026 11:36:27; 13.250
 12.01.2026 11:39:26; 13.438
 12.01.2026 11:42:26; 13.563
 12.01.2026 11:45:27; 13.688
 12.01.2026 11:48:26; 13.813
 12.01.2026 11:51:26; 13.938
 12.01.2026 11:54:27; 14.063
 12.01.2026 11:57:27; 14.125
 12.01.2026 12:00:26; 14.250
 12.01.2026 12:03:27; 14.313
 12.01.2026 12:06:27; 14.375
 12.01.2026 12:09:26; 14.438
 12.01.2026 12:12:27; 14.500
 12.01.2026 12:15:27; 14.625
 12.01.2026 12:18:26; 14.688
 12.01.2026 12:21:27; 14.813
 12.01.2026 12:24:26; 14.938
 12.01.2026 12:27:26; 15.000
 12.01.2026 12:30:27; 15.188
 12.01.2026 12:33:26; 15.313
 12.01.2026 12:36:26; 15.375
 12.01.2026 12:39:27; 15.500
 12.01.2026 12:42:27; 15.563
 12.01.2026 12:45:26; 15.625
 12.01.2026 12:48:27; 15.688
 12.01.2026 12:51:27; 15.813
 12.01.2026 12:54:26; 15.813
 12.01.2026 12:57:27; 15.813
 12.01.2026 13:00:27; 15.813
 12.01.2026 13:03:26; 15.938
 12.01.2026 13:06:27; 16.000
 12.01.2026 13:09:26; 16.125
 12.01.2026 13:12:26; 16.250
 12.01.2026 13:15:27; 16.375
 12.01.2026 13:18:26; 16.625
 12.01.2026 13:21:26; 16.750
 12.01.2026 13:24:27; 16.938
 12.01.2026 13:27:27; 17.063
 12.01.2026 13:30:26; 17.250
 12.01.2026 13:33:27; 17.375
 12.01.2026 13:36:27; 17.500
 12.01.2026 13:39:26; 17.625
 12.01.2026 13:42:27; 17.688
 12.01.2026 13:45:27; 17.750
 12.01.2026 13:48:26; 17.875
 12.01.2026 13:51:27; 18.000
 12.01.2026 13:54:26; 18.063
 12.01.2026 13:57:26; 18.125
 12.01.2026 14:00:27; 18.188
 12.01.2026 14:03:26; 18.188
 12.01.2026 14:06:26; 18.250
 12.01.2026 14:09:27; 18.313
 12.01.2026 14:12:27; 18.438
 12.01.2026 14:15:26; 18.500
 12.01.2026 14:18:27; 18.563
 12.01.2026 14:21:27; 18.563
 12.01.2026 14:24:26; 18.438
 12.01.2026 14:27:27; 18.375
 12.01.2026 14:30:27; 18.313
 12.01.2026 14:33:26; 18.250
 12.01.2026 14:36:27; 18.125
 12.01.2026 14:39:26; 18.000
 12.01.2026 14:42:26; 17.938
 12.01.2026 14:45:27; 17.875
 12.01.2026 14:48:26; 17.813
 12.01.2026 14:51:26; 17.750
 12.01.2026 14:54:27; 17.813
 12.01.2026 14:57:27; 18.000
 12.01.2026 15:00:26; 18.188
 12.01.2026 15:03:27; 18.625
 12.01.2026 15:06:27; 18.875
 12.01.2026 15:09:26; 19.313
 12.01.2026 15:12:27; 19.563
 12.01.2026 15:15:27; 20.000
 12.01.2026 15:18:26; 20.250
 12.01.2026 15:21:27; 20.438
 12.01.2026 15:24:26; 20.563
 12.01.2026 15:27:26; 20.438
 12.01.2026 15:30:27; 20.375
 12.01.2026 15:33:26; 20.250
 12.01.2026 15:36:26; 20.125
 12.01.2026 15:39:27; 20.188
 12.01.2026 15:42:27; 20.313
 12.01.2026 15:45:26; 20.188
 12.01.2026 15:48:27; 20.125
 12.01.2026 15:51:27; 20.188
 12.01.2026 15:54:26; 20.750
 12.01.2026 15:57:27; 21.563
 12.01.2026 16:00:27; 21.813
 12.01.2026 16:03:26; 21.813
 12.01.2026 16:06:27; 22.063
 12.01.2026 16:09:26; 22.000
 12.01.2026 16:12:26; 22.063
 12.01.2026 16:15:27; 22.000
 12.01.2026 16:18:26; 21.875
 12.01.2026 16:21:26; 22.500
 12.01.2026 16:24:27; 22.875
 12.01.2026 16:27:27; 22.500
 12.01.2026 16:30:26; 22.250
 12.01.2026 16:33:27; 22.125
 12.01.2026 16:36:27; 21.938
 12.01.2026 16:39:26; 21.938
 12.01.2026 16:42:27; 22.438
 12.01.2026 16:45:27; 22.625
 12.01.2026 16:48:26; 23.250
 12.01.2026 16:51:27; 23.938
 12.01.2026 16:54:26; 25.063
 12.01.2026 16:57:26; 25.313
 12.01.2026 17:00:27; 24.938
 12.01.2026 17:03:26; 25.000
 12.01.2026 17:06:26; 25.000
 12.01.2026 17:09:27; 25.188
 12.01.2026 17:12:27; 25.563
 12.01.2026 17:15:26; 25.563
 12.01.2026 17:18:27; 25.875
 12.01.2026 17:21:27; 25.750
 12.01.2026 17:24:26; 25.813
 12.01.2026 17:27:27; 25.875
 12.01.2026 17:30:27; 25.813
 12.01.2026 17:33:26; 26.250
 12.01.2026 17:36:27; 26.563
 12.01.2026 17:39:26; 26.813
 12.01.2026 17:42:26; 27.063
 12.01.2026 17:45:27; 27.125
 12.01.2026 17:48:26; 27.438
 12.01.2026 17:51:26; 27.875
 12.01.2026 17:54:27; 27.938
 12.01.2026 17:57:27; 28.188
 12.01.2026 18:00:26; 28.500
 12.01.2026 18:03:27; 28.313
 12.01.2026 18:06:27; 29.375
 12.01.2026 18:09:26; 30.125
 12.01.2026 18:12:27; 31.000
 12.01.2026 18:15:27; 31.375
 12.01.2026 18:18:26; 32.250
 12.01.2026 18:21:27; 33.063
 12.01.2026 18:24:26; 32.375
 12.01.2026 18:27:26; 32.375
 12.01.2026 18:30:27; 33.375
 12.01.2026 18:33:26; 33.688
 12.01.2026 18:36:26; 34.125
 12.01.2026 18:39:27; 35.188
 12.01.2026 18:42:27; 34.750
 12.01.2026 18:45:26; 34.625
 12.01.2026 18:48:27; 35.125
 12.01.2026 18:51:27; 35.438
 12.01.2026 18:54:26; 36.188
 12.01.2026 18:57:27; 37.063
 12.01.2026 19:00:27; 37.625
 12.01.2026 19:03:26; 37.813
 12.01.2026 19:06:27; 37.688
 12.01.2026 19:09:26; 38.000
 12.01.2026 19:12:26; 39.000
 12.01.2026 19:15:27; 39.313
 12.01.2026 19:18:26; 39.813
 12.01.2026 19:21:26; 40.188
 12.01.2026 19:24:27; 39.813
 12.01.2026 19:27:27; 40.375
 12.01.2026 19:30:26; 40.188
 12.01.2026 19:33:27; 39.813
 12.01.2026 19:36:27; 39.563
 12.01.2026 19:39:26; 39.000
 12.01.2026 19:42:27; 39.688
 12.01.2026 19:45:27; 40.125
 12.01.2026 19:48:26; 40.688
 12.01.2026 19:51:27; 40.500
 12.01.2026 19:54:26; 40.188
 12.01.2026 19:57:26; 41.250
 12.01.2026 20:00:27; 41.563
 12.01.2026 20:03:26; 41.500
 12.01.2026 20:06:26; 41.563
 12.01.2026 20:09:27; 42.125
 12.01.2026 20:12:27; 42.500
 12.01.2026 20:15:26; 42.500
 12.01.2026 20:18:27; 42.625
 12.01.2026 20:21:27; 42.375
 12.01.2026 20:24:26; 42.625
 12.01.2026 20:27:27; 42.500
 12.01.2026 20:30:27; 42.625
 12.01.2026 20:33:26; 42.688
 12.01.2026 20:36:27; 42.375
 12.01.2026 20:39:26; 41.875
 12.01.2026 20:42:26; 39.750
 12.01.2026 20:45:27; 35.875
 12.01.2026 20:48:26; 33.313
 12.01.2026 20:51:26; 31.813
 12.01.2026 20:54:27; 30.250
 12.01.2026 20:57:27; 28.813
 12.01.2026 21:00:26; 27.438
 12.01.2026 21:03:27; 26.313
 12.01.2026 21:06:27; 25.250
 12.01.2026 21:09:26; 24.500
 12.01.2026 21:12:27; 23.813
 12.01.2026 21:15:27; 23.188
 12.01.2026 21:18:26; 23.063
 12.01.2026 21:21:27; 22.750
 12.01.2026 21:24:26; 22.250
 12.01.2026 21:27:26; 21.813
 12.01.2026 21:30:27; 21.375
 12.01.2026 21:33:26; 21.188
 12.01.2026 21:36:26; 20.938
 12.01.2026 21:39:27; 20.688
 12.01.2026 21:42:27; 20.563
 12.01.2026 21:45:26; 20.375
 12.01.2026 21:48:27; 20.250
 12.01.2026 21:51:27; 20.125
 12.01.2026 21:54:26; 20.000
 12.01.2026 21:57:27; 19.875
 12.01.2026 22:00:27; 19.750
 12.01.2026 22:03:26; 19.625
 12.01.2026 22:06:27; 19.500
 12.01.2026 22:09:26; 19.375
 12.01.2026 22:12:26; 19.250
 12.01.2026 22:15:27; 19.125
 12.01.2026 22:18:26; 19.063
 12.01.2026 22:21:26; 19.000
 12.01.2026 22:24:27; 18.938
 12.01.2026 22:27:27; 18.875
 12.01.2026 22:30:26; 18.875
 12.01.2026 22:33:27; 18.813
 12.01.2026 22:36:27; 18.750
 12.01.2026 22:39:26; 18.750
 12.01.2026 22:42:27; 18.813
 12.01.2026 22:45:27; 18.813
 12.01.2026 22:48:26; 18.875
 12.01.2026 22:51:27; 18.875
 12.01.2026 22:54:26; 18.813
 12.01.2026 22:57:26; 18.750
 12.01.2026 23:00:27; 18.688
 12.01.2026 23:03:26; 18.625
 12.01.2026 23:06:26; 18.563
 12.01.2026 23:09:27; 18.438
 12.01.2026 23:12:27; 18.375
 12.01.2026 23:15:26; 18.250
 12.01.2026 23:18:27; 18.188
 12.01.2026 23:21:27; 18.063
 12.01.2026 23:24:26; 18.000
 12.01.2026 23:27:27; 17.875
 12.01.2026 23:30:27; 17.813
 12.01.2026 23:33:26; 17.688
 12.01.2026 23:36:27; 17.625
 12.01.2026 23:39:26; 17.500
 12.01.2026 23:42:26; 17.375
 12.01.2026 23:45:27; 17.313
 12.01.2026 23:48:26; 17.250
 12.01.2026 23:51:26; 17.188
 12.01.2026 23:54:27; 17.125
 12.01.2026 23:57:27; 17.063
 13.01.2026 00:00:26; 17.000
 13.01.2026 00:03:27; 16.875
 13.01.2026 00:06:27; 16.813
 13.01.2026 00:09:26; 16.750
 13.01.2026 00:12:27; 16.750
 13.01.2026 00:15:27; 16.688
 13.01.2026 00:18:26; 16.625
 13.01.2026 00:21:27; 16.625
 13.01.2026 00:24:26; 16.563
 13.01.2026 00:27:26; 16.563
 13.01.2026 00:30:27; 16.500
 13.01.2026 00:33:26; 16.500
 13.01.2026 00:36:26; 16.500
 13.01.2026 00:39:27; 16.563
 13.01.2026 00:42:27; 16.563
 13.01.2026 00:45:26; 16.563
 13.01.2026 00:48:27; 16.625
 13.01.2026 00:51:27; 16.625
 13.01.2026 00:54:26; 16.563
 13.01.2026 00:57:27; 16.563
 13.01.2026 01:00:27; 16.563
 13.01.2026 01:03:26; 16.563
 13.01.2026 01:06:27; 16.500
 13.01.2026 01:09:26; 16.438
 13.01.2026 01:12:26; 16.375
 13.01.2026 01:15:27; 16.313
 13.01.2026 01:18:26; 16.188
 13.01.2026 01:21:26; 16.125
 13.01.2026 01:24:27; 16.063
 13.01.2026 01:27:27; 15.938
 13.01.2026 01:30:26; 15.938
 13.01.2026 01:33:27; 15.875
 13.01.2026 01:36:27; 15.813
 13.01.2026 01:39:26; 15.750
 13.01.2026 01:42:27; 15.688
 13.01.2026 01:45:27; 15.688
 13.01.2026 01:48:26; 15.625
 13.01.2026 01:51:27; 15.563
 13.01.2026 01:54:26; 15.500
 13.01.2026 01:57:26; 15.500
 13.01.2026 02:00:27; 15.438
 13.01.2026 02:03:26; 15.375
 13.01.2026 02:06:26; 15.313
 13.01.2026 02:09:27; 15.313
 13.01.2026 02:12:27; 15.250
 13.01.2026 02:15:26; 15.250
 13.01.2026 02:18:27; 15.250
 13.01.2026 02:21:27; 15.250
 13.01.2026 02:24:26; 15.313
 13.01.2026 02:27:27; 15.313
 13.01.2026 02:30:27; 15.250
 13.01.2026 02:33:26; 15.250
 13.01.2026 02:36:27; 15.188
 13.01.2026 02:39:26; 15.188
 13.01.2026 02:42:26; 15.188
 13.01.2026 02:45:27; 15.188
 13.01.2026 02:48:26; 15.188
 13.01.2026 02:51:26; 15.125
 13.01.2026 02:54:27; 15.125
 13.01.2026 02:57:27; 15.063
 13.01.2026 03:00:26; 15.063
 13.01.2026 03:03:27; 15.000
 13.01.2026 03:06:27; 15.000
 13.01.2026 03:09:26; 14.938
 13.01.2026 03:12:27; 14.875
 13.01.2026 03:15:27; 14.875
 13.01.2026 03:18:26; 14.813
 13.01.2026 03:21:27; 14.813
 13.01.2026 03:24:26; 14.750
 13.01.2026 03:27:26; 14.750
 13.01.2026 03:30:27; 14.688
 13.01.2026 03:33:26; 14.625
 13.01.2026 03:36:26; 14.625
 13.01.2026 03:39:27; 14.625
 13.01.2026 03:42:27; 14.563
 13.01.2026 03:45:26; 14.563
 13.01.2026 03:48:27; 14.500
 13.01.2026 03:51:27; 14.500
 13.01.2026 03:54:26; 14.438
 13.01.2026 03:57:27; 14.438
 13.01.2026 04:00:27; 14.438
 13.01.2026 04:03:26; 14.438
 13.01.2026 04:06:27; 14.375
 13.01.2026 04:09:26; 14.375
 13.01.2026 04:12:26; 14.313
 13.01.2026 04:15:27; 14.313
 13.01.2026 04:18:26; 14.250
 13.01.2026 04:21:26; 14.250
 13.01.2026 04:24:27; 14.250
 13.01.2026 04:27:27; 14.250
 13.01.2026 04:30:26; 14.250
 13.01.2026 04:33:27; 14.188
 13.01.2026 04:36:27; 14.188
 13.01.2026 04:39:26; 14.188
 13.01.2026 04:42:27; 14.125
 13.01.2026 04:45:27; 14.188
 13.01.2026 04:48:26; 14.250
 13.01.2026 04:51:27; 14.250
 13.01.2026 04:54:26; 14.313
 13.01.2026 04:57:26; 14.438
 13.01.2026 05:00:27; 14.438
 13.01.2026 05:03:26; 14.438
 13.01.2026 05:06:26; 14.500
 13.01.2026 05:09:27; 14.500
 13.01.2026 05:12:27; 14.500
 13.01.2026 05:15:26; 14.500
 13.01.2026 05:18:27; 14.500
 13.01.2026 05:21:27; 14.563
 13.01.2026 05:24:26; 14.563
 13.01.2026 05:27:27; 14.625
 13.01.2026 05:30:27; 14.688
 13.01.2026 05:33:26; 14.688
 13.01.2026 05:36:27; 14.750
 13.01.2026 05:39:26; 14.813
 13.01.2026 05:42:26; 14.875
 13.01.2026 05:45:27; 14.938
 13.01.2026 05:48:26; 14.938
 13.01.2026 05:51:26; 14.938
 13.01.2026 05:54:27; 14.938
 13.01.2026 05:57:27; 14.938
 13.01.2026 06:00:26; 14.938
 13.01.2026 06:03:27; 15.063
 13.01.2026 06:06:27; 15.125
 13.01.2026 06:09:26; 15.125
 13.01.2026 06:12:27; 15.125
 13.01.2026 06:15:27; 15.125
 13.01.2026 06:18:26; 15.125
 13.01.2026 06:21:27; 15.125
 13.01.2026 06:24:26; 15.125
 13.01.2026 06:27:26; 15.125
 13.01.2026 06:30:27; 15.125
 13.01.2026 06:33:26; 15.188
 13.01.2026 06:36:26; 15.188
 13.01.2026 06:39:27; 15.250
 13.01.2026 06:42:27; 15.250
 13.01.2026 06:45:26; 15.250
 13.01.2026 06:48:27; 15.313
 13.01.2026 06:51:27; 15.313
 13.01.2026 06:54:26; 15.313
 13.01.2026 06:57:27; 15.250
 13.01.2026 07:00:27; 15.250
 13.01.2026 07:03:26; 15.250
 13.01.2026 07:06:27; 15.250
 13.01.2026 07:09:26; 15.250
 13.01.2026 07:12:26; 15.250
 13.01.2026 07:15:27; 15.250
 13.01.2026 07:18:26; 15.250
 13.01.2026 07:21:26; 15.250
 13.01.2026 07:24:27; 15.250
 13.01.2026 07:27:27; 15.250
 13.01.2026 07:30:26; 15.250
 13.01.2026 07:33:27; 15.313
 13.01.2026 07:36:27; 15.313
 13.01.2026 07:39:26; 15.313
 13.01.2026 07:42:27; 15.313
 13.01.2026 07:45:27; 15.313
 13.01.2026 07:48:26; 15.313
 13.01.2026 07:51:27; 15.313
 13.01.2026 07:54:26; 15.313
 13.01.2026 07:57:26; 15.313
 13.01.2026 08:00:27; 15.313
 13.01.2026 08:03:26; 15.313
 13.01.2026 08:06:26; 15.375
 13.01.2026 08:09:27; 15.375
 13.01.2026 08:12:27; 15.375
 13.01.2026 08:15:26; 15.375
 13.01.2026 08:18:27; 15.375
 13.01.2026 08:21:27; 15.438
 13.01.2026 08:24:26; 15.438
 13.01.2026 08:27:27; 15.438
 13.01.2026 08:30:27; 15.438
 13.01.2026 08:33:26; 15.438
 13.01.2026 08:36:27; 15.438
 13.01.2026 08:39:26; 15.500
 13.01.2026 08:42:26; 15.500
 13.01.2026 08:45:27; 15.500
 13.01.2026 08:48:26; 15.500
 13.01.2026 08:51:26; 15.500
 13.01.2026 08:54:27; 15.500
 13.01.2026 08:57:27; 15.500
 13.01.2026 09:00:26; 15.500
 13.01.2026 09:03:27; 15.500
 13.01.2026 09:06:27; 15.500
 13.01.2026 09:09:26; 15.500
 13.01.2026 09:12:27; 15.500
 13.01.2026 09:15:27; 15.500
 13.01.2026 09:18:26; 15.500
 13.01.2026 09:21:27; 15.500
 13.01.2026 09:24:26; 15.563
 13.01.2026 09:27:26; 15.563
 13.01.2026 09:30:27; 15.563
 13.01.2026 09:33:26; 15.563
 13.01.2026 09:36:26; 15.563
 13.01.2026 09:39:27; 15.563
 13.01.2026 09:42:27; 15.563
 13.01.2026 09:45:26; 15.500
 13.01.2026 09:48:27; 15.500
 13.01.2026 09:51:27; 15.563
 13.01.2026 09:54:26; 15.563
 13.01.2026 09:57:27; 15.563
 13.01.2026 10:00:27; 15.563
 13.01.2026 10:03:26; 15.563
 13.01.2026 10:06:27; 15.563
 13.01.2026 10:09:26; 15.563
 13.01.2026 10:12:26; 15.563
 13.01.2026 10:15:27; 15.563
 13.01.2026 10:18:26; 15.563
 13.01.2026 10:21:26; 15.563
 13.01.2026 10:24:27; 15.563
 13.01.2026 10:27:27; 15.563
 13.01.2026 10:30:26; 15.563
 13.01.2026 10:33:27; 15.563
 13.01.2026 10:36:27; 15.563
 13.01.2026 10:39:26; 15.563
 13.01.2026 10:42:27; 15.563
 13.01.2026 10:45:27; 15.563
 13.01.2026 10:48:26; 15.625
 13.01.2026 10:51:27; 15.625
 13.01.2026 10:54:26; 15.625
 13.01.2026 10:57:26; 15.688
 13.01.2026 11:00:27; 15.688
 13.01.2026 11:03:26; 15.750
 13.01.2026 11:06:26; 15.750
 13.01.2026 11:09:27; 15.813
 13.01.2026 11:12:27; 15.813
 13.01.2026 11:15:26; 15.813
 13.01.2026 11:18:27; 15.875
 13.01.2026 11:21:27; 15.938
 13.01.2026 11:24:26; 15.938
 13.01.2026 11:27:27; 16.000
 13.01.2026 11:30:27; 16.063
 13.01.2026 11:33:26; 16.063
 13.01.2026 11:36:27; 16.125
 13.01.2026 11:39:26; 16.063
 13.01.2026 11:42:26; 16.063
 13.01.2026 11:45:27; 16.125
 13.01.2026 11:48:26; 16.125
 13.01.2026 11:51:26; 16.188
 13.01.2026 11:54:27; 16.313
 13.01.2026 11:57:27; 16.375
 13.01.2026 12:00:26; 16.563
 13.01.2026 12:03:27; 16.688
 13.01.2026 12:06:27; 16.813
 13.01.2026 12:09:26; 16.938
 13.01.2026 12:12:27; 16.938
 13.01.2026 12:15:27; 16.938
 13.01.2026 12:18:26; 17.063
 13.01.2026 12:21:27; 17.125
 13.01.2026 12:24:26; 17.313
 13.01.2026 12:27:26; 17.563
 13.01.2026 12:30:27; 17.875
 13.01.2026 12:33:26; 18.000
 13.01.2026 12:36:26; 18.000
 13.01.2026 12:39:27; 17.938
 13.01.2026 12:42:27; 18.188
 13.01.2026 12:45:26; 18.125
 13.01.2026 12:48:27; 18.188
 13.01.2026 12:51:27; 18.188
 13.01.2026 12:54:26; 18.188
 13.01.2026 12:57:27; 18.250
 13.01.2026 13:00:27; 18.375
 13.01.2026 13:03:26; 18.563
 13.01.2026 13:06:27; 18.750
 13.01.2026 13:09:26; 18.813
 13.01.2026 13:12:26; 18.938
 13.01.2026 13:15:27; 19.063
 13.01.2026 13:18:26; 19.063
 13.01.2026 13:21:26; 19.063
 13.01.2026 13:24:27; 19.000
 13.01.2026 13:27:27; 18.938
 13.01.2026 13:30:26; 19.000
 13.01.2026 13:33:27; 19.125
 13.01.2026 13:36:27; 19.188
 13.01.2026 13:39:26; 19.313
 13.01.2026 13:42:27; 19.438
 13.01.2026 13:45:27; 19.500
 13.01.2026 13:48:26; 19.438
 13.01.2026 13:51:27; 19.563
 13.01.2026 13:54:26; 20.125
 13.01.2026 13:57:26; 20.250
 13.01.2026 14:00:27; 20.375
 13.01.2026 14:03:26; 20.438
 13.01.2026 14:06:26; 20.375
 13.01.2026 14:09:27; 20.313
 13.01.2026 14:12:27; 20.250
 13.01.2026 14:15:26; 20.313
 13.01.2026 14:18:27; 20.125
 13.01.2026 14:21:27; 20.000
 13.01.2026 14:24:26; 19.875
 13.01.2026 14:27:27; 19.813
 13.01.2026 14:30:27; 19.625
 13.01.2026 14:33:26; 19.563
 13.01.2026 14:36:27; 19.438
 13.01.2026 14:39:26; 19.313
 13.01.2026 14:42:26; 19.188
 13.01.2026 14:45:27; 19.063
 13.01.2026 14:48:26; 18.938
 13.01.2026 14:51:26; 18.813
 13.01.2026 14:54:27; 18.688
 13.01.2026 14:57:27; 18.563
 13.01.2026 15:00:26; 18.500
 13.01.2026 15:03:27; 18.375
 13.01.2026 15:06:27; 18.375
 13.01.2026 15:09:26; 18.375
 13.01.2026 15:12:27; 18.438
 13.01.2026 15:15:27; 18.500
 13.01.2026 15:18:26; 18.625
 13.01.2026 15:21:27; 18.750
 13.01.2026 15:24:26; 18.875
 13.01.2026 15:27:26; 18.938
 13.01.2026 15:30:27; 19.063
 13.01.2026 15:33:26; 19.125
 13.01.2026 15:36:26; 19.250
 13.01.2026 15:39:27; 19.375
 13.01.2026 15:42:27; 19.563
 13.01.2026 15:45:26; 19.625
 13.01.2026 15:48:27; 19.688
 13.01.2026 15:51:27; 19.750
 13.01.2026 15:54:26; 19.750
 13.01.2026 15:57:27; 19.688
 13.01.2026 16:00:27; 19.625
 13.01.2026 16:03:26; 19.563
 13.01.2026 16:06:27; 19.375
 13.01.2026 16:09:26; 19.250
 13.01.2026 16:12:26; 19.188
 13.01.2026 16:15:27; 19.250
 13.01.2026 16:18:26; 19.313
 13.01.2026 16:21:26; 19.313
 13.01.2026 16:24:27; 19.438
 13.01.2026 16:27:27; 19.500
 13.01.2026 16:30:26; 19.500
 13.01.2026 16:33:27; 19.438
 13.01.2026 16:36:27; 19.313
 13.01.2026 16:39:26; 19.250
 13.01.2026 16:42:27; 19.188
 13.01.2026 16:45:27; 19.188
 13.01.2026 16:48:26; 19.313
 13.01.2026 16:51:27; 19.438
 13.01.2026 16:54:26; 19.625
 13.01.2026 16:57:26; 19.750
 13.01.2026 17:00:27; 19.938
 13.01.2026 17:03:26; 20.063
 13.01.2026 17:06:26; 20.250
 13.01.2026 17:09:27; 20.500
 13.01.2026 17:12:27; 20.625
 13.01.2026 17:15:26; 20.750
 13.01.2026 17:18:27; 20.688
 13.01.2026 17:21:27; 20.750
 13.01.2026 17:24:26; 20.938
 13.01.2026 17:27:27; 21.063
 13.01.2026 17:30:27; 21.125
 13.01.2026 17:33:26; 21.188
 13.01.2026 17:36:27; 21.188
 13.01.2026 17:39:26; 21.250
 13.01.2026 17:42:26; 21.438
 13.01.2026 17:45:27; 21.750
 13.01.2026 17:48:26; 22.500
 13.01.2026 17:51:26; 23.313
 13.01.2026 17:54:27; 23.688
 13.01.2026 17:57:27; 25.438
 13.01.2026 18:00:26; 25.125
 13.01.2026 18:03:27; 24.500
 13.01.2026 18:06:27; 24.313
 13.01.2026 18:09:26; 24.063
 13.01.2026 18:12:27; 24.313
 13.01.2026 18:15:27; 24.563
 13.01.2026 18:18:26; 24.438
 13.01.2026 18:21:27; 24.313
 13.01.2026 18:24:26; 26.000
 13.01.2026 18:27:26; 26.750
 13.01.2026 18:30:27; 26.125
 13.01.2026 18:33:26; 27.688
 13.01.2026 18:36:26; 30.688
 13.01.2026 18:39:27; 30.688
 13.01.2026 18:42:27; 29.625
 13.01.2026 18:45:26; 30.125
 13.01.2026 18:48:27; 30.688
 13.01.2026 18:51:27; 29.250
 13.01.2026 18:54:26; 28.500
 13.01.2026 18:57:27; 29.000
 13.01.2026 19:00:27; 31.000
 13.01.2026 19:03:26; 30.063
 13.01.2026 19:06:27; 32.625
 13.01.2026 19:09:26; 34.438
 13.01.2026 19:12:26; 35.250
 13.01.2026 19:15:27; 32.750
 13.01.2026 19:18:26; 33.563
 13.01.2026 19:21:26; 36.125
 13.01.2026 19:24:27; 36.813
 13.01.2026 19:27:27; 36.563
 13.01.2026 19:30:26; 33.500
 13.01.2026 19:33:27; 32.313
 13.01.2026 19:36:27; 30.063
 13.01.2026 19:39:26; 28.313
 13.01.2026 19:42:27; 26.813
 13.01.2026 19:45:27; 25.813
 13.01.2026 19:48:26; 25.438
 13.01.2026 19:51:27; 25.313
 13.01.2026 19:54:26; 25.875
 13.01.2026 19:57:26; 26.813
 13.01.2026 20:00:27; 27.375
 13.01.2026 20:03:26; 28.563
 13.01.2026 20:06:26; 29.438
 13.01.2026 20:09:27; 29.125
 13.01.2026 20:12:27; 28.438
 13.01.2026 20:15:26; 27.563
 13.01.2026 20:18:27; 26.500
 13.01.2026 20:21:27; 25.375
 13.01.2026 20:24:26; 24.313
 13.01.2026 20:27:27; 23.625
 13.01.2026 20:30:27; 22.938
 13.01.2026 20:33:26; 22.313
 13.01.2026 20:36:27; 21.813
 13.01.2026 20:39:26; 21.375
 13.01.2026 20:42:26; 20.938
 13.01.2026 20:45:27; 20.563
 13.01.2026 20:48:26; 20.188
 13.01.2026 20:51:26; 19.750
 13.01.2026 20:54:27; 19.375
 13.01.2026 20:57:27; 18.750
 13.01.2026 21:00:26; 18.375
 13.01.2026 21:03:27; 18.000
 13.01.2026 21:06:27; 17.688
 13.01.2026 21:09:26; 17.500
 13.01.2026 21:12:27; 17.438
 13.01.2026 21:15:27; 17.313
 13.01.2026 21:18:26; 17.000
 13.01.2026 21:21:27; 16.625
 13.01.2026 21:24:26; 16.313
 13.01.2026 21:27:26; 16.000
 13.01.2026 21:30:27; 15.813
 13.01.2026 21:33:26; 15.563
 13.01.2026 21:36:26; 15.250
 13.01.2026 21:39:27; 15.063
 13.01.2026 21:42:27; 14.875
 13.01.2026 21:45:26; 14.688
 13.01.2026 21:48:27; 14.563
 13.01.2026 21:51:27; 14.438
 13.01.2026 21:54:26; 14.438
 13.01.2026 21:57:27; 14.375
 13.01.2026 22:00:27; 14.375
 13.01.2026 22:03:26; 14.375
 13.01.2026 22:06:27; 14.313
 13.01.2026 22:09:26; 14.313
 13.01.2026 22:12:26; 14.313
 13.01.2026 22:15:27; 14.313
 13.01.2026 22:18:26; 14.250
 13.01.2026 22:21:26; 14.250
 13.01.2026 22:24:27; 14.250
 13.01.2026 22:27:27; 14.250
 13.01.2026 22:30:26; 14.250
 13.01.2026 22:33:27; 14.250
 13.01.2026 22:36:27; 14.313
 13.01.2026 22:39:26; 14.313
 13.01.2026 22:42:27; 14.313
 13.01.2026 22:45:27; 14.375
 13.01.2026 22:48:26; 14.375
 13.01.2026 22:51:27; 14.375
 13.01.2026 22:54:26; 14.375
 13.01.2026 22:57:26; 14.375
 13.01.2026 23:00:27; 14.438
 13.01.2026 23:03:26; 14.375
 13.01.2026 23:06:26; 14.375
 13.01.2026 23:09:27; 14.375
 13.01.2026 23:12:27; 14.375
 13.01.2026 23:15:26; 14.375
 13.01.2026 23:18:27; 14.313
 13.01.2026 23:21:27; 14.313
 13.01.2026 23:24:26; 14.313
 13.01.2026 23:27:27; 14.313
 13.01.2026 23:30:27; 14.313
 13.01.2026 23:33:26; 14.250
 13.01.2026 23:36:27; 14.250
 13.01.2026 23:39:26; 14.250
 13.01.2026 23:42:26; 14.250
 13.01.2026 23:45:27; 14.250
 13.01.2026 23:48:26; 14.250
 13.01.2026 23:51:26; 14.250
 13.01.2026 23:54:27; 14.250
 13.01.2026 23:57:27; 14.250
 14.01.2026 00:00:26; 14.250
 14.01.2026 00:03:27; 14.188
 14.01.2026 00:06:27; 14.188
 14.01.2026 00:09:26; 14.250
 14.01.2026 00:12:27; 14.250
 14.01.2026 00:15:27; 14.250
 14.01.2026 00:18:26; 14.250
 14.01.2026 00:21:27; 14.250
 14.01.2026 00:24:26; 14.250
 14.01.2026 00:27:26; 14.250
 14.01.2026 00:30:27; 14.313
 14.01.2026 00:33:26; 14.313
 14.01.2026 00:36:26; 14.313
 14.01.2026 00:39:27; 14.313
 14.01.2026 00:42:27; 14.375
 14.01.2026 00:45:26; 14.375
 14.01.2026 00:48:27; 14.375
 14.01.2026 00:51:27; 14.375
 14.01.2026 00:54:26; 14.375
 14.01.2026 00:57:27; 14.375
 14.01.2026 01:00:27; 14.375
 14.01.2026 01:03:26; 14.375
 14.01.2026 01:06:27; 14.375
 14.01.2026 01:09:26; 14.375
 14.01.2026 01:12:26; 14.438
 14.01.2026 01:15:27; 14.438
 14.01.2026 01:18:26; 14.438
 14.01.2026 01:21:26; 14.438
 14.01.2026 01:24:27; 14.500
 14.01.2026 01:27:27; 14.500
 14.01.2026 01:30:26; 14.500
 14.01.2026 01:33:27; 14.500
 14.01.2026 01:36:27; 14.500
 14.01.2026 01:39:26; 14.500
 14.01.2026 01:42:27; 14.438
 14.01.2026 01:45:27; 14.438
 14.01.2026 01:48:26; 14.438
 14.01.2026 01:51:27; 14.438
 14.01.2026 01:54:26; 14.438
 14.01.2026 01:57:26; 14.438
 14.01.2026 02:00:27; 14.438
 14.01.2026 02:03:26; 14.438
 14.01.2026 02:06:26; 14.438
 14.01.2026 02:09:27; 14.438
 14.01.2026 02:12:27; 14.438
 14.01.2026 02:15:26; 14.500
 14.01.2026 02:18:27; 14.500
 14.01.2026 02:21:27; 14.500
 14.01.2026 02:24:26; 14.500
 14.01.2026 02:27:27; 14.500
 14.01.2026 02:30:27; 14.500
 14.01.2026 02:33:26; 14.438
 14.01.2026 02:36:27; 14.438
 14.01.2026 02:39:26; 14.438
 14.01.2026 02:42:26; 14.438
 14.01.2026 02:45:27; 14.438
 14.01.2026 02:48:26; 14.438
 14.01.2026 02:51:26; 14.375
 14.01.2026 02:54:27; 14.375
 14.01.2026 02:57:27; 14.375
 14.01.2026 03:00:26; 14.438
 14.01.2026 03:03:27; 14.438
 14.01.2026 03:06:27; 14.375
 14.01.2026 03:09:26; 14.438
 14.01.2026 03:12:27; 14.438
 14.01.2026 03:15:27; 14.375
 14.01.2026 03:18:26; 14.375
 14.01.2026 03:21:27; 14.375
 14.01.2026 03:24:26; 14.375
 14.01.2026 03:27:26; 14.313
 14.01.2026 03:30:27; 14.313
 14.01.2026 03:33:26; 14.250
 14.01.2026 03:36:26; 14.188
 14.01.2026 03:39:27; 14.063
 14.01.2026 03:42:27; 14.000
 14.01.2026 03:45:26; 13.875
 14.01.2026 03:48:27; 13.875
 14.01.2026 03:51:27; 13.750
 14.01.2026 03:54:26; 13.750
 14.01.2026 03:57:27; 13.688
 14.01.2026 04:00:27; 13.688
 14.01.2026 04:03:26; 13.688
 14.01.2026 04:06:27; 13.688
 14.01.2026 04:09:26; 13.625
 14.01.2026 04:12:26; 13.625
 14.01.2026 04:15:27; 13.625
 14.01.2026 04:18:26; 13.563
 14.01.2026 04:21:26; 13.500
 14.01.2026 04:24:27; 13.500
 14.01.2026 04:27:27; 13.500
 14.01.2026 04:30:26; 13.438
 14.01.2026 04:33:27; 13.438
 14.01.2026 04:36:27; 13.500
 14.01.2026 04:39:26; 13.500
 14.01.2026 04:42:27; 13.500
 14.01.2026 04:45:27; 13.500
 14.01.2026 04:48:26; 13.500
 14.01.2026 04:51:27; 13.438
 14.01.2026 04:54:26; 13.438
 14.01.2026 04:57:26; 13.375
 14.01.2026 05:00:27; 13.313
 14.01.2026 05:03:26; 13.250
 14.01.2026 05:06:26; 13.250
 14.01.2026 05:09:27; 13.188
 14.01.2026 05:12:27; 13.125
 14.01.2026 05:15:26; 13.125
 14.01.2026 05:18:27; 13.125
 14.01.2026 05:21:27; 13.125
 14.01.2026 05:24:26; 13.125
 14.01.2026 05:27:27; 13.125
 14.01.2026 05:30:27; 13.188
 14.01.2026 05:33:26; 13.250
 14.01.2026 05:36:27; 13.313
 14.01.2026 05:39:26; 13.375
 14.01.2026 05:42:26; 13.438
 14.01.2026 05:45:27; 13.500
 14.01.2026 05:48:26; 13.563
 14.01.2026 05:51:26; 13.563
 14.01.2026 05:54:27; 13.625
 14.01.2026 05:57:27; 13.625
 14.01.2026 06:00:26; 13.625
 14.01.2026 06:03:27; 13.688
 14.01.2026 06:06:27; 13.688
 14.01.2026 06:09:26; 13.750
 14.01.2026 06:12:27; 13.750
 14.01.2026 06:15:27; 13.750
 14.01.2026 06:18:26; 13.813
 14.01.2026 06:21:27; 13.813
 14.01.2026 06:24:26; 13.813
 14.01.2026 06:27:26; 13.875
 14.01.2026 06:30:27; 13.875
 14.01.2026 06:33:26; 13.875
 14.01.2026 06:36:26; 13.938
 14.01.2026 06:39:27; 13.938
 14.01.2026 06:42:27; 13.938
 14.01.2026 06:45:26; 13.938
 14.01.2026 06:48:27; 13.938
 14.01.2026 06:51:27; 14.000
 14.01.2026 06:54:26; 14.000
 14.01.2026 06:57:27; 14.000
 14.01.2026 07:00:27; 14.000
 14.01.2026 07:03:26; 14.000
 14.01.2026 07:06:27; 13.938
 14.01.2026 07:09:26; 13.938
 14.01.2026 07:12:26; 13.938
 14.01.2026 07:15:27; 13.875
 14.01.2026 07:18:26; 13.875
 14.01.2026 07:21:26; 13.813
 14.01.2026 07:24:27; 13.813
 14.01.2026 07:27:27; 13.750
 14.01.2026 07:30:26; 13.750
 14.01.2026 07:33:27; 13.688
 14.01.2026 07:36:27; 13.688
 14.01.2026 07:39:26; 13.688
 14.01.2026 07:42:27; 13.688
 14.01.2026 07:45:27; 13.750
 14.01.2026 07:48:26; 13.750
 14.01.2026 07:51:27; 13.750
 14.01.2026 07:54:26; 13.813
 14.01.2026 07:57:26; 13.813
 14.01.2026 08:00:27; 13.813
 14.01.2026 08:03:26; 13.813
 14.01.2026 08:06:26; 13.813
 14.01.2026 08:09:27; 13.813
 14.01.2026 08:12:27; 13.813
 14.01.2026 08:15:26; 13.813
 14.01.2026 08:18:27; 13.750
 14.01.2026 08:21:27; 13.750
 14.01.2026 08:24:26; 13.750
 14.01.2026 08:27:27; 13.750
 14.01.2026 08:30:27; 13.688
 14.01.2026 08:33:26; 13.688
 14.01.2026 08:36:27; 13.688
 14.01.2026 08:39:26; 13.625
 14.01.2026 08:42:26; 13.625
 14.01.2026 08:45:27; 13.625
 14.01.2026 08:48:26; 13.563
 14.01.2026 08:51:26; 13.563
 14.01.2026 08:54:27; 13.500
 14.01.2026 08:57:27; 13.500
 14.01.2026 09:00:26; 13.375
 14.01.2026 09:03:27; 13.313
 14.01.2026 09:06:27; 13.313
 14.01.2026 09:09:26; 13.313
 14.01.2026 09:12:27; 13.313
 14.01.2026 09:15:27; 13.313
 14.01.2026 09:18:26; 13.313
 14.01.2026 09:21:27; 13.375
 14.01.2026 09:24:26; 13.438
 14.01.2026 09:27:26; 13.438
 14.01.2026 09:30:27; 13.438
 14.01.2026 09:33:26; 13.438
 14.01.2026 09:36:26; 13.438
 14.01.2026 09:39:27; 13.375
 14.01.2026 09:42:27; 13.375
 14.01.2026 09:45:26; 13.375
 14.01.2026 09:48:27; 13.375
 14.01.2026 09:51:27; 13.313
 14.01.2026 09:54:26; 13.313
 14.01.2026 09:57:27; 13.313
 14.01.2026 10:00:27; 13.375
 14.01.2026 10:03:26; 13.313
 14.01.2026 10:06:27; 13.313
 14.01.2026 10:09:26; 13.313
 14.01.2026 10:12:26; 13.250
 14.01.2026 10:15:27; 13.250
 14.01.2026 10:18:26; 13.250
 14.01.2026 10:21:26; 13.250
 14.01.2026 10:24:27; 13.250
 14.01.2026 10:27:27; 13.188
 14.01.2026 10:30:26; 13.188
 14.01.2026 10:33:27; 13.188
 14.01.2026 10:36:27; 13.125
 14.01.2026 10:39:26; 13.125
 14.01.2026 10:42:27; 13.125
 14.01.2026 10:45:27; 13.125
 14.01.2026 10:48:26; 13.188
 14.01.2026 10:51:27; 13.188
 14.01.2026 10:54:26; 13.125
 14.01.2026 10:57:26; 13.125
 14.01.2026 11:00:27; 13.125
 14.01.2026 11:03:26; 13.063
 14.01.2026 11:06:26; 13.063
 14.01.2026 11:09:27; 13.063
 14.01.2026 11:12:27; 13.125
 14.01.2026 11:15:26; 13.125
 14.01.2026 11:18:27; 13.125
 14.01.2026 11:21:27; 13.125
 14.01.2026 11:24:26; 13.188
 14.01.2026 11:27:27; 13.188
 14.01.2026 11:30:27; 13.188
 14.01.2026 11:33:26; 13.188
 14.01.2026 11:36:27; 13.188
 14.01.2026 11:39:26; 13.250
 14.01.2026 11:42:26; 13.250
 14.01.2026 11:45:27; 13.313
 14.01.2026 11:48:26; 13.313
 14.01.2026 11:51:26; 13.313
 14.01.2026 11:54:27; 13.313
 14.01.2026 11:57:27; 13.375
 14.01.2026 12:00:26; 13.375
 14.01.2026 12:03:27; 13.375
 14.01.2026 12:06:27; 13.438
 14.01.2026 12:09:26; 13.500
 14.01.2026 12:12:27; 13.500
 14.01.2026 12:15:27; 13.563
 14.01.2026 12:18:26; 13.563
 14.01.2026 12:21:27; 13.563
 14.01.2026 12:24:26; 13.625
 14.01.2026 12:27:26; 13.750
 14.01.2026 12:30:27; 13.938
 14.01.2026 12:33:26; 14.000
 14.01.2026 12:36:26; 14.000
 14.01.2026 12:39:27; 13.938
 14.01.2026 12:42:27; 13.938
 14.01.2026 12:45:26; 13.938
 14.01.2026 12:48:27; 13.938
 14.01.2026 12:51:27; 13.938
 14.01.2026 12:54:26; 14.000
 14.01.2026 12:57:27; 14.125
 14.01.2026 13:00:27; 14.250
 14.01.2026 13:03:26; 14.313
 14.01.2026 13:06:27; 14.313
 14.01.2026 13:09:26; 14.313
 14.01.2026 13:12:26; 14.313
 14.01.2026 13:15:27; 14.313
 14.01.2026 13:18:26; 14.375
 14.01.2026 13:21:26; 14.375
 14.01.2026 13:24:27; 14.375
 14.01.2026 13:27:27; 14.375
 14.01.2026 13:30:26; 14.375
 14.01.2026 13:33:27; 14.438
 14.01.2026 13:36:27; 14.750
 14.01.2026 13:39:26; 14.938
 14.01.2026 13:42:27; 15.000
 14.01.2026 13:45:27; 15.000
 14.01.2026 13:48:26; 15.375
 14.01.2026 13:51:27; 15.500
 14.01.2026 13:54:26; 15.438
 14.01.2026 13:57:26; 15.188
 14.01.2026 14:00:27; 15.063
 14.01.2026 14:03:26; 14.938
 14.01.2026 14:06:26; 15.000
 14.01.2026 14:09:27; 15.125
 14.01.2026 14:12:27; 15.063
 14.01.2026 14:15:26; 14.938
 14.01.2026 14:18:27; 14.938
 14.01.2026 14:21:27; 14.813
 14.01.2026 14:24:26; 14.875
 14.01.2026 14:27:27; 15.063
 14.01.2026 14:30:27; 15.125
 14.01.2026 14:33:26; 15.063
 14.01.2026 14:36:27; 15.125
 14.01.2026 14:39:26; 15.063
 14.01.2026 14:42:26; 15.063
 14.01.2026 14:45:27; 15.063
 14.01.2026 14:48:26; 15.000
 14.01.2026 14:51:26; 14.875
 14.01.2026 14:54:27; 14.813
 14.01.2026 14:57:27; 14.750
 14.01.2026 15:00:26; 14.750
 14.01.2026 15:03:27; 14.750
 14.01.2026 15:06:27; 14.875
 14.01.2026 15:09:26; 15.000
 14.01.2026 15:12:27; 15.188
 14.01.2026 15:15:27; 15.375
 14.01.2026 15:18:26; 15.500
 14.01.2026 15:21:27; 15.500
 14.01.2026 15:24:26; 15.313
 14.01.2026 15:27:26; 15.250
 14.01.2026 15:30:27; 15.250
 14.01.2026 15:33:26; 15.313
 14.01.2026 15:36:26; 15.500
 14.01.2026 15:39:27; 15.750
 14.01.2026 15:42:27; 15.938
 14.01.2026 15:45:26; 16.875
 14.01.2026 15:48:27; 17.500
 14.01.2026 15:51:27; 18.500
 14.01.2026 15:54:26; 19.000
 14.01.2026 15:57:27; 19.313
 14.01.2026 16:00:27; 18.563
 14.01.2026 16:03:26; 17.938
 14.01.2026 16:06:27; 17.438
 14.01.2026 16:09:26; 17.250
 14.01.2026 16:12:26; 17.250
 14.01.2026 16:15:27; 17.188
 14.01.2026 16:18:26; 17.063
 14.01.2026 16:21:26; 16.750
 14.01.2026 16:24:27; 16.563
 14.01.2026 16:27:27; 16.375
 14.01.2026 16:30:26; 16.375
 14.01.2026 16:33:27; 16.313
 14.01.2026 16:36:27; 16.188
 14.01.2026 16:39:26; 16.125
 14.01.2026 16:42:27; 16.563
 14.01.2026 16:45:27; 17.813
 14.01.2026 16:48:26; 18.875
 14.01.2026 16:51:27; 19.563
 14.01.2026 16:54:26; 20.438
 14.01.2026 16:57:26; 21.063
 14.01.2026 17:00:27; 21.438
 14.01.2026 17:03:26; 22.000
 14.01.2026 17:06:26; 22.750
 14.01.2026 17:09:27; 22.000
 14.01.2026 17:12:27; 21.938
 14.01.2026 17:15:26; 21.813
 14.01.2026 17:18:27; 21.813
 14.01.2026 17:21:27; 21.125
 14.01.2026 17:24:26; 19.813
 14.01.2026 17:27:27; 18.563
 14.01.2026 17:30:27; 17.688
 14.01.2026 17:33:26; 17.063
 14.01.2026 17:36:27; 17.188
 14.01.2026 17:39:26; 19.063
 14.01.2026 17:42:26; 20.875
 14.01.2026 17:45:27; 22.125
 14.01.2026 17:48:26; 21.688
 14.01.2026 17:51:26; 23.188
 14.01.2026 17:54:27; 23.938
 14.01.2026 17:57:27; 22.125
 14.01.2026 18:00:26; 20.625
 14.01.2026 18:03:27; 22.875
 14.01.2026 18:06:27; 23.875
 14.01.2026 18:09:26; 24.188
 14.01.2026 18:12:27; 22.750
 14.01.2026 18:15:27; 21.625
 14.01.2026 18:18:26; 22.313
 14.01.2026 18:21:27; 23.813
 14.01.2026 18:24:26; 23.500
 14.01.2026 18:27:26; 23.938
 14.01.2026 18:30:27; 26.375
 14.01.2026 18:33:26; 26.250
 14.01.2026 18:36:26; 27.000
 14.01.2026 18:39:27; 24.688
 14.01.2026 18:42:27; 22.688
 14.01.2026 18:45:26; 20.875
 14.01.2026 18:48:27; 19.500
 14.01.2026 18:51:27; 18.563
 14.01.2026 18:54:26; 17.938
 14.01.2026 18:57:27; 17.563
 14.01.2026 19:00:27; 17.250
 14.01.2026 19:03:26; 17.500
 14.01.2026 19:06:27; 17.500
 14.01.2026 19:09:26; 17.438
 14.01.2026 19:12:26; 17.250
 14.01.2026 19:15:27; 17.188
 14.01.2026 19:18:26; 19.750
 14.01.2026 19:21:26; 24.375
 14.01.2026 19:24:27; 26.938
 14.01.2026 19:27:27; 28.875
 14.01.2026 19:30:26; 26.938
 14.01.2026 19:33:27; 28.188
 14.01.2026 19:36:27; 30.000
 14.01.2026 19:39:26; 31.625
 14.01.2026 19:42:27; 32.188
 14.01.2026 19:45:27; 32.188
 14.01.2026 19:48:26; 29.875
 14.01.2026 19:51:27; 31.375
 14.01.2026 19:54:26; 30.938
 14.01.2026 19:57:26; 30.563
 14.01.2026 20:00:27; 31.813
 14.01.2026 20:03:26; 31.375
 14.01.2026 20:06:26; 31.938
 14.01.2026 20:09:27; 33.000
 14.01.2026 20:12:27; 33.063
 14.01.2026 20:15:26; 33.625
 14.01.2026 20:18:27; 34.250
 14.01.2026 20:21:27; 34.625
 14.01.2026 20:24:26; 34.063
 14.01.2026 20:27:27; 33.063
 14.01.2026 20:30:27; 33.313
 14.01.2026 20:33:26; 32.688
 14.01.2026 20:36:27; 31.125
 14.01.2026 20:39:26; 28.938
 14.01.2026 20:42:26; 27.125
 14.01.2026 20:45:27; 25.250
 14.01.2026 20:48:26; 24.813
 14.01.2026 20:51:26; 24.688
 14.01.2026 20:54:27; 23.188
 14.01.2026 20:57:27; 22.375
 14.01.2026 21:00:26; 21.313
 14.01.2026 21:03:27; 20.438
 14.01.2026 21:06:27; 19.813
 14.01.2026 21:09:26; 19.375
 14.01.2026 21:12:27; 19.063
 14.01.2026 21:15:27; 18.375
 14.01.2026 21:18:26; 18.188
 14.01.2026 21:21:27; 18.250
 14.01.2026 21:24:26; 18.063
 14.01.2026 21:27:26; 17.750
 14.01.2026 21:30:27; 17.500
 14.01.2026 21:33:26; 17.313
 14.01.2026 21:36:26; 17.063
 14.01.2026 21:39:27; 16.750
 14.01.2026 21:42:27; 16.438
 14.01.2026 21:45:26; 16.250
 14.01.2026 21:48:27; 16.125
 14.01.2026 21:51:27; 16.188
 14.01.2026 21:54:26; 16.125
 14.01.2026 21:57:27; 16.063
 14.01.2026 22:00:27; 16.125
 14.01.2026 22:03:26; 16.250
 14.01.2026 22:06:27; 16.375
 14.01.2026 22:09:26; 16.375
 14.01.2026 22:12:26; 16.250
 14.01.2026 22:15:27; 16.125
 14.01.2026 22:18:26; 15.938
 14.01.2026 22:21:26; 15.875
 14.01.2026 22:24:27; 15.750
 14.01.2026 22:27:27; 15.688
 14.01.2026 22:30:26; 15.625
 14.01.2026 22:33:27; 15.563
 14.01.2026 22:36:27; 15.438
 14.01.2026 22:39:26; 15.375
 14.01.2026 22:42:27; 15.375
 14.01.2026 22:45:27; 15.313
 14.01.2026 22:48:26; 15.250
 14.01.2026 22:51:27; 15.250
 14.01.2026 22:54:26; 15.188
 14.01.2026 22:57:26; 15.188
 14.01.2026 23:00:27; 15.125
 14.01.2026 23:03:26; 15.063
 14.01.2026 23:06:26; 15.000
 14.01.2026 23:09:27; 14.875
 14.01.2026 23:12:27; 14.813
 14.01.2026 23:15:26; 14.750
 14.01.2026 23:18:27; 14.625
 14.01.2026 23:21:27; 14.500
 14.01.2026 23:24:26; 14.375
 14.01.2026 23:27:27; 14.250
 14.01.2026 23:30:27; 14.125
 14.01.2026 23:33:26; 14.000
 14.01.2026 23:36:27; 13.875
 14.01.2026 23:39:26; 13.750
 14.01.2026 23:42:26; 13.625
 14.01.2026 23:45:27; 13.563
 14.01.2026 23:48:26; 13.375
 14.01.2026 23:51:26; 13.313
 14.01.2026 23:54:27; 13.250
 14.01.2026 23:57:27; 13.188
 15.01.2026 00:00:26; 13.125
 15.01.2026 00:03:27; 13.063
 15.01.2026 00:06:27; 13.000
 15.01.2026 00:09:26; 12.938
 15.01.2026 00:12:27; 12.938
 15.01.2026 00:15:27; 12.875
 15.01.2026 00:18:26; 12.813
 15.01.2026 00:21:27; 12.750
 15.01.2026 00:24:26; 12.688
 15.01.2026 00:27:26; 12.688
 15.01.2026 00:30:27; 12.625
 15.01.2026 00:33:26; 12.625
 15.01.2026 00:36:26; 12.563
 15.01.2026 00:39:27; 12.500
 15.01.2026 00:42:27; 12.500
 15.01.2026 00:45:26; 12.438
 15.01.2026 00:48:27; 12.375
 15.01.2026 00:51:27; 12.375
 15.01.2026 00:54:26; 12.313
 15.01.2026 00:57:27; 12.313
 15.01.2026 01:00:27; 12.313
 15.01.2026 01:03:26; 12.250
 15.01.2026 01:06:27; 12.188
 15.01.2026 01:09:26; 12.125
 15.01.2026 01:12:26; 12.125
 15.01.2026 01:15:27; 12.063
 15.01.2026 01:18:26; 12.063
 15.01.2026 01:21:26; 12.000
 15.01.2026 01:24:27; 11.938
 15.01.2026 01:27:27; 11.938
 15.01.2026 01:30:26; 11.875
 15.01.2026 01:33:27; 11.875
 15.01.2026 01:36:27; 11.875
 15.01.2026 01:39:26; 11.813
 15.01.2026 01:42:27; 11.813
 15.01.2026 01:45:27; 11.750
 15.01.2026 01:48:26; 11.750
 15.01.2026 01:51:27; 11.750
 15.01.2026 01:54:26; 11.750
 15.01.2026 01:57:26; 11.688
 15.01.2026 02:00:27; 11.688
 15.01.2026 02:03:26; 11.625
 15.01.2026 02:06:26; 11.625
 15.01.2026 02:09:27; 11.563
 15.01.2026 02:12:27; 11.500
 15.01.2026 02:15:26; 11.500
 15.01.2026 02:18:27; 11.500
 15.01.2026 02:21:27; 11.500
 15.01.2026 02:24:26; 11.500
 15.01.2026 02:27:27; 11.500
 15.01.2026 02:30:27; 11.438
 15.01.2026 02:33:26; 11.438
 15.01.2026 02:36:27; 11.438
 15.01.2026 02:39:26; 11.438
 15.01.2026 02:42:26; 11.375
 15.01.2026 02:45:27; 11.375
 15.01.2026 02:48:26; 11.313
 15.01.2026 02:51:26; 11.313
 15.01.2026 02:54:27; 11.313
 15.01.2026 02:57:27; 11.250
 15.01.2026 03:00:26; 11.250
 15.01.2026 03:03:27; 11.250
 15.01.2026 03:06:27; 11.188
 15.01.2026 03:09:26; 11.188
 15.01.2026 03:12:27; 11.188
 15.01.2026 03:15:27; 11.188
 15.01.2026 03:18:26; 11.125
 15.01.2026 03:21:27; 11.063
 15.01.2026 03:24:26; 11.063
 15.01.2026 03:27:26; 11.063
 15.01.2026 03:30:27; 11.000
 15.01.2026 03:33:26; 11.000
 15.01.2026 03:36:26; 11.000
 15.01.2026 03:39:27; 10.938
 15.01.2026 03:42:27; 10.938
 15.01.2026 03:45:26; 10.938
 15.01.2026 03:48:27; 10.875
 15.01.2026 03:51:27; 10.875
 15.01.2026 03:54:26; 10.875
 15.01.2026 03:57:27; 10.813
 15.01.2026 04:00:27; 10.813
 15.01.2026 04:03:26; 10.750
 15.01.2026 04:06:27; 10.750
 15.01.2026 04:09:26; 10.750
 15.01.2026 04:12:26; 10.750
 15.01.2026 04:15:27; 10.750
 15.01.2026 04:18:26; 10.688
 15.01.2026 04:21:26; 10.688
 15.01.2026 04:24:27; 10.688
 15.01.2026 04:27:27; 10.688
 15.01.2026 04:30:26; 10.688
 15.01.2026 04:33:27; 10.688
 15.01.2026 04:36:27; 10.688
 15.01.2026 04:39:26; 10.625
 15.01.2026 04:42:27; 10.625
 15.01.2026 04:45:27; 10.563
 15.01.2026 04:48:26; 10.563
 15.01.2026 04:51:27; 10.563
 15.01.2026 04:54:26; 10.500
 15.01.2026 04:57:26; 10.500
 15.01.2026 05:00:27; 10.438
 15.01.2026 05:03:26; 10.438
 15.01.2026 05:06:26; 10.438
 15.01.2026 05:09:27; 10.375
 15.01.2026 05:12:27; 10.375
 15.01.2026 05:15:26; 10.313
 15.01.2026 05:18:27; 10.313
 15.01.2026 05:21:27; 10.250
 15.01.2026 05:24:26; 10.250
 15.01.2026 05:27:27; 10.250
 15.01.2026 05:30:27; 10.250
 15.01.2026 05:33:26; 10.250
 15.01.2026 05:36:27; 10.250
 15.01.2026 05:39:26; 10.250
 15.01.2026 05:42:26; 10.250
 15.01.2026 05:45:27; 10.313
 15.01.2026 05:48:26; 10.250
 15.01.2026 05:51:26; 10.250
 15.01.2026 05:54:27; 10.250
 15.01.2026 05:57:27; 10.250
 15.01.2026 06:00:26; 10.250
 15.01.2026 06:03:27; 10.250
 15.01.2026 06:06:27; 10.188
 15.01.2026 06:09:26; 10.188
 15.01.2026 06:12:27; 10.125
 15.01.2026 06:15:27; 10.125
 15.01.2026 06:18:26; 10.125
 15.01.2026 06:21:27; 10.125
 15.01.2026 06:24:26; 10.125
 15.01.2026 06:27:26; 10.125
 15.01.2026 06:30:27; 10.125
 15.01.2026 06:33:26; 10.125
 15.01.2026 06:36:26; 10.125
 15.01.2026 06:39:27; 10.063
 15.01.2026 06:42:27; 10.063
 15.01.2026 06:45:26; 10.063
 15.01.2026 06:48:27; 10.063
 15.01.2026 06:51:27; 10.000
 15.01.2026 06:54:26; 10.000
 15.01.2026 06:57:27; 10.000
 15.01.2026 07:00:27;  9.938
 15.01.2026 07:03:26;  9.938
 15.01.2026 07:06:27;  9.875
 15.01.2026 07:09:26;  9.875
 15.01.2026 07:12:26;  9.813
 15.01.2026 07:15:27;  9.813
 15.01.2026 07:18:26;  9.750
 15.01.2026 07:21:26;  9.750
 15.01.2026 07:24:27;  9.750
 15.01.2026 07:27:27;  9.688
 15.01.2026 07:30:26;  9.688
 15.01.2026 07:33:27;  9.688
 15.01.2026 07:36:27;  9.688
 15.01.2026 07:39:26;  9.688
 15.01.2026 07:42:27;  9.688
 15.01.2026 07:45:27;  9.688
 15.01.2026 07:48:26;  9.688
 15.01.2026 07:51:27;  9.625
 15.01.2026 07:54:26;  9.625
 15.01.2026 07:57:26;  9.563
 15.01.2026 08:00:27;  9.500
 15.01.2026 08:03:26;  9.500
 15.01.2026 08:06:26;  9.500
 15.01.2026 08:09:27;  9.500
 15.01.2026 08:12:27;  9.500
 15.01.2026 08:15:26;  9.500
 15.01.2026 08:18:27;  9.438
 15.01.2026 08:21:27;  9.438
 15.01.2026 08:24:26;  9.438
 15.01.2026 08:27:27;  9.438
 15.01.2026 08:30:27;  9.375
 15.01.2026 08:33:26;  9.375
 15.01.2026 08:36:27;  9.313
 15.01.2026 08:39:26;  9.313
 15.01.2026 08:42:26;  9.250
 15.01.2026 08:45:27;  9.250
 15.01.2026 08:48:26;  9.313
 15.01.2026 08:51:26;  9.250
 15.01.2026 08:54:27;  9.250
 15.01.2026 08:57:27;  9.250
 15.01.2026 09:00:26;  9.313
 15.01.2026 09:03:27;  9.313
 15.01.2026 09:06:27;  9.375
 15.01.2026 09:09:26;  9.438
 15.01.2026 09:12:27;  9.500
 15.01.2026 09:15:27;  9.563
 15.01.2026 09:18:26;  9.563
 15.01.2026 09:21:27;  9.625
 15.01.2026 09:24:26;  9.688
 15.01.2026 09:27:26;  9.750
 15.01.2026 09:30:27;  9.813
 15.01.2026 09:33:26;  9.875
 15.01.2026 09:36:26;  9.938
 15.01.2026 09:39:27;  9.938
 15.01.2026 09:42:27; 10.000
 15.01.2026 09:45:26; 10.063
 15.01.2026 09:48:27; 10.125
 15.01.2026 09:51:27; 10.188
 15.01.2026 09:54:26; 10.188
 15.01.2026 09:57:27; 10.250
 15.01.2026 10:00:27; 10.313
 15.01.2026 10:03:26; 10.313
 15.01.2026 10:06:27; 10.313
 15.01.2026 10:09:26; 10.375
 15.01.2026 10:12:26; 10.438
 15.01.2026 10:15:27; 10.438
 15.01.2026 10:18:26; 10.438
 15.01.2026 10:21:26; 10.438
 15.01.2026 10:24:27; 10.438
 15.01.2026 10:27:27; 10.500
 15.01.2026 10:30:26; 10.563
 15.01.2026 10:33:27; 10.500
 15.01.2026 10:36:27; 10.563
 15.01.2026 10:39:26; 10.625
 15.01.2026 10:42:27; 10.625
 15.01.2026 10:45:27; 10.625
 15.01.2026 10:48:26; 10.688
 15.01.2026 10:51:27; 10.688
 15.01.2026 10:54:26; 10.688
 15.01.2026 10:57:26; 10.688
 15.01.2026 11:00:27; 10.688
 15.01.2026 11:03:26; 10.688
 15.01.2026 11:06:26; 10.750
 15.01.2026 11:09:27; 10.750
 15.01.2026 11:12:27; 10.750
 15.01.2026 11:15:26; 10.750
 15.01.2026 11:18:27; 10.813
 15.01.2026 11:21:27; 10.813
 15.01.2026 11:24:26; 10.875
 15.01.2026 11:27:27; 10.938
 15.01.2026 11:30:27; 11.000
 15.01.2026 11:33:26; 11.000
 15.01.2026 11:36:27; 11.063
 15.01.2026 11:39:26; 11.125
 15.01.2026 11:42:26; 11.188
 15.01.2026 11:45:27; 11.250
 15.01.2026 11:48:26; 11.313
 15.01.2026 11:51:26; 11.313
 15.01.2026 11:54:27; 11.438
 15.01.2026 11:57:27; 11.500
 15.01.2026 12:00:26; 11.500
 15.01.2026 12:03:27; 11.625
 15.01.2026 12:06:27; 11.688
 15.01.2026 12:09:26; 11.750
 15.01.2026 12:12:27; 11.875
 15.01.2026 12:15:27; 11.938
 15.01.2026 12:18:26; 12.063
 15.01.2026 12:21:27; 12.125
 15.01.2026 12:24:26; 12.188
 15.01.2026 12:27:26; 12.250
 15.01.2026 12:30:27; 12.375
 15.01.2026 12:33:26; 12.500
 15.01.2026 12:36:26; 12.625
 15.01.2026 12:39:27; 12.688
 15.01.2026 12:42:27; 12.813
 15.01.2026 12:45:26; 12.938
 15.01.2026 12:48:27; 12.938
 15.01.2026 12:51:27; 13.063
 15.01.2026 12:54:26; 13.063
 15.01.2026 12:57:27; 13.125
 15.01.2026 13:00:27; 13.188
 15.01.2026 13:03:26; 13.125
 15.01.2026 13:06:27; 13.125
 15.01.2026 13:09:26; 13.125
 15.01.2026 13:12:26; 13.063
 15.01.2026 13:15:27; 13.063
 15.01.2026 13:18:26; 13.188
 15.01.2026 13:21:26; 13.250
 15.01.2026 13:24:27; 13.375
 15.01.2026 13:27:27; 13.625
 15.01.2026 13:30:26; 13.875
 15.01.2026 13:33:27; 14.000
 15.01.2026 13:36:27; 14.250
 15.01.2026 13:39:26; 14.313
 15.01.2026 13:42:27; 14.438
 15.01.2026 13:45:27; 14.500
 15.01.2026 13:48:26; 14.563
 15.01.2026 13:51:27; 14.688
 15.01.2026 13:54:26; 14.813
 15.01.2026 13:57:26; 14.938
 15.01.2026 14:00:27; 14.813
 15.01.2026 14:03:26; 14.688
 15.01.2026 14:06:26; 14.813
 15.01.2026 14:09:27; 15.125
 15.01.2026 14:12:27; 15.500
 15.01.2026 14:15:26; 15.813
 15.01.2026 14:18:27; 16.125
 15.01.2026 14:21:27; 16.375
 15.01.2026 14:24:26; 16.625
 15.01.2026 14:27:27; 16.813
 15.01.2026 14:30:27; 16.938
 15.01.2026 14:33:26; 16.875
 15.01.2026 14:36:27; 16.875
 15.01.2026 14:39:26; 17.000
 15.01.2026 14:42:26; 17.063
 15.01.2026 14:45:27; 16.938
 15.01.2026 14:48:26; 16.938
 15.01.2026 14:51:26; 16.938
 15.01.2026 14:54:27; 16.938
 15.01.2026 14:57:27; 17.000
 15.01.2026 15:00:26; 17.000
 15.01.2026 15:03:27; 17.125
 15.01.2026 15:06:27; 17.125
 15.01.2026 15:09:26; 17.125
 15.01.2026 15:12:27; 17.188
 15.01.2026 15:15:27; 17.313
 15.01.2026 15:18:26; 17.438
 15.01.2026 15:21:27; 17.625
 15.01.2026 15:24:26; 17.750
 15.01.2026 15:27:26; 18.063
 15.01.2026 15:30:27; 18.125
 15.01.2026 15:33:26; 18.250
 15.01.2026 15:36:26; 18.375
 15.01.2026 15:39:27; 18.688
 15.01.2026 15:42:27; 19.250
 15.01.2026 15:45:26; 19.563
 15.01.2026 15:48:27; 19.750
 15.01.2026 15:51:27; 20.125
 15.01.2026 15:54:26; 20.563
 15.01.2026 15:57:27; 21.000
 15.01.2026 16:00:27; 21.375
 15.01.2026 16:03:26; 21.688
 15.01.2026 16:06:27; 21.813
 15.01.2026 16:09:26; 21.875
 15.01.2026 16:12:26; 22.063
 15.01.2026 16:15:27; 22.063
 15.01.2026 16:18:26; 22.125
 15.01.2026 16:21:26; 22.500
 15.01.2026 16:24:27; 23.000
 15.01.2026 16:27:27; 23.438
 15.01.2026 16:30:26; 23.625
 15.01.2026 16:33:27; 23.813
 15.01.2026 16:36:27; 23.813
 15.01.2026 16:39:26; 23.813
 15.01.2026 16:42:27; 23.813
 15.01.2026 16:45:27; 23.875
 15.01.2026 16:48:26; 24.375
 15.01.2026 16:51:27; 24.500
 15.01.2026 16:54:26; 24.563
 15.01.2026 16:57:26; 24.813
 15.01.2026 17:00:27; 24.813
 15.01.2026 17:03:26; 25.125
 15.01.2026 17:06:26; 25.375
 15.01.2026 17:09:27; 25.500
 15.01.2026 17:12:27; 25.875
 15.01.2026 17:15:26; 26.375
 15.01.2026 17:18:27; 26.563
 15.01.2026 17:21:27; 26.500
 15.01.2026 17:24:26; 26.688
 15.01.2026 17:27:27; 26.938
 15.01.2026 17:30:27; 27.188
 15.01.2026 17:33:26; 27.438
 15.01.2026 17:36:27; 28.125
 15.01.2026 17:39:26; 28.438
 15.01.2026 17:42:26; 28.875
 15.01.2026 17:45:27; 29.563
 15.01.2026 17:48:26; 30.000
 15.01.2026 17:51:26; 30.625
 15.01.2026 17:54:27; 31.063
 15.01.2026 17:57:27; 31.500
 15.01.2026 18:00:26; 31.688
 15.01.2026 18:03:27; 32.000
 15.01.2026 18:06:27; 32.563
 15.01.2026 18:09:26; 33.188
 15.01.2026 18:12:27; 33.313
 15.01.2026 18:15:27; 34.125
 15.01.2026 18:18:26; 34.625
 15.01.2026 18:21:27; 35.063
 15.01.2026 18:24:26; 35.000
 15.01.2026 18:27:26; 35.313
 15.01.2026 18:30:27; 35.500
 15.01.2026 18:33:26; 35.375
 15.01.2026 18:36:26; 35.500
 15.01.2026 18:39:27; 36.000
 15.01.2026 18:42:27; 36.375
 15.01.2026 18:45:26; 37.063
 15.01.2026 18:48:27; 37.375
 15.01.2026 18:51:27; 37.813
 15.01.2026 18:54:26; 37.625
 15.01.2026 18:57:27; 38.125
 15.01.2026 19:00:27; 37.938
 15.01.2026 19:03:26; 37.625
 15.01.2026 19:06:27; 37.563
 15.01.2026 19:09:26; 37.438
 15.01.2026 19:12:26; 37.750
 15.01.2026 19:15:27; 38.313
 15.01.2026 19:18:26; 38.813
 15.01.2026 19:21:26; 38.125
 15.01.2026 19:24:27; 37.438
 15.01.2026 19:27:27; 37.625
 15.01.2026 19:30:26; 37.438
 15.01.2026 19:33:27; 38.188
 15.01.2026 19:36:27; 38.625
 15.01.2026 19:39:26; 38.688
 15.01.2026 19:42:27; 38.500
 15.01.2026 19:45:27; 38.875
 15.01.2026 19:48:26; 39.188
 15.01.2026 19:51:27; 39.375
 15.01.2026 19:54:26; 39.500
 15.01.2026 19:57:26; 39.438
 15.01.2026 20:00:27; 38.938
 15.01.2026 20:03:26; 39.313
 15.01.2026 20:06:26; 38.938
 15.01.2026 20:09:27; 38.750
 15.01.2026 20:12:27; 39.188
 15.01.2026 20:15:26; 39.188
 15.01.2026 20:18:27; 38.188
 15.01.2026 20:21:27; 37.750
 15.01.2026 20:24:26; 37.313
 15.01.2026 20:27:27; 36.500
 15.01.2026 20:30:27; 36.000
 15.01.2026 20:33:26; 34.688
 15.01.2026 20:36:27; 34.750
 15.01.2026 20:39:26; 33.250
 15.01.2026 20:42:26; 31.563
 15.01.2026 20:45:27; 30.000
 15.01.2026 20:48:26; 28.688
 15.01.2026 20:51:26; 26.688
 15.01.2026 20:54:27; 25.188
 15.01.2026 20:57:27; 23.938
 15.01.2026 21:00:26; 23.063
 15.01.2026 21:03:27; 22.563
 15.01.2026 21:06:27; 22.000
 15.01.2026 21:09:26; 21.563
 15.01.2026 21:12:27; 21.125
 15.01.2026 21:15:27; 20.750
 15.01.2026 21:18:26; 20.438
 15.01.2026 21:21:27; 20.188
 15.01.2026 21:24:26; 19.875
 15.01.2026 21:27:26; 19.688
 15.01.2026 21:30:27; 19.500
 15.01.2026 21:33:26; 19.500
 15.01.2026 21:36:26; 19.313
 15.01.2026 21:39:27; 19.250
 15.01.2026 21:42:27; 18.938
 15.01.2026 21:45:26; 18.625
 15.01.2026 21:48:27; 18.375
 15.01.2026 21:51:27; 18.188
 15.01.2026 21:54:26; 18.000
 15.01.2026 21:57:27; 17.875
 15.01.2026 22:00:27; 17.750
 15.01.2026 22:03:26; 17.688
 15.01.2026 22:06:27; 17.625
 15.01.2026 22:09:26; 17.563
 15.01.2026 22:12:26; 17.500
 15.01.2026 22:15:27; 17.438
 15.01.2026 22:18:26; 17.375
 15.01.2026 22:21:26; 17.313
 15.01.2026 22:24:27; 17.250
 15.01.2026 22:27:27; 17.188
 15.01.2026 22:30:26; 17.125
 15.01.2026 22:33:27; 17.063
 15.01.2026 22:36:27; 17.000
 15.01.2026 22:39:26; 16.875
 15.01.2026 22:42:27; 16.813
 15.01.2026 22:45:27; 16.750
 15.01.2026 22:48:26; 16.625
 15.01.2026 22:51:27; 16.500
 15.01.2026 22:54:26; 16.438
 15.01.2026 22:57:26; 16.375
 15.01.2026 23:00:27; 16.313
 15.01.2026 23:03:26; 16.313
 15.01.2026 23:06:26; 16.250
 15.01.2026 23:09:27; 16.188
 15.01.2026 23:12:27; 16.125
 15.01.2026 23:15:26; 16.063
 15.01.2026 23:18:27; 16.000
 15.01.2026 23:21:27; 15.938
 15.01.2026 23:24:26; 15.813
 15.01.2026 23:27:27; 15.813
 15.01.2026 23:30:27; 15.750
 15.01.2026 23:33:26; 15.688
 15.01.2026 23:36:27; 15.625
 15.01.2026 23:39:26; 15.563
 15.01.2026 23:42:26; 15.500
 15.01.2026 23:45:27; 15.375
 15.01.2026 23:48:26; 15.313
 15.01.2026 23:51:26; 15.250
 15.01.2026 23:54:27; 15.125
 15.01.2026 23:57:27; 15.063
 16.01.2026 00:00:26; 14.938
 16.01.2026 00:03:27; 14.813
 16.01.2026 00:06:27; 14.750
 16.01.2026 00:09:26; 14.688
 16.01.2026 00:12:27; 14.625
 16.01.2026 00:15:27; 14.563
 16.01.2026 00:18:26; 14.500
 16.01.2026 00:21:27; 14.438
 16.01.2026 00:24:26; 14.375
 16.01.2026 00:27:26; 14.313
 16.01.2026 00:30:27; 14.188
 16.01.2026 00:33:26; 14.188
 16.01.2026 00:36:26; 14.063
 16.01.2026 00:39:27; 14.000
 16.01.2026 00:42:27; 13.938
 16.01.2026 00:45:26; 13.938
 16.01.2026 00:48:27; 13.875
 16.01.2026 00:51:27; 13.813
 16.01.2026 00:54:26; 13.750
 16.01.2026 00:57:27; 13.688
 16.01.2026 01:00:27; 13.625
 16.01.2026 01:03:26; 13.563
 16.01.2026 01:06:27; 13.563
 16.01.2026 01:09:26; 13.563
 16.01.2026 01:12:26; 13.500
 16.01.2026 01:15:27; 13.500
 16.01.2026 01:18:26; 13.438
 16.01.2026 01:21:26; 13.438
 16.01.2026 01:24:27; 13.375
 16.01.2026 01:27:27; 13.375
 16.01.2026 01:30:26; 13.313
 16.01.2026 01:33:27; 13.313
 16.01.2026 01:36:27; 13.250
 16.01.2026 01:39:26; 13.250
 16.01.2026 01:42:27; 13.250
 16.01.2026 01:45:27; 13.250
 16.01.2026 01:48:26; 13.250
 16.01.2026 01:51:27; 13.313
 16.01.2026 01:54:26; 13.313
 16.01.2026 01:57:26; 13.313
 16.01.2026 02:00:27; 13.313
 16.01.2026 02:03:26; 13.313
 16.01.2026 02:06:26; 13.250
 16.01.2026 02:09:27; 13.313
 16.01.2026 02:12:27; 13.313
 16.01.2026 02:15:26; 13.188
 16.01.2026 02:18:27; 13.125
 16.01.2026 02:21:27; 13.063
 16.01.2026 02:24:26; 13.000
 16.01.2026 02:27:27; 13.000
 16.01.2026 02:30:27; 12.938
 16.01.2026 02:33:26; 12.875
 16.01.2026 02:36:27; 12.750
 16.01.2026 02:39:26; 12.750
 16.01.2026 02:42:26; 12.688
 16.01.2026 02:45:27; 12.625
 16.01.2026 02:48:26; 12.563
 16.01.2026 02:51:26; 12.500
 16.01.2026 02:54:27; 12.500
 16.01.2026 02:57:27; 12.563
 16.01.2026 03:00:26; 12.563
 16.01.2026 03:03:27; 12.500
 16.01.2026 03:06:27; 12.500
 16.01.2026 03:09:26; 12.438
 16.01.2026 03:12:27; 12.438
 16.01.2026 03:15:27; 12.375
 16.01.2026 03:18:26; 12.375
 16.01.2026 03:21:27; 12.375
 16.01.2026 03:24:26; 12.375
 16.01.2026 03:27:26; 12.375
 16.01.2026 03:30:27; 12.375
 16.01.2026 03:33:26; 12.313
 16.01.2026 03:36:26; 12.313
 16.01.2026 03:39:27; 12.313
 16.01.2026 03:42:27; 12.313
 16.01.2026 03:45:26; 12.313
 16.01.2026 03:48:27; 12.313
 16.01.2026 03:51:27; 12.313
 16.01.2026 03:54:26; 12.313
 16.01.2026 03:57:27; 12.313
 16.01.2026 04:00:27; 12.313
 16.01.2026 04:03:26; 12.313
 16.01.2026 04:06:27; 12.313
 16.01.2026 04:09:26; 12.313
 16.01.2026 04:12:26; 12.250
 16.01.2026 04:15:27; 12.250
 16.01.2026 04:18:26; 12.250
 16.01.2026 04:21:26; 12.188
 16.01.2026 04:24:27; 12.188
 16.01.2026 04:27:27; 12.250
 16.01.2026 04:30:26; 12.250
 16.01.2026 04:33:27; 12.188
 16.01.2026 04:36:27; 12.188
 16.01.2026 04:39:26; 12.125
 16.01.2026 04:42:27; 12.125
 16.01.2026 04:45:27; 12.063
 16.01.2026 04:48:26; 12.063
 16.01.2026 04:51:27; 12.063
 16.01.2026 04:54:26; 12.063
 16.01.2026 04:57:26; 12.063
 16.01.2026 05:00:27; 12.000
 16.01.2026 05:03:26; 11.938
 16.01.2026 05:06:26; 11.875
 16.01.2026 05:09:27; 11.875
 16.01.2026 05:12:27; 11.813
 16.01.2026 05:15:26; 11.750
 16.01.2026 05:18:27; 11.750
 16.01.2026 05:21:27; 11.688
 16.01.2026 05:24:26; 11.688
 16.01.2026 05:27:27; 11.625
 16.01.2026 05:30:27; 11.625
 16.01.2026 05:33:26; 11.563
 16.01.2026 05:36:27; 11.563
 16.01.2026 05:39:26; 11.500
 16.01.2026 05:42:26; 11.500
 16.01.2026 05:45:27; 11.438
 16.01.2026 05:48:26; 11.438
 16.01.2026 05:51:26; 11.438
 16.01.2026 05:54:27; 11.313
 16.01.2026 05:57:27; 11.313
 16.01.2026 06:00:26; 11.250
 16.01.2026 06:03:27; 11.188
 16.01.2026 06:06:27; 11.188
 16.01.2026 06:09:26; 11.125
 16.01.2026 06:12:27; 11.063
 16.01.2026 06:15:27; 11.000
 16.01.2026 06:18:26; 11.063
 16.01.2026 06:21:27; 11.000
 16.01.2026 06:24:26; 10.938
 16.01.2026 06:27:26; 10.875
 16.01.2026 06:30:27; 10.813
 16.01.2026 06:33:26; 10.750
 16.01.2026 06:36:26; 10.688
 16.01.2026 06:39:27; 10.625
 16.01.2026 06:42:27; 10.625
 16.01.2026 06:45:26; 10.563
 16.01.2026 06:48:27; 10.563
 16.01.2026 06:51:27; 10.500
 16.01.2026 06:54:26; 10.500
 16.01.2026 06:57:27; 10.500
 16.01.2026 07:00:27; 10.500
 16.01.2026 07:03:26; 10.438
 16.01.2026 07:06:27; 10.375
 16.01.2026 07:09:26; 10.375
 16.01.2026 07:12:26; 10.375
 16.01.2026 07:15:27; 10.375
 16.01.2026 07:18:26; 10.438
 16.01.2026 07:21:26; 10.438
 16.01.2026 07:24:27; 10.438
 16.01.2026 07:27:27; 10.438
 16.01.2026 07:30:26; 10.438
 16.01.2026 07:33:27; 10.375
 16.01.2026 07:36:27; 10.375
 16.01.2026 07:39:26; 10.313
 16.01.2026 07:42:27; 10.250
 16.01.2026 07:45:27; 10.250
 16.01.2026 07:48:26; 10.188
 16.01.2026 07:51:27; 10.125
 16.01.2026 07:54:26; 10.125
 16.01.2026 07:57:26; 10.125
 16.01.2026 08:00:27; 10.125
 16.01.2026 08:03:26; 10.125
 16.01.2026 08:06:26; 10.125
 16.01.2026 08:09:27; 10.063
 16.01.2026 08:12:27; 10.063
 16.01.2026 08:15:26; 10.063
 16.01.2026 08:18:27; 10.063
 16.01.2026 08:21:27; 10.125
 16.01.2026 08:24:26; 10.125
 16.01.2026 08:27:27; 10.188
 16.01.2026 08:30:27; 10.313
 16.01.2026 08:33:26; 10.375
 16.01.2026 08:36:27; 10.438
 16.01.2026 08:39:26; 10.438
 16.01.2026 08:42:26; 10.375
 16.01.2026 08:45:27; 10.375
 16.01.2026 08:48:26; 10.375
 16.01.2026 08:51:26; 10.375
 16.01.2026 08:54:27; 10.375
 16.01.2026 08:57:27; 10.375
 16.01.2026 09:00:26; 10.313
 16.01.2026 09:03:27; 10.313
 16.01.2026 09:06:27; 10.250
 16.01.2026 09:09:26; 10.250
 16.01.2026 09:12:27; 10.250
 16.01.2026 09:15:27; 10.188
 16.01.2026 09:18:26; 10.125
 16.01.2026 09:21:27; 10.063
 16.01.2026 09:24:26; 10.063
 16.01.2026 09:27:26; 10.000
 16.01.2026 09:30:27; 10.000
 16.01.2026 09:33:26; 10.000
 16.01.2026 09:36:26; 10.000
 16.01.2026 09:39:27; 10.000
 16.01.2026 09:42:27; 10.000
 16.01.2026 09:45:26;  9.938
 16.01.2026 09:48:27;  9.938
 16.01.2026 09:51:27;  9.875
 16.01.2026 09:54:26;  9.813
 16.01.2026 09:57:27;  9.750
 16.01.2026 10:00:27;  9.750
 16.01.2026 10:03:26;  9.750
 16.01.2026 10:06:27;  9.750
 16.01.2026 10:09:26;  9.750
 16.01.2026 10:12:26;  9.750
 16.01.2026 10:15:27;  9.688
 16.01.2026 10:18:26;  9.625
 16.01.2026 10:21:26;  9.625
 16.01.2026 10:24:27;  9.625
 16.01.2026 10:27:27;  9.625
 16.01.2026 10:30:26;  9.625
 16.01.2026 10:33:27;  9.688
 16.01.2026 10:36:27;  9.688
 16.01.2026 10:39:26;  9.688
 16.01.2026 10:42:27;  9.688
 16.01.2026 10:45:27;  9.688
 16.01.2026 10:48:26;  9.750
 16.01.2026 10:51:27;  9.750
 16.01.2026 10:54:26;  9.813
 16.01.2026 10:57:26;  9.875
 16.01.2026 11:00:27;  9.938
 16.01.2026 11:03:26; 10.000
 16.01.2026 11:06:26; 10.125
 16.01.2026 11:09:27; 10.188
 16.01.2026 11:12:27; 10.250
 16.01.2026 11:15:26; 10.313
 16.01.2026 11:18:27; 10.375
 16.01.2026 11:21:27; 10.438
 16.01.2026 11:24:26; 10.500
 16.01.2026 11:27:27; 10.563
 16.01.2026 11:30:27; 10.625
 16.01.2026 11:33:26; 10.625
 16.01.2026 11:36:27; 10.688
 16.01.2026 11:39:26; 10.688
 16.01.2026 11:42:26; 10.813
 16.01.2026 11:45:27; 10.875
 16.01.2026 11:48:26; 11.000
 16.01.2026 11:51:26; 11.125
 16.01.2026 11:54:27; 11.313
 16.01.2026 11:57:27; 11.438
 16.01.2026 12:00:26; 11.625
 16.01.2026 12:03:27; 11.813
 16.01.2026 12:06:27; 11.875
 16.01.2026 12:09:26; 12.063
 16.01.2026 12:12:27; 12.063
 16.01.2026 12:15:27; 12.063
 16.01.2026 12:18:26; 12.063
 16.01.2026 12:21:27; 12.125
 16.01.2026 12:24:26; 12.125
 16.01.2026 12:27:26; 12.125
 16.01.2026 12:30:27; 12.063
 16.01.2026 12:33:26; 12.188
 16.01.2026 12:36:26; 12.313
 16.01.2026 12:39:27; 12.500
 16.01.2026 12:42:27; 12.563
 16.01.2026 12:45:26; 12.688
 16.01.2026 12:48:27; 12.875
 16.01.2026 12:51:27; 13.125
 16.01.2026 12:54:26; 13.188
 16.01.2026 12:57:27; 13.438
 16.01.2026 13:00:27; 13.563
 16.01.2026 13:03:26; 13.813
 16.01.2026 13:06:27; 14.000
 16.01.2026 13:09:26; 14.188
 16.01.2026 13:12:26; 14.375
 16.01.2026 13:15:27; 14.625
 16.01.2026 13:18:26; 14.813
 16.01.2026 13:21:26; 14.875
 16.01.2026 13:24:27; 14.938
 16.01.2026 13:27:27; 15.000
 16.01.2026 13:30:26; 15.063
 16.01.2026 13:33:27; 15.063
 16.01.2026 13:36:27; 15.125
 16.01.2026 13:39:26; 15.313
 16.01.2026 13:42:27; 15.500
 16.01.2026 13:45:27; 15.563
 16.01.2026 13:48:26; 15.688
 16.01.2026 13:51:27; 15.813
 16.01.2026 13:54:26; 16.000
 16.01.2026 13:57:26; 16.188
 16.01.2026 14:00:27; 16.250
 16.01.2026 14:03:26; 16.438
 16.01.2026 14:06:26; 16.563
 16.01.2026 14:09:27; 16.688
 16.01.2026 14:12:27; 16.688
 16.01.2026 14:15:26; 16.750
 16.01.2026 14:18:27; 16.688
 16.01.2026 14:21:27; 16.625
 16.01.2026 14:24:26; 16.688
 16.01.2026 14:27:27; 16.813
 16.01.2026 14:30:27; 16.875
 16.01.2026 14:33:26; 16.875
 16.01.2026 14:36:27; 16.813
 16.01.2026 14:39:26; 16.938
 16.01.2026 14:42:26; 17.188
 16.01.2026 14:45:27; 17.250
 16.01.2026 14:48:26; 17.375
 16.01.2026 14:51:26; 17.375
 16.01.2026 14:54:27; 17.625
 16.01.2026 14:57:27; 17.563
 16.01.2026 15:00:26; 17.625
 16.01.2026 15:03:27; 17.813
 16.01.2026 15:06:27; 17.938
 16.01.2026 15:09:26; 18.063
 16.01.2026 15:12:27; 18.250
 16.01.2026 15:15:27; 18.375
 16.01.2026 15:18:26; 18.500
 16.01.2026 15:21:27; 18.750
 16.01.2026 15:24:26; 18.875
 16.01.2026 15:27:26; 19.063
 16.01.2026 15:30:27; 19.250
 16.01.2026 15:33:26; 19.250
 16.01.2026 15:36:26; 19.250
 16.01.2026 15:39:27; 19.500
 16.01.2026 15:42:27; 19.688
 16.01.2026 15:45:26; 19.875
 16.01.2026 15:48:27; 20.125
 16.01.2026 15:51:27; 20.500
 16.01.2026 15:54:26; 20.688
 16.01.2026 15:57:27; 20.875
 16.01.2026 16:00:27; 21.125
 16.01.2026 16:03:26; 21.625
 16.01.2026 16:06:27; 21.813
 16.01.2026 16:09:26; 22.250
 16.01.2026 16:12:26; 22.750
 16.01.2026 16:15:27; 23.188
 16.01.2026 16:18:26; 23.000
 16.01.2026 16:21:26; 23.063
 16.01.2026 16:24:27; 23.000
 16.01.2026 16:27:27; 23.063
 16.01.2026 16:30:26; 23.188
 16.01.2026 16:33:27; 23.375
 16.01.2026 16:36:27; 23.875
 16.01.2026 16:39:26; 24.500
 16.01.2026 16:42:27; 25.063
 16.01.2026 16:45:27; 25.063
 16.01.2026 16:48:26; 24.688
 16.01.2026 16:51:27; 25.250
 16.01.2026 16:54:26; 25.688
 16.01.2026 16:57:26; 25.813
 16.01.2026 17:00:27; 25.938
 16.01.2026 17:03:26; 25.813
 16.01.2026 17:06:26; 26.313
 16.01.2026 17:09:27; 26.750
 16.01.2026 17:12:27; 27.313
 16.01.2026 17:15:26; 27.875
 16.01.2026 17:18:27; 28.125
 16.01.2026 17:21:27; 28.250
 16.01.2026 17:24:26; 27.938
 16.01.2026 17:27:27; 28.063
 16.01.2026 17:30:27; 28.750
 16.01.2026 17:33:26; 29.125
 16.01.2026 17:36:27; 28.938
 16.01.2026 17:39:26; 29.375
 16.01.2026 17:42:26; 29.688
 16.01.2026 17:45:27; 30.625
 16.01.2026 17:48:26; 31.375
 16.01.2026 17:51:26; 31.375
 16.01.2026 17:54:27; 31.688
 16.01.2026 17:57:27; 31.500
 16.01.2026 18:00:26; 32.438
 16.01.2026 18:03:27; 33.125
 16.01.2026 18:06:27; 34.250
 16.01.2026 18:09:26; 35.188
 16.01.2026 18:12:27; 35.625
 16.01.2026 18:15:27; 35.563
 16.01.2026 18:18:26; 35.625
 16.01.2026 18:21:27; 35.500
 16.01.2026 18:24:26; 36.000
 16.01.2026 18:27:26; 36.438
 16.01.2026 18:30:27; 37.625
 16.01.2026 18:33:26; 38.188
 16.01.2026 18:36:26; 38.313
 16.01.2026 18:39:27; 39.188
 16.01.2026 18:42:27; 39.688
 16.01.2026 18:45:26; 40.125
 16.01.2026 18:48:27; 40.125
 16.01.2026 18:51:27; 40.000
 16.01.2026 18:54:26; 40.000
 16.01.2026 18:57:27; 40.000
 16.01.2026 19:00:27; 39.188
 16.01.2026 19:03:26; 38.375
 16.01.2026 19:06:27; 38.000
 16.01.2026 19:09:26; 38.313
 16.01.2026 19:12:26; 38.250
 16.01.2026 19:15:27; 38.375
 16.01.2026 19:18:26; 38.438
 16.01.2026 19:21:26; 39.125
 16.01.2026 19:24:27; 40.000
 16.01.2026 19:27:27; 40.688
 16.01.2026 19:30:26; 41.563
 16.01.2026 19:33:27; 42.188
 16.01.2026 19:36:27; 42.688
 16.01.2026 19:39:26; 42.125
 16.01.2026 19:42:27; 42.313
 16.01.2026 19:45:27; 42.188
 16.01.2026 19:48:26; 42.813
 16.01.2026 19:51:27; 43.125
 16.01.2026 19:54:26; 42.938
 16.01.2026 19:57:26; 43.000
 16.01.2026 20:00:27; 43.375
 16.01.2026 20:03:26; 43.563
 16.01.2026 20:06:26; 42.750
 16.01.2026 20:09:27; 41.813
 16.01.2026 20:12:27; 41.625
 16.01.2026 20:15:26; 41.250
 16.01.2026 20:18:27; 41.063
 16.01.2026 20:21:27; 40.813
 16.01.2026 20:24:26; 40.375
 16.01.2026 20:27:27; 39.813
 16.01.2026 20:30:27; 38.875
 16.01.2026 20:33:26; 37.875
 16.01.2026 20:36:27; 36.625
 16.01.2026 20:39:26; 35.188
 16.01.2026 20:42:26; 33.313
 16.01.2026 20:45:27; 31.813
 16.01.2026 20:48:26; 30.375
 16.01.2026 20:51:26; 29.250
 16.01.2026 20:54:27; 28.125
 16.01.2026 20:57:27; 27.125
 16.01.2026 21:00:26; 26.563
 16.01.2026 21:03:27; 26.000
 16.01.2026 21:06:27; 25.438
 16.01.2026 21:09:26; 24.938
 16.01.2026 21:12:27; 24.500
 16.01.2026 21:15:27; 24.125
 16.01.2026 21:18:26; 23.875
 16.01.2026 21:21:27; 23.625
 16.01.2026 21:24:26; 23.375
 16.01.2026 21:27:26; 23.188
 16.01.2026 21:30:27; 23.000
 16.01.2026 21:33:26; 22.875
 16.01.2026 21:36:26; 22.750
 16.01.2026 21:39:27; 22.625
 16.01.2026 21:42:27; 22.500
 16.01.2026 21:45:26; 22.313
 16.01.2026 21:48:27; 22.188
 16.01.2026 21:51:27; 22.000
 16.01.2026 21:54:26; 21.875
 16.01.2026 21:57:27; 21.688
 16.01.2026 22:00:27; 21.563
 16.01.2026 22:03:26; 21.438
 16.01.2026 22:06:27; 21.313
 16.01.2026 22:09:26; 21.188
 16.01.2026 22:12:26; 21.125
 16.01.2026 22:15:27; 21.000
 16.01.2026 22:18:26; 20.875
 16.01.2026 22:21:26; 20.750
 16.01.2026 22:24:27; 20.625
 16.01.2026 22:27:27; 20.500
 16.01.2026 22:30:26; 20.438
 16.01.2026 22:33:27; 20.313
 16.01.2026 22:36:27; 20.250
 16.01.2026 22:39:26; 20.125
 16.01.2026 22:42:27; 20.000
 16.01.2026 22:45:27; 19.938
 16.01.2026 22:48:26; 19.813
 16.01.2026 22:51:27; 19.750
 16.01.2026 22:54:26; 19.625
 16.01.2026 22:57:26; 19.500
 16.01.2026 23:00:27; 19.375
 16.01.2026 23:03:26; 19.250
 16.01.2026 23:06:26; 19.188
 16.01.2026 23:09:27; 19.125
 16.01.2026 23:12:27; 19.000
 16.01.2026 23:15:26; 18.875
 16.01.2026 23:18:27; 18.813
 16.01.2026 23:21:27; 18.688
 16.01.2026 23:24:26; 18.625
 16.01.2026 23:27:27; 18.563
 16.01.2026 23:30:27; 18.438
 16.01.2026 23:33:26; 18.313
 16.01.2026 23:36:27; 18.250
 16.01.2026 23:39:26; 18.188
 16.01.2026 23:42:26; 18.125
 16.01.2026 23:45:27; 18.000
 16.01.2026 23:48:26; 17.938
 16.01.2026 23:51:26; 17.875
 16.01.2026 23:54:27; 17.813
 16.01.2026 23:57:27; 17.750
 17.01.2026 00:00:26; 17.688
 17.01.2026 00:03:27; 17.625
 17.01.2026 00:06:27; 17.500
 17.01.2026 00:09:26; 17.438
 17.01.2026 00:12:27; 17.375
 17.01.2026 00:15:27; 17.313
 17.01.2026 00:18:26; 17.250
 17.01.2026 00:21:27; 17.250
 17.01.2026 00:24:26; 17.250
 17.01.2026 00:27:26; 17.188
 17.01.2026 00:30:27; 17.188
 17.01.2026 00:33:26; 17.125
 17.01.2026 00:36:26; 17.125
 17.01.2026 00:39:27; 17.063
 17.01.2026 00:42:27; 17.063
 17.01.2026 00:45:26; 17.063
 17.01.2026 00:48:27; 17.000
 17.01.2026 00:51:27; 16.938
 17.01.2026 00:54:26; 16.813
 17.01.2026 00:57:27; 16.750
 17.01.2026 01:00:27; 16.688
 17.01.2026 01:03:26; 16.688
 17.01.2026 01:06:27; 16.625
 17.01.2026 01:09:26; 16.625
 17.01.2026 01:12:26; 16.625
 17.01.2026 01:15:27; 16.563
 17.01.2026 01:18:26; 16.500
 17.01.2026 01:21:26; 16.438
 17.01.2026 01:24:27; 16.375
 17.01.2026 01:27:27; 16.375
 17.01.2026 01:30:26; 16.250
 17.01.2026 01:33:27; 16.250
 17.01.2026 01:36:27; 16.188
 17.01.2026 01:39:26; 16.188
 17.01.2026 01:42:27; 16.188
 17.01.2026 01:45:27; 16.125
 17.01.2026 01:48:26; 16.063
 17.01.2026 01:51:27; 16.000
 17.01.2026 01:54:26; 16.000
 17.01.2026 01:57:26; 15.938
 17.01.2026 02:00:27; 15.938
 17.01.2026 02:03:26; 15.938
 17.01.2026 02:06:26; 15.938
 17.01.2026 02:09:27; 15.875
 17.01.2026 02:12:27; 15.813
 17.01.2026 02:15:26; 15.750
 17.01.2026 02:18:27; 15.688
 17.01.2026 02:21:27; 15.625
 17.01.2026 02:24:26; 15.625
 17.01.2026 02:27:27; 15.563
 17.01.2026 02:30:27; 15.500
 17.01.2026 02:33:26; 15.500
 17.01.2026 02:36:27; 15.500
 17.01.2026 02:39:26; 15.500
 17.01.2026 02:42:26; 15.500
 17.01.2026 02:45:27; 15.438
 17.01.2026 02:48:26; 15.438
 17.01.2026 02:51:26; 15.375
 17.01.2026 02:54:27; 15.313
 17.01.2026 02:57:27; 15.313
 17.01.2026 03:00:26; 15.313
 17.01.2026 03:03:27; 15.313
 17.01.2026 03:06:27; 15.313
 17.01.2026 03:09:26; 15.313
 17.01.2026 03:12:27; 15.313
 17.01.2026 03:15:27; 15.313
 17.01.2026 03:18:26; 15.313
 17.01.2026 03:21:27; 15.250
 17.01.2026 03:24:26; 15.250
 17.01.2026 03:27:26; 15.125
 17.01.2026 03:30:27; 15.125
 17.01.2026 03:33:26; 15.125
 17.01.2026 03:36:26; 15.063
 17.01.2026 03:39:27; 15.063
 17.01.2026 03:42:27; 15.000
 17.01.2026 03:45:26; 15.000
 17.01.2026 03:48:27; 15.000
 17.01.2026 03:51:27; 15.000
 17.01.2026 03:54:26; 15.000
 17.01.2026 03:57:27; 15.000
 17.01.2026 04:00:27; 15.000
 17.01.2026 04:03:26; 15.000
 17.01.2026 04:06:27; 15.000
 17.01.2026 04:09:26; 14.938
 17.01.2026 04:12:26; 15.000
 17.01.2026 04:15:27; 14.938
 17.01.2026 04:18:26; 14.938
 17.01.2026 04:21:26; 14.938
 17.01.2026 04:24:27; 14.875
 17.01.2026 04:27:27; 14.813
 17.01.2026 04:30:26; 14.813
 17.01.2026 04:33:27; 14.813
 17.01.2026 04:36:27; 14.813
 17.01.2026 04:39:26; 14.813
 17.01.2026 04:42:27; 14.813
 17.01.2026 04:45:27; 14.813
 17.01.2026 04:48:26; 14.750
 17.01.2026 04:51:27; 14.750
 17.01.2026 04:54:26; 14.750
 17.01.2026 04:57:26; 14.688
 17.01.2026 05:00:27; 14.688
 17.01.2026 05:03:26; 14.625
 17.01.2026 05:06:26; 14.625
 17.01.2026 05:09:27; 14.625
 17.01.2026 05:12:27; 14.625
 17.01.2026 05:15:26; 14.625
 17.01.2026 05:18:27; 14.625
 17.01.2026 05:21:27; 14.625
 17.01.2026 05:24:26; 14.625
 17.01.2026 05:27:27; 14.688
 17.01.2026 05:30:27; 14.688
 17.01.2026 05:33:26; 14.688
 17.01.2026 05:36:27; 14.625
 17.01.2026 05:39:26; 14.688
 17.01.2026 05:42:26; 14.688
 17.01.2026 05:45:27; 14.625
 17.01.2026 05:48:26; 14.625
 17.01.2026 05:51:26; 14.625
 17.01.2026 05:54:27; 14.563
 17.01.2026 05:57:27; 14.500
 17.01.2026 06:00:26; 14.500
 17.01.2026 06:03:27; 14.438
 17.01.2026 06:06:27; 14.375
 17.01.2026 06:09:26; 14.313
 17.01.2026 06:12:27; 14.313
 17.01.2026 06:15:27; 14.313
 17.01.2026 06:18:26; 14.313
 17.01.2026 06:21:27; 14.313
 17.01.2026 06:24:26; 14.313
 17.01.2026 06:27:26; 14.313
 17.01.2026 06:30:27; 14.375
 17.01.2026 06:33:26; 14.375
 17.01.2026 06:36:26; 14.313
 17.01.2026 06:39:27; 14.313
 17.01.2026 06:42:27; 14.313
 17.01.2026 06:45:26; 14.250
 17.01.2026 06:48:27; 14.188
 17.01.2026 06:51:27; 14.125
 17.01.2026 06:54:26; 14.125
 17.01.2026 06:57:27; 14.125
 17.01.2026 07:00:27; 14.125
 17.01.2026 07:03:26; 14.125
 17.01.2026 07:06:27; 14.125
 17.01.2026 07:09:26; 14.063
 17.01.2026 07:12:26; 14.063
 17.01.2026 07:15:27; 14.063
 17.01.2026 07:18:26; 14.063
 17.01.2026 07:21:26; 14.063
 17.01.2026 07:24:27; 14.125
 17.01.2026 07:27:27; 14.125
 17.01.2026 07:30:26; 14.125
 17.01.2026 07:33:27; 14.125
 17.01.2026 07:36:27; 14.063
 17.01.2026 07:39:26; 14.000
 17.01.2026 07:42:27; 14.000
 17.01.2026 07:45:27; 13.938
 17.01.2026 07:48:26; 13.938
 17.01.2026 07:51:27; 13.875
 17.01.2026 07:54:26; 13.875
 17.01.2026 07:57:26; 13.813
 17.01.2026 08:00:27; 13.813
 17.01.2026 08:03:26; 13.813
 17.01.2026 08:06:26; 13.813
 17.01.2026 08:09:27; 13.875
 17.01.2026 08:12:27; 13.875
 17.01.2026 08:15:26; 13.813
 17.01.2026 08:18:27; 13.813
 17.01.2026 08:21:27; 13.813
 17.01.2026 08:24:26; 13.750
 17.01.2026 08:27:27; 13.750
 17.01.2026 08:30:27; 13.813
 17.01.2026 08:33:26; 13.750
 17.01.2026 08:36:27; 13.688
 17.01.2026 08:39:26; 13.750
 17.01.2026 08:42:26; 13.750
 17.01.2026 08:45:27; 13.813
 17.01.2026 08:48:26; 13.813
 17.01.2026 08:51:26; 13.750
 17.01.2026 08:54:27; 13.750
 17.01.2026 08:57:27; 13.750
 17.01.2026 09:00:26; 13.688
 17.01.2026 09:03:27; 13.688
 17.01.2026 09:06:27; 13.688
 17.01.2026 09:09:26; 13.625
 17.01.2026 09:12:27; 13.625
 17.01.2026 09:15:27; 13.625
 17.01.2026 09:18:26; 13.563
 17.01.2026 09:21:27; 13.563
 17.01.2026 09:24:26; 13.563
 17.01.2026 09:27:26; 13.563
 17.01.2026 09:30:27; 13.625
 17.01.2026 09:33:26; 13.625
 17.01.2026 09:36:26; 13.625
 17.01.2026 09:39:27; 13.563
 17.01.2026 09:42:27; 13.625
 17.01.2026 09:45:26; 13.625
 17.01.2026 09:48:27; 13.625
 17.01.2026 09:51:27; 13.563
 17.01.2026 09:54:26; 13.563
 17.01.2026 09:57:27; 13.563
 17.01.2026 10:00:27; 13.563
 17.01.2026 10:03:26; 13.625
 17.01.2026 10:06:27; 13.625
 17.01.2026 10:09:26; 13.563
 17.01.2026 10:12:26; 13.563
 17.01.2026 10:15:27; 13.563
 17.01.2026 10:18:26; 13.563
 17.01.2026 10:21:26; 13.563
 17.01.2026 10:24:27; 13.563
 17.01.2026 10:27:27; 13.563
 17.01.2026 10:30:26; 13.688
 17.01.2026 10:33:27; 13.625
 17.01.2026 10:36:27; 13.688
 17.01.2026 10:39:26; 13.688
 17.01.2026 10:42:27; 13.750
 17.01.2026 10:45:27; 13.688
 17.01.2026 10:48:26; 13.688
 17.01.2026 10:51:27; 13.688
 17.01.2026 10:54:26; 13.688
 17.01.2026 10:57:26; 13.750
 17.01.2026 11:00:27; 13.813
 17.01.2026 11:03:26; 13.938
 17.01.2026 11:06:26; 14.063
 17.01.2026 11:09:27; 14.125
 17.01.2026 11:12:27; 14.188
 17.01.2026 11:15:26; 14.250
 17.01.2026 11:18:27; 14.250
 17.01.2026 11:21:27; 14.313
 17.01.2026 11:24:26; 14.375
 17.01.2026 11:27:27; 14.375
 17.01.2026 11:30:27; 14.438
 17.01.2026 11:33:26; 14.438
 17.01.2026 11:36:27; 14.438
 17.01.2026 11:39:26; 14.500
 17.01.2026 11:42:26; 14.563
 17.01.2026 11:45:27; 14.625
 17.01.2026 11:48:26; 14.688
 17.01.2026 11:51:26; 14.688
 17.01.2026 11:54:27; 14.813
 17.01.2026 11:57:27; 14.938
 17.01.2026 12:00:26; 15.000
 17.01.2026 12:03:27; 15.125
 17.01.2026 12:06:27; 15.250
 17.01.2026 12:09:26; 15.313
 17.01.2026 12:12:27; 15.500
 17.01.2026 12:15:27; 15.688
 17.01.2026 12:18:26; 15.688
 17.01.2026 12:21:27; 15.688
 17.01.2026 12:24:26; 15.750
 17.01.2026 12:27:26; 15.813
 17.01.2026 12:30:27; 15.875
 17.01.2026 12:33:26; 15.938
 17.01.2026 12:36:26; 15.875
 17.01.2026 12:39:27; 15.875
 17.01.2026 12:42:27; 15.875
 17.01.2026 12:45:26; 15.813
 17.01.2026 12:48:27; 15.813
 17.01.2026 12:51:27; 15.813
 17.01.2026 12:54:26; 15.813
 17.01.2026 12:57:27; 15.875
 17.01.2026 13:00:27; 15.875
 17.01.2026 13:03:26; 16.188
 17.01.2026 13:06:27; 16.563
 17.01.2026 13:09:26; 16.875
 17.01.2026 13:12:26; 17.125
 17.01.2026 13:15:27; 17.438
 17.01.2026 13:18:26; 17.688
 17.01.2026 13:21:26; 17.938
 17.01.2026 13:24:27; 18.188
 17.01.2026 13:27:27; 18.438
 17.01.2026 13:30:26; 18.625
 17.01.2026 13:33:27; 18.875
 17.01.2026 13:36:27; 19.063
 17.01.2026 13:39:26; 19.438
 17.01.2026 13:42:27; 19.688
 17.01.2026 13:45:27; 19.875
 17.01.2026 13:48:26; 20.250
 17.01.2026 13:51:27; 20.688
 17.01.2026 13:54:26; 21.063
 17.01.2026 13:57:26; 20.938
 17.01.2026 14:00:27; 20.688
 17.01.2026 14:03:26; 20.563
 17.01.2026 14:06:26; 20.563
 17.01.2026 14:09:27; 20.438
 17.01.2026 14:12:27; 20.375
 17.01.2026 14:15:26; 20.313
 17.01.2026 14:18:27; 20.313
 17.01.2026 14:21:27; 20.250
 17.01.2026 14:24:26; 20.250
 17.01.2026 14:27:27; 20.188
 17.01.2026 14:30:27; 20.313
 17.01.2026 14:33:26; 20.438
 17.01.2026 14:36:27; 20.500
 17.01.2026 14:39:26; 20.688
 17.01.2026 14:42:26; 20.625
 17.01.2026 14:45:27; 20.563
 17.01.2026 14:48:26; 20.500
 17.01.2026 14:51:26; 20.500
 17.01.2026 14:54:27; 20.500
 17.01.2026 14:57:27; 20.563
 17.01.2026 15:00:26; 20.688
 17.01.2026 15:03:27; 20.813
 17.01.2026 15:06:27; 20.875
 17.01.2026 15:09:26; 21.063
 17.01.2026 15:12:27; 21.250
 17.01.2026 15:15:27; 21.313
 17.01.2026 15:18:26; 21.313
 17.01.2026 15:21:27; 21.438
 17.01.2026 15:24:26; 21.563
 17.01.2026 15:27:26; 21.750
 17.01.2026 15:30:27; 21.875
 17.01.2026 15:33:26; 21.938
 17.01.2026 15:36:26; 22.125
 17.01.2026 15:39:27; 22.313
 17.01.2026 15:42:27; 22.688
 17.01.2026 15:45:26; 23.000
 17.01.2026 15:48:27; 23.313
 17.01.2026 15:51:27; 23.938
 17.01.2026 15:54:26; 24.063
 17.01.2026 15:57:27; 23.750
 17.01.2026 16:00:27; 23.688
 17.01.2026 16:03:26; 23.938
 17.01.2026 16:06:27; 24.063
 17.01.2026 16:09:26; 24.063
 17.01.2026 16:12:26; 23.875
 17.01.2026 16:15:27; 23.875
 17.01.2026 16:18:26; 24.063
 17.01.2026 16:21:26; 23.875
 17.01.2026 16:24:27; 23.938
 17.01.2026 16:27:27; 23.875
 17.01.2026 16:30:26; 23.500
 17.01.2026 16:33:27; 23.563
 17.01.2026 16:36:27; 23.500
 17.01.2026 16:39:26; 23.188
 17.01.2026 16:42:27; 23.063
 17.01.2026 16:45:27; 23.188
 17.01.2026 16:48:26; 23.250
 17.01.2026 16:51:27; 23.250
 17.01.2026 16:54:26; 23.313
 17.01.2026 16:57:26; 23.375
 17.01.2026 17:00:27; 23.500
 17.01.2026 17:03:26; 23.688
 17.01.2026 17:06:26; 23.500
 17.01.2026 17:09:27; 23.313
 17.01.2026 17:12:27; 23.250
 17.01.2026 17:15:26; 23.250
 17.01.2026 17:18:27; 23.250
 17.01.2026 17:21:27; 22.813
 17.01.2026 17:24:26; 22.563
 17.01.2026 17:27:27; 22.500
 17.01.2026 17:30:27; 22.375
 17.01.2026 17:33:26; 22.375
 17.01.2026 17:36:27; 22.375
 17.01.2026 17:39:26; 22.313
 17.01.2026 17:42:26; 22.250
 17.01.2026 17:45:27; 22.438
 17.01.2026 17:48:26; 22.500
 17.01.2026 17:51:26; 22.563
 17.01.2026 17:54:27; 22.625
 17.01.2026 17:57:27; 22.625
 17.01.2026 18:00:26; 22.563
 17.01.2026 18:03:27; 22.375
 17.01.2026 18:06:27; 22.438
 17.01.2026 18:09:26; 22.500
 17.01.2026 18:12:27; 22.625
 17.01.2026 18:15:27; 22.625
 17.01.2026 18:18:26; 22.375
 17.01.2026 18:21:27; 22.313
 17.01.2026 18:24:26; 22.375
 17.01.2026 18:27:26; 22.250
 17.01.2026 18:30:27; 22.125
 17.01.2026 18:33:26; 21.938
 17.01.2026 18:36:26; 21.750
 17.01.2026 18:39:27; 21.625
 17.01.2026 18:42:27; 21.438
 17.01.2026 18:45:26; 21.313
 17.01.2026 18:48:27; 21.125
 17.01.2026 18:51:27; 20.938
 17.01.2026 18:54:26; 20.875
 17.01.2026 18:57:27; 20.938
 17.01.2026 19:00:27; 20.938
 17.01.2026 19:03:26; 21.063
 17.01.2026 19:06:27; 21.063
 17.01.2026 19:09:26; 21.000
 17.01.2026 19:12:26; 20.938
 17.01.2026 19:15:27; 20.938
 17.01.2026 19:18:26; 21.000
 17.01.2026 19:21:26; 21.063
 17.01.2026 19:24:27; 21.125
 17.01.2026 19:27:27; 21.188
 17.01.2026 19:30:26; 21.188
 17.01.2026 19:33:27; 21.250
 17.01.2026 19:36:27; 21.250
 17.01.2026 19:39:26; 21.125
 17.01.2026 19:42:27; 21.188
 17.01.2026 19:45:27; 21.313
 17.01.2026 19:48:26; 21.438
 17.01.2026 19:51:27; 21.688
 17.01.2026 19:54:26; 21.875
 17.01.2026 19:57:26; 21.938
 17.01.2026 20:00:27; 21.938
 17.01.2026 20:03:26; 21.875
 17.01.2026 20:06:26; 21.875
 17.01.2026 20:09:27; 21.875
 17.01.2026 20:12:27; 21.750
 17.01.2026 20:15:26; 21.625
 17.01.2026 20:18:27; 21.500
 17.01.2026 20:21:27; 21.375
 17.01.2026 20:24:26; 21.188
 17.01.2026 20:27:27; 21.125
 17.01.2026 20:30:27; 21.000
 17.01.2026 20:33:26; 20.938
 17.01.2026 20:36:27; 20.875
 17.01.2026 20:39:26; 20.813
 17.01.2026 20:42:26; 20.750
 17.01.2026 20:45:27; 20.750
 17.01.2026 20:48:26; 20.688
 17.01.2026 20:51:26; 20.625
 17.01.2026 20:54:27; 20.563
 17.01.2026 20:57:27; 20.500
 17.01.2026 21:00:26; 20.500
 17.01.2026 21:03:27; 20.438
 17.01.2026 21:06:27; 20.375
 17.01.2026 21:09:26; 20.313
 17.01.2026 21:12:27; 20.250
 17.01.2026 21:15:27; 20.250
 17.01.2026 21:18:26; 20.188
 17.01.2026 21:21:27; 20.125
 17.01.2026 21:24:26; 20.063
 17.01.2026 21:27:26; 20.000
 17.01.2026 21:30:27; 19.875
 17.01.2026 21:33:26; 19.813
 17.01.2026 21:36:26; 19.688
 17.01.2026 21:39:27; 19.625
 17.01.2026 21:42:27; 19.625
 17.01.2026 21:45:26; 19.625
 17.01.2026 21:48:27; 19.563
 17.01.2026 21:51:27; 19.500
 17.01.2026 21:54:26; 19.438
 17.01.2026 21:57:27; 19.438
 17.01.2026 22:00:27; 19.438
 17.01.2026 22:03:26; 19.438
 17.01.2026 22:06:27; 19.438
 17.01.2026 22:09:26; 19.438
 17.01.2026 22:12:26; 19.375
 17.01.2026 22:15:27; 19.375
 17.01.2026 22:18:26; 19.313
 17.01.2026 22:21:26; 19.250
 17.01.2026 22:24:27; 19.188
 17.01.2026 22:27:27; 19.125
 17.01.2026 22:30:26; 19.000
 17.01.2026 22:33:27; 18.875
 17.01.2026 22:36:27; 18.813
 17.01.2026 22:39:26; 18.750
 17.01.2026 22:42:27; 18.688
 17.01.2026 22:45:27; 18.625
 17.01.2026 22:48:26; 18.500
 17.01.2026 22:51:27; 18.438
 17.01.2026 22:54:26; 18.375
 17.01.2026 22:57:26; 18.313
 17.01.2026 23:00:27; 18.250
 17.01.2026 23:03:26; 18.188
 17.01.2026 23:06:26; 18.125
 17.01.2026 23:09:27; 18.125
 17.01.2026 23:12:27; 18.125
 17.01.2026 23:15:26; 18.188
 17.01.2026 23:18:27; 18.188
 17.01.2026 23:21:27; 18.125
 17.01.2026 23:24:26; 18.063
 17.01.2026 23:27:27; 18.000
 17.01.2026 23:30:27; 17.875
 17.01.2026 23:33:26; 17.750
 17.01.2026 23:36:27; 17.688
 17.01.2026 23:39:26; 17.563
 17.01.2026 23:42:26; 17.500
 17.01.2026 23:45:27; 17.375
 17.01.2026 23:48:26; 17.313
 17.01.2026 23:51:26; 17.250
 17.01.2026 23:54:27; 17.188
 17.01.2026 23:57:27; 17.125
 18.01.2026 00:00:26; 17.063
 18.01.2026 00:03:27; 17.063
 18.01.2026 00:06:27; 17.000
 18.01.2026 00:09:26; 17.000
 18.01.2026 00:12:27; 16.938
 18.01.2026 00:15:27; 16.938
 18.01.2026 00:18:26; 16.875
 18.01.2026 00:21:27; 16.875
 18.01.2026 00:24:26; 16.813
 18.01.2026 00:27:26; 16.750
 18.01.2026 00:30:27; 16.750
 18.01.2026 00:33:26; 16.688
 18.01.2026 00:36:26; 16.688
 18.01.2026 00:39:27; 16.625
 18.01.2026 00:42:27; 16.625
 18.01.2026 00:45:26; 16.563
 18.01.2026 00:48:27; 16.563
 18.01.2026 00:51:27; 16.563
 18.01.2026 00:54:26; 16.500
 18.01.2026 00:57:27; 16.500
 18.01.2026 01:00:27; 16.438
 18.01.2026 01:03:26; 16.438
 18.01.2026 01:06:27; 16.375
 18.01.2026 01:09:26; 16.313
 18.01.2026 01:12:26; 16.313
 18.01.2026 01:15:27; 16.250
 18.01.2026 01:18:26; 16.188
 18.01.2026 01:21:26; 16.125
 18.01.2026 01:24:27; 16.063
 18.01.2026 01:27:27; 16.000
 18.01.2026 01:30:26; 15.938
 18.01.2026 01:33:27; 15.875
 18.01.2026 01:36:27; 15.750
 18.01.2026 01:39:26; 15.688
 18.01.2026 01:42:27; 15.625
 18.01.2026 01:45:27; 15.625
 18.01.2026 01:48:26; 15.563
 18.01.2026 01:51:27; 15.500
 18.01.2026 01:54:26; 15.438
 18.01.2026 01:57:26; 15.438
 18.01.2026 02:00:27; 15.438
 18.01.2026 02:03:26; 15.500
 18.01.2026 02:06:26; 15.563
 18.01.2026 02:09:27; 15.563
 18.01.2026 02:12:27; 15.563
 18.01.2026 02:15:26; 15.563
 18.01.2026 02:18:27; 15.563
 18.01.2026 02:21:27; 15.563
 18.01.2026 02:24:26; 15.563
 18.01.2026 02:27:27; 15.500
 18.01.2026 02:30:27; 15.500
 18.01.2026 02:33:26; 15.438
 18.01.2026 02:36:27; 15.375
 18.01.2026 02:39:26; 15.375
 18.01.2026 02:42:26; 15.313
 18.01.2026 02:45:27; 15.313
 18.01.2026 02:48:26; 15.375
 18.01.2026 02:51:26; 15.375
 18.01.2026 02:54:27; 15.375
 18.01.2026 02:57:27; 15.375
 18.01.2026 03:00:26; 15.375
 18.01.2026 03:03:27; 15.375
 18.01.2026 03:06:27; 15.313
 18.01.2026 03:09:26; 15.313
 18.01.2026 03:12:27; 15.250
 18.01.2026 03:15:27; 15.188
 18.01.2026 03:18:26; 15.188
 18.01.2026 03:21:27; 15.125
 18.01.2026 03:24:26; 15.125
 18.01.2026 03:27:26; 15.063
 18.01.2026 03:30:27; 15.063
 18.01.2026 03:33:26; 15.063
 18.01.2026 03:36:26; 15.063
 18.01.2026 03:39:27; 15.063
 18.01.2026 03:42:27; 15.000
 18.01.2026 03:45:26; 15.063
 18.01.2026 03:48:27; 15.063
 18.01.2026 03:51:27; 15.063
 18.01.2026 03:54:26; 15.000
 18.01.2026 03:57:27; 15.000
 18.01.2026 04:00:27; 14.938
 18.01.2026 04:03:26; 14.875
 18.01.2026 04:06:27; 14.875
 18.01.2026 04:09:26; 14.875
 18.01.2026 04:12:26; 14.813
 18.01.2026 04:15:27; 14.813
 18.01.2026 04:18:26; 14.813
 18.01.2026 04:21:26; 14.750
 18.01.2026 04:24:27; 14.688
 18.01.2026 04:27:27; 14.688
 18.01.2026 04:30:26; 14.750
 18.01.2026 04:33:27; 14.750
 18.01.2026 04:36:27; 14.813
 18.01.2026 04:39:26; 14.813
 18.01.2026 04:42:27; 14.875
 18.01.2026 04:45:27; 14.938
 18.01.2026 04:48:26; 15.000
 18.01.2026 04:51:27; 15.063
 18.01.2026 04:54:26; 15.125
 18.01.2026 04:57:26; 15.125
 18.01.2026 05:00:27; 15.063
 18.01.2026 05:03:26; 15.063
 18.01.2026 05:06:26; 15.125
 18.01.2026 05:09:27; 15.125
 18.01.2026 05:12:27; 15.125
 18.01.2026 05:15:26; 15.125
 18.01.2026 05:18:27; 15.125
 18.01.2026 05:21:27; 15.063
 18.01.2026 05:24:26; 15.063
 18.01.2026 05:27:27; 15.063
 18.01.2026 05:30:27; 15.063
 18.01.2026 05:33:26; 15.063
 18.01.2026 05:36:27; 15.125
 18.01.2026 05:39:26; 15.063
 18.01.2026 05:42:26; 15.063
 18.01.2026 05:45:27; 15.063
 18.01.2026 05:48:26; 15.063
 18.01.2026 05:51:26; 15.000
 18.01.2026 05:54:27; 15.000
 18.01.2026 05:57:27; 15.000
 18.01.2026 06:00:26; 14.938
 18.01.2026 06:03:27; 14.875
 18.01.2026 06:06:27; 14.875
 18.01.2026 06:09:26; 14.875
 18.01.2026 06:12:27; 14.875
 18.01.2026 06:15:27; 14.875
 18.01.2026 06:18:26; 14.875
 18.01.2026 06:21:27; 14.875
 18.01.2026 06:24:26; 14.875
 18.01.2026 06:27:26; 14.875
 18.01.2026 06:30:27; 14.813
 18.01.2026 06:33:26; 14.813
 18.01.2026 06:36:26; 14.813
 18.01.2026 06:39:27; 14.750
 18.01.2026 06:42:27; 14.750
 18.01.2026 06:45:26; 14.750
 18.01.2026 06:48:27; 14.813
 18.01.2026 06:51:27; 14.813
 18.01.2026 06:54:26; 14.813
 18.01.2026 06:57:27; 14.813
 18.01.2026 07:00:27; 14.813
 18.01.2026 07:03:26; 14.813
 18.01.2026 07:06:27; 14.813
 18.01.2026 07:09:26; 14.875
 18.01.2026 07:12:26; 14.875
 18.01.2026 07:15:27; 14.875
 18.01.2026 07:18:26; 14.875
 18.01.2026 07:21:26; 14.875
 18.01.2026 07:24:27; 14.875
 18.01.2026 07:27:27; 14.938
 18.01.2026 07:30:26; 14.938
 18.01.2026 07:33:27; 14.938
 18.01.2026 07:36:27; 14.938
 18.01.2026 07:39:26; 15.000
 18.01.2026 07:42:27; 15.000
 18.01.2026 07:45:27; 15.000
 18.01.2026 07:48:26; 15.000
 18.01.2026 07:51:27; 15.000
 18.01.2026 07:54:26; 14.938
 18.01.2026 07:57:26; 14.938
 18.01.2026 08:00:27; 14.938
 18.01.2026 08:03:26; 15.000
 18.01.2026 08:06:26; 15.125
 18.01.2026 08:09:27; 15.125
 18.01.2026 08:12:27; 15.188
 18.01.2026 08:15:26; 15.188
 18.01.2026 08:18:27; 15.250
 18.01.2026 08:21:27; 15.250
 18.01.2026 08:24:26; 15.250
 18.01.2026 08:27:27; 15.313
 18.01.2026 08:30:27; 15.313
 18.01.2026 08:33:26; 15.313
 18.01.2026 08:36:27; 15.313
 18.01.2026 08:39:26; 15.375
 18.01.2026 08:42:26; 15.375
 18.01.2026 08:45:27; 15.375
 18.01.2026 08:48:26; 15.375
 18.01.2026 08:51:26; 15.375
 18.01.2026 08:54:27; 15.375
 18.01.2026 08:57:27; 15.375
 18.01.2026 09:00:26; 15.375
 18.01.2026 09:03:27; 15.375
 18.01.2026 09:06:27; 15.438
 18.01.2026 09:09:26; 15.438
 18.01.2026 09:12:27; 15.438
 18.01.2026 09:15:27; 15.500
 18.01.2026 09:18:26; 15.500
 18.01.2026 09:21:27; 15.563
 18.01.2026 09:24:26; 15.563
 18.01.2026 09:27:26; 15.563
 18.01.2026 09:30:27; 15.563
 18.01.2026 09:33:26; 15.625
 18.01.2026 09:36:26; 15.625
 18.01.2026 09:39:27; 15.625
 18.01.2026 09:42:27; 15.625
 18.01.2026 09:45:26; 15.625
 18.01.2026 09:48:27; 15.500
 18.01.2026 09:51:27; 15.375
 18.01.2026 09:54:26; 15.250
 18.01.2026 09:57:27; 15.063
 18.01.2026 10:00:27; 14.875
 18.01.2026 10:03:26; 14.750
 18.01.2026 10:06:27; 14.625
 18.01.2026 10:09:26; 14.563
 18.01.2026 10:12:26; 14.563
 18.01.2026 10:15:27; 14.500
 18.01.2026 10:18:26; 14.500
 18.01.2026 10:21:26; 14.438
 18.01.2026 10:24:27; 14.438
 18.01.2026 10:27:27; 14.438
 18.01.2026 10:30:26; 14.375
 18.01.2026 10:33:27; 14.313
 18.01.2026 10:36:27; 14.313
 18.01.2026 10:39:26; 14.313
 18.01.2026 10:42:27; 14.313
 18.01.2026 10:45:27; 14.250
 18.01.2026 10:48:26; 14.250
 18.01.2026 10:51:27; 14.250
 18.01.2026 10:54:26; 14.188
 18.01.2026 10:57:26; 14.188
 18.01.2026 11:00:27; 14.188
 18.01.2026 11:03:26; 14.125
 18.01.2026 11:06:26; 14.125
 18.01.2026 11:09:27; 14.125
 18.01.2026 11:12:27; 14.125
 18.01.2026 11:15:26; 14.125
 18.01.2026 11:18:27; 14.063
 18.01.2026 11:21:27; 14.063
 18.01.2026 11:24:26; 14.000
 18.01.2026 11:27:27; 14.000
 18.01.2026 11:30:27; 14.000
 18.01.2026 11:33:26; 14.063
 18.01.2026 11:36:27; 14.063
 18.01.2026 11:39:26; 14.063
 18.01.2026 11:42:26; 14.125
 18.01.2026 11:45:27; 14.125
 18.01.2026 11:48:26; 14.125
 18.01.2026 11:51:26; 14.188
 18.01.2026 11:54:27; 14.188
 18.01.2026 11:57:27; 14.250
 18.01.2026 12:00:26; 14.250
 18.01.2026 12:03:27; 14.313
 18.01.2026 12:06:27; 14.313
 18.01.2026 12:09:26; 14.375
 18.01.2026 12:12:27; 14.375
 18.01.2026 12:15:27; 14.375
 18.01.2026 12:18:26; 14.375
 18.01.2026 12:21:27; 14.438
 18.01.2026 12:24:26; 14.438
 18.01.2026 12:27:26; 14.438
 18.01.2026 12:30:27; 14.500
 18.01.2026 12:33:26; 14.563
 18.01.2026 12:36:26; 14.563
 18.01.2026 12:39:27; 14.500
 18.01.2026 12:42:27; 14.563
 18.01.2026 12:45:26; 14.625
 18.01.2026 12:48:27; 14.688
 18.01.2026 12:51:27; 14.688
 18.01.2026 12:54:26; 14.750
 18.01.2026 12:57:27; 14.813
 18.01.2026 13:00:27; 15.000
 18.01.2026 13:03:26; 15.125
 18.01.2026 13:06:27; 15.250
 18.01.2026 13:09:26; 15.438
 18.01.2026 13:12:26; 15.563
 18.01.2026 13:15:27; 15.750
 18.01.2026 13:18:26; 15.813
 18.01.2026 13:21:26; 16.000
 18.01.2026 13:24:27; 16.125
 18.01.2026 13:27:27; 16.250
 18.01.2026 13:30:26; 16.375
 18.01.2026 13:33:27; 16.438
 18.01.2026 13:36:27; 16.625
 18.01.2026 13:39:26; 16.688
 18.01.2026 13:42:27; 16.688
 18.01.2026 13:45:27; 16.750
 18.01.2026 13:48:26; 16.875
 18.01.2026 13:51:27; 17.000
 18.01.2026 13:54:26; 17.125
 18.01.2026 13:57:26; 17.125
 18.01.2026 14:00:27; 17.063
 18.01.2026 14:03:26; 16.938
 18.01.2026 14:06:26; 16.938
 18.01.2026 14:09:27; 16.938
 18.01.2026 14:12:27; 16.938
 18.01.2026 14:15:26; 16.938
 18.01.2026 14:18:27; 16.938
 18.01.2026 14:21:27; 17.000
 18.01.2026 14:24:26; 17.000
 18.01.2026 14:27:27; 16.813
 18.01.2026 14:30:27; 16.625
 18.01.2026 14:33:26; 16.625
 18.01.2026 14:36:27; 16.625
 18.01.2026 14:39:26; 16.625
 18.01.2026 14:42:26; 16.563
 18.01.2026 14:45:27; 16.500
 18.01.2026 14:48:26; 16.500
 18.01.2026 14:51:26; 16.563
 18.01.2026 14:54:27; 16.625
 18.01.2026 14:57:27; 16.750
 18.01.2026 15:00:26; 16.813
 18.01.2026 15:03:27; 16.813
 18.01.2026 15:06:27; 16.688
 18.01.2026 15:09:26; 16.625
 18.01.2026 15:12:27; 16.625
 18.01.2026 15:15:27; 16.625
 18.01.2026 15:18:26; 16.688
 18.01.2026 15:21:27; 16.625
 18.01.2026 15:24:26; 16.625
 18.01.2026 15:27:26; 16.500
 18.01.2026 15:30:27; 16.375
 18.01.2026 15:33:26; 16.250
 18.01.2026 15:36:26; 16.125
 18.01.2026 15:39:27; 16.125
 18.01.2026 15:42:27; 16.125
 18.01.2026 15:45:26; 16.125
 18.01.2026 15:48:27; 16.313
 18.01.2026 15:51:27; 16.438
 18.01.2026 15:54:26; 16.563
 18.01.2026 15:57:27; 16.688
 18.01.2026 16:00:27; 16.813
 18.01.2026 16:03:26; 16.938
 18.01.2026 16:06:27; 17.188
 18.01.2026 16:09:26; 17.375
 18.01.2026 16:12:26; 17.688
 18.01.2026 16:15:27; 17.875
 18.01.2026 16:18:26; 18.000
 18.01.2026 16:21:26; 18.125
 18.01.2026 16:24:27; 18.125
 18.01.2026 16:27:27; 18.125
 18.01.2026 16:30:26; 18.000
 18.01.2026 16:33:27; 17.938
 18.01.2026 16:36:27; 18.125
 18.01.2026 16:39:26; 18.063
 18.01.2026 16:42:27; 19.000
 18.01.2026 16:45:27; 20.125
 18.01.2026 16:48:26; 20.813
 18.01.2026 16:51:27; 21.500
 18.01.2026 16:54:26; 22.375
 18.01.2026 16:57:26; 21.563
 18.01.2026 17:00:27; 20.875
 18.01.2026 17:03:26; 20.813
 18.01.2026 17:06:26; 21.313
 18.01.2026 17:09:27; 21.938
 18.01.2026 17:12:27; 22.375
 18.01.2026 17:15:26; 22.813
 18.01.2026 17:18:27; 22.813
 18.01.2026 17:21:27; 23.313
 18.01.2026 17:24:26; 23.625
 18.01.2026 17:27:27; 24.063
 18.01.2026 17:30:27; 24.000
 18.01.2026 17:33:26; 24.313
 18.01.2026 17:36:27; 23.688
 18.01.2026 17:39:26; 23.938
 18.01.2026 17:42:26; 24.625
 18.01.2026 17:45:27; 25.375
 18.01.2026 17:48:26; 25.625
 18.01.2026 17:51:26; 26.063
 18.01.2026 17:54:27; 26.625
 18.01.2026 17:57:27; 27.000
 18.01.2026 18:00:26; 27.625
 18.01.2026 18:03:27; 28.750
 18.01.2026 18:06:27; 26.625
 18.01.2026 18:09:26; 25.125
 18.01.2026 18:12:27; 26.375
 18.01.2026 18:15:27; 28.375
 18.01.2026 18:18:26; 28.125
 18.01.2026 18:21:27; 29.875
 18.01.2026 18:24:26; 28.375
 18.01.2026 18:27:26; 25.875
 18.01.2026 18:30:27; 24.500
 18.01.2026 18:33:26; 23.500
 18.01.2026 18:36:26; 23.000
 18.01.2026 18:39:27; 23.188
 18.01.2026 18:42:27; 23.000
 18.01.2026 18:45:26; 23.563
 18.01.2026 18:48:27; 26.125
 18.01.2026 18:51:27; 29.188
 18.01.2026 18:54:26; 31.125
 18.01.2026 18:57:27; 32.313
 18.01.2026 19:00:27; 33.688
 18.01.2026 19:03:26; 33.938
 18.01.2026 19:06:27; 34.188
 18.01.2026 19:09:26; 34.188
 18.01.2026 19:12:26; 35.438
 18.01.2026 19:15:27; 36.313
 18.01.2026 19:18:26; 36.125
 18.01.2026 19:21:26; 34.125
 18.01.2026 19:24:27; 34.750
 18.01.2026 19:27:27; 35.000
 18.01.2026 19:30:26; 32.625
 18.01.2026 19:33:27; 29.500
 18.01.2026 19:36:27; 27.938
 18.01.2026 19:39:26; 27.375
 18.01.2026 19:42:27; 26.188
 18.01.2026 19:45:27; 25.000
 18.01.2026 19:48:26; 24.188
 18.01.2026 19:51:27; 23.500
 18.01.2026 19:54:26; 22.750
 18.01.2026 19:57:26; 22.750
 18.01.2026 20:00:27; 24.313
 18.01.2026 20:03:26; 24.250
 18.01.2026 20:06:26; 23.688
 18.01.2026 20:09:27; 23.875
 18.01.2026 20:12:27; 23.313
 18.01.2026 20:15:26; 22.938
 18.01.2026 20:18:27; 25.125
 18.01.2026 20:21:27; 27.000
 18.01.2026 20:24:26; 29.625
 18.01.2026 20:27:27; 30.063
 18.01.2026 20:30:27; 27.563
 18.01.2026 20:33:26; 26.625
 18.01.2026 20:36:27; 26.563
 18.01.2026 20:39:26; 25.688
 18.01.2026 20:42:26; 26.438
 18.01.2026 20:45:27; 26.500
 18.01.2026 20:48:26; 25.250
 18.01.2026 20:51:26; 24.813
 18.01.2026 20:54:27; 24.500
 18.01.2026 20:57:27; 24.188
 18.01.2026 21:00:26; 23.875
 18.01.2026 21:03:27; 23.375
 18.01.2026 21:06:27; 22.813
 18.01.2026 21:09:26; 22.375
 18.01.2026 21:12:27; 21.938
 18.01.2026 21:15:27; 21.438
 18.01.2026 21:18:26; 21.188
 18.01.2026 21:21:27; 21.250
 18.01.2026 21:24:26; 21.250
 18.01.2026 21:27:26; 21.250
 18.01.2026 21:30:27; 21.063
 18.01.2026 21:33:26; 20.625
 18.01.2026 21:36:26; 20.250
 18.01.2026 21:39:27; 20.000
 18.01.2026 21:42:27; 19.688
 18.01.2026 21:45:26; 19.500
 18.01.2026 21:48:27; 19.250
 18.01.2026 21:51:27; 19.063
 18.01.2026 21:54:26; 19.000
 18.01.2026 21:57:27; 19.000
 18.01.2026 22:00:27; 19.000
 18.01.2026 22:03:26; 19.063
 18.01.2026 22:06:27; 19.125
 18.01.2026 22:09:26; 19.125
 18.01.2026 22:12:26; 19.125
 18.01.2026 22:15:27; 19.000
 18.01.2026 22:18:26; 18.813
 18.01.2026 22:21:26; 18.563
 18.01.2026 22:24:27; 18.500
 18.01.2026 22:27:27; 18.375
 18.01.2026 22:30:26; 18.313
 18.01.2026 22:33:27; 18.188
 18.01.2026 22:36:27; 18.125
 18.01.2026 22:39:26; 18.000
 18.01.2026 22:42:27; 17.875
 18.01.2026 22:45:27; 17.813
 18.01.2026 22:48:26; 17.688
 18.01.2026 22:51:27; 17.500
 18.01.2026 22:54:26; 17.313
 18.01.2026 22:57:26; 17.125
 18.01.2026 23:00:27; 17.000
 18.01.2026 23:03:26; 16.875
 18.01.2026 23:06:26; 16.688
 18.01.2026 23:09:27; 16.500
 18.01.2026 23:12:27; 16.375
 18.01.2026 23:15:26; 16.188
 18.01.2026 23:18:27; 16.063
 18.01.2026 23:21:27; 15.938
 18.01.2026 23:24:26; 15.813
 18.01.2026 23:27:27; 15.625
 18.01.2026 23:30:27; 15.563
 18.01.2026 23:33:26; 15.438
 18.01.2026 23:36:27; 15.313
 18.01.2026 23:39:26; 15.188
 18.01.2026 23:42:26; 15.125
 18.01.2026 23:45:27; 15.000
 18.01.2026 23:48:26; 14.938
 18.01.2026 23:51:26; 14.813
 18.01.2026 23:54:27; 14.750
 18.01.2026 23:57:27; 14.688
 19.01.2026 00:00:26; 14.563
 19.01.2026 00:03:27; 14.563
 19.01.2026 00:06:27; 14.500
 19.01.2026 00:09:26; 14.438
 19.01.2026 00:12:27; 14.438
 19.01.2026 00:15:27; 14.375
 19.01.2026 00:18:26; 14.313
 19.01.2026 00:21:27; 14.313
 19.01.2026 00:24:26; 14.250
 19.01.2026 00:27:26; 14.188
 19.01.2026 00:30:27; 14.125
 19.01.2026 00:33:26; 14.063
 19.01.2026 00:36:26; 14.063
 19.01.2026 00:39:27; 14.063
 19.01.2026 00:42:27; 14.000
 19.01.2026 00:45:26; 14.000
 19.01.2026 00:48:27; 13.938
 19.01.2026 00:51:27; 13.938
 19.01.2026 00:54:26; 13.875
 19.01.2026 00:57:27; 13.813
 19.01.2026 01:00:27; 13.813
 19.01.2026 01:03:26; 13.750
 19.01.2026 01:06:27; 13.750
 19.01.2026 01:09:26; 13.688
 19.01.2026 01:12:26; 13.688
 19.01.2026 01:15:27; 13.688
 19.01.2026 01:18:26; 13.625
 19.01.2026 01:21:26; 13.625
 19.01.2026 01:24:27; 13.625
 19.01.2026 01:27:27; 13.563
 19.01.2026 01:30:26; 13.563
 19.01.2026 01:33:27; 13.563
 19.01.2026 01:36:27; 13.500
 19.01.2026 01:39:26; 13.500
 19.01.2026 01:42:27; 13.500
 19.01.2026 01:45:27; 13.438
 19.01.2026 01:48:26; 13.438
 19.01.2026 01:51:27; 13.438
 19.01.2026 01:54:26; 13.438
 19.01.2026 01:57:26; 13.375
 19.01.2026 02:00:27; 13.375
 19.01.2026 02:03:26; 13.313
 19.01.2026 02:06:26; 13.313
 19.01.2026 02:09:27; 13.250
 19.01.2026 02:12:27; 13.250
 19.01.2026 02:15:26; 13.250
 19.01.2026 02:18:27; 13.250
 19.01.2026 02:21:27; 13.250
 19.01.2026 02:24:26; 13.188
 19.01.2026 02:27:27; 13.188
 19.01.2026 02:30:27; 13.250
 19.01.2026 02:33:26; 13.188
 19.01.2026 02:36:27; 13.188
 19.01.2026 02:39:26; 13.250
 19.01.2026 02:42:26; 13.250
 19.01.2026 02:45:27; 13.250
 19.01.2026 02:48:26; 13.250
 19.01.2026 02:51:26; 13.188
 19.01.2026 02:54:27; 13.188
 19.01.2026 02:57:27; 13.188
 19.01.2026 03:00:26; 13.188
 19.01.2026 03:03:27; 13.188
 19.01.2026 03:06:27; 13.188
 19.01.2026 03:09:26; 13.188
 19.01.2026 03:12:27; 13.188
 19.01.2026 03:15:27; 13.188
 19.01.2026 03:18:26; 13.188
 19.01.2026 03:21:27; 13.188
 19.01.2026 03:24:26; 13.125
 19.01.2026 03:27:26; 13.125
 19.01.2026 03:30:27; 13.063
 19.01.2026 03:33:26; 13.063
 19.01.2026 03:36:26; 13.000
 19.01.2026 03:39:27; 13.000
 19.01.2026 03:42:27; 13.000
 19.01.2026 03:45:26; 13.000
 19.01.2026 03:48:27; 13.000
 19.01.2026 03:51:27; 13.000
 19.01.2026 03:54:26; 13.000
 19.01.2026 03:57:27; 13.000
 19.01.2026 04:00:27; 12.938
 19.01.2026 04:03:26; 12.938
 19.01.2026 04:06:27; 12.938
 19.01.2026 04:09:26; 12.938
 19.01.2026 04:12:26; 12.938
 19.01.2026 04:15:27; 12.938
 19.01.2026 04:18:26; 12.938
 19.01.2026 04:21:26; 13.000
 19.01.2026 04:24:27; 13.000
 19.01.2026 04:27:27; 13.000
 19.01.2026 04:30:26; 13.063
 19.01.2026 04:33:27; 13.063
 19.01.2026 04:36:27; 13.063
 19.01.2026 04:39:26; 13.063
 19.01.2026 04:42:27; 13.063
 19.01.2026 04:45:27; 13.063
 19.01.2026 04:48:26; 13.125
 19.01.2026 04:51:27; 13.125
 19.01.2026 04:54:26; 13.125
 19.01.2026 04:57:26; 13.125
 19.01.2026 05:00:27; 13.125
 19.01.2026 05:03:26; 13.188
 19.01.2026 05:06:26; 13.188
 19.01.2026 05:09:27; 13.125
 19.01.2026 05:12:27; 13.125
 19.01.2026 05:15:26; 13.125
 19.01.2026 05:18:27; 13.125
 19.01.2026 05:21:27; 13.125
 19.01.2026 05:24:26; 13.125
 19.01.2026 05:27:27; 13.125
 19.01.2026 05:30:27; 13.125
 19.01.2026 05:33:26; 13.125
 19.01.2026 05:36:27; 13.125
 19.01.2026 05:39:26; 13.188
 19.01.2026 05:42:26; 13.188
 19.01.2026 05:45:27; 13.188
 19.01.2026 05:48:26; 13.188
 19.01.2026 05:51:26; 13.188
 19.01.2026 05:54:27; 13.188
 19.01.2026 05:57:27; 13.188
 19.01.2026 06:00:26; 13.188
 19.01.2026 06:03:27; 13.188
 19.01.2026 06:06:27; 13.188
 19.01.2026 06:09:26; 13.125
 19.01.2026 06:12:27; 13.125
 19.01.2026 06:15:27; 13.063
 19.01.2026 06:18:26; 13.063
 19.01.2026 06:21:27; 13.063
 19.01.2026 06:24:26; 13.063
 19.01.2026 06:27:26; 13.063
 19.01.2026 06:30:27; 13.063
 19.01.2026 06:33:26; 13.063
 19.01.2026 06:36:26; 13.063
 19.01.2026 06:39:27; 13.063
 19.01.2026 06:42:27; 13.063
 19.01.2026 06:45:26; 13.125
 19.01.2026 06:48:27; 13.125
 19.01.2026 06:51:27; 13.188
 19.01.2026 06:54:26; 13.188
 19.01.2026 06:57:27; 13.250
 19.01.2026 07:00:27; 13.250
 19.01.2026 07:03:26; 13.250
 19.01.2026 07:06:27; 13.250
 19.01.2026 07:09:26; 13.313
 19.01.2026 07:12:26; 13.313
 19.01.2026 07:15:27; 13.313
 19.01.2026 07:18:26; 13.375
 19.01.2026 07:21:26; 13.375
 19.01.2026 07:24:27; 13.375
 19.01.2026 07:27:27; 13.375
 19.01.2026 07:30:26; 13.375
 19.01.2026 07:33:27; 13.313
 19.01.2026 07:36:27; 13.313
 19.01.2026 07:39:26; 13.313
 19.01.2026 07:42:27; 13.375
 19.01.2026 07:45:27; 13.375
 19.01.2026 07:48:26; 13.375
 19.01.2026 07:51:27; 13.375
 19.01.2026 07:54:26; 13.375
 19.01.2026 07:57:26; 13.375
 19.01.2026 08:00:27; 13.375
 19.01.2026 08:03:26; 13.375
 19.01.2026 08:06:26; 13.375
 19.01.2026 08:09:27; 13.375
 19.01.2026 08:12:27; 13.375
 19.01.2026 08:15:26; 13.375
 19.01.2026 08:18:27; 13.375
 19.01.2026 08:21:27; 13.375
 19.01.2026 08:24:26; 13.375
 19.01.2026 08:27:27; 13.375
 19.01.2026 08:30:27; 13.375
 19.01.2026 08:33:26; 13.375
 19.01.2026 08:36:27; 13.375
 19.01.2026 08:39:26; 13.313
 19.01.2026 08:42:26; 13.375
 19.01.2026 08:45:27; 13.375
 19.01.2026 08:48:26; 13.375
 19.01.2026 08:51:26; 13.375
 19.01.2026 08:54:27; 13.313
 19.01.2026 08:57:27; 13.313
 19.01.2026 09:00:26; 13.313
 19.01.2026 09:03:27; 13.313
 19.01.2026 09:06:27; 13.313
 19.01.2026 09:09:26; 13.313
 19.01.2026 09:12:27; 13.313
 19.01.2026 09:15:27; 13.250
 19.01.2026 09:18:26; 13.250
 19.01.2026 09:21:27; 13.250
 19.01.2026 09:24:26; 13.250
 19.01.2026 09:27:26; 13.250
 19.01.2026 09:30:27; 13.250
 19.01.2026 09:33:26; 13.313
 19.01.2026 09:36:26; 13.313
 19.01.2026 09:39:27; 13.313
 19.01.2026 09:42:27; 13.313
 19.01.2026 09:45:26; 13.313
 19.01.2026 09:48:27; 13.313
 19.01.2026 09:51:27; 13.313
 19.01.2026 09:54:26; 13.313
 19.01.2026 09:57:27; 13.313
 19.01.2026 10:00:27; 13.313
 19.01.2026 10:03:26; 13.313
 19.01.2026 10:06:27; 13.313
 19.01.2026 10:09:26; 13.313
 19.01.2026 10:12:26; 13.375
 19.01.2026 10:15:27; 13.375
 19.01.2026 10:18:26; 13.375
 19.01.2026 10:21:26; 13.375
 19.01.2026 10:24:27; 13.438
 19.01.2026 10:27:27; 13.438
 19.01.2026 10:30:26; 13.438
 19.01.2026 10:33:27; 13.438
 19.01.2026 10:36:27; 13.438
 19.01.2026 10:39:26; 13.438
 19.01.2026 10:42:27; 13.375
 19.01.2026 10:45:27; 13.375
 19.01.2026 10:48:26; 13.375
 19.01.2026 10:51:27; 13.375
 19.01.2026 10:54:26; 13.375
 19.01.2026 10:57:26; 13.375
 19.01.2026 11:00:27; 13.375
 19.01.2026 11:03:26; 13.375
 19.01.2026 11:06:26; 13.375
 19.01.2026 11:09:27; 13.375
 19.01.2026 11:12:27; 13.375
 19.01.2026 11:15:26; 13.375
 19.01.2026 11:18:27; 13.375
 19.01.2026 11:21:27; 13.375
 19.01.2026 11:24:26; 13.438
 19.01.2026 11:27:27; 13.438
 19.01.2026 11:30:27; 13.438
 19.01.2026 11:33:26; 13.500
 19.01.2026 11:36:27; 13.500
 19.01.2026 11:39:26; 13.500
 19.01.2026 11:42:26; 13.563
 19.01.2026 11:45:27; 13.563
 19.01.2026 11:48:26; 13.625
 19.01.2026 11:51:26; 13.625
 19.01.2026 11:54:27; 13.625
 19.01.2026 11:57:27; 13.688
 19.01.2026 12:00:26; 13.688
 19.01.2026 12:03:27; 13.750
 19.01.2026 12:06:27; 13.750
 19.01.2026 12:09:26; 13.750
 19.01.2026 12:12:27; 13.813
 19.01.2026 12:15:27; 13.813
 19.01.2026 12:18:26; 13.875
 19.01.2026 12:21:27; 13.875
 19.01.2026 12:24:26; 13.875
 19.01.2026 12:27:26; 13.875
 19.01.2026 12:30:27; 14.000
 19.01.2026 12:33:26; 14.063
 19.01.2026 12:36:26; 14.063
 19.01.2026 12:39:27; 14.125
 19.01.2026 12:42:27; 14.250
 19.01.2026 12:45:26; 14.313
 19.01.2026 12:48:27; 14.375
 19.01.2026 12:51:27; 14.375
 19.01.2026 12:54:26; 14.500
 19.01.2026 12:57:27; 14.563
 19.01.2026 13:00:27; 14.625
 19.01.2026 13:03:26; 14.750
 19.01.2026 13:06:27; 14.813
 19.01.2026 13:09:26; 14.938
 19.01.2026 13:12:26; 15.000
 19.01.2026 13:15:27; 15.063
 19.01.2026 13:18:26; 15.125
 19.01.2026 13:21:26; 15.188
 19.01.2026 13:24:27; 15.313
 19.01.2026 13:27:27; 15.375
 19.01.2026 13:30:26; 15.438
 19.01.2026 13:33:27; 15.563
 19.01.2026 13:36:27; 15.688
 19.01.2026 13:39:26; 15.938
 19.01.2026 13:42:27; 16.063
 19.01.2026 13:45:27; 16.313
 19.01.2026 13:48:26; 16.625
 19.01.2026 13:51:27; 16.875
 19.01.2026 13:54:26; 17.063
 19.01.2026 13:57:26; 17.250
 19.01.2026 14:00:27; 17.375
 19.01.2026 14:03:26; 17.438
 19.01.2026 14:06:26; 17.500
 19.01.2026 14:09:27; 17.625
 19.01.2026 14:12:27; 17.750
 19.01.2026 14:15:26; 17.813
 19.01.2026 14:18:27; 18.063
 19.01.2026 14:21:27; 18.438
 19.01.2026 14:24:26; 18.625
 19.01.2026 14:27:27; 18.563
 19.01.2026 14:30:27; 18.625
 19.01.2026 14:33:26; 18.563
 19.01.2026 14:36:27; 18.500
 19.01.2026 14:39:26; 18.563
 19.01.2026 14:42:26; 18.563
 19.01.2026 14:45:27; 18.625
 19.01.2026 14:48:26; 18.750
 19.01.2026 14:51:26; 18.813
 19.01.2026 14:54:27; 18.875
 19.01.2026 14:57:27; 18.875
 19.01.2026 15:00:26; 18.875
 19.01.2026 15:03:27; 18.813
 19.01.2026 15:06:27; 18.875
 19.01.2026 15:09:26; 19.250
 19.01.2026 15:12:27; 19.375
 19.01.2026 15:15:27; 19.375
 19.01.2026 15:18:26; 19.313
 19.01.2026 15:21:27; 19.375
 19.01.2026 15:24:26; 19.250
 19.01.2026 15:27:26; 19.500
 19.01.2026 15:30:27; 19.750
 19.01.2026 15:33:26; 19.750
 19.01.2026 15:36:26; 19.625
 19.01.2026 15:39:27; 19.500
 19.01.2026 15:42:27; 19.313
 19.01.2026 15:45:26; 19.188
 19.01.2026 15:48:27; 19.063
 19.01.2026 15:51:27; 18.875
 19.01.2026 15:54:26; 18.750
 19.01.2026 15:57:27; 18.625
 19.01.2026 16:00:27; 18.438
 19.01.2026 16:03:26; 18.313
 19.01.2026 16:06:27; 18.125
 19.01.2026 16:09:26; 18.063
 19.01.2026 16:12:26; 17.938
 19.01.2026 16:15:27; 17.750
 19.01.2026 16:18:26; 17.688
 19.01.2026 16:21:26; 17.625
 19.01.2026 16:24:27; 17.625
 19.01.2026 16:27:27; 17.625
 19.01.2026 16:30:26; 17.625
 19.01.2026 16:33:27; 17.688
 19.01.2026 16:36:27; 17.688
 19.01.2026 16:39:26; 17.688
 19.01.2026 16:42:27; 17.688
 19.01.2026 16:45:27; 17.688
 19.01.2026 16:48:26; 17.813
 19.01.2026 16:51:27; 17.875
 19.01.2026 16:54:26; 18.063
 19.01.2026 16:57:26; 18.375
 19.01.2026 17:00:27; 18.688
 19.01.2026 17:03:26; 18.938
 19.01.2026 17:06:26; 19.250
 19.01.2026 17:09:27; 19.188
 19.01.2026 17:12:27; 19.125
 19.01.2026 17:15:26; 19.125
 19.01.2026 17:18:27; 19.125
 19.01.2026 17:21:27; 19.250
 19.01.2026 17:24:26; 19.188
 19.01.2026 17:27:27; 18.875
 19.01.2026 17:30:27; 18.625
 19.01.2026 17:33:26; 18.500
 19.01.2026 17:36:27; 18.563
 19.01.2026 17:39:26; 18.563
 19.01.2026 17:42:26; 18.500
 19.01.2026 17:45:27; 18.688
 19.01.2026 17:48:26; 19.125
 19.01.2026 17:51:26; 19.438
 19.01.2026 17:54:27; 19.813
 19.01.2026 17:57:27; 20.125
 19.01.2026 18:00:26; 20.500
 19.01.2026 18:03:27; 20.563
 19.01.2026 18:06:27; 20.250
 19.01.2026 18:09:26; 20.000
 19.01.2026 18:12:27; 19.875
 19.01.2026 18:15:27; 19.813
 19.01.2026 18:18:26; 20.000
 19.01.2026 18:21:27; 20.125
 19.01.2026 18:24:26; 20.188
 19.01.2026 18:27:26; 20.313
 19.01.2026 18:30:27; 20.500
 19.01.2026 18:33:26; 20.750
 19.01.2026 18:36:26; 20.750
 19.01.2026 18:39:27; 20.688
 19.01.2026 18:42:27; 20.813
 19.01.2026 18:45:26; 21.500
 19.01.2026 18:48:27; 21.875
 19.01.2026 18:51:27; 21.688
 19.01.2026 18:54:26; 24.563
 19.01.2026 18:57:27; 26.875
 19.01.2026 19:00:27; 28.000
 19.01.2026 19:03:26; 29.000
 19.01.2026 19:06:27; 29.188
 19.01.2026 19:09:26; 29.688
 19.01.2026 19:12:26; 30.938
 19.01.2026 19:15:27; 31.438
 19.01.2026 19:18:26; 31.125
 19.01.2026 19:21:26; 32.063
 19.01.2026 19:24:27; 32.188
 19.01.2026 19:27:27; 32.938
 19.01.2026 19:30:26; 33.563
 19.01.2026 19:33:27; 33.875
 19.01.2026 19:36:27; 35.188
 19.01.2026 19:39:26; 35.500
 19.01.2026 19:42:27; 36.125
 19.01.2026 19:45:27; 36.000
 19.01.2026 19:48:26; 36.625
 19.01.2026 19:51:27; 32.063
 19.01.2026 19:54:26; 31.750
 19.01.2026 19:57:26; 33.375
 19.01.2026 20:00:27; 35.125
 19.01.2026 20:03:26; 36.188
 19.01.2026 20:06:26; 36.750
 19.01.2026 20:09:27; 37.250
 19.01.2026 20:12:27; 37.688
 19.01.2026 20:15:26; 36.250
 19.01.2026 20:18:27; 35.250
 19.01.2026 20:21:27; 33.688
 19.01.2026 20:24:26; 33.875
 19.01.2026 20:27:27; 32.000
 19.01.2026 20:30:27; 28.688
 19.01.2026 20:33:26; 27.625
 19.01.2026 20:36:27; 28.813
 19.01.2026 20:39:26; 28.375
 19.01.2026 20:42:26; 26.188
 19.01.2026 20:45:27; 24.438
 19.01.2026 20:48:26; 23.125
 19.01.2026 20:51:26; 22.250
 19.01.2026 20:54:27; 21.813
 19.01.2026 20:57:27; 21.500
 19.01.2026 21:00:26; 21.188
 19.01.2026 21:03:27; 20.875
 19.01.2026 21:06:27; 20.688
 19.01.2026 21:09:26; 20.625
 19.01.2026 21:12:27; 20.625
 19.01.2026 21:15:27; 20.688
 19.01.2026 21:18:26; 20.813
 19.01.2026 21:21:27; 20.750
 19.01.2026 21:24:26; 20.563
 19.01.2026 21:27:26; 20.375
 19.01.2026 21:30:27; 20.063
 19.01.2026 21:33:26; 19.813
 19.01.2026 21:36:26; 19.500
 19.01.2026 21:39:27; 19.125
 19.01.2026 21:42:27; 18.750
 19.01.2026 21:45:26; 18.500
 19.01.2026 21:48:27; 18.313
 19.01.2026 21:51:27; 18.125
 19.01.2026 21:54:26; 18.000
 19.01.2026 21:57:27; 17.875
 19.01.2026 22:00:27; 17.813
 19.01.2026 22:03:26; 17.813
 19.01.2026 22:06:27; 17.813
 19.01.2026 22:09:26; 17.813
 19.01.2026 22:12:26; 17.813
 19.01.2026 22:15:27; 17.813
 19.01.2026 22:18:26; 17.813
 19.01.2026 22:21:26; 17.813
 19.01.2026 22:24:27; 17.875
 19.01.2026 22:27:27; 17.813
 19.01.2026 22:30:26; 17.813
 19.01.2026 22:33:27; 17.750
 19.01.2026 22:36:27; 17.625
 19.01.2026 22:39:26; 17.500
 19.01.2026 22:42:27; 17.375
 19.01.2026 22:45:27; 17.188
 19.01.2026 22:48:26; 17.063
 19.01.2026 22:51:27; 16.875
 19.01.2026 22:54:26; 16.750
 19.01.2026 22:57:26; 16.625
 19.01.2026 23:00:27; 16.500
 19.01.2026 23:03:26; 16.438
 19.01.2026 23:06:26; 16.313
 19.01.2026 23:09:27; 16.188
 19.01.2026 23:12:27; 16.125
 19.01.2026 23:15:26; 16.000
 19.01.2026 23:18:27; 15.875
 19.01.2026 23:21:27; 15.750
 19.01.2026 23:24:26; 15.625
 19.01.2026 23:27:27; 15.563
 19.01.2026 23:30:27; 15.438
 19.01.2026 23:33:26; 15.375
 19.01.2026 23:36:27; 15.250
 19.01.2026 23:39:26; 15.188
 19.01.2026 23:42:26; 15.125
 19.01.2026 23:45:27; 15.063
 19.01.2026 23:48:26; 15.000
 19.01.2026 23:51:26; 15.000
 19.01.2026 23:54:27; 14.938
 19.01.2026 23:57:27; 14.938
 20.01.2026 00:00:26; 14.875
 20.01.2026 00:03:27; 14.875
 20.01.2026 00:06:27; 14.875
 20.01.2026 00:09:26; 14.813
 20.01.2026 00:12:27; 14.813
 20.01.2026 00:15:27; 14.813
 20.01.2026 00:18:26; 14.750
 20.01.2026 00:21:27; 14.750
 20.01.2026 00:24:26; 14.688
 20.01.2026 00:27:26; 14.688
 20.01.2026 00:30:27; 14.688
 20.01.2026 00:33:26; 14.625
 20.01.2026 00:36:26; 14.625
 20.01.2026 00:39:27; 14.625
 20.01.2026 00:42:27; 14.688
 20.01.2026 00:45:26; 14.688
 20.01.2026 00:48:27; 14.750
 20.01.2026 00:51:27; 14.750
 20.01.2026 00:54:26; 14.750
 20.01.2026 00:57:27; 14.813
 20.01.2026 01:00:27; 14.813
 20.01.2026 01:03:26; 14.813
 20.01.2026 01:06:27; 14.813
 20.01.2026 01:09:26; 14.750
 20.01.2026 01:12:26; 14.750
 20.01.2026 01:15:27; 14.750
 20.01.2026 01:18:26; 14.688
 20.01.2026 01:21:26; 14.688
 20.01.2026 01:24:27; 14.688
 20.01.2026 01:27:27; 14.688
 20.01.2026 01:30:26; 14.688
 20.01.2026 01:33:27; 14.688
 20.01.2026 01:36:27; 14.688
 20.01.2026 01:39:26; 14.688
 20.01.2026 01:42:27; 14.688
 20.01.2026 01:45:27; 14.688
 20.01.2026 01:48:26; 14.625
 20.01.2026 01:51:27; 14.563
 20.01.2026 01:54:26; 14.500
 20.01.2026 01:57:26; 14.438
 20.01.2026 02:00:27; 14.375
 20.01.2026 02:03:26; 14.313
 20.01.2026 02:06:26; 14.188
 20.01.2026 02:09:27; 14.125
 20.01.2026 02:12:27; 14.063
 20.01.2026 02:15:26; 14.000
 20.01.2026 02:18:27; 14.000
 20.01.2026 02:21:27; 13.938
 20.01.2026 02:24:26; 13.938
 20.01.2026 02:27:27; 13.875
 20.01.2026 02:30:27; 13.813
 20.01.2026 02:33:26; 13.750
 20.01.2026 02:36:27; 13.750
 20.01.2026 02:39:26; 13.688
 20.01.2026 02:42:26; 13.688
 20.01.2026 02:45:27; 13.625
 20.01.2026 02:48:26; 13.563
 20.01.2026 02:51:26; 13.563
 20.01.2026 02:54:27; 13.563
 20.01.2026 02:57:27; 13.563
 20.01.2026 03:00:26; 13.625
 20.01.2026 03:03:27; 13.625
 20.01.2026 03:06:27; 13.625
 20.01.2026 03:09:26; 13.625
 20.01.2026 03:12:27; 13.625
 20.01.2026 03:15:27; 13.625
 20.01.2026 03:18:26; 13.625
 20.01.2026 03:21:27; 13.625
 20.01.2026 03:24:26; 13.688
 20.01.2026 03:27:26; 13.688
 20.01.2026 03:30:27; 13.750
 20.01.2026 03:33:26; 13.813
 20.01.2026 03:36:26; 13.875
 20.01.2026 03:39:27; 13.938
 20.01.2026 03:42:27; 13.938
 20.01.2026 03:45:26; 14.000
 20.01.2026 03:48:27; 13.938
 20.01.2026 03:51:27; 13.938
 20.01.2026 03:54:26; 13.875
 20.01.2026 03:57:27; 13.875
 20.01.2026 04:00:27; 13.813
 20.01.2026 04:03:26; 13.813
 20.01.2026 04:06:27; 13.750
 20.01.2026 04:09:26; 13.688
 20.01.2026 04:12:26; 13.625
 20.01.2026 04:15:27; 13.625
 20.01.2026 04:18:26; 13.563
 20.01.2026 04:21:26; 13.500
 20.01.2026 04:24:27; 13.438
 20.01.2026 04:27:27; 13.438
 20.01.2026 04:30:26; 13.375
 20.01.2026 04:33:27; 13.375
 20.01.2026 04:36:27; 13.313
 20.01.2026 04:39:26; 13.313
 20.01.2026 04:42:27; 13.250
 20.01.2026 04:45:27; 13.250
 20.01.2026 04:48:26; 13.188
 20.01.2026 04:51:27; 13.188
 20.01.2026 04:54:26; 13.188
 20.01.2026 04:57:26; 13.188
 20.01.2026 05:00:27; 13.125
 20.01.2026 05:03:26; 13.125
 20.01.2026 05:06:26; 13.063
 20.01.2026 05:09:27; 13.000
 20.01.2026 05:12:27; 13.000
 20.01.2026 05:15:26; 12.938
 20.01.2026 05:18:27; 12.938
 20.01.2026 05:21:27; 12.938
 20.01.2026 05:24:26; 12.938
 20.01.2026 05:27:27; 12.938
 20.01.2026 05:30:27; 12.938
 20.01.2026 05:33:26; 12.938
 20.01.2026 05:36:27; 13.000
 20.01.2026 05:39:26; 13.000
 20.01.2026 05:42:26; 13.000
 20.01.2026 05:45:27; 13.063
 20.01.2026 05:48:26; 13.063
 20.01.2026 05:51:26; 13.125
 20.01.2026 05:54:27; 13.188
 20.01.2026 05:57:27; 13.250
 20.01.2026 06:00:26; 13.313
 20.01.2026 06:03:27; 13.375
 20.01.2026 06:06:27; 13.438
 20.01.2026 06:09:26; 13.500
 20.01.2026 06:12:27; 13.563
 20.01.2026 06:15:27; 13.625
 20.01.2026 06:18:26; 13.688
 20.01.2026 06:21:27; 13.750
 20.01.2026 06:24:26; 13.750
 20.01.2026 06:27:26; 13.813
 20.01.2026 06:30:27; 13.813
 20.01.2026 06:33:26; 13.875
 20.01.2026 06:36:26; 13.875
 20.01.2026 06:39:27; 13.875
 20.01.2026 06:42:27; 13.875
 20.01.2026 06:45:26; 13.875
 20.01.2026 06:48:27; 13.938
 20.01.2026 06:51:27; 13.875
 20.01.2026 06:54:26; 13.875
 20.01.2026 06:57:27; 13.875
 20.01.2026 07:00:27; 13.875
 20.01.2026 07:03:26; 13.875
 20.01.2026 07:06:27; 13.875
 20.01.2026 07:09:26; 13.875
 20.01.2026 07:12:26; 13.875
 20.01.2026 07:15:27; 13.875
 20.01.2026 07:18:26; 13.875
 20.01.2026 07:21:26; 13.875
 20.01.2026 07:24:27; 13.875
 20.01.2026 07:27:27; 13.875
 20.01.2026 07:30:26; 13.875
 20.01.2026 07:33:27; 13.875
 20.01.2026 07:36:27; 13.875
 20.01.2026 07:39:26; 13.875
 20.01.2026 07:42:27; 13.875
 20.01.2026 07:45:27; 13.813
 20.01.2026 07:48:26; 13.813
 20.01.2026 07:51:27; 13.813
 20.01.2026 07:54:26; 13.813
 20.01.2026 07:57:26; 13.813
 20.01.2026 08:00:27; 13.813
 20.01.2026 08:03:26; 13.813
 20.01.2026 08:06:26; 13.813
 20.01.2026 08:09:27; 13.813
 20.01.2026 08:12:27; 13.813
 20.01.2026 08:15:26; 13.813
 20.01.2026 08:18:27; 13.813
 20.01.2026 08:21:27; 13.813
 20.01.2026 08:24:26; 13.813
 20.01.2026 08:27:27; 13.813
 20.01.2026 08:30:27; 13.813
 20.01.2026 08:33:26; 13.813
 20.01.2026 08:36:27; 13.813
 20.01.2026 08:39:26; 13.813
 20.01.2026 08:42:26; 13.813
 20.01.2026 08:45:27; 13.813
 20.01.2026 08:48:26; 13.875
 20.01.2026 08:51:26; 13.813
 20.01.2026 08:54:27; 13.813
 20.01.2026 08:57:27; 13.813
 20.01.2026 09:00:26; 13.813
 20.01.2026 09:03:27; 13.813
 20.01.2026 09:06:27; 13.813
 20.01.2026 09:09:26; 13.813
 20.01.2026 09:12:27; 13.813
 20.01.2026 09:15:27; 13.813
 20.01.2026 09:18:26; 13.813
 20.01.2026 09:21:27; 13.813
 20.01.2026 09:24:26; 13.813
 20.01.2026 09:27:26; 13.813
 20.01.2026 09:30:27; 13.813
 20.01.2026 09:33:26; 13.813
 20.01.2026 09:36:26; 13.813
 20.01.2026 09:39:27; 13.813
 20.01.2026 09:42:27; 13.813
 20.01.2026 09:45:26; 13.813
 20.01.2026 09:48:27; 13.813
 20.01.2026 09:51:27; 13.875
 20.01.2026 09:54:26; 13.813
 20.01.2026 09:57:27; 13.813
 20.01.2026 10:00:27; 13.813
 20.01.2026 10:03:26; 13.813
 20.01.2026 10:06:27; 13.813
 20.01.2026 10:09:26; 13.813
 20.01.2026 10:12:26; 13.813
 20.01.2026 10:15:27; 13.813
 20.01.2026 10:18:26; 13.813
 20.01.2026 10:21:26; 13.813
 20.01.2026 10:24:27; 13.813
 20.01.2026 10:27:27; 13.750
 20.01.2026 10:30:26; 13.750
 20.01.2026 10:33:27; 13.688
 20.01.2026 10:36:27; 13.625
 20.01.2026 10:39:26; 13.563
 20.01.2026 10:42:27; 13.563
 20.01.2026 10:45:27; 13.438
 20.01.2026 10:48:26; 13.375
 20.01.2026 10:51:27; 13.375
 20.01.2026 10:54:26; 13.313
 20.01.2026 10:57:26; 13.250
 20.01.2026 11:00:27; 13.250
 20.01.2026 11:03:26; 13.250
 20.01.2026 11:06:26; 13.313
 20.01.2026 11:09:27; 13.313
 20.01.2026 11:12:27; 13.438
 20.01.2026 11:15:26; 13.500
 20.01.2026 11:18:27; 13.563
 20.01.2026 11:21:27; 13.625
 20.01.2026 11:24:26; 13.750
 20.01.2026 11:27:27; 13.813
 20.01.2026 11:30:27; 13.938
 20.01.2026 11:33:26; 14.000
 20.01.2026 11:36:27; 14.063
 20.01.2026 11:39:26; 14.063
 20.01.2026 11:42:26; 14.063
 20.01.2026 11:45:27; 14.125
 20.01.2026 11:48:26; 14.125
 20.01.2026 11:51:26; 14.188
 20.01.2026 11:54:27; 14.188
 20.01.2026 11:57:27; 14.188
 20.01.2026 12:00:26; 14.250
 20.01.2026 12:03:27; 14.563
 20.01.2026 12:06:27; 14.688
 20.01.2026 12:09:26; 14.875
 20.01.2026 12:12:27; 14.938
 20.01.2026 12:15:27; 14.813
 20.01.2026 12:18:26; 14.875
 20.01.2026 12:21:27; 15.000
 20.01.2026 12:24:26; 15.250
 20.01.2026 12:27:26; 15.313
 20.01.2026 12:30:27; 15.438
 20.01.2026 12:33:26; 15.688
 20.01.2026 12:36:26; 15.875
 20.01.2026 12:39:27; 15.750
 20.01.2026 12:42:27; 15.625
 20.01.2026 12:45:26; 15.500
 20.01.2026 12:48:27; 15.375
 20.01.2026 12:51:27; 15.375
 20.01.2026 12:54:26; 15.313
 20.01.2026 12:57:27; 15.375
 20.01.2026 13:00:27; 15.438
 20.01.2026 13:03:26; 15.375
 20.01.2026 13:06:27; 15.313
 20.01.2026 13:09:26; 15.313
 20.01.2026 13:12:26; 15.375
 20.01.2026 13:15:27; 15.625
 20.01.2026 13:18:26; 15.813
 20.01.2026 13:21:26; 15.938
 20.01.2026 13:24:27; 16.250
 20.01.2026 13:27:27; 16.500
 20.01.2026 13:30:26; 16.750
 20.01.2026 13:33:27; 16.875
 20.01.2026 13:36:27; 17.063
 20.01.2026 13:39:26; 17.375
 20.01.2026 13:42:27; 17.563
 20.01.2026 13:45:27; 17.625
 20.01.2026 13:48:26; 17.438
 20.01.2026 13:51:27; 17.125
 20.01.2026 13:54:26; 16.750
 20.01.2026 13:57:26; 16.438
 20.01.2026 14:00:27; 16.188
 20.01.2026 14:03:26; 16.063
 20.01.2026 14:06:26; 15.875
 20.01.2026 14:09:27; 15.688
 20.01.2026 14:12:27; 15.625
 20.01.2026 14:15:26; 15.688
 20.01.2026 14:18:27; 15.688
 20.01.2026 14:21:27; 15.625
 20.01.2026 14:24:26; 15.500
 20.01.2026 14:27:27; 15.375
 20.01.2026 14:30:27; 15.313
 20.01.2026 14:33:26; 15.313
 20.01.2026 14:36:27; 15.313
 20.01.2026 14:39:26; 15.250
 20.01.2026 14:42:26; 15.188
 20.01.2026 14:45:27; 15.188
 20.01.2026 14:48:26; 15.250
 20.01.2026 14:51:26; 15.313
 20.01.2026 14:54:27; 15.438
 20.01.2026 14:57:27; 15.563
 20.01.2026 15:00:26; 15.750
 20.01.2026 15:03:27; 16.000
 20.01.2026 15:06:27; 16.313
 20.01.2026 15:09:26; 16.563
 20.01.2026 15:12:27; 17.000
 20.01.2026 15:15:27; 17.250
 20.01.2026 15:18:26; 17.500
 20.01.2026 15:21:27; 18.000
 20.01.2026 15:24:26; 18.438
 20.01.2026 15:27:26; 18.938
 20.01.2026 15:30:27; 19.188
 20.01.2026 15:33:26; 19.250
 20.01.2026 15:36:26; 19.563
 20.01.2026 15:39:27; 19.563
 20.01.2026 15:42:27; 19.500
 20.01.2026 15:45:26; 19.375
 20.01.2026 15:48:27; 19.125
 20.01.2026 15:51:27; 18.875
 20.01.2026 15:54:26; 18.688
 20.01.2026 15:57:27; 18.688
 20.01.2026 16:00:27; 18.563
 20.01.2026 16:03:26; 18.750
 20.01.2026 16:06:27; 18.813
 20.01.2026 16:09:26; 19.125
 20.01.2026 16:12:26; 19.625
 20.01.2026 16:15:27; 20.313
 20.01.2026 16:18:26; 20.688
 20.01.2026 16:21:26; 20.438
 20.01.2026 16:24:27; 20.063
 20.01.2026 16:27:27; 19.750
 20.01.2026 16:30:26; 20.063
 20.01.2026 16:33:27; 20.375
 20.01.2026 16:36:27; 21.313
 20.01.2026 16:39:26; 21.938
 20.01.2026 16:42:27; 22.000
 20.01.2026 16:45:27; 21.750
 20.01.2026 16:48:26; 21.438
 20.01.2026 16:51:27; 21.375
 20.01.2026 16:54:26; 21.125
 20.01.2026 16:57:26; 20.938
 20.01.2026 17:00:27; 20.750
 20.01.2026 17:03:26; 20.625
 20.01.2026 17:06:26; 21.000
 20.01.2026 17:09:27; 21.250
 20.01.2026 17:12:27; 21.750
 20.01.2026 17:15:26; 22.250
 20.01.2026 17:18:27; 22.438
 20.01.2026 17:21:27; 23.063
 20.01.2026 17:24:26; 23.313
 20.01.2026 17:27:27; 23.563
 20.01.2026 17:30:27; 23.313
 20.01.2026 17:33:26; 22.875
 20.01.2026 17:36:27; 22.125
 20.01.2026 17:39:26; 21.625
 20.01.2026 17:42:26; 21.313
 20.01.2026 17:45:27; 21.625
 20.01.2026 17:48:26; 21.875
 20.01.2026 17:51:26; 21.500
 20.01.2026 17:54:27; 21.625
 20.01.2026 17:57:27; 21.688
 20.01.2026 18:00:26; 21.375
 20.01.2026 18:03:27; 22.063
 20.01.2026 18:06:27; 22.438
 20.01.2026 18:09:26; 22.375
 20.01.2026 18:12:27; 24.813
 20.01.2026 18:15:27; 26.125
 20.01.2026 18:18:26; 25.375
 20.01.2026 18:21:27; 24.750
 20.01.2026 18:24:26; 26.063
 20.01.2026 18:27:26; 25.000
 20.01.2026 18:30:27; 26.125
 20.01.2026 18:33:26; 25.250
 20.01.2026 18:36:26; 26.625
 20.01.2026 18:39:27; 27.563
 20.01.2026 18:42:27; 27.250
 20.01.2026 18:45:26; 27.063
 20.01.2026 18:48:27; 25.125
 20.01.2026 18:51:27; 25.563
 20.01.2026 18:54:26; 26.250
 20.01.2026 18:57:27; 29.438
 20.01.2026 19:00:27; 31.813
 20.01.2026 19:03:26; 32.688
 20.01.2026 19:06:27; 30.125
 20.01.2026 19:09:26; 30.625
 20.01.2026 19:12:26; 31.438
 20.01.2026 19:15:27; 32.000
 20.01.2026 19:18:26; 32.188
 20.01.2026 19:21:26; 31.938
 20.01.2026 19:24:27; 32.750
 20.01.2026 19:27:27; 32.750
 20.01.2026 19:30:26; 31.750
 20.01.2026 19:33:27; 33.250
 20.01.2026 19:36:27; 33.688
 20.01.2026 19:39:26; 30.875
 20.01.2026 19:42:27; 31.875
 20.01.2026 19:45:27; 28.625
 20.01.2026 19:48:26; 26.688
 20.01.2026 19:51:27; 25.313
 20.01.2026 19:54:26; 23.938
 20.01.2026 19:57:26; 22.938
 20.01.2026 20:00:27; 22.000
 20.01.2026 20:03:26; 21.938
 20.01.2026 20:06:26; 23.625
 20.01.2026 20:09:27; 22.188
 20.01.2026 20:12:27; 22.250
 20.01.2026 20:15:26; 24.000
 20.01.2026 20:18:27; 26.438
 20.01.2026 20:21:27; 29.688
 20.01.2026 20:24:26; 28.938
 20.01.2026 20:27:27; 29.438
 20.01.2026 20:30:27; 28.938
 20.01.2026 20:33:26; 30.500
 20.01.2026 20:36:27; 31.063
 20.01.2026 20:39:26; 29.438
 20.01.2026 20:42:26; 28.188
 20.01.2026 20:45:27; 26.625
 20.01.2026 20:48:26; 26.000
 20.01.2026 20:51:26; 25.188
 20.01.2026 20:54:27; 24.375
 20.01.2026 20:57:27; 24.063
 20.01.2026 21:00:26; 23.750
 20.01.2026 21:03:27; 23.063
 20.01.2026 21:06:27; 22.625
 20.01.2026 21:09:26; 22.063
 20.01.2026 21:12:27; 21.625
 20.01.2026 21:15:27; 21.063
 20.01.2026 21:18:26; 20.563
 20.01.2026 21:21:27; 20.250
 20.01.2026 21:24:26; 19.938
 20.01.2026 21:27:26; 19.563
 20.01.2026 21:30:27; 19.313
 20.01.2026 21:33:26; 18.938
 20.01.2026 21:36:26; 18.438
 20.01.2026 21:39:27; 18.313
 20.01.2026 21:42:27; 18.188
 20.01.2026 21:45:26; 18.000
 20.01.2026 21:48:27; 17.750
 20.01.2026 21:51:27; 17.438
 20.01.2026 21:54:26; 17.125
 20.01.2026 21:57:27; 16.938
 20.01.2026 22:00:27; 16.813
 20.01.2026 22:03:26; 16.625
 20.01.2026 22:06:27; 16.438
 20.01.2026 22:09:26; 16.250
 20.01.2026 22:12:26; 16.125
 20.01.2026 22:15:27; 16.000
 20.01.2026 22:18:26; 15.875
 20.01.2026 22:21:26; 15.750
 20.01.2026 22:24:27; 15.625
 20.01.2026 22:27:27; 15.563
 20.01.2026 22:30:26; 15.438
 20.01.2026 22:33:27; 15.313
 20.01.2026 22:36:27; 15.188
 20.01.2026 22:39:26; 15.063
 20.01.2026 22:42:27; 14.938
 20.01.2026 22:45:27; 14.875
 20.01.2026 22:48:26; 14.750
 20.01.2026 22:51:27; 14.625
 20.01.2026 22:54:26; 14.563
 20.01.2026 22:57:26; 14.500
 20.01.2026 23:00:27; 14.438
 20.01.2026 23:03:26; 14.313
 20.01.2026 23:06:26; 14.313
 20.01.2026 23:09:27; 14.188
 20.01.2026 23:12:27; 14.125
 20.01.2026 23:15:26; 14.063
 20.01.2026 23:18:27; 14.000
 20.01.2026 23:21:27; 13.938
 20.01.2026 23:24:26; 13.875
 20.01.2026 23:27:27; 13.750
 20.01.2026 23:30:27; 13.688
 20.01.2026 23:33:26; 13.625
 20.01.2026 23:36:27; 13.563
 20.01.2026 23:39:26; 13.500
 20.01.2026 23:42:26; 13.375
 20.01.2026 23:45:27; 13.313
 20.01.2026 23:48:26; 13.250
 20.01.2026 23:51:26; 13.188
 20.01.2026 23:54:27; 13.125
 20.01.2026 23:57:27; 13.000
 21.01.2026 00:00:26; 12.938
 21.01.2026 00:03:27; 12.938
 21.01.2026 00:06:27; 12.875
 21.01.2026 00:09:26; 12.813
 21.01.2026 00:12:27; 12.750
 21.01.2026 00:15:27; 12.750
 21.01.2026 00:18:26; 12.688
 21.01.2026 00:21:27; 12.625
 21.01.2026 00:24:26; 12.625
 21.01.2026 00:27:26; 12.563
 21.01.2026 00:30:27; 12.500
 21.01.2026 00:33:26; 12.438
 21.01.2026 00:36:26; 12.375
 21.01.2026 00:39:27; 12.375
 21.01.2026 00:42:27; 12.313
 21.01.2026 00:45:26; 12.250
 21.01.2026 00:48:27; 12.250
 21.01.2026 00:51:27; 12.188
 21.01.2026 00:54:26; 12.125
 21.01.2026 00:57:27; 12.125
 21.01.2026 01:00:27; 12.063
 21.01.2026 01:03:26; 12.000
 21.01.2026 01:06:27; 12.000
 21.01.2026 01:09:26; 12.000
 21.01.2026 01:12:26; 12.000
 21.01.2026 01:15:27; 11.938
 21.01.2026 01:18:26; 11.938
 21.01.2026 01:21:26; 11.938
 21.01.2026 01:24:27; 11.938
 21.01.2026 01:27:27; 11.938
 21.01.2026 01:30:26; 11.938
 21.01.2026 01:33:27; 11.938
 21.01.2026 01:36:27; 11.875
 21.01.2026 01:39:26; 11.813
 21.01.2026 01:42:27; 11.813
 21.01.2026 01:45:27; 11.750
 21.01.2026 01:48:26; 11.750
 21.01.2026 01:51:27; 11.750
 21.01.2026 01:54:26; 11.750
 21.01.2026 01:57:26; 11.688
 21.01.2026 02:00:27; 11.688
 21.01.2026 02:03:26; 11.625
 21.01.2026 02:06:26; 11.688
 21.01.2026 02:09:27; 11.688
 21.01.2026 02:12:27; 11.688
 21.01.2026 02:15:26; 11.625
 21.01.2026 02:18:27; 11.563
 21.01.2026 02:21:27; 11.563
 21.01.2026 02:24:26; 11.500
 21.01.2026 02:27:27; 11.500
 21.01.2026 02:30:27; 11.500
 21.01.2026 02:33:26; 11.438
 21.01.2026 02:36:27; 11.438
 21.01.2026 02:39:26; 11.375
 21.01.2026 02:42:26; 11.313
 21.01.2026 02:45:27; 11.313
 21.01.2026 02:48:26; 11.313
 21.01.2026 02:51:26; 11.313
 21.01.2026 02:54:27; 11.313
 21.01.2026 02:57:27; 11.313
 21.01.2026 03:00:26; 11.313
 21.01.2026 03:03:27; 11.313
 21.01.2026 03:06:27; 11.313
 21.01.2026 03:09:26; 11.313
 21.01.2026 03:12:27; 11.375
 21.01.2026 03:15:27; 11.375
 21.01.2026 03:18:26; 11.438
 21.01.2026 03:21:27; 11.500
 21.01.2026 03:24:26; 11.500
 21.01.2026 03:27:26; 11.563
 21.01.2026 03:30:27; 11.625
 21.01.2026 03:33:26; 11.688
 21.01.2026 03:36:26; 11.750
 21.01.2026 03:39:27; 11.813
 21.01.2026 03:42:27; 11.938
 21.01.2026 03:45:26; 12.000
 21.01.2026 03:48:27; 12.000
 21.01.2026 03:51:27; 12.000
 21.01.2026 03:54:26; 12.000
 21.01.2026 03:57:27; 11.938
 21.01.2026 04:00:27; 11.938
 21.01.2026 04:03:26; 11.813
 21.01.2026 04:06:27; 11.813
 21.01.2026 04:09:26; 11.750
 21.01.2026 04:12:26; 11.625
 21.01.2026 04:15:27; 11.563
 21.01.2026 04:18:26; 11.438
 21.01.2026 04:21:26; 11.438
 21.01.2026 04:24:27; 11.375
 21.01.2026 04:27:27; 11.313
 21.01.2026 04:30:26; 11.250
 21.01.2026 04:33:27; 11.188
 21.01.2026 04:36:27; 11.188
 21.01.2026 04:39:26; 11.125
 21.01.2026 04:42:27; 11.125
 21.01.2026 04:45:27; 11.125
 21.01.2026 04:48:26; 11.125
 21.01.2026 04:51:27; 11.063
 21.01.2026 04:54:26; 11.063
 21.01.2026 04:57:26; 11.000
 21.01.2026 05:00:27; 11.000
 21.01.2026 05:03:26; 11.000
 21.01.2026 05:06:26; 10.938
 21.01.2026 05:09:27; 10.938
 21.01.2026 05:12:27; 10.875
 21.01.2026 05:15:26; 10.813
 21.01.2026 05:18:27; 10.813
 21.01.2026 05:21:27; 10.813
 21.01.2026 05:24:26; 10.750
 21.01.2026 05:27:27; 10.688
 21.01.2026 05:30:27; 10.688
 21.01.2026 05:33:26; 10.625
 21.01.2026 05:36:27; 10.625
 21.01.2026 05:39:26; 10.563
 21.01.2026 05:42:26; 10.563
 21.01.2026 05:45:27; 10.500
 21.01.2026 05:48:26; 10.500
 21.01.2026 05:51:26; 10.438
 21.01.2026 05:54:27; 10.438
 21.01.2026 05:57:27; 10.375
 21.01.2026 06:00:26; 10.375
 21.01.2026 06:03:27; 10.375
 21.01.2026 06:06:27; 10.375
 21.01.2026 06:09:26; 10.438
 21.01.2026 06:12:27; 10.438
 21.01.2026 06:15:27; 10.438
 21.01.2026 06:18:26; 10.500
 21.01.2026 06:21:27; 10.500
 21.01.2026 06:24:26; 10.563
 21.01.2026 06:27:26; 10.688
 21.01.2026 06:30:27; 10.750
 21.01.2026 06:33:26; 10.750
 21.01.2026 06:36:26; 10.813
 21.01.2026 06:39:27; 10.813
 21.01.2026 06:42:27; 10.875
 21.01.2026 06:45:26; 10.938
 21.01.2026 06:48:27; 11.063
 21.01.2026 06:51:27; 11.125
 21.01.2026 06:54:26; 11.188
 21.01.2026 06:57:27; 11.250
 21.01.2026 07:00:27; 11.313
 21.01.2026 07:03:26; 11.438
 21.01.2026 07:06:27; 11.500
 21.01.2026 07:09:26; 11.563
 21.01.2026 07:12:26; 11.625
 21.01.2026 07:15:27; 11.625
 21.01.2026 07:18:26; 11.625
 21.01.2026 07:21:26; 11.625
 21.01.2026 07:24:27; 11.625
 21.01.2026 07:27:27; 11.625
 21.01.2026 07:30:26; 11.563
 21.01.2026 07:33:27; 11.563
 21.01.2026 07:36:27; 11.563
 21.01.2026 07:39:26; 11.563
 21.01.2026 07:42:27; 11.563
 21.01.2026 07:45:27; 11.563
 21.01.2026 07:48:26; 11.563
 21.01.2026 07:51:27; 11.625
 21.01.2026 07:54:26; 11.625
 21.01.2026 07:57:26; 11.688
 21.01.2026 08:00:27; 11.750
 21.01.2026 08:03:26; 11.750
 21.01.2026 08:06:26; 11.750
 21.01.2026 08:09:27; 11.750
 21.01.2026 08:12:27; 11.750
 21.01.2026 08:15:26; 11.688
 21.01.2026 08:18:27; 11.625
 21.01.2026 08:21:27; 11.563
 21.01.2026 08:24:26; 11.438
 21.01.2026 08:27:27; 11.375
 21.01.2026 08:30:27; 11.313
 21.01.2026 08:33:26; 11.250
 21.01.2026 08:36:27; 11.188
 21.01.2026 08:39:26; 11.125
 21.01.2026 08:42:26; 11.063
 21.01.2026 08:45:27; 11.063
 21.01.2026 08:48:26; 11.063
 21.01.2026 08:51:26; 11.063
 21.01.2026 08:54:27; 11.125
 21.01.2026 08:57:27; 11.125
 21.01.2026 09:00:26; 11.125
 21.01.2026 09:03:27; 11.188
 21.01.2026 09:06:27; 11.188
 21.01.2026 09:09:26; 11.188
 21.01.2026 09:12:27; 11.250
 21.01.2026 09:15:27; 11.250
 21.01.2026 09:18:26; 11.250
 21.01.2026 09:21:27; 11.250
 21.01.2026 09:24:26; 11.313
 21.01.2026 09:27:26; 11.313
 21.01.2026 09:30:27; 11.313
 21.01.2026 09:33:26; 11.313
 21.01.2026 09:36:26; 11.375
 21.01.2026 09:39:27; 11.375
 21.01.2026 09:42:27; 11.438
 21.01.2026 09:45:26; 11.438
 21.01.2026 09:48:27; 11.500
 21.01.2026 09:51:27; 11.563
 21.01.2026 09:54:26; 11.563
 21.01.2026 09:57:27; 11.625
 21.01.2026 10:00:27; 11.625
 21.01.2026 10:03:26; 11.750
 21.01.2026 10:06:27; 11.813
 21.01.2026 10:09:26; 11.813
 21.01.2026 10:12:26; 11.875
 21.01.2026 10:15:27; 11.875
 21.01.2026 10:18:26; 11.875
 21.01.2026 10:21:26; 11.875
 21.01.2026 10:24:27; 11.938
 21.01.2026 10:27:27; 11.938
 21.01.2026 10:30:26; 12.000
 21.01.2026 10:33:27; 12.000
 21.01.2026 10:36:27; 12.000
 21.01.2026 10:39:26; 12.000
 21.01.2026 10:42:27; 12.000
 21.01.2026 10:45:27; 12.000
 21.01.2026 10:48:26; 12.000
 21.01.2026 10:51:27; 12.000
 21.01.2026 10:54:26; 12.000
 21.01.2026 10:57:26; 12.000
 21.01.2026 11:00:27; 12.000
 21.01.2026 11:03:26; 12.000
 21.01.2026 11:06:26; 12.000
 21.01.2026 11:09:27; 12.000
 21.01.2026 11:12:27; 12.063
 21.01.2026 11:15:26; 12.063
 21.01.2026 11:18:27; 12.063
 21.01.2026 11:21:27; 12.063
 21.01.2026 11:24:26; 12.063
 21.01.2026 11:27:27; 12.125
 21.01.2026 11:30:27; 12.125
 21.01.2026 11:33:26; 12.188
 21.01.2026 11:36:27; 12.188
 21.01.2026 11:39:26; 12.188
 21.01.2026 11:42:26; 12.188
 21.01.2026 11:45:27; 12.250
 21.01.2026 11:48:26; 12.313
 21.01.2026 11:51:26; 12.313
 21.01.2026 11:54:27; 12.313
 21.01.2026 11:57:27; 12.313
 21.01.2026 12:00:26; 12.313
 21.01.2026 12:03:27; 12.313
 21.01.2026 12:06:27; 12.375
 21.01.2026 12:09:26; 12.375
 21.01.2026 12:12:27; 12.438
 21.01.2026 12:15:27; 12.375
 21.01.2026 12:18:26; 12.438
 21.01.2026 12:21:27; 12.500
 21.01.2026 12:24:26; 12.625
 21.01.2026 12:27:26; 12.750
 21.01.2026 12:30:27; 12.875
 21.01.2026 12:33:26; 12.875
 21.01.2026 12:36:26; 12.875
 21.01.2026 12:39:27; 12.875
 21.01.2026 12:42:27; 12.875
 21.01.2026 12:45:26; 13.000
 21.01.2026 12:48:27; 13.063
 21.01.2026 12:51:27; 13.188
 21.01.2026 12:54:26; 13.313
 21.01.2026 12:57:27; 13.438
 21.01.2026 13:00:27; 13.500
 21.01.2026 13:03:26; 13.563
 21.01.2026 13:06:27; 13.625
 21.01.2026 13:09:26; 13.688
 21.01.2026 13:12:26; 13.750
 21.01.2026 13:15:27; 13.688
 21.01.2026 13:18:26; 13.688
 21.01.2026 13:21:26; 13.688
 21.01.2026 13:24:27; 13.688
 21.01.2026 13:27:27; 13.750
 21.01.2026 13:30:26; 13.813
 21.01.2026 13:33:27; 13.750
 21.01.2026 13:36:27; 13.875
 21.01.2026 13:39:26; 13.938
 21.01.2026 13:42:27; 13.938
 21.01.2026 13:45:27; 14.063
 21.01.2026 13:48:26; 14.063
 21.01.2026 13:51:27; 14.063
 21.01.2026 13:54:26; 14.063
 21.01.2026 13:57:26; 14.125
 21.01.2026 14:00:27; 14.250
 21.01.2026 14:03:26; 14.250
 21.01.2026 14:06:26; 14.250
 21.01.2026 14:09:27; 14.375
 21.01.2026 14:12:27; 14.500
 21.01.2026 14:15:26; 14.438
 21.01.2026 14:18:27; 14.438
 21.01.2026 14:21:27; 14.313
 21.01.2026 14:24:26; 14.313
 21.01.2026 14:27:27; 14.500
 21.01.2026 14:30:27; 14.625
 21.01.2026 14:33:26; 14.875
 21.01.2026 14:36:27; 15.063
 21.01.2026 14:39:26; 15.250
 21.01.2026 14:42:26; 15.250
 21.01.2026 14:45:27; 15.313
 21.01.2026 14:48:26; 15.563
 21.01.2026 14:51:26; 15.688
 21.01.2026 14:54:27; 15.500
 21.01.2026 14:57:27; 15.500
 21.01.2026 15:00:26; 15.563
 21.01.2026 15:03:27; 15.500
 21.01.2026 15:06:27; 15.625
 21.01.2026 15:09:26; 15.938
 21.01.2026 15:12:27; 16.250
 21.01.2026 15:15:27; 16.250
 21.01.2026 15:18:26; 16.375
 21.01.2026 15:21:27; 16.375
 21.01.2026 15:24:26; 16.125
 21.01.2026 15:27:26; 15.875
 21.01.2026 15:30:27; 15.688
 21.01.2026 15:33:26; 15.625
 21.01.2026 15:36:26; 15.563
 21.01.2026 15:39:27; 15.438
 21.01.2026 15:42:27; 15.438
 21.01.2026 15:45:26; 15.375
 21.01.2026 15:48:27; 15.250
 21.01.2026 15:51:27; 15.250
 21.01.2026 15:54:26; 15.250
 21.01.2026 15:57:27; 15.250
 21.01.2026 16:00:27; 15.250
 21.01.2026 16:03:26; 15.188
 21.01.2026 16:06:27; 15.125
 21.01.2026 16:09:26; 15.188
 21.01.2026 16:12:26; 15.188
 21.01.2026 16:15:27; 15.313
 21.01.2026 16:18:26; 15.313
 21.01.2026 16:21:26; 15.313
 21.01.2026 16:24:27; 15.313
 21.01.2026 16:27:27; 15.313
 21.01.2026 16:30:26; 15.313
 21.01.2026 16:33:27; 15.250
 21.01.2026 16:36:27; 15.313
 21.01.2026 16:39:26; 15.313
 21.01.2026 16:42:27; 15.313
 21.01.2026 16:45:27; 15.250
 21.01.2026 16:48:26; 15.188
 21.01.2026 16:51:27; 15.125
 21.01.2026 16:54:26; 15.250
 21.01.2026 16:57:26; 15.375
 21.01.2026 17:00:27; 15.375
 21.01.2026 17:03:26; 15.375
 21.01.2026 17:06:26; 15.375
 21.01.2026 17:09:27; 15.375
 21.01.2026 17:12:27; 15.375
 21.01.2026 17:15:26; 15.438
 21.01.2026 17:18:27; 15.438
 21.01.2026 17:21:27; 15.438
 21.01.2026 17:24:26; 15.375
 21.01.2026 17:27:27; 15.313
 21.01.2026 17:30:27; 15.188
 21.01.2026 17:33:26; 15.125
 21.01.2026 17:36:27; 15.000
 21.01.2026 17:39:26; 14.875
 21.01.2026 17:42:26; 14.750
 21.01.2026 17:45:27; 14.688
 21.01.2026 17:48:26; 14.688
 21.01.2026 17:51:26; 14.750
 21.01.2026 17:54:27; 14.938
 21.01.2026 17:57:27; 15.188
 21.01.2026 18:00:26; 15.875
 21.01.2026 18:03:27; 16.563
 21.01.2026 18:06:27; 16.875
 21.01.2026 18:09:26; 17.250
 21.01.2026 18:12:27; 17.500
 21.01.2026 18:15:27; 17.375
 21.01.2026 18:18:26; 17.063
 21.01.2026 18:21:27; 17.063
 21.01.2026 18:24:26; 16.938
 21.01.2026 18:27:26; 17.063
 21.01.2026 18:30:27; 17.313
 21.01.2026 18:33:26; 17.438
 21.01.2026 18:36:26; 17.500
 21.01.2026 18:39:27; 17.750
 21.01.2026 18:42:27; 19.375
 21.01.2026 18:45:26; 20.188
 21.01.2026 18:48:27; 19.688
 21.01.2026 18:51:27; 19.250
 21.01.2026 18:54:26; 19.063
 21.01.2026 18:57:27; 20.250
 21.01.2026 19:00:27; 21.000
 21.01.2026 19:03:26; 20.500
 21.01.2026 19:06:27; 20.063
 21.01.2026 19:09:26; 20.313
 21.01.2026 19:12:26; 20.188
 21.01.2026 19:15:27; 19.813
 21.01.2026 19:18:26; 20.813
 21.01.2026 19:21:26; 20.813
 21.01.2026 19:24:27; 19.875
 21.01.2026 19:27:27; 19.813
 21.01.2026 19:30:26; 20.688
 21.01.2026 19:33:27; 20.938
 21.01.2026 19:36:27; 21.250
 21.01.2026 19:39:26; 20.438
 21.01.2026 19:42:27; 20.000
 21.01.2026 19:45:27; 19.750
 21.01.2026 19:48:26; 19.313
 21.01.2026 19:51:27; 18.875
 21.01.2026 19:54:26; 18.563
 21.01.2026 19:57:26; 18.250
 21.01.2026 20:00:27; 18.063
 21.01.2026 20:03:26; 17.875
 21.01.2026 20:06:26; 17.750
 21.01.2026 20:09:27; 17.625
 21.01.2026 20:12:27; 17.563
 21.01.2026 20:15:26; 17.563
 21.01.2026 20:18:27; 17.563
 21.01.2026 20:21:27; 17.438
 21.01.2026 20:24:26; 17.250
 21.01.2026 20:27:27; 17.063
 21.01.2026 20:30:27; 17.063
 21.01.2026 20:33:26; 17.000
 21.01.2026 20:36:27; 17.000
 21.01.2026 20:39:26; 17.125
 21.01.2026 20:42:26; 17.438
 21.01.2026 20:45:27; 17.938
 21.01.2026 20:48:26; 17.813
 21.01.2026 20:51:26; 17.625
 21.01.2026 20:54:27; 17.563
 21.01.2026 20:57:27; 17.438
 21.01.2026 21:00:26; 17.313
 21.01.2026 21:03:27; 17.063
 21.01.2026 21:06:27; 16.813
 21.01.2026 21:09:26; 16.625
 21.01.2026 21:12:27; 16.563
 21.01.2026 21:15:27; 16.500
 21.01.2026 21:18:26; 16.375
 21.01.2026 21:21:27; 16.250
 21.01.2026 21:24:26; 16.125
 21.01.2026 21:27:26; 16.000
 21.01.2026 21:30:27; 16.000
 21.01.2026 21:33:26; 16.000
 21.01.2026 21:36:26; 15.875
 21.01.2026 21:39:27; 15.938
 21.01.2026 21:42:27; 16.063
 21.01.2026 21:45:26; 16.125
 21.01.2026 21:48:27; 16.125
 21.01.2026 21:51:27; 15.938
 21.01.2026 21:54:26; 15.875
 21.01.2026 21:57:27; 15.750
 21.01.2026 22:00:27; 15.625
 21.01.2026 22:03:26; 15.625
 21.01.2026 22:06:27; 15.625
 21.01.2026 22:09:26; 15.625
 21.01.2026 22:12:26; 15.500
 21.01.2026 22:15:27; 15.438
 21.01.2026 22:18:26; 15.313
 21.01.2026 22:21:26; 15.250
 21.01.2026 22:24:27; 15.125
 21.01.2026 22:27:27; 15.063
 21.01.2026 22:30:26; 14.938
 21.01.2026 22:33:27; 14.813
 21.01.2026 22:36:27; 14.750
 21.01.2026 22:39:26; 14.625
 21.01.2026 22:42:27; 14.563
 21.01.2026 22:45:27; 14.438
 21.01.2026 22:48:26; 14.313
 21.01.2026 22:51:27; 14.250
 21.01.2026 22:54:26; 14.125
 21.01.2026 22:57:26; 14.000
 21.01.2026 23:00:27; 13.875
 21.01.2026 23:03:26; 13.813
 21.01.2026 23:06:26; 13.688
 21.01.2026 23:09:27; 13.563
 21.01.2026 23:12:27; 13.500
 21.01.2026 23:15:26; 13.375
 21.01.2026 23:18:27; 13.313
 21.01.2026 23:21:27; 13.188
 21.01.2026 23:24:26; 13.125
 21.01.2026 23:27:27; 13.063
 21.01.2026 23:30:27; 13.000
 21.01.2026 23:33:26; 12.938
 21.01.2026 23:36:27; 12.875
 21.01.2026 23:39:26; 12.875
 21.01.2026 23:42:26; 12.813
 21.01.2026 23:45:27; 12.750
 21.01.2026 23:48:26; 12.688
 21.01.2026 23:51:26; 12.625
 21.01.2026 23:54:27; 12.625
 21.01.2026 23:57:27; 12.563
 22.01.2026 00:00:26; 12.500
 22.01.2026 00:03:27; 12.500
 22.01.2026 00:06:27; 12.438
 22.01.2026 00:09:26; 12.438
 22.01.2026 00:12:27; 12.375
 22.01.2026 00:15:27; 12.313
 22.01.2026 00:18:26; 12.250
 22.01.2026 00:21:27; 12.188
 22.01.2026 00:24:26; 12.188
 22.01.2026 00:27:26; 12.125
 22.01.2026 00:30:27; 12.063
 22.01.2026 00:33:26; 12.063
 22.01.2026 00:36:26; 12.000
 22.01.2026 00:39:27; 12.000
 22.01.2026 00:42:27; 11.938
 22.01.2026 00:45:26; 11.938
 22.01.2026 00:48:27; 11.938
 22.01.2026 00:51:27; 11.875
 22.01.2026 00:54:26; 11.875
 22.01.2026 00:57:27; 11.875
 22.01.2026 01:00:27; 11.875
 22.01.2026 01:03:26; 11.875
 22.01.2026 01:06:27; 11.813
 22.01.2026 01:09:26; 11.813
 22.01.2026 01:12:26; 11.813
 22.01.2026 01:15:27; 11.875
 22.01.2026 01:18:26; 11.875
 22.01.2026 01:21:26; 11.875
 22.01.2026 01:24:27; 11.875
 22.01.2026 01:27:27; 11.875
 22.01.2026 01:30:26; 11.875
 22.01.2026 01:33:27; 11.875
 22.01.2026 01:36:27; 11.875
 22.01.2026 01:39:26; 11.813
 22.01.2026 01:42:27; 11.813
 22.01.2026 01:45:27; 11.813
 22.01.2026 01:48:26; 11.750
 22.01.2026 01:51:27; 11.750
 22.01.2026 01:54:26; 11.688
 22.01.2026 01:57:26; 11.688
 22.01.2026 02:00:27; 11.688
 22.01.2026 02:03:26; 11.625
 22.01.2026 02:06:26; 11.625
 22.01.2026 02:09:27; 11.563
 22.01.2026 02:12:27; 11.500
 22.01.2026 02:15:26; 11.500
 22.01.2026 02:18:27; 11.438
 22.01.2026 02:21:27; 11.375
 22.01.2026 02:24:26; 11.313
 22.01.2026 02:27:27; 11.250
 22.01.2026 02:30:27; 11.188
 22.01.2026 02:33:26; 11.188
 22.01.2026 02:36:27; 11.188
 22.01.2026 02:39:26; 11.188
 22.01.2026 02:42:26; 11.125
 22.01.2026 02:45:27; 11.125
 22.01.2026 02:48:26; 11.063
 22.01.2026 02:51:26; 11.063
 22.01.2026 02:54:27; 11.063
 22.01.2026 02:57:27; 11.000
 22.01.2026 03:00:26; 10.875
 22.01.2026 03:03:27; 10.875
 22.01.2026 03:06:27; 10.813
 22.01.2026 03:09:26; 10.813
 22.01.2026 03:12:27; 10.750
 22.01.2026 03:15:27; 10.750
 22.01.2026 03:18:26; 10.688
 22.01.2026 03:21:27; 10.688
 22.01.2026 03:24:26; 10.625
 22.01.2026 03:27:26; 10.625
 22.01.2026 03:30:27; 10.625
 22.01.2026 03:33:26; 10.563
 22.01.2026 03:36:26; 10.563
 22.01.2026 03:39:27; 10.500
 22.01.2026 03:42:27; 10.500
 22.01.2026 03:45:26; 10.500
 22.01.2026 03:48:27; 10.438
 22.01.2026 03:51:27; 10.438
 22.01.2026 03:54:26; 10.375
 22.01.2026 03:57:27; 10.313
 22.01.2026 04:00:27; 10.313
 22.01.2026 04:03:26; 10.313
 22.01.2026 04:06:27; 10.250
 22.01.2026 04:09:26; 10.250
 22.01.2026 04:12:26; 10.250
 22.01.2026 04:15:27; 10.188
 22.01.2026 04:18:26; 10.188
 22.01.2026 04:21:26; 10.188
 22.01.2026 04:24:27; 10.188
 22.01.2026 04:27:27; 10.188
 22.01.2026 04:30:26; 10.188
 22.01.2026 04:33:27; 10.125
 22.01.2026 04:36:27; 10.125
 22.01.2026 04:39:26; 10.063
 22.01.2026 04:42:27; 10.063
 22.01.2026 04:45:27; 10.063
 22.01.2026 04:48:26; 10.063
 22.01.2026 04:51:27; 10.063
 22.01.2026 04:54:26; 10.000
 22.01.2026 04:57:26; 10.000
 22.01.2026 05:00:27; 10.000
 22.01.2026 05:03:26; 10.000
 22.01.2026 05:06:26;  9.938
 22.01.2026 05:09:27;  9.875
 22.01.2026 05:12:27;  9.875
 22.01.2026 05:15:26;  9.813
 22.01.2026 05:18:27;  9.750
 22.01.2026 05:21:27;  9.750
 22.01.2026 05:24:26;  9.750
 22.01.2026 05:27:27;  9.688
 22.01.2026 05:30:27;  9.625
 22.01.2026 05:33:26;  9.625
 22.01.2026 05:36:27;  9.563
 22.01.2026 05:39:26;  9.563
 22.01.2026 05:42:26;  9.500
 22.01.2026 05:45:27;  9.438
 22.01.2026 05:48:26;  9.375
 22.01.2026 05:51:26;  9.375
 22.01.2026 05:54:27;  9.375
 22.01.2026 05:57:27;  9.375
 22.01.2026 06:00:26;  9.313
 22.01.2026 06:03:27;  9.313
 22.01.2026 06:06:27;  9.313
 22.01.2026 06:09:26;  9.313
 22.01.2026 06:12:27;  9.313
 22.01.2026 06:15:27;  9.313
 22.01.2026 06:18:26;  9.313
 22.01.2026 06:21:27;  9.250
 22.01.2026 06:24:26;  9.250
 22.01.2026 06:27:26;  9.250
 22.01.2026 06:30:27;  9.250
 22.01.2026 06:33:26;  9.313
 22.01.2026 06:36:26;  9.313
 22.01.2026 06:39:27;  9.250
 22.01.2026 06:42:27;  9.250
 22.01.2026 06:45:26;  9.250
 22.01.2026 06:48:27;  9.250
 22.01.2026 06:51:27;  9.250
 22.01.2026 06:54:26;  9.313
 22.01.2026 06:57:27;  9.313
 22.01.2026 07:00:27;  9.313
 22.01.2026 07:03:26;  9.313
 22.01.2026 07:06:27;  9.313
 22.01.2026 07:09:26;  9.313
 22.01.2026 07:12:26;  9.313
 22.01.2026 07:15:27;  9.250
 22.01.2026 07:18:26;  9.250
 22.01.2026 07:21:26;  9.250
 22.01.2026 07:24:27;  9.313
 22.01.2026 07:27:27;  9.313
 22.01.2026 07:30:26;  9.375
 22.01.2026 07:33:27;  9.438
 22.01.2026 07:36:27;  9.500
 22.01.2026 07:39:26;  9.563
 22.01.2026 07:42:27;  9.563
 22.01.2026 07:45:27;  9.625
 22.01.2026 07:48:26;  9.625
 22.01.2026 07:51:27;  9.625
 22.01.2026 07:54:26;  9.625
 22.01.2026 07:57:26;  9.563
 22.01.2026 08:00:27;  9.563
 22.01.2026 08:03:26;  9.500
 22.01.2026 08:06:26;  9.500
 22.01.2026 08:09:27;  9.438
 22.01.2026 08:12:27;  9.375
 22.01.2026 08:15:26;  9.375
 22.01.2026 08:18:27;  9.313
 22.01.2026 08:21:27;  9.313
 22.01.2026 08:24:26;  9.313
 22.01.2026 08:27:27;  9.313
 22.01.2026 08:30:27;  9.313
 22.01.2026 08:33:26;  9.313
 22.01.2026 08:36:27;  9.313
 22.01.2026 08:39:26;  9.313
 22.01.2026 08:42:26;  9.375
 22.01.2026 08:45:27;  9.375
 22.01.2026 08:48:26;  9.313
 22.01.2026 08:51:26;  9.313
 22.01.2026 08:54:27;  9.250
 22.01.2026 08:57:27;  9.250
 22.01.2026 09:00:26;  9.188
 22.01.2026 09:03:27;  9.188
 22.01.2026 09:06:27;  9.125
 22.01.2026 09:09:26;  9.125
 22.01.2026 09:12:27;  9.063
 22.01.2026 09:15:27;  9.063
 22.01.2026 09:18:26;  9.063
 22.01.2026 09:21:27;  9.063
 22.01.2026 09:24:26;  9.000
 22.01.2026 09:27:26;  9.063
 22.01.2026 09:30:27;  9.063
 22.01.2026 09:33:26;  9.063
 22.01.2026 09:36:26;  9.125
 22.01.2026 09:39:27;  9.188
 22.01.2026 09:42:27;  9.188
 22.01.2026 09:45:26;  9.250
 22.01.2026 09:48:27;  9.250
 22.01.2026 09:51:27;  9.313
 22.01.2026 09:54:26;  9.375
 22.01.2026 09:57:27;  9.375
 22.01.2026 10:00:27;  9.438
 22.01.2026 10:03:26;  9.438
 22.01.2026 10:06:27;  9.500
 22.01.2026 10:09:26;  9.500
 22.01.2026 10:12:26;  9.500
 22.01.2026 10:15:27;  9.500
 22.01.2026 10:18:26;  9.500
 22.01.2026 10:21:26;  9.500
 22.01.2026 10:24:27;  9.500
 22.01.2026 10:27:27;  9.500
 22.01.2026 10:30:26;  9.500
 22.01.2026 10:33:27;  9.438
 22.01.2026 10:36:27;  9.375
 22.01.2026 10:39:26;  9.313
 22.01.2026 10:42:27;  9.250
 22.01.2026 10:45:27;  9.188
 22.01.2026 10:48:26;  9.188
 22.01.2026 10:51:27;  9.188
 22.01.2026 10:54:26;  9.188
 22.01.2026 10:57:26;  9.250
 22.01.2026 11:00:27;  9.250
 22.01.2026 11:03:26;  9.250
 22.01.2026 11:06:26;  9.313
 22.01.2026 11:09:27;  9.313
 22.01.2026 11:12:27;  9.375
 22.01.2026 11:15:26;  9.438
 22.01.2026 11:18:27;  9.438
 22.01.2026 11:21:27;  9.500
 22.01.2026 11:24:26;  9.563
 22.01.2026 11:27:27;  9.625
 22.01.2026 11:30:27;  9.688
 22.01.2026 11:33:26;  9.750
 22.01.2026 11:36:27;  9.875
 22.01.2026 11:39:26;  9.938
 22.01.2026 11:42:26;  9.938
 22.01.2026 11:45:27; 10.000
 22.01.2026 11:48:26; 10.000
 22.01.2026 11:51:26; 10.063
 22.01.2026 11:54:27; 10.125
 22.01.2026 11:57:27; 10.188
 22.01.2026 12:00:26; 10.188
 22.01.2026 12:03:27; 10.125
 22.01.2026 12:06:27; 10.125
 22.01.2026 12:09:26; 10.125
 22.01.2026 12:12:27; 10.125
 22.01.2026 12:15:27; 10.125
 22.01.2026 12:18:26; 10.188
 22.01.2026 12:21:27; 10.375
 22.01.2026 12:24:26; 10.500
 22.01.2026 12:27:26; 10.500
 22.01.2026 12:30:27; 10.625
 22.01.2026 12:33:26; 10.813
 22.01.2026 12:36:26; 10.938
 22.01.2026 12:39:27; 10.938
 22.01.2026 12:42:27; 10.938
 22.01.2026 12:45:26; 11.000
 22.01.2026 12:48:27; 11.000
 22.01.2026 12:51:27; 11.063
 22.01.2026 12:54:26; 11.000
 22.01.2026 12:57:27; 11.000
 22.01.2026 13:00:27; 11.000
 22.01.2026 13:03:26; 11.000
 22.01.2026 13:06:27; 10.938
 22.01.2026 13:09:26; 11.063
 22.01.2026 13:12:26; 11.250
 22.01.2026 13:15:27; 11.500
 22.01.2026 13:18:26; 11.750
 22.01.2026 13:21:26; 11.813
 22.01.2026 13:24:27; 12.000
 22.01.2026 13:27:27; 12.125
 22.01.2026 13:30:26; 12.313
 22.01.2026 13:33:27; 12.375
 22.01.2026 13:36:27; 12.500
 22.01.2026 13:39:26; 12.688
 22.01.2026 13:42:27; 12.875
 22.01.2026 13:45:27; 12.813
 22.01.2026 13:48:26; 13.000
 22.01.2026 13:51:27; 13.250
 22.01.2026 13:54:26; 13.313
 22.01.2026 13:57:26; 13.250
 22.01.2026 14:00:27; 13.375
 22.01.2026 14:03:26; 13.813
 22.01.2026 14:06:26; 13.938
 22.01.2026 14:09:27; 14.063
 22.01.2026 14:12:27; 14.313
 22.01.2026 14:15:26; 14.563
 22.01.2026 14:18:27; 14.688
 22.01.2026 14:21:27; 14.875
 22.01.2026 14:24:26; 15.063
 22.01.2026 14:27:27; 15.188
 22.01.2026 14:30:27; 15.375
 22.01.2026 14:33:26; 15.313
 22.01.2026 14:36:27; 15.313
 22.01.2026 14:39:26; 15.313
 22.01.2026 14:42:26; 15.375
 22.01.2026 14:45:27; 15.500
 22.01.2026 14:48:26; 15.625
 22.01.2026 14:51:26; 15.875
 22.01.2026 14:54:27; 16.000
 22.01.2026 14:57:27; 16.000
 22.01.2026 15:00:26; 16.125
 22.01.2026 15:03:27; 16.125
 22.01.2026 15:06:27; 16.188
 22.01.2026 15:09:26; 16.375
 22.01.2026 15:12:27; 16.500
 22.01.2026 15:15:27; 16.750
 22.01.2026 15:18:26; 16.938
 22.01.2026 15:21:27; 16.938
 22.01.2026 15:24:26; 17.000
 22.01.2026 15:27:26; 17.125
 22.01.2026 15:30:27; 17.250
 22.01.2026 15:33:26; 17.375
 22.01.2026 15:36:26; 17.750
 22.01.2026 15:39:27; 18.188
 22.01.2026 15:42:27; 18.563
 22.01.2026 15:45:26; 18.938
 22.01.2026 15:48:27; 19.250
 22.01.2026 15:51:27; 19.625
 22.01.2026 15:54:26; 19.875
 22.01.2026 15:57:27; 20.250
 22.01.2026 16:00:27; 20.125
 22.01.2026 16:03:26; 20.125
 22.01.2026 16:06:27; 19.938
 22.01.2026 16:09:26; 20.125
 22.01.2026 16:12:26; 20.500
 22.01.2026 16:15:27; 20.438
 22.01.2026 16:18:26; 20.500
 22.01.2026 16:21:26; 20.750
 22.01.2026 16:24:27; 21.063
 22.01.2026 16:27:27; 21.375
 22.01.2026 16:30:26; 21.750
 22.01.2026 16:33:27; 21.688
 22.01.2026 16:36:27; 21.313
 22.01.2026 16:39:26; 21.188
 22.01.2026 16:42:27; 21.250
 22.01.2026 16:45:27; 21.375
 22.01.2026 16:48:26; 21.250
 22.01.2026 16:51:27; 21.188
 22.01.2026 16:54:26; 21.125
 22.01.2026 16:57:26; 21.125
 22.01.2026 17:00:27; 21.313
 22.01.2026 17:03:26; 21.625
 22.01.2026 17:06:26; 21.750
 22.01.2026 17:09:27; 22.125
 22.01.2026 17:12:27; 22.250
 22.01.2026 17:15:26; 22.563
 22.01.2026 17:18:27; 22.688
 22.01.2026 17:21:27; 22.500
 22.01.2026 17:24:26; 22.313
 22.01.2026 17:27:27; 22.188
 22.01.2026 17:30:27; 21.875
 22.01.2026 17:33:26; 21.875
 22.01.2026 17:36:27; 22.063
 22.01.2026 17:39:26; 22.188
 22.01.2026 17:42:26; 22.500
 22.01.2026 17:45:27; 22.625
 22.01.2026 17:48:26; 22.563
 22.01.2026 17:51:26; 22.125
 22.01.2026 17:54:27; 22.438
 22.01.2026 17:57:27; 22.688
 22.01.2026 18:00:26; 23.000
 22.01.2026 18:03:27; 23.188
 22.01.2026 18:06:27; 23.125
 22.01.2026 18:09:26; 22.813
 22.01.2026 18:12:27; 22.625
 22.01.2026 18:15:27; 22.688
 22.01.2026 18:18:26; 22.563
 22.01.2026 18:21:27; 22.500
 22.01.2026 18:24:26; 22.563
 22.01.2026 18:27:26; 22.563
 22.01.2026 18:30:27; 22.750
 22.01.2026 18:33:26; 23.000
 22.01.2026 18:36:26; 23.125
 22.01.2026 18:39:27; 23.000
 22.01.2026 18:42:27; 22.938
 22.01.2026 18:45:26; 23.250
 22.01.2026 18:48:27; 23.813
 22.01.2026 18:51:27; 23.875
 22.01.2026 18:54:26; 23.875
 22.01.2026 18:57:27; 23.750
 22.01.2026 19:00:27; 23.313
 22.01.2026 19:03:26; 23.000
 22.01.2026 19:06:27; 22.625
 22.01.2026 19:09:26; 22.625
 22.01.2026 19:12:26; 22.625
 22.01.2026 19:15:27; 22.375
 22.01.2026 19:18:26; 22.375
 22.01.2026 19:21:26; 22.250
 22.01.2026 19:24:27; 22.063
 22.01.2026 19:27:27; 22.125
 22.01.2026 19:30:26; 22.438
 22.01.2026 19:33:27; 22.938
 22.01.2026 19:36:27; 23.500
 22.01.2026 19:39:26; 23.500
 22.01.2026 19:42:27; 23.250
 22.01.2026 19:45:27; 23.000
 22.01.2026 19:48:26; 22.875
 22.01.2026 19:51:27; 22.563
 22.01.2026 19:54:26; 22.438
 22.01.2026 19:57:26; 22.125
 22.01.2026 20:00:27; 21.688
 22.01.2026 20:03:26; 21.188
 22.01.2026 20:06:26; 20.750
 22.01.2026 20:09:27; 20.438
 22.01.2026 20:12:27; 20.125
 22.01.2026 20:15:26; 19.813
 22.01.2026 20:18:27; 19.500
 22.01.2026 20:21:27; 19.375
 22.01.2026 20:24:26; 19.188
 22.01.2026 20:27:27; 19.000
 22.01.2026 20:30:27; 18.813
 22.01.2026 20:33:26; 18.750
 22.01.2026 20:36:27; 18.750
 22.01.2026 20:39:26; 18.813
 22.01.2026 20:42:26; 18.875
 22.01.2026 20:45:27; 18.938
 22.01.2026 20:48:26; 19.000
 22.01.2026 20:51:26; 19.000
 22.01.2026 20:54:27; 19.000
 22.01.2026 20:57:27; 18.938
 22.01.2026 21:00:26; 18.813
 22.01.2026 21:03:27; 18.750
 22.01.2026 21:06:27; 18.500
 22.01.2026 21:09:26; 18.313
 22.01.2026 21:12:27; 18.063
 22.01.2026 21:15:27; 17.875
 22.01.2026 21:18:26; 17.813
 22.01.2026 21:21:27; 17.688
 22.01.2026 21:24:26; 17.563
 22.01.2026 21:27:26; 17.375
 22.01.2026 21:30:27; 17.250
 22.01.2026 21:33:26; 17.125
 22.01.2026 21:36:26; 17.000
 22.01.2026 21:39:27; 16.938
 22.01.2026 21:42:27; 17.000
 22.01.2026 21:45:26; 17.000
 22.01.2026 21:48:27; 17.000
 22.01.2026 21:51:27; 16.938
 22.01.2026 21:54:26; 16.875
 22.01.2026 21:57:27; 16.813
 22.01.2026 22:00:27; 16.813
 22.01.2026 22:03:26; 16.750
 22.01.2026 22:06:27; 16.688
 22.01.2026 22:09:26; 16.688
 22.01.2026 22:12:26; 16.688
 22.01.2026 22:15:27; 16.688
 22.01.2026 22:18:26; 16.688
 22.01.2026 22:21:26; 16.625
 22.01.2026 22:24:27; 16.500
 22.01.2026 22:27:27; 16.438
 22.01.2026 22:30:26; 16.313
 22.01.2026 22:33:27; 16.188
 22.01.2026 22:36:27; 16.125
 22.01.2026 22:39:26; 16.000
 22.01.2026 22:42:27; 15.938
 22.01.2026 22:45:27; 15.813
 22.01.2026 22:48:26; 15.750
 22.01.2026 22:51:27; 15.688
 22.01.2026 22:54:26; 15.625
 22.01.2026 22:57:26; 15.500
 22.01.2026 23:00:27; 15.438
 22.01.2026 23:03:26; 15.313
 22.01.2026 23:06:26; 15.188
 22.01.2026 23:09:27; 15.188
 22.01.2026 23:12:27; 15.125
 22.01.2026 23:15:26; 15.063
 22.01.2026 23:18:27; 15.063
 22.01.2026 23:21:27; 15.125
 22.01.2026 23:24:26; 15.313
 22.01.2026 23:27:27; 15.563
 22.01.2026 23:30:27; 15.625
 22.01.2026 23:33:26; 15.750
 22.01.2026 23:36:27; 15.688
 22.01.2026 23:39:26; 15.750
 22.01.2026 23:42:26; 15.688
 22.01.2026 23:45:27; 15.688
 22.01.2026 23:48:26; 15.625
 22.01.2026 23:51:26; 15.625
 22.01.2026 23:54:27; 15.563
 22.01.2026 23:57:27; 15.500
 23.01.2026 00:00:26; 15.313
 23.01.2026 00:03:27; 15.188
 23.01.2026 00:06:27; 15.063
 23.01.2026 00:09:26; 14.875
 23.01.2026 00:12:27; 14.750
 23.01.2026 00:15:27; 14.688
 23.01.2026 00:18:26; 14.563
 23.01.2026 00:21:27; 14.500
 23.01.2026 00:24:26; 14.375
 23.01.2026 00:27:26; 14.313
 23.01.2026 00:30:27; 14.250
 23.01.2026 00:33:26; 14.188
 23.01.2026 00:36:26; 14.125
 23.01.2026 00:39:27; 14.063
 23.01.2026 00:42:27; 14.000
 23.01.2026 00:45:26; 13.938
 23.01.2026 00:48:27; 13.938
 23.01.2026 00:51:27; 13.875
 23.01.2026 00:54:26; 13.813
 23.01.2026 00:57:27; 13.813
 23.01.2026 01:00:27; 13.813
 23.01.2026 01:03:26; 13.875
 23.01.2026 01:06:27; 13.875
 23.01.2026 01:09:26; 13.813
 23.01.2026 01:12:26; 13.750
 23.01.2026 01:15:27; 13.750
 23.01.2026 01:18:26; 13.688
 23.01.2026 01:21:26; 13.625
 23.01.2026 01:24:27; 13.625
 23.01.2026 01:27:27; 13.688
 23.01.2026 01:30:26; 13.688
 23.01.2026 01:33:27; 13.688
 23.01.2026 01:36:27; 13.688
 23.01.2026 01:39:26; 13.688
 23.01.2026 01:42:27; 13.625
 23.01.2026 01:45:27; 13.563
 23.01.2026 01:48:26; 13.500
 23.01.2026 01:51:27; 13.500
 23.01.2026 01:54:26; 13.563
 23.01.2026 01:57:26; 13.563
 23.01.2026 02:00:27; 13.625
 23.01.2026 02:03:26; 13.625
 23.01.2026 02:06:26; 13.625
 23.01.2026 02:09:27; 13.563
 23.01.2026 02:12:27; 13.438
 23.01.2026 02:15:26; 13.438
 23.01.2026 02:18:27; 13.375
 23.01.2026 02:21:27; 13.375
 23.01.2026 02:24:26; 13.375
 23.01.2026 02:27:27; 13.375
 23.01.2026 02:30:27; 13.313
 23.01.2026 02:33:26; 13.313
 23.01.2026 02:36:27; 13.375
 23.01.2026 02:39:26; 13.438
 23.01.2026 02:42:26; 13.438
 23.01.2026 02:45:27; 13.500
 23.01.2026 02:48:26; 13.500
 23.01.2026 02:51:26; 13.563
 23.01.2026 02:54:27; 13.688
 23.01.2026 02:57:27; 13.750
 23.01.2026 03:00:26; 13.813
 23.01.2026 03:03:27; 13.750
 23.01.2026 03:06:27; 13.875
 23.01.2026 03:09:26; 13.813
 23.01.2026 03:12:27; 13.750
 23.01.2026 03:15:27; 13.750
 23.01.2026 03:18:26; 13.813
 23.01.2026 03:21:27; 13.813
 23.01.2026 03:24:26; 13.813
 23.01.2026 03:27:26; 13.813
 23.01.2026 03:30:27; 13.813
 23.01.2026 03:33:26; 13.813
 23.01.2026 03:36:26; 13.813
 23.01.2026 03:39:27; 13.875
 23.01.2026 03:42:27; 13.875
 23.01.2026 03:45:26; 13.875
 23.01.2026 03:48:27; 13.875
 23.01.2026 03:51:27; 13.813
 23.01.2026 03:54:26; 13.750
 23.01.2026 03:57:27; 13.688
 23.01.2026 04:00:27; 13.625
 23.01.2026 04:03:26; 13.688
 23.01.2026 04:06:27; 13.688
 23.01.2026 04:09:26; 13.688
 23.01.2026 04:12:26; 13.625
 23.01.2026 04:15:27; 13.563
 23.01.2026 04:18:26; 13.563
 23.01.2026 04:21:26; 13.500
 23.01.2026 04:24:27; 13.438
 23.01.2026 04:27:27; 13.375
 23.01.2026 04:30:26; 13.313
 23.01.2026 04:33:27; 13.250
 23.01.2026 04:36:27; 13.188
 23.01.2026 04:39:26; 13.125
 23.01.2026 04:42:27; 13.125
 23.01.2026 04:45:27; 13.063
 23.01.2026 04:48:26; 13.063
 23.01.2026 04:51:27; 13.063
 23.01.2026 04:54:26; 13.063
 23.01.2026 04:57:26; 13.063
 23.01.2026 05:00:27; 13.063
 23.01.2026 05:03:26; 13.000
 23.01.2026 05:06:26; 13.000
 23.01.2026 05:09:27; 13.000
 23.01.2026 05:12:27; 13.000
 23.01.2026 05:15:26; 13.063
 23.01.2026 05:18:27; 13.000
 23.01.2026 05:21:27; 13.000
 23.01.2026 05:24:26; 13.063
 23.01.2026 05:27:27; 13.063
 23.01.2026 05:30:27; 13.063
 23.01.2026 05:33:26; 13.063
 23.01.2026 05:36:27; 13.063
 23.01.2026 05:39:26; 13.063
 23.01.2026 05:42:26; 13.125
 23.01.2026 05:45:27; 13.125
 23.01.2026 05:48:26; 13.125
 23.01.2026 05:51:26; 13.125
 23.01.2026 05:54:27; 13.188
 23.01.2026 05:57:27; 13.188
 23.01.2026 06:00:26; 13.188
 23.01.2026 06:03:27; 13.188
 23.01.2026 06:06:27; 13.188
 23.01.2026 06:09:26; 13.188
 23.01.2026 06:12:27; 13.188
 23.01.2026 06:15:27; 13.188
 23.01.2026 06:18:26; 13.188
 23.01.2026 06:21:27; 13.188
 23.01.2026 06:24:26; 13.188
 23.01.2026 06:27:26; 13.188
 23.01.2026 06:30:27; 13.188
 23.01.2026 06:33:26; 13.188
 23.01.2026 06:36:26; 13.188
 23.01.2026 06:39:27; 13.188
 23.01.2026 06:42:27; 13.188
 23.01.2026 06:45:26; 13.188
 23.01.2026 06:48:27; 13.188
 23.01.2026 06:51:27; 13.250
 23.01.2026 06:54:26; 13.250
 23.01.2026 06:57:27; 13.250
 23.01.2026 07:00:27; 13.250
 23.01.2026 07:03:26; 13.250
 23.01.2026 07:06:27; 13.250
 23.01.2026 07:09:26; 13.250
 23.01.2026 07:12:26; 13.250
 23.01.2026 07:15:27; 13.250
 23.01.2026 07:18:26; 13.250
 23.01.2026 07:21:26; 13.250
 23.01.2026 07:24:27; 13.188
 23.01.2026 07:27:27; 13.188
 23.01.2026 07:30:26; 13.188
 23.01.2026 07:33:27; 13.188
 23.01.2026 07:36:27; 13.188
 23.01.2026 07:39:26; 13.188
 23.01.2026 07:42:27; 13.188
 23.01.2026 07:45:27; 13.188
 23.01.2026 07:48:26; 13.125
 23.01.2026 07:51:27; 13.125
 23.01.2026 07:54:26; 13.125
 23.01.2026 07:57:26; 13.125
 23.01.2026 08:00:27; 13.125
 23.01.2026 08:03:26; 13.125
 23.01.2026 08:06:26; 13.125
 23.01.2026 08:09:27; 13.188
 23.01.2026 08:12:27; 13.188
 23.01.2026 08:15:26; 13.188
 23.01.2026 08:18:27; 13.188
 23.01.2026 08:21:27; 13.188
 23.01.2026 08:24:26; 13.188
 23.01.2026 08:27:27; 13.188
 23.01.2026 08:30:27; 13.188
 23.01.2026 08:33:26; 13.188
 23.01.2026 08:36:27; 13.188
 23.01.2026 08:39:26; 13.188
 23.01.2026 08:42:26; 13.188
 23.01.2026 08:45:27; 13.188
 23.01.2026 08:48:26; 13.188
 23.01.2026 08:51:26; 13.188
 23.01.2026 08:54:27; 13.188
 23.01.2026 08:57:27; 13.250
 23.01.2026 09:00:26; 13.250
 23.01.2026 09:03:27; 13.250
 23.01.2026 09:06:27; 13.250
 23.01.2026 09:09:26; 13.250
 23.01.2026 09:12:27; 13.250
 23.01.2026 09:15:27; 13.250
 23.01.2026 09:18:26; 13.250
 23.01.2026 09:21:27; 13.313
 23.01.2026 09:24:26; 13.313
 23.01.2026 09:27:26; 13.313
 23.01.2026 09:30:27; 13.313
 23.01.2026 09:33:26; 13.313
 23.01.2026 09:36:26; 13.313
 23.01.2026 09:39:27; 13.313
 23.01.2026 09:42:27; 13.313
 23.01.2026 09:45:26; 13.313
 23.01.2026 09:48:27; 13.313
 23.01.2026 09:51:27; 13.313
 23.01.2026 09:54:26; 13.313
 23.01.2026 09:57:27; 13.313
 23.01.2026 10:00:27; 13.250
 23.01.2026 10:03:26; 13.250
 23.01.2026 10:06:27; 13.250
 23.01.2026 10:09:26; 13.188
 23.01.2026 10:12:26; 13.188
 23.01.2026 10:15:27; 13.188
 23.01.2026 10:18:26; 13.125
 23.01.2026 10:21:26; 13.125
 23.01.2026 10:24:27; 13.125
 23.01.2026 10:27:27; 13.125
 23.01.2026 10:30:26; 13.063
 23.01.2026 10:33:27; 13.063
 23.01.2026 10:36:27; 13.063
 23.01.2026 10:39:26; 13.000
 23.01.2026 10:42:27; 13.000
 23.01.2026 10:45:27; 13.000
 23.01.2026 10:48:26; 13.000
 23.01.2026 10:51:27; 13.000
 23.01.2026 10:54:26; 13.000
 23.01.2026 10:57:26; 13.000
 23.01.2026 11:00:27; 13.000
 23.01.2026 11:03:26; 12.938
 23.01.2026 11:06:26; 12.938
 23.01.2026 11:09:27; 12.938
 23.01.2026 11:12:27; 12.938
 23.01.2026 11:15:26; 13.000
 23.01.2026 11:18:27; 13.000
 23.01.2026 11:21:27; 13.000
 23.01.2026 11:24:26; 13.063
 23.01.2026 11:27:27; 13.063
 23.01.2026 11:30:27; 13.063
 23.01.2026 11:33:26; 13.063
 23.01.2026 11:36:27; 13.125
 23.01.2026 11:39:26; 13.250
 23.01.2026 11:42:26; 13.250
 23.01.2026 11:45:27; 13.250
 23.01.2026 11:48:26; 13.313
 23.01.2026 11:51:26; 13.313
 23.01.2026 11:54:27; 13.375
 23.01.2026 11:57:27; 13.375
 23.01.2026 12:00:26; 13.375
 23.01.2026 12:03:27; 13.438
 23.01.2026 12:06:27; 13.438
 23.01.2026 12:09:26; 13.500
 23.01.2026 12:12:27; 13.688
 23.01.2026 12:15:27; 13.813
 23.01.2026 12:18:26; 13.875
 23.01.2026 12:21:27; 13.938
 23.01.2026 12:24:26; 14.000
 23.01.2026 12:27:26; 14.063
 23.01.2026 12:30:27; 14.063
 23.01.2026 12:33:26; 14.188
 23.01.2026 12:36:26; 14.250
 23.01.2026 12:39:27; 14.375
 23.01.2026 12:42:27; 14.438
 23.01.2026 12:45:26; 14.500
 23.01.2026 12:48:27; 14.563
 23.01.2026 12:51:27; 14.688
 23.01.2026 12:54:26; 14.750
 23.01.2026 12:57:27; 14.688
 23.01.2026 13:00:27; 14.688
 23.01.2026 13:03:26; 14.750
 23.01.2026 13:06:27; 14.750
 23.01.2026 13:09:26; 14.813
 23.01.2026 13:12:26; 14.875
 23.01.2026 13:15:27; 15.000
 23.01.2026 13:18:26; 15.125
 23.01.2026 13:21:26; 15.250
 23.01.2026 13:24:27; 15.313
 23.01.2026 13:27:27; 15.375
 23.01.2026 13:30:26; 15.438
 23.01.2026 13:33:27; 15.438
 23.01.2026 13:36:27; 15.563
 23.01.2026 13:39:26; 15.563
 23.01.2026 13:42:27; 15.688
 23.01.2026 13:45:27; 15.813
 23.01.2026 13:48:26; 15.875
 23.01.2026 13:51:27; 15.750
 23.01.2026 13:54:26; 15.688
 23.01.2026 13:57:26; 15.688
 23.01.2026 14:00:27; 15.625
 23.01.2026 14:03:26; 15.625
 23.01.2026 14:06:26; 15.625
 23.01.2026 14:09:27; 15.563
 23.01.2026 14:12:27; 15.625
 23.01.2026 14:15:26; 15.625
 23.01.2026 14:18:27; 15.688
 23.01.2026 14:21:27; 15.750
 23.01.2026 14:24:26; 15.813
 23.01.2026 14:27:27; 15.875
 23.01.2026 14:30:27; 15.938
 23.01.2026 14:33:26; 16.125
 23.01.2026 14:36:27; 16.250
 23.01.2026 14:39:26; 16.250
 23.01.2026 14:42:26; 16.313
 23.01.2026 14:45:27; 16.375
 23.01.2026 14:48:26; 16.500
 23.01.2026 14:51:26; 16.625
 23.01.2026 14:54:27; 16.875
 23.01.2026 14:57:27; 17.063
 23.01.2026 15:00:26; 17.250
 23.01.2026 15:03:27; 17.250
 23.01.2026 15:06:27; 17.438
 23.01.2026 15:09:26; 17.625
 23.01.2026 15:12:27; 17.438
 23.01.2026 15:15:27; 17.188
 23.01.2026 15:18:26; 17.250
 23.01.2026 15:21:27; 17.563
 23.01.2026 15:24:26; 17.688
 23.01.2026 15:27:26; 17.875
 23.01.2026 15:30:27; 18.063
 23.01.2026 15:33:26; 18.063
 23.01.2026 15:36:26; 18.000
 23.01.2026 15:39:27; 18.063
 23.01.2026 15:42:27; 18.188
 23.01.2026 15:45:26; 18.063
 23.01.2026 15:48:27; 18.125
 23.01.2026 15:51:27; 18.688
 23.01.2026 15:54:26; 18.813
 23.01.2026 15:57:27; 18.688
 23.01.2026 16:00:27; 18.375
 23.01.2026 16:03:26; 19.188
 23.01.2026 16:06:27; 19.500
 23.01.2026 16:09:26; 19.875
 23.01.2026 16:12:26; 19.938
 23.01.2026 16:15:27; 20.813
 23.01.2026 16:18:26; 21.875
 23.01.2026 16:21:26; 22.313
 23.01.2026 16:24:27; 22.875
 23.01.2026 16:27:27; 23.063
 23.01.2026 16:30:26; 22.500
 23.01.2026 16:33:27; 21.750
 23.01.2026 16:36:27; 21.438
 23.01.2026 16:39:26; 21.063
 23.01.2026 16:42:27; 20.625
 23.01.2026 16:45:27; 20.438
 23.01.2026 16:48:26; 20.750
 23.01.2026 16:51:27; 21.125
 23.01.2026 16:54:26; 20.688
 23.01.2026 16:57:26; 21.188
 23.01.2026 17:00:27; 22.313
 23.01.2026 17:03:26; 22.500
 23.01.2026 17:06:26; 22.188
 23.01.2026 17:09:27; 22.063
 23.01.2026 17:12:27; 21.750
 23.01.2026 17:15:26; 21.563
 23.01.2026 17:18:27; 21.250
 23.01.2026 17:21:27; 21.500
 23.01.2026 17:24:26; 21.250
 23.01.2026 17:27:27; 20.938
 23.01.2026 17:30:27; 20.750
 23.01.2026 17:33:26; 20.813
 23.01.2026 17:36:27; 20.938
 23.01.2026 17:39:26; 22.125
 23.01.2026 17:42:26; 21.750
 23.01.2026 17:45:27; 21.500
 23.01.2026 17:48:26; 21.813
 23.01.2026 17:51:26; 23.188
 23.01.2026 17:54:27; 24.000
 23.01.2026 17:57:27; 23.125
 23.01.2026 18:00:26; 22.563
 23.01.2026 18:03:27; 22.750
 23.01.2026 18:06:27; 22.125
 23.01.2026 18:09:26; 25.188
 23.01.2026 18:12:27; 27.375
 23.01.2026 18:15:27; 29.000
 23.01.2026 18:18:26; 30.500
 23.01.2026 18:21:27; 31.438
 23.01.2026 18:24:26; 29.688
 23.01.2026 18:27:26; 29.063
 23.01.2026 18:30:27; 28.813
 23.01.2026 18:33:26; 30.563
 23.01.2026 18:36:26; 30.250
 23.01.2026 18:39:27; 32.125
 23.01.2026 18:42:27; 33.563
 23.01.2026 18:45:26; 34.938
 23.01.2026 18:48:27; 36.000
 23.01.2026 18:51:27; 36.813
 23.01.2026 18:54:26; 37.313
 23.01.2026 18:57:27; 37.938
 23.01.2026 19:00:27; 38.375
 23.01.2026 19:03:26; 38.438
 23.01.2026 19:06:27; 37.625
 23.01.2026 19:09:26; 36.563
 23.01.2026 19:12:26; 36.750
 23.01.2026 19:15:27; 36.688
 23.01.2026 19:18:26; 34.750
 23.01.2026 19:21:26; 31.938
 23.01.2026 19:24:27; 30.438
 23.01.2026 19:27:27; 29.188
 23.01.2026 19:30:26; 28.063
 23.01.2026 19:33:27; 27.563
 23.01.2026 19:36:27; 27.813
 23.01.2026 19:39:26; 27.188
 23.01.2026 19:42:27; 27.063
 23.01.2026 19:45:27; 26.500
 23.01.2026 19:48:26; 26.375
 23.01.2026 19:51:27; 25.875
 23.01.2026 19:54:26; 26.313
 23.01.2026 19:57:26; 26.563
 23.01.2026 20:00:27; 26.938
 23.01.2026 20:03:26; 26.625
 23.01.2026 20:06:26; 30.188
 23.01.2026 20:09:27; 28.438
 23.01.2026 20:12:27; 26.875
 23.01.2026 20:15:26; 25.813
 23.01.2026 20:18:27; 25.063
 23.01.2026 20:21:27; 24.250
 23.01.2026 20:24:26; 23.313
 23.01.2026 20:27:27; 22.750
 23.01.2026 20:30:27; 24.438
 23.01.2026 20:33:26; 24.063
 23.01.2026 20:36:27; 24.250
 23.01.2026 20:39:26; 24.750
 23.01.2026 20:42:26; 24.188
 23.01.2026 20:45:27; 23.563
 23.01.2026 20:48:26; 24.063
 23.01.2026 20:51:26; 23.563
 23.01.2026 20:54:27; 23.250
 23.01.2026 20:57:27; 22.938
 23.01.2026 21:00:26; 23.313
 23.01.2026 21:03:27; 23.063
 23.01.2026 21:06:27; 22.313
 23.01.2026 21:09:26; 21.875
 23.01.2026 21:12:27; 21.375
 23.01.2026 21:15:27; 21.000
 23.01.2026 21:18:26; 20.875
 23.01.2026 21:21:27; 20.813
 23.01.2026 21:24:26; 20.625
 23.01.2026 21:27:26; 20.313
 23.01.2026 21:30:27; 20.000
 23.01.2026 21:33:26; 19.750
 23.01.2026 21:36:26; 19.625
 23.01.2026 21:39:27; 19.438
 23.01.2026 21:42:27; 19.375
 23.01.2026 21:45:26; 19.188
 23.01.2026 21:48:27; 18.938
 23.01.2026 21:51:27; 18.875
 23.01.2026 21:54:26; 18.750
 23.01.2026 21:57:27; 18.625
 23.01.2026 22:00:27; 18.563
 23.01.2026 22:03:26; 18.563
 23.01.2026 22:06:27; 18.500
 23.01.2026 22:09:26; 18.375
 23.01.2026 22:12:26; 18.250
 23.01.2026 22:15:27; 18.125
 23.01.2026 22:18:26; 18.000
 23.01.2026 22:21:26; 17.938
 23.01.2026 22:24:27; 17.875
 23.01.2026 22:27:27; 17.813
 23.01.2026 22:30:26; 17.813
 23.01.2026 22:33:27; 17.750
 23.01.2026 22:36:27; 17.688
 23.01.2026 22:39:26; 17.625
 23.01.2026 22:42:27; 17.563
 23.01.2026 22:45:27; 17.438
 23.01.2026 22:48:26; 17.375
 23.01.2026 22:51:27; 17.250
 23.01.2026 22:54:26; 17.188
 23.01.2026 22:57:26; 17.063
 23.01.2026 23:00:27; 17.000
 23.01.2026 23:03:26; 16.875
 23.01.2026 23:06:26; 16.750
 23.01.2026 23:09:27; 16.625
 23.01.2026 23:12:27; 16.500
 23.01.2026 23:15:26; 16.375
 23.01.2026 23:18:27; 16.250
 23.01.2026 23:21:27; 16.188
 23.01.2026 23:24:26; 16.063
 23.01.2026 23:27:27; 16.063
 23.01.2026 23:30:27; 16.000
 23.01.2026 23:33:26; 16.000
 23.01.2026 23:36:27; 15.938
 23.01.2026 23:39:26; 15.938
 23.01.2026 23:42:26; 15.938
 23.01.2026 23:45:27; 15.875
 23.01.2026 23:48:26; 15.875
 23.01.2026 23:51:26; 15.875
 23.01.2026 23:54:27; 15.875
 23.01.2026 23:57:27; 15.813
 24.01.2026 00:00:26; 15.813
 24.01.2026 00:03:27; 15.813
 24.01.2026 00:06:27; 15.813
 24.01.2026 00:09:26; 15.813
 24.01.2026 00:12:27; 15.875
 24.01.2026 00:15:27; 15.938
 24.01.2026 00:18:26; 16.375
 24.01.2026 00:21:27; 16.625
 24.01.2026 00:24:26; 16.688
 24.01.2026 00:27:26; 16.625
 24.01.2026 00:30:27; 16.688
 24.01.2026 00:33:26; 16.938
 24.01.2026 00:36:26; 16.938
 24.01.2026 00:39:27; 17.125
 24.01.2026 00:42:27; 17.313
 24.01.2026 00:45:26; 17.375
 24.01.2026 00:48:27; 17.438
 24.01.2026 00:51:27; 17.438
 24.01.2026 00:54:26; 17.438
 24.01.2026 00:57:27; 17.625
 24.01.2026 01:00:27; 17.500
 24.01.2026 01:03:26; 17.438
 24.01.2026 01:06:27; 17.500
 24.01.2026 01:09:26; 17.563
 24.01.2026 01:12:26; 17.563
 24.01.2026 01:15:27; 17.625
 24.01.2026 01:18:26; 17.688
 24.01.2026 01:21:26; 17.688
 24.01.2026 01:24:27; 17.625
 24.01.2026 01:27:27; 17.563
 24.01.2026 01:30:26; 17.563
 24.01.2026 01:33:27; 17.500
 24.01.2026 01:36:27; 17.500
 24.01.2026 01:39:26; 17.438
 24.01.2026 01:42:27; 17.438
 24.01.2026 01:45:27; 17.625
 24.01.2026 01:48:26; 17.625
 24.01.2026 01:51:27; 17.688
 24.01.2026 01:54:26; 17.688
 24.01.2026 01:57:26; 17.750
 24.01.2026 02:00:27; 17.688
 24.01.2026 02:03:26; 17.688
 24.01.2026 02:06:26; 17.688
 24.01.2026 02:09:27; 17.688
 24.01.2026 02:12:27; 17.750
 24.01.2026 02:15:26; 17.750
 24.01.2026 02:18:27; 17.688
 24.01.2026 02:21:27; 17.688
 24.01.2026 02:24:26; 17.688
 24.01.2026 02:27:27; 17.750
 24.01.2026 02:30:27; 17.750
 24.01.2026 02:33:26; 17.750
 24.01.2026 02:36:27; 17.688
 24.01.2026 02:39:26; 17.688
 24.01.2026 02:42:26; 17.688
 24.01.2026 02:45:27; 17.688
 24.01.2026 02:48:26; 17.750
 24.01.2026 02:51:26; 17.750
 24.01.2026 02:54:27; 17.750
 24.01.2026 02:57:27; 17.750
 24.01.2026 03:00:26; 17.750
 24.01.2026 03:03:27; 17.688
 24.01.2026 03:06:27; 17.688
 24.01.2026 03:09:26; 17.688
 24.01.2026 03:12:27; 17.688
 24.01.2026 03:15:27; 17.750
 24.01.2026 03:18:26; 17.688
 24.01.2026 03:21:27; 17.688
 24.01.2026 03:24:26; 17.625
 24.01.2026 03:27:26; 17.688
 24.01.2026 03:30:27; 17.688
 24.01.2026 03:33:26; 17.750
 24.01.2026 03:36:26; 17.750
 24.01.2026 03:39:27; 17.750
 24.01.2026 03:42:27; 17.688
 24.01.2026 03:45:26; 17.688
 24.01.2026 03:48:27; 17.625
 24.01.2026 03:51:27; 17.625
 24.01.2026 03:54:26; 17.563
 24.01.2026 03:57:27; 17.563
 24.01.2026 04:00:27; 17.563
 24.01.2026 04:03:26; 17.500
 24.01.2026 04:06:27; 17.438
 24.01.2026 04:09:26; 17.438
 24.01.2026 04:12:26; 17.375
 24.01.2026 04:15:27; 17.313
 24.01.2026 04:18:26; 17.250
 24.01.2026 04:21:26; 17.313
 24.01.2026 04:24:27; 17.250
 24.01.2026 04:27:27; 17.250
 24.01.2026 04:30:26; 17.313
 24.01.2026 04:33:27; 17.375
 24.01.2026 04:36:27; 17.375
 24.01.2026 04:39:26; 17.313
 24.01.2026 04:42:27; 17.313
 24.01.2026 04:45:27; 17.250
 24.01.2026 04:48:26; 17.250
 24.01.2026 04:51:27; 17.250
 24.01.2026 04:54:26; 17.250
 24.01.2026 04:57:26; 17.188
 24.01.2026 05:00:27; 17.188
 24.01.2026 05:03:26; 17.188
 24.01.2026 05:06:26; 17.188
 24.01.2026 05:09:27; 17.188
 24.01.2026 05:12:27; 17.188
 24.01.2026 05:15:26; 17.188
 24.01.2026 05:18:27; 17.250
 24.01.2026 05:21:27; 17.250
 24.01.2026 05:24:26; 17.250
 24.01.2026 05:27:27; 17.250
 24.01.2026 05:30:27; 17.313
 24.01.2026 05:33:26; 17.313
 24.01.2026 05:36:27; 17.313
 24.01.2026 05:39:26; 17.250
 24.01.2026 05:42:26; 17.313
 24.01.2026 05:45:27; 17.313
 24.01.2026 05:48:26; 17.375
 24.01.2026 05:51:26; 17.375
 24.01.2026 05:54:27; 17.375
 24.01.2026 05:57:27; 17.375
 24.01.2026 06:00:26; 17.313
 24.01.2026 06:03:27; 17.313
 24.01.2026 06:06:27; 17.250
 24.01.2026 06:09:26; 17.250
 24.01.2026 06:12:27; 17.188
 24.01.2026 06:15:27; 17.188
 24.01.2026 06:18:26; 17.125
 24.01.2026 06:21:27; 17.188
 24.01.2026 06:24:26; 17.250
 24.01.2026 06:27:26; 17.188
 24.01.2026 06:30:27; 17.125
 24.01.2026 06:33:26; 17.125
 24.01.2026 06:36:26; 17.250
 24.01.2026 06:39:27; 17.250
 24.01.2026 06:42:27; 17.313
 24.01.2026 06:45:26; 17.375
 24.01.2026 06:48:27; 17.375
 24.01.2026 06:51:27; 17.313
 24.01.2026 06:54:26; 17.313
 24.01.2026 06:57:27; 17.250
 24.01.2026 07:00:27; 17.250
 24.01.2026 07:03:26; 17.250
 24.01.2026 07:06:27; 17.250
 24.01.2026 07:09:26; 17.250
 24.01.2026 07:12:26; 17.250
 24.01.2026 07:15:27; 17.313
 24.01.2026 07:18:26; 17.313
 24.01.2026 07:21:26; 17.313
 24.01.2026 07:24:27; 17.313
 24.01.2026 07:27:27; 17.375
 24.01.2026 07:30:26; 17.438
 24.01.2026 07:33:27; 17.438
 24.01.2026 07:36:27; 17.375
 24.01.2026 07:39:26; 17.375
 24.01.2026 07:42:27; 17.375
 24.01.2026 07:45:27; 17.375
 24.01.2026 07:48:26; 17.375
 24.01.2026 07:51:27; 17.250
 24.01.2026 07:54:26; 17.250
 24.01.2026 07:57:26; 17.250
 24.01.2026 08:00:27; 17.125
 24.01.2026 08:03:26; 17.125
 24.01.2026 08:06:26; 17.063
 24.01.2026 08:09:27; 17.125
 24.01.2026 08:12:27; 17.125
 24.01.2026 08:15:26; 17.125
 24.01.2026 08:18:27; 17.188
 24.01.2026 08:21:27; 17.188
 24.01.2026 08:24:26; 17.188
 24.01.2026 08:27:27; 17.125
 24.01.2026 08:30:27; 17.188
 24.01.2026 08:33:26; 17.125
 24.01.2026 08:36:27; 17.188
 24.01.2026 08:39:26; 17.188
 24.01.2026 08:42:26; 17.250
 24.01.2026 08:45:27; 17.313
 24.01.2026 08:48:26; 17.313
 24.01.2026 08:51:26; 17.250
 24.01.2026 08:54:27; 17.250
 24.01.2026 08:57:27; 17.375
 24.01.2026 09:00:26; 17.313
 24.01.2026 09:03:27; 17.375
 24.01.2026 09:06:27; 17.313
 24.01.2026 09:09:26; 17.313
 24.01.2026 09:12:27; 17.375
 24.01.2026 09:15:27; 17.375
 24.01.2026 09:18:26; 17.438
 24.01.2026 09:21:27; 17.438
 24.01.2026 09:24:26; 17.438
 24.01.2026 09:27:26; 17.375
 24.01.2026 09:30:27; 17.375
 24.01.2026 09:33:26; 17.313
 24.01.2026 09:36:26; 17.188
 24.01.2026 09:39:27; 17.125
 24.01.2026 09:42:27; 17.000
 24.01.2026 09:45:26; 16.875
 24.01.2026 09:48:27; 16.813
 24.01.2026 09:51:27; 16.813
 24.01.2026 09:54:26; 16.813
 24.01.2026 09:57:27; 16.813
 24.01.2026 10:00:27; 16.625
 24.01.2026 10:03:26; 16.500
 24.01.2026 10:06:27; 16.375
 24.01.2026 10:09:26; 16.250
 24.01.2026 10:12:26; 16.250
 24.01.2026 10:15:27; 16.188
 24.01.2026 10:18:26; 16.313
 24.01.2026 10:21:26; 16.250
 24.01.2026 10:24:27; 16.125
 24.01.2026 10:27:27; 16.063
 24.01.2026 10:30:26; 16.000
 24.01.2026 10:33:27; 15.875
 24.01.2026 10:36:27; 15.813
 24.01.2026 10:39:26; 15.750
 24.01.2026 10:42:27; 15.688
 24.01.2026 10:45:27; 15.625
 24.01.2026 10:48:26; 15.563
 24.01.2026 10:51:27; 15.500
 24.01.2026 10:54:26; 15.500
 24.01.2026 10:57:26; 15.563
 24.01.2026 11:00:27; 15.500
 24.01.2026 11:03:26; 15.500
 24.01.2026 11:06:26; 15.625
 24.01.2026 11:09:27; 15.625
 24.01.2026 11:12:27; 15.750
 24.01.2026 11:15:26; 15.750
 24.01.2026 11:18:27; 15.750
 24.01.2026 11:21:27; 15.750
 24.01.2026 11:24:26; 15.688
 24.01.2026 11:27:27; 15.625
 24.01.2026 11:30:27; 15.625
 24.01.2026 11:33:26; 15.688
 24.01.2026 11:36:27; 15.750
 24.01.2026 11:39:26; 15.813
 24.01.2026 11:42:26; 16.000
 24.01.2026 11:45:27; 16.250
 24.01.2026 11:48:26; 16.500
 24.01.2026 11:51:26; 16.750
 24.01.2026 11:54:27; 16.938
 24.01.2026 11:57:27; 16.938
 24.01.2026 12:00:26; 16.875
 24.01.2026 12:03:27; 16.875
 24.01.2026 12:06:27; 16.875
 24.01.2026 12:09:26; 16.813
 24.01.2026 12:12:27; 17.000
 24.01.2026 12:15:27; 17.250
 24.01.2026 12:18:26; 17.438
 24.01.2026 12:21:27; 17.750
 24.01.2026 12:24:26; 18.000
 24.01.2026 12:27:26; 18.250
 24.01.2026 12:30:27; 18.500
 24.01.2026 12:33:26; 18.688
 24.01.2026 12:36:26; 18.938
 24.01.2026 12:39:27; 19.063
 24.01.2026 12:42:27; 19.188
 24.01.2026 12:45:26; 19.438
 24.01.2026 12:48:27; 19.438
 24.01.2026 12:51:27; 19.563
 24.01.2026 12:54:26; 19.688
 24.01.2026 12:57:27; 19.875
 24.01.2026 13:00:27; 19.875
 24.01.2026 13:03:26; 19.875
 24.01.2026 13:06:27; 19.938
 24.01.2026 13:09:26; 20.000
 24.01.2026 13:12:26; 20.188
 24.01.2026 13:15:27; 20.188
 24.01.2026 13:18:26; 20.250
 24.01.2026 13:21:26; 20.375
 24.01.2026 13:24:27; 20.500
 24.01.2026 13:27:27; 20.500
 24.01.2026 13:30:26; 20.563
 24.01.2026 13:33:27; 20.625
 24.01.2026 13:36:27; 20.688
 24.01.2026 13:39:26; 20.875
 24.01.2026 13:42:27; 20.938
 24.01.2026 13:45:27; 21.063
 24.01.2026 13:48:26; 21.250
 24.01.2026 13:51:27; 21.500
 24.01.2026 13:54:26; 21.750
 24.01.2026 13:57:26; 21.688
 24.01.2026 14:00:27; 21.813
 24.01.2026 14:03:26; 22.000
 24.01.2026 14:06:26; 21.625
 24.01.2026 14:09:27; 21.688
 24.01.2026 14:12:27; 21.438
 24.01.2026 14:15:26; 21.375
 24.01.2026 14:18:27; 21.438
 24.01.2026 14:21:27; 21.438
 24.01.2026 14:24:26; 21.500
 24.01.2026 14:27:27; 21.500
 24.01.2026 14:30:27; 21.688
 24.01.2026 14:33:26; 21.875
 24.01.2026 14:36:27; 21.875
 24.01.2026 14:39:26; 21.875
 24.01.2026 14:42:26; 21.875
 24.01.2026 14:45:27; 21.875
 24.01.2026 14:48:26; 21.938
 24.01.2026 14:51:26; 22.063
 24.01.2026 14:54:27; 22.125
 24.01.2026 14:57:27; 22.063
 24.01.2026 15:00:26; 22.000
 24.01.2026 15:03:27; 21.938
 24.01.2026 15:06:27; 21.938
 24.01.2026 15:09:26; 22.063
 24.01.2026 15:12:27; 22.375
 24.01.2026 15:15:27; 22.813
 24.01.2026 15:18:26; 22.750
 24.01.2026 15:21:27; 22.875
 24.01.2026 15:24:26; 23.000
 24.01.2026 15:27:26; 22.938
 24.01.2026 15:30:27; 23.313
 24.01.2026 15:33:26; 23.625
 24.01.2026 15:36:26; 24.063
 24.01.2026 15:39:27; 24.250
 24.01.2026 15:42:27; 24.125
 24.01.2026 15:45:26; 24.313
 24.01.2026 15:48:27; 24.438
 24.01.2026 15:51:27; 24.375
 24.01.2026 15:54:26; 24.750
 24.01.2026 15:57:27; 25.125
 24.01.2026 16:00:27; 25.500
 24.01.2026 16:03:26; 25.875
 24.01.2026 16:06:27; 26.313
 24.01.2026 16:09:26; 26.688
 24.01.2026 16:12:26; 26.688
 24.01.2026 16:15:27; 26.938
 24.01.2026 16:18:26; 27.188
 24.01.2026 16:21:26; 27.250
 24.01.2026 16:24:27; 27.438
 24.01.2026 16:27:27; 27.625
 24.01.2026 16:30:26; 27.563
 24.01.2026 16:33:27; 27.688
 24.01.2026 16:36:27; 28.000
 24.01.2026 16:39:26; 27.875
 24.01.2026 16:42:27; 27.625
 24.01.2026 16:45:27; 27.688
 24.01.2026 16:48:26; 27.625
 24.01.2026 16:51:27; 27.563
 24.01.2026 16:54:26; 27.625
 24.01.2026 16:57:26; 28.063
 24.01.2026 17:00:27; 28.188
 24.01.2026 17:03:26; 28.313
 24.01.2026 17:06:26; 28.375
 24.01.2026 17:09:27; 28.688
 24.01.2026 17:12:27; 28.750
 24.01.2026 17:15:26; 28.750
 24.01.2026 17:18:27; 28.938
 24.01.2026 17:21:27; 29.188
 24.01.2026 17:24:26; 29.500
 24.01.2026 17:27:27; 29.563
 24.01.2026 17:30:27; 29.688
 24.01.2026 17:33:26; 30.000
 24.01.2026 17:36:27; 30.188
 24.01.2026 17:39:26; 30.375
 24.01.2026 17:42:26; 30.813
 24.01.2026 17:45:27; 31.438
 24.01.2026 17:48:26; 31.938
 24.01.2026 17:51:26; 32.438
 24.01.2026 17:54:27; 33.250
 24.01.2026 17:57:27; 33.438
 24.01.2026 18:00:26; 33.125
 24.01.2026 18:03:27; 33.375
 24.01.2026 18:06:27; 33.375
 24.01.2026 18:09:26; 33.375
 24.01.2026 18:12:27; 33.625
 24.01.2026 18:15:27; 33.375
 24.01.2026 18:18:26; 33.500
 24.01.2026 18:21:27; 34.313
 24.01.2026 18:24:26; 34.563
 24.01.2026 18:27:26; 34.813
 24.01.2026 18:30:27; 35.125
 24.01.2026 18:33:26; 35.875
 24.01.2026 18:36:26; 36.313
 24.01.2026 18:39:27; 36.813
 24.01.2026 18:42:27; 36.063
 24.01.2026 18:45:26; 32.875
 24.01.2026 18:48:27; 30.750
 24.01.2026 18:51:27; 29.750
 24.01.2026 18:54:26; 28.500
 24.01.2026 18:57:27; 28.000
 24.01.2026 19:00:27; 30.938
 24.01.2026 19:03:26; 33.250
 24.01.2026 19:06:27; 35.125
 24.01.2026 19:09:26; 36.813
 24.01.2026 19:12:26; 38.000
 24.01.2026 19:15:27; 39.375
 24.01.2026 19:18:26; 38.625
 24.01.2026 19:21:26; 38.625
 24.01.2026 19:24:27; 37.438
 24.01.2026 19:27:27; 37.500
 24.01.2026 19:30:26; 37.188
 24.01.2026 19:33:27; 37.625
 24.01.2026 19:36:27; 37.563
 24.01.2026 19:39:26; 37.563
 24.01.2026 19:42:27; 37.688
 24.01.2026 19:45:27; 37.813
 24.01.2026 19:48:26; 38.688
 24.01.2026 19:51:27; 38.813
 24.01.2026 19:54:26; 39.313
 24.01.2026 19:57:26; 39.375
 24.01.2026 20:00:27; 38.875
 24.01.2026 20:03:26; 37.688
 24.01.2026 20:06:26; 38.438
 24.01.2026 20:09:27; 38.563
 24.01.2026 20:12:27; 38.938
 24.01.2026 20:15:26; 35.125
 24.01.2026 20:18:27; 33.625
 24.01.2026 20:21:27; 34.375
 24.01.2026 20:24:26; 35.313
 24.01.2026 20:27:27; 36.875
 24.01.2026 20:30:27; 37.563
 24.01.2026 20:33:26; 36.938
 24.01.2026 20:36:27; 36.000
 24.01.2026 20:39:26; 36.688
 24.01.2026 20:42:26; 36.188
 24.01.2026 20:45:27; 34.875
 24.01.2026 20:48:26; 32.063
 24.01.2026 20:51:26; 30.625
 24.01.2026 20:54:27; 29.188
 24.01.2026 20:57:27; 28.313
 24.01.2026 21:00:26; 27.750
 24.01.2026 21:03:27; 27.188
 24.01.2026 21:06:27; 26.563
 24.01.2026 21:09:26; 26.188
 24.01.2026 21:12:27; 25.813
 24.01.2026 21:15:27; 25.500
 24.01.2026 21:18:26; 25.313
 24.01.2026 21:21:27; 25.000
 24.01.2026 21:24:26; 24.875
 24.01.2026 21:27:26; 24.688
 24.01.2026 21:30:27; 24.563
 24.01.2026 21:33:26; 24.438
 24.01.2026 21:36:26; 24.250
 24.01.2026 21:39:27; 24.125
 24.01.2026 21:42:27; 24.063
 24.01.2026 21:45:26; 23.938
 24.01.2026 21:48:27; 23.938
 24.01.2026 21:51:27; 23.750
 24.01.2026 21:54:26; 23.688
 24.01.2026 21:57:27; 23.500
 24.01.2026 22:00:27; 23.313
 24.01.2026 22:03:26; 23.063
 24.01.2026 22:06:27; 22.813
 24.01.2026 22:09:26; 22.563
 24.01.2026 22:12:26; 22.250
 24.01.2026 22:15:27; 21.813
 24.01.2026 22:18:26; 21.625
 24.01.2026 22:21:26; 21.625
 24.01.2026 22:24:27; 21.750
 24.01.2026 22:27:27; 21.688
 24.01.2026 22:30:26; 21.625
 24.01.2026 22:33:27; 21.375
 24.01.2026 22:36:27; 21.188
 24.01.2026 22:39:26; 20.938
 24.01.2026 22:42:27; 20.875
 24.01.2026 22:45:27; 20.875
 24.01.2026 22:48:26; 20.875
 24.01.2026 22:51:27; 21.125
 24.01.2026 22:54:26; 21.250
 24.01.2026 22:57:26; 21.188
 24.01.2026 23:00:27; 21.063
 24.01.2026 23:03:26; 21.000
 24.01.2026 23:06:26; 20.875
 24.01.2026 23:09:27; 20.688
 24.01.2026 23:12:27; 20.500
 24.01.2026 23:15:26; 20.313
 24.01.2026 23:18:27; 20.125
 24.01.2026 23:21:27; 20.000
 24.01.2026 23:24:26; 19.875
 24.01.2026 23:27:27; 19.750
 24.01.2026 23:30:27; 19.688
 24.01.2026 23:33:26; 19.625
 24.01.2026 23:36:27; 19.500
 24.01.2026 23:39:26; 19.250
 24.01.2026 23:42:26; 18.875
 24.01.2026 23:45:27; 18.500
 24.01.2026 23:48:26; 18.125
 24.01.2026 23:51:26; 17.813
 24.01.2026 23:54:27; 17.625
 24.01.2026 23:57:27; 17.438
 25.01.2026 00:00:26; 17.250
 25.01.2026 00:03:27; 17.125
 25.01.2026 00:06:27; 17.063
 25.01.2026 00:09:26; 16.938
 25.01.2026 00:12:27; 16.875
 25.01.2026 00:15:27; 16.813
 25.01.2026 00:18:26; 16.750
 25.01.2026 00:21:27; 16.750
 25.01.2026 00:24:26; 16.750
 25.01.2026 00:27:26; 16.688
 25.01.2026 00:30:27; 16.688
 25.01.2026 00:33:26; 16.625
 25.01.2026 00:36:26; 16.563
 25.01.2026 00:39:27; 16.563
 25.01.2026 00:42:27; 16.563
 25.01.2026 00:45:26; 16.563
 25.01.2026 00:48:27; 16.563
 25.01.2026 00:51:27; 16.563
 25.01.2026 00:54:26; 16.500
 25.01.2026 00:57:27; 16.500
 25.01.2026 01:00:27; 16.500
 25.01.2026 01:03:26; 16.438
 25.01.2026 01:06:27; 16.438
 25.01.2026 01:09:26; 16.500
 25.01.2026 01:12:26; 16.563
 25.01.2026 01:15:27; 16.625
 25.01.2026 01:18:26; 16.625
 25.01.2026 01:21:26; 16.563
 25.01.2026 01:24:27; 16.625
 25.01.2026 01:27:27; 16.688
 25.01.2026 01:30:26; 16.688
 25.01.2026 01:33:27; 16.625
 25.01.2026 01:36:27; 16.688
 25.01.2026 01:39:26; 16.750
 25.01.2026 01:42:27; 16.750
 25.01.2026 01:45:27; 16.750
 25.01.2026 01:48:26; 16.750
 25.01.2026 01:51:27; 16.813
 25.01.2026 01:54:26; 16.813
 25.01.2026 01:57:26; 16.875
 25.01.2026 02:00:27; 16.938
 25.01.2026 02:03:26; 16.938
 25.01.2026 02:06:26; 16.938
 25.01.2026 02:09:27; 16.938
 25.01.2026 02:12:27; 16.938
 25.01.2026 02:15:26; 16.938
 25.01.2026 02:18:27; 16.875
 25.01.2026 02:21:27; 16.938
 25.01.2026 02:24:26; 16.938
 25.01.2026 02:27:27; 16.938
 25.01.2026 02:30:27; 16.875
 25.01.2026 02:33:26; 16.813
 25.01.2026 02:36:27; 16.813
 25.01.2026 02:39:26; 16.813
 25.01.2026 02:42:26; 16.750
 25.01.2026 02:45:27; 16.688
 25.01.2026 02:48:26; 16.625
 25.01.2026 02:51:26; 16.500
 25.01.2026 02:54:27; 16.375
 25.01.2026 02:57:27; 16.313
 25.01.2026 03:00:26; 16.188
 25.01.2026 03:03:27; 16.188
 25.01.2026 03:06:27; 16.125
 25.01.2026 03:09:26; 16.125
 25.01.2026 03:12:27; 16.063
 25.01.2026 03:15:27; 16.063
 25.01.2026 03:18:26; 16.063
 25.01.2026 03:21:27; 16.000
 25.01.2026 03:24:26; 16.063
 25.01.2026 03:27:26; 16.063
 25.01.2026 03:30:27; 16.063
 25.01.2026 03:33:26; 16.063
 25.01.2026 03:36:26; 16.063
 25.01.2026 03:39:27; 16.125
 25.01.2026 03:42:27; 16.063
 25.01.2026 03:45:26; 16.125
 25.01.2026 03:48:27; 16.125
 25.01.2026 03:51:27; 16.188
 25.01.2026 03:54:26; 16.188
 25.01.2026 03:57:27; 16.125
 25.01.2026 04:00:27; 16.188
 25.01.2026 04:03:26; 16.250
 25.01.2026 04:06:27; 16.250
 25.01.2026 04:09:26; 16.250
 25.01.2026 04:12:26; 16.188
 25.01.2026 04:15:27; 16.188
 25.01.2026 04:18:26; 16.188
 25.01.2026 04:21:26; 16.125
 25.01.2026 04:24:27; 16.125
 25.01.2026 04:27:27; 16.125
 25.01.2026 04:30:26; 16.125
 25.01.2026 04:33:27; 16.063
 25.01.2026 04:36:27; 16.000
 25.01.2026 04:39:26; 15.938
 25.01.2026 04:42:27; 15.875
 25.01.2026 04:45:27; 15.813
 25.01.2026 04:48:26; 15.813
 25.01.2026 04:51:27; 15.688
 25.01.2026 04:54:26; 15.563
 25.01.2026 04:57:26; 15.500
 25.01.2026 05:00:27; 15.375
 25.01.2026 05:03:26; 15.313
 25.01.2026 05:06:26; 15.250
 25.01.2026 05:09:27; 15.125
 25.01.2026 05:12:27; 15.188
 25.01.2026 05:15:26; 15.125
 25.01.2026 05:18:27; 15.000
 25.01.2026 05:21:27; 14.875
 25.01.2026 05:24:26; 15.000
 25.01.2026 05:27:27; 15.000
 25.01.2026 05:30:27; 14.938
 25.01.2026 05:33:26; 15.000
 25.01.2026 05:36:27; 15.000
 25.01.2026 05:39:26; 14.875
 25.01.2026 05:42:26; 14.938
 25.01.2026 05:45:27; 15.000
 25.01.2026 05:48:26; 15.000
 25.01.2026 05:51:26; 15.000
 25.01.2026 05:54:27; 15.000
 25.01.2026 05:57:27; 14.875
 25.01.2026 06:00:26; 14.813
 25.01.2026 06:03:27; 14.813
 25.01.2026 06:06:27; 14.813
 25.01.2026 06:09:26; 14.750
 25.01.2026 06:12:27; 14.813
 25.01.2026 06:15:27; 14.813
 25.01.2026 06:18:26; 14.750
 25.01.2026 06:21:27; 14.813
 25.01.2026 06:24:26; 14.938
 25.01.2026 06:27:26; 15.000
 25.01.2026 06:30:27; 14.813
 25.01.2026 06:33:26; 14.813
 25.01.2026 06:36:26; 14.688
 25.01.2026 06:39:27; 14.563
 25.01.2026 06:42:27; 14.563
 25.01.2026 06:45:26; 14.563
 25.01.2026 06:48:27; 14.563
 25.01.2026 06:51:27; 14.688
 25.01.2026 06:54:26; 14.938
 25.01.2026 06:57:27; 15.063
 25.01.2026 07:00:27; 15.063
 25.01.2026 07:03:26; 15.000
 25.01.2026 07:06:27; 15.063
 25.01.2026 07:09:26; 15.000
 25.01.2026 07:12:26; 15.000
 25.01.2026 07:15:27; 15.000
 25.01.2026 07:18:26; 14.938
 25.01.2026 07:21:26; 14.938
 25.01.2026 07:24:27; 15.063
 25.01.2026 07:27:27; 15.063
 25.01.2026 07:30:26; 15.000
 25.01.2026 07:33:27; 14.813
 25.01.2026 07:36:27; 14.750
 25.01.2026 07:39:26; 14.688
 25.01.2026 07:42:27; 14.500
 25.01.2026 07:45:27; 14.375
 25.01.2026 07:48:26; 14.250
 25.01.2026 07:51:27; 14.250
 25.01.2026 07:54:26; 14.188
 25.01.2026 07:57:26; 14.063
 25.01.2026 08:00:27; 14.000
 25.01.2026 08:03:26; 14.000
 25.01.2026 08:06:26; 14.000
 25.01.2026 08:09:27; 14.125
 25.01.2026 08:12:27; 14.188
 25.01.2026 08:15:26; 14.063
 25.01.2026 08:18:27; 13.938
 25.01.2026 08:21:27; 13.813
 25.01.2026 08:24:26; 14.000
 25.01.2026 08:27:27; 14.000
 25.01.2026 08:30:27; 13.875
 25.01.2026 08:33:26; 14.000
 25.01.2026 08:36:27; 14.000
 25.01.2026 08:39:26; 13.938
 25.01.2026 08:42:26; 13.938
 25.01.2026 08:45:27; 13.938
 25.01.2026 08:48:26; 13.875
 25.01.2026 08:51:26; 13.688
 25.01.2026 08:54:27; 13.563
 25.01.2026 08:57:27; 13.500
 25.01.2026 09:00:26; 13.563
 25.01.2026 09:03:27; 13.500
 25.01.2026 09:06:27; 13.375
 25.01.2026 09:09:26; 13.250
 25.01.2026 09:12:27; 13.250
 25.01.2026 09:15:27; 13.188
 25.01.2026 09:18:26; 13.063
 25.01.2026 09:21:27; 12.938
 25.01.2026 09:24:26; 12.813
 25.01.2026 09:27:26; 12.625
 25.01.2026 09:30:27; 12.438
 25.01.2026 09:33:26; 12.313
 25.01.2026 09:36:26; 12.125
 25.01.2026 09:39:27; 12.000
 25.01.2026 09:42:27; 11.875
 25.01.2026 09:45:26; 11.813
 25.01.2026 09:48:27; 11.750
 25.01.2026 09:51:27; 11.688
 25.01.2026 09:54:26; 11.688
 25.01.2026 09:57:27; 11.625
 25.01.2026 10:00:27; 11.563
 25.01.2026 10:03:26; 11.500
 25.01.2026 10:06:27; 11.500
 25.01.2026 10:09:26; 11.500
 25.01.2026 10:12:26; 11.500
 25.01.2026 10:15:27; 11.500
 25.01.2026 10:18:26; 11.500
 25.01.2026 10:21:26; 11.500
 25.01.2026 10:24:27; 11.500
 25.01.2026 10:27:27; 11.500
 25.01.2026 10:30:26; 11.438
 25.01.2026 10:33:27; 11.500
 25.01.2026 10:36:27; 11.563
 25.01.2026 10:39:26; 11.563
 25.01.2026 10:42:27; 11.625
 25.01.2026 10:45:27; 11.625
 25.01.2026 10:48:26; 11.688
 25.01.2026 10:51:27; 11.813
 25.01.2026 10:54:26; 12.000
 25.01.2026 10:57:26; 12.125
 25.01.2026 11:00:27; 12.313
 25.01.2026 11:03:26; 12.438
 25.01.2026 11:06:26; 12.438
 25.01.2026 11:09:27; 12.500
 25.01.2026 11:12:27; 12.625
 25.01.2026 11:15:26; 12.688
 25.01.2026 11:18:27; 12.750
 25.01.2026 11:21:27; 12.750
 25.01.2026 11:24:26; 12.813
 25.01.2026 11:27:27; 12.813
 25.01.2026 11:30:27; 12.938
 25.01.2026 11:33:26; 13.063
 25.01.2026 11:36:27; 13.125
 25.01.2026 11:39:26; 13.188
 25.01.2026 11:42:26; 13.250
 25.01.2026 11:45:27; 13.375
 25.01.2026 11:48:26; 13.500
 25.01.2026 11:51:26; 13.625
 25.01.2026 11:54:27; 13.813
 25.01.2026 11:57:27; 13.938
 25.01.2026 12:00:26; 14.125
 25.01.2026 12:03:27; 14.375
 25.01.2026 12:06:27; 14.688
 25.01.2026 12:09:26; 14.750
 25.01.2026 12:12:27; 14.938
 25.01.2026 12:15:27; 15.250
 25.01.2026 12:18:26; 15.313
 25.01.2026 12:21:27; 15.125
 25.01.2026 12:24:26; 15.125
 25.01.2026 12:27:26; 15.063
 25.01.2026 12:30:27; 14.938
 25.01.2026 12:33:26; 14.875
 25.01.2026 12:36:26; 14.875
 25.01.2026 12:39:27; 14.875
 25.01.2026 12:42:27; 14.813
 25.01.2026 12:45:26; 14.813
 25.01.2026 12:48:27; 14.750
 25.01.2026 12:51:27; 14.688
 25.01.2026 12:54:26; 14.688
 25.01.2026 12:57:27; 14.813
 25.01.2026 13:00:27; 14.875
 25.01.2026 13:03:26; 15.000
 25.01.2026 13:06:27; 15.125
 25.01.2026 13:09:26; 15.250
 25.01.2026 13:12:26; 15.313
 25.01.2026 13:15:27; 15.375
 25.01.2026 13:18:26; 15.375
 25.01.2026 13:21:26; 15.313
 25.01.2026 13:24:27; 15.500
 25.01.2026 13:27:27; 16.063
 25.01.2026 13:30:26; 16.188
 25.01.2026 13:33:27; 16.125
 25.01.2026 13:36:27; 15.938
 25.01.2026 13:39:26; 16.063
 25.01.2026 13:42:27; 16.250
 25.01.2026 13:45:27; 16.188
 25.01.2026 13:48:26; 16.313
 25.01.2026 13:51:27; 16.750
 25.01.2026 13:54:26; 17.063
 25.01.2026 13:57:26; 17.000
 25.01.2026 14:00:27; 16.750
 25.01.2026 14:03:26; 16.625
 25.01.2026 14:06:26; 16.500
 25.01.2026 14:09:27; 16.438
 25.01.2026 14:12:27; 16.500
 25.01.2026 14:15:26; 16.563
 25.01.2026 14:18:27; 16.688
 25.01.2026 14:21:27; 17.000
 25.01.2026 14:24:26; 17.188
 25.01.2026 14:27:27; 17.063
 25.01.2026 14:30:27; 16.813
 25.01.2026 14:33:26; 16.875
 25.01.2026 14:36:27; 16.813
 25.01.2026 14:39:26; 16.688
 25.01.2026 14:42:26; 16.750
 25.01.2026 14:45:27; 16.688
 25.01.2026 14:48:26; 16.813
 25.01.2026 14:51:26; 16.813
 25.01.2026 14:54:27; 16.750
 25.01.2026 14:57:27; 16.688
 25.01.2026 15:00:26; 16.688
 25.01.2026 15:03:27; 16.688
 25.01.2026 15:06:27; 16.563
 25.01.2026 15:09:26; 16.438
 25.01.2026 15:12:27; 16.250
 25.01.2026 15:15:27; 16.250
 25.01.2026 15:18:26; 16.500
 25.01.2026 15:21:27; 16.938
 25.01.2026 15:24:26; 17.500
 25.01.2026 15:27:26; 17.938
 25.01.2026 15:30:27; 18.438
 25.01.2026 15:33:26; 18.688
 25.01.2026 15:36:26; 18.563
 25.01.2026 15:39:27; 18.750
 25.01.2026 15:42:27; 19.188
 25.01.2026 15:45:26; 19.563
 25.01.2026 15:48:27; 19.563
 25.01.2026 15:51:27; 19.875
 25.01.2026 15:54:26; 19.313
 25.01.2026 15:57:27; 19.813
 25.01.2026 16:00:27; 20.000
 25.01.2026 16:03:26; 19.875
 25.01.2026 16:06:27; 19.813
 25.01.2026 16:09:26; 19.563
 25.01.2026 16:12:26; 20.000
 25.01.2026 16:15:27; 20.188
 25.01.2026 16:18:26; 21.188
 25.01.2026 16:21:26; 22.000
 25.01.2026 16:24:27; 22.375
 25.01.2026 16:27:27; 22.125
 25.01.2026 16:30:26; 21.563
 25.01.2026 16:33:27; 20.750
 25.01.2026 16:36:27; 19.938
 25.01.2026 16:39:26; 19.375
 25.01.2026 16:42:27; 19.063
 25.01.2026 16:45:27; 19.688
 25.01.2026 16:48:26; 20.250
 25.01.2026 16:51:27; 20.000
 25.01.2026 16:54:26; 19.875
 25.01.2026 16:57:26; 20.313
 25.01.2026 17:00:27; 21.000
 25.01.2026 17:03:26; 21.688
 25.01.2026 17:06:26; 22.313
 25.01.2026 17:09:27; 22.438
 25.01.2026 17:12:27; 22.563
 25.01.2026 17:15:26; 22.938
 25.01.2026 17:18:27; 22.688
 25.01.2026 17:21:27; 22.375
 25.01.2026 17:24:26; 23.063
 25.01.2026 17:27:27; 23.875
 25.01.2026 17:30:27; 24.125
 25.01.2026 17:33:26; 24.438
 25.01.2026 17:36:27; 24.563
 25.01.2026 17:39:26; 24.063
 25.01.2026 17:42:26; 24.375
 25.01.2026 17:45:27; 24.063
 25.01.2026 17:48:26; 24.188
 25.01.2026 17:51:26; 25.000
 25.01.2026 17:54:27; 25.563
 25.01.2026 17:57:27; 25.500
 25.01.2026 18:00:26; 25.625
 25.01.2026 18:03:27; 24.188
 25.01.2026 18:06:27; 23.563
 25.01.2026 18:09:26; 23.375
 25.01.2026 18:12:27; 23.938
 25.01.2026 18:15:27; 23.438
 25.01.2026 18:18:26; 22.938
 25.01.2026 18:21:27; 22.313
 25.01.2026 18:24:26; 22.375
 25.01.2026 18:27:26; 22.625
 25.01.2026 18:30:27; 22.875
 25.01.2026 18:33:26; 23.375
 25.01.2026 18:36:26; 24.938
 25.01.2026 18:39:27; 26.750
 25.01.2026 18:42:27; 28.125
 25.01.2026 18:45:26; 29.625
 25.01.2026 18:48:27; 29.750
 25.01.2026 18:51:27; 30.563
 25.01.2026 18:54:26; 31.313
 25.01.2026 18:57:27; 31.875
 25.01.2026 19:00:27; 31.875
 25.01.2026 19:03:26; 31.875
 25.01.2026 19:06:27; 30.375
 25.01.2026 19:09:26; 30.688
 25.01.2026 19:12:26; 29.438
 25.01.2026 19:15:27; 29.250
 25.01.2026 19:18:26; 29.750
 25.01.2026 19:21:26; 29.375
 25.01.2026 19:24:27; 29.313
 25.01.2026 19:27:27; 30.375
 25.01.2026 19:30:26; 30.375
 25.01.2026 19:33:27; 30.688
 25.01.2026 19:36:27; 29.313
 25.01.2026 19:39:26; 29.000
 25.01.2026 19:42:27; 28.438
 25.01.2026 19:45:27; 29.313
 25.01.2026 19:48:26; 28.625
 25.01.2026 19:51:27; 28.938
 25.01.2026 19:54:26; 29.125
 25.01.2026 19:57:26; 29.750
 25.01.2026 20:00:27; 30.000
 25.01.2026 20:03:26; 30.313
 25.01.2026 20:06:26; 29.688
 25.01.2026 20:09:27; 30.063
 25.01.2026 20:12:27; 29.375
 25.01.2026 20:15:26; 28.188
 25.01.2026 20:18:27; 27.563
 25.01.2026 20:21:27; 27.188
 25.01.2026 20:24:26; 27.250
 25.01.2026 20:27:27; 26.500
 25.01.2026 20:30:27; 25.875
 25.01.2026 20:33:26; 25.000
 25.01.2026 20:36:27; 24.563
 25.01.2026 20:39:26; 24.875
 25.01.2026 20:42:26; 24.063
 25.01.2026 20:45:27; 23.313
 25.01.2026 20:48:26; 22.813
 25.01.2026 20:51:26; 22.563
 25.01.2026 20:54:27; 22.188
 25.01.2026 20:57:27; 21.625
 25.01.2026 21:00:26; 21.188
 25.01.2026 21:03:27; 20.625
 25.01.2026 21:06:27; 19.875
 25.01.2026 21:09:26; 19.438
 25.01.2026 21:12:27; 19.125
 25.01.2026 21:15:27; 18.750
 25.01.2026 21:18:26; 18.563
 25.01.2026 21:21:27; 18.438
 25.01.2026 21:24:26; 18.188
 25.01.2026 21:27:26; 17.938
 25.01.2026 21:30:27; 17.625
 25.01.2026 21:33:26; 17.438
 25.01.2026 21:36:26; 17.375
 25.01.2026 21:39:27; 17.188
 25.01.2026 21:42:27; 17.063
 25.01.2026 21:45:26; 17.000
 25.01.2026 21:48:27; 16.875
 25.01.2026 21:51:27; 16.875
 25.01.2026 21:54:26; 16.813
 25.01.2026 21:57:27; 16.750
 25.01.2026 22:00:27; 16.625
 25.01.2026 22:03:26; 16.563
 25.01.2026 22:06:27; 16.500
 25.01.2026 22:09:26; 16.375
 25.01.2026 22:12:26; 16.313
 25.01.2026 22:15:27; 16.250
 25.01.2026 22:18:26; 16.125
 25.01.2026 22:21:26; 16.063
 25.01.2026 22:24:27; 15.938
 25.01.2026 22:27:27; 15.813
 25.01.2026 22:30:26; 15.625
 25.01.2026 22:33:27; 15.500
 25.01.2026 22:36:27; 15.438
 25.01.2026 22:39:26; 15.438
 25.01.2026 22:42:27; 15.375
 25.01.2026 22:45:27; 15.250
 25.01.2026 22:48:26; 15.188
 25.01.2026 22:51:27; 15.125
 25.01.2026 22:54:26; 15.000
 25.01.2026 22:57:26; 14.813
 25.01.2026 23:00:27; 14.563
 25.01.2026 23:03:26; 14.375
 25.01.2026 23:06:26; 14.188
 25.01.2026 23:09:27; 14.188
 25.01.2026 23:12:27; 14.125
 25.01.2026 23:15:26; 14.000
 25.01.2026 23:18:27; 13.813
 25.01.2026 23:21:27; 13.750
 25.01.2026 23:24:26; 13.625
 25.01.2026 23:27:27; 13.500
 25.01.2026 23:30:27; 13.500
 25.01.2026 23:33:26; 13.438
 25.01.2026 23:36:27; 13.313
 25.01.2026 23:39:26; 13.188
 25.01.2026 23:42:26; 13.063
 25.01.2026 23:45:27; 13.000
 25.01.2026 23:48:26; 12.938
 25.01.2026 23:51:26; 12.875
 25.01.2026 23:54:27; 12.813
 25.01.2026 23:57:27; 12.813
 26.01.2026 00:00:26; 12.750
 26.01.2026 00:03:27; 12.688
 26.01.2026 00:06:27; 12.688
 26.01.2026 00:09:26; 12.688
 26.01.2026 00:12:27; 12.625
 26.01.2026 00:15:27; 12.563
 26.01.2026 00:18:26; 12.563
 26.01.2026 00:21:27; 12.563
 26.01.2026 00:24:26; 12.563
 26.01.2026 00:27:26; 12.563
 26.01.2026 00:30:27; 12.500
 26.01.2026 00:33:26; 12.500
 26.01.2026 00:36:26; 12.500
 26.01.2026 00:39:27; 12.438
 26.01.2026 00:42:27; 12.438
 26.01.2026 00:45:26; 12.375
 26.01.2026 00:48:27; 12.375
 26.01.2026 00:51:27; 12.313
 26.01.2026 00:54:26; 12.313
 26.01.2026 00:57:27; 12.250
 26.01.2026 01:00:27; 12.250
 26.01.2026 01:03:26; 12.250
 26.01.2026 01:06:27; 12.250
 26.01.2026 01:09:26; 12.250
 26.01.2026 01:12:26; 12.250
 26.01.2026 01:15:27; 12.313
 26.01.2026 01:18:26; 12.313
 26.01.2026 01:21:26; 12.313
 26.01.2026 01:24:27; 12.313
 26.01.2026 01:27:27; 12.313
 26.01.2026 01:30:26; 12.250
 26.01.2026 01:33:27; 12.250
 26.01.2026 01:36:27; 12.250
 26.01.2026 01:39:26; 12.188
 26.01.2026 01:42:27; 12.188
 26.01.2026 01:45:27; 12.125
 26.01.2026 01:48:26; 12.125
 26.01.2026 01:51:27; 12.063
 26.01.2026 01:54:26; 12.063
 26.01.2026 01:57:26; 12.063
 26.01.2026 02:00:27; 12.000
 26.01.2026 02:03:26; 12.000
 26.01.2026 02:06:26; 12.063
 26.01.2026 02:09:27; 12.063
 26.01.2026 02:12:27; 12.063
 26.01.2026 02:15:26; 12.063
 26.01.2026 02:18:27; 12.063
 26.01.2026 02:21:27; 12.063
 26.01.2026 02:24:26; 12.063
 26.01.2026 02:27:27; 12.063
 26.01.2026 02:30:27; 12.000
 26.01.2026 02:33:26; 12.000
 26.01.2026 02:36:27; 12.000
 26.01.2026 02:39:26; 12.000
 26.01.2026 02:42:26; 11.938
 26.01.2026 02:45:27; 11.938
 26.01.2026 02:48:26; 11.875
 26.01.2026 02:51:26; 11.875
 26.01.2026 02:54:27; 11.875
 26.01.2026 02:57:27; 11.813
 26.01.2026 03:00:26; 11.750
 26.01.2026 03:03:27; 11.750
 26.01.2026 03:06:27; 11.688
 26.01.2026 03:09:26; 11.688
 26.01.2026 03:12:27; 11.625
 26.01.2026 03:15:27; 11.625
 26.01.2026 03:18:26; 11.625
 26.01.2026 03:21:27; 11.563
 26.01.2026 03:24:26; 11.563
 26.01.2026 03:27:26; 11.500
 26.01.2026 03:30:27; 11.438
 26.01.2026 03:33:26; 11.438
 26.01.2026 03:36:26; 11.438
 26.01.2026 03:39:27; 11.375
 26.01.2026 03:42:27; 11.313
 26.01.2026 03:45:26; 11.313
 26.01.2026 03:48:27; 11.250
 26.01.2026 03:51:27; 11.250
 26.01.2026 03:54:26; 11.250
 26.01.2026 03:57:27; 11.250
 26.01.2026 04:00:27; 11.250
 26.01.2026 04:03:26; 11.188
 26.01.2026 04:06:27; 11.188
 26.01.2026 04:09:26; 11.188
 26.01.2026 04:12:26; 11.188
 26.01.2026 04:15:27; 11.188
 26.01.2026 04:18:26; 11.188
 26.01.2026 04:21:26; 11.188
 26.01.2026 04:24:27; 11.188
 26.01.2026 04:27:27; 11.188
 26.01.2026 04:30:26; 11.188
 26.01.2026 04:33:27; 11.188
 26.01.2026 04:36:27; 11.188
 26.01.2026 04:39:26; 11.188
 26.01.2026 04:42:27; 11.188
 26.01.2026 04:45:27; 11.125
 26.01.2026 04:48:26; 11.125
 26.01.2026 04:51:27; 11.125
 26.01.2026 04:54:26; 11.125
 26.01.2026 04:57:26; 11.125
 26.01.2026 05:00:27; 11.125
 26.01.2026 05:03:26; 11.125
 26.01.2026 05:06:26; 11.125
 26.01.2026 05:09:27; 11.125
 26.01.2026 05:12:27; 11.125
 26.01.2026 05:15:26; 11.125
 26.01.2026 05:18:27; 11.125
 26.01.2026 05:21:27; 11.063
 26.01.2026 05:24:26; 11.063
 26.01.2026 05:27:27; 11.063
 26.01.2026 05:30:27; 11.063
 26.01.2026 05:33:26; 11.063
 26.01.2026 05:36:27; 11.063
 26.01.2026 05:39:26; 11.063
 26.01.2026 05:42:26; 11.063
 26.01.2026 05:45:27; 11.063
 26.01.2026 05:48:26; 11.063
 26.01.2026 05:51:26; 11.063
 26.01.2026 05:54:27; 11.063
 26.01.2026 05:57:27; 11.063
 26.01.2026 06:00:26; 11.125
 26.01.2026 06:03:27; 11.125
 26.01.2026 06:06:27; 11.125
 26.01.2026 06:09:26; 11.188
 26.01.2026 06:12:27; 11.188
 26.01.2026 06:15:27; 11.188
 26.01.2026 06:18:26; 11.188
 26.01.2026 06:21:27; 11.250
 26.01.2026 06:24:26; 11.250
 26.01.2026 06:27:26; 11.250
 26.01.2026 06:30:27; 11.250
 26.01.2026 06:33:26; 11.250
 26.01.2026 06:36:26; 11.250
 26.01.2026 06:39:27; 11.313
 26.01.2026 06:42:27; 11.250
 26.01.2026 06:45:26; 11.250
 26.01.2026 06:48:27; 11.250
 26.01.2026 06:51:27; 11.188
 26.01.2026 06:54:26; 11.188
 26.01.2026 06:57:27; 11.188
 26.01.2026 07:00:27; 11.125
 26.01.2026 07:03:26; 11.125
 26.01.2026 07:06:27; 11.125
 26.01.2026 07:09:26; 11.063
 26.01.2026 07:12:26; 11.063
 26.01.2026 07:15:27; 11.063
 26.01.2026 07:18:26; 11.063
 26.01.2026 07:21:26; 11.063
 26.01.2026 07:24:27; 11.063
 26.01.2026 07:27:27; 11.063
 26.01.2026 07:30:26; 11.063
 26.01.2026 07:33:27; 11.063
 26.01.2026 07:36:27; 11.063
 26.01.2026 07:39:26; 11.063
 26.01.2026 07:42:27; 11.000
 26.01.2026 07:45:27; 11.063
 26.01.2026 07:48:26; 11.063
 26.01.2026 07:51:27; 11.063
 26.01.2026 07:54:26; 11.000
 26.01.2026 07:57:26; 11.000
 26.01.2026 08:00:27; 11.000
 26.01.2026 08:03:26; 11.000
 26.01.2026 08:06:26; 11.063
 26.01.2026 08:09:27; 11.063
 26.01.2026 08:12:27; 11.063
 26.01.2026 08:15:26; 11.063
 26.01.2026 08:18:27; 11.000
 26.01.2026 08:21:27; 11.000
 26.01.2026 08:24:26; 11.000
 26.01.2026 08:27:27; 11.000
 26.01.2026 08:30:27; 11.000
 26.01.2026 08:33:26; 10.938
 26.01.2026 08:36:27; 10.938
 26.01.2026 08:39:26; 10.938
 26.01.2026 08:42:26; 10.938
 26.01.2026 08:45:27; 10.875
 26.01.2026 08:48:26; 10.875
 26.01.2026 08:51:26; 10.875
 26.01.2026 08:54:27; 10.875
 26.01.2026 08:57:27; 10.875
 26.01.2026 09:00:26; 10.875
 26.01.2026 09:03:27; 10.875
 26.01.2026 09:06:27; 10.875
 26.01.2026 09:09:26; 10.938
 26.01.2026 09:12:27; 10.938
 26.01.2026 09:15:27; 10.938
 26.01.2026 09:18:26; 10.938
 26.01.2026 09:21:27; 10.938
 26.01.2026 09:24:26; 10.938
 26.01.2026 09:27:26; 10.938
 26.01.2026 09:30:27; 10.938
 26.01.2026 09:33:26; 10.938
 26.01.2026 09:36:26; 10.938
 26.01.2026 09:39:27; 10.938
 26.01.2026 09:42:27; 10.938
 26.01.2026 09:45:26; 10.938
 26.01.2026 09:48:27; 10.938
 26.01.2026 09:51:27; 10.938
 26.01.2026 09:54:26; 10.938
 26.01.2026 09:57:27; 10.938
 26.01.2026 10:00:27; 10.938
 26.01.2026 10:03:26; 10.938
 26.01.2026 10:06:27; 10.938
 26.01.2026 10:09:26; 10.938
 26.01.2026 10:12:26; 11.000
 26.01.2026 10:15:27; 11.000
 26.01.2026 10:18:26; 11.000
 26.01.2026 10:21:26; 11.000
 26.01.2026 10:24:27; 11.000
 26.01.2026 10:27:27; 11.000
 26.01.2026 10:30:26; 11.000
 26.01.2026 10:33:27; 10.938
 26.01.2026 10:36:27; 10.938
 26.01.2026 10:39:26; 10.875
 26.01.2026 10:42:27; 10.813
 26.01.2026 10:45:27; 10.813
 26.01.2026 10:48:26; 10.750
 26.01.2026 10:51:27; 10.750
 26.01.2026 10:54:26; 10.750
 26.01.2026 10:57:26; 10.750
 26.01.2026 11:00:27; 10.750
 26.01.2026 11:03:26; 10.750
 26.01.2026 11:06:26; 10.750
 26.01.2026 11:09:27; 10.750
 26.01.2026 11:12:27; 10.750
 26.01.2026 11:15:26; 10.750
 26.01.2026 11:18:27; 10.813
 26.01.2026 11:21:27; 10.875
 26.01.2026 11:24:26; 10.875
 26.01.2026 11:27:27; 10.875
 26.01.2026 11:30:27; 10.938
 26.01.2026 11:33:26; 11.000
 26.01.2026 11:36:27; 11.000
 26.01.2026 11:39:26; 11.125
 26.01.2026 11:42:26; 11.188
 26.01.2026 11:45:27; 11.250
 26.01.2026 11:48:26; 11.313
 26.01.2026 11:51:26; 11.375
 26.01.2026 11:54:27; 11.438
 26.01.2026 11:57:27; 11.438
 26.01.2026 12:00:26; 11.438
 26.01.2026 12:03:27; 11.500
 26.01.2026 12:06:27; 11.500
 26.01.2026 12:09:26; 11.563
 26.01.2026 12:12:27; 11.688
 26.01.2026 12:15:27; 11.813
 26.01.2026 12:18:26; 11.875
 26.01.2026 12:21:27; 12.000
 26.01.2026 12:24:26; 12.063
 26.01.2026 12:27:26; 12.125
 26.01.2026 12:30:27; 12.188
 26.01.2026 12:33:26; 12.250
 26.01.2026 12:36:26; 12.250
 26.01.2026 12:39:27; 12.375
 26.01.2026 12:42:27; 12.875
 26.01.2026 12:45:26; 13.313
 26.01.2026 12:48:27; 13.625
 26.01.2026 12:51:27; 13.938
 26.01.2026 12:54:26; 14.188
 26.01.2026 12:57:27; 14.500
 26.01.2026 13:00:27; 14.625
 26.01.2026 13:03:26; 14.813
 26.01.2026 13:06:27; 15.063
 26.01.2026 13:09:26; 15.250
 26.01.2026 13:12:26; 15.313
 26.01.2026 13:15:27; 15.063
 26.01.2026 13:18:26; 14.813
 26.01.2026 13:21:26; 14.875
 26.01.2026 13:24:27; 15.000
 26.01.2026 13:27:27; 15.125
 26.01.2026 13:30:26; 15.313
 26.01.2026 13:33:27; 15.563
 26.01.2026 13:36:27; 15.750
 26.01.2026 13:39:26; 15.938
 26.01.2026 13:42:27; 16.000
 26.01.2026 13:45:27; 16.125
 26.01.2026 13:48:26; 16.125
 26.01.2026 13:51:27; 16.375
 26.01.2026 13:54:26; 16.688
 26.01.2026 13:57:26; 17.000
 26.01.2026 14:00:27; 16.938
 26.01.2026 14:03:26; 17.000
 26.01.2026 14:06:26; 17.063
 26.01.2026 14:09:27; 16.875
 26.01.2026 14:12:27; 16.500
 26.01.2026 14:15:26; 16.250
 26.01.2026 14:18:27; 16.313
 26.01.2026 14:21:27; 16.438
 26.01.2026 14:24:26; 16.438
 26.01.2026 14:27:27; 16.313
 26.01.2026 14:30:27; 16.438
 26.01.2026 14:33:26; 16.375
 26.01.2026 14:36:27; 16.625
 26.01.2026 14:39:26; 16.938
 26.01.2026 14:42:26; 17.250
 26.01.2026 14:45:27; 17.375
 26.01.2026 14:48:26; 17.438
 26.01.2026 14:51:26; 17.313
 26.01.2026 14:54:27; 17.313
 26.01.2026 14:57:27; 17.438
 26.01.2026 15:00:26; 17.813
 26.01.2026 15:03:27; 17.938
 26.01.2026 15:06:27; 18.250
 26.01.2026 15:09:26; 18.250
 26.01.2026 15:12:27; 18.438
 26.01.2026 15:15:27; 18.563
 26.01.2026 15:18:26; 18.500
 26.01.2026 15:21:27; 18.375
 26.01.2026 15:24:26; 18.438
 26.01.2026 15:27:26; 18.563
 26.01.2026 15:30:27; 18.813
 26.01.2026 15:33:26; 19.188
 26.01.2026 15:36:26; 19.438
 26.01.2026 15:39:27; 19.250
 26.01.2026 15:42:27; 19.563
 26.01.2026 15:45:26; 19.625
 26.01.2026 15:48:27; 19.750
 26.01.2026 15:51:27; 19.750
 26.01.2026 15:54:26; 19.625
 26.01.2026 15:57:27; 19.750
 26.01.2026 16:00:27; 20.063
 26.01.2026 16:03:26; 20.063
 26.01.2026 16:06:27; 20.313
 26.01.2026 16:09:26; 20.438
 26.01.2026 16:12:26; 20.500
 26.01.2026 16:15:27; 20.688
 26.01.2026 16:18:26; 21.063
 26.01.2026 16:21:26; 20.938
 26.01.2026 16:24:27; 20.813
 26.01.2026 16:27:27; 21.750
 26.01.2026 16:30:26; 22.125
 26.01.2026 16:33:27; 22.063
 26.01.2026 16:36:27; 21.750
 26.01.2026 16:39:26; 21.938
 26.01.2026 16:42:27; 22.000
 26.01.2026 16:45:27; 21.875
 26.01.2026 16:48:26; 22.000
 26.01.2026 16:51:27; 22.563
 26.01.2026 16:54:26; 23.188
 26.01.2026 16:57:26; 23.063
 26.01.2026 17:00:27; 23.000
 26.01.2026 17:03:26; 23.625
 26.01.2026 17:06:26; 24.188
 26.01.2026 17:09:27; 24.313
 26.01.2026 17:12:27; 24.375
 26.01.2026 17:15:26; 24.875
 26.01.2026 17:18:27; 25.125
 26.01.2026 17:21:27; 24.813
 26.01.2026 17:24:26; 25.188
 26.01.2026 17:27:27; 24.625
 26.01.2026 17:30:27; 24.313
 26.01.2026 17:33:26; 23.875
 26.01.2026 17:36:27; 24.125
 26.01.2026 17:39:26; 24.438
 26.01.2026 17:42:26; 24.563
 26.01.2026 17:45:27; 25.938
 26.01.2026 17:48:26; 26.938
 26.01.2026 17:51:26; 27.188
 26.01.2026 17:54:27; 26.688
 26.01.2026 17:57:27; 25.625
 26.01.2026 18:00:26; 25.000
 26.01.2026 18:03:27; 24.938
 26.01.2026 18:06:27; 25.125
 26.01.2026 18:09:26; 24.875
 26.01.2026 18:12:27; 23.750
 26.01.2026 18:15:27; 23.250
 26.01.2026 18:18:26; 23.188
 26.01.2026 18:21:27; 23.063
 26.01.2026 18:24:26; 23.063
 26.01.2026 18:27:26; 23.125
 26.01.2026 18:30:27; 23.125
 26.01.2026 18:33:26; 23.438
 26.01.2026 18:36:26; 23.813
 26.01.2026 18:39:27; 23.688
 26.01.2026 18:42:27; 24.000
 26.01.2026 18:45:26; 25.125
 26.01.2026 18:48:27; 26.813
 26.01.2026 18:51:27; 28.625
 26.01.2026 18:54:26; 30.375
 26.01.2026 18:57:27; 32.500
 26.01.2026 19:00:27; 34.063
 26.01.2026 19:03:26; 34.063
 26.01.2026 19:06:27; 33.375
 26.01.2026 19:09:26; 33.125
 26.01.2026 19:12:26; 32.250
 26.01.2026 19:15:27; 33.000
 26.01.2026 19:18:26; 34.000
 26.01.2026 19:21:26; 34.938
 26.01.2026 19:24:27; 35.063
 26.01.2026 19:27:27; 34.375
 26.01.2026 19:30:26; 34.188
 26.01.2026 19:33:27; 34.688
 26.01.2026 19:36:27; 34.438
 26.01.2026 19:39:26; 33.813
 26.01.2026 19:42:27; 34.063
 26.01.2026 19:45:27; 33.063
 26.01.2026 19:48:26; 33.000
 26.01.2026 19:51:27; 34.000
 26.01.2026 19:54:26; 32.875
 26.01.2026 19:57:26; 33.750
 26.01.2026 20:00:27; 34.125
 26.01.2026 20:03:26; 35.188
 26.01.2026 20:06:26; 35.875
 26.01.2026 20:09:27; 36.500
 26.01.2026 20:12:27; 37.063
 26.01.2026 20:15:26; 36.125
 26.01.2026 20:18:27; 36.000
 26.01.2026 20:21:27; 36.313
 26.01.2026 20:24:26; 36.625
 26.01.2026 20:27:27; 36.563
 26.01.2026 20:30:27; 36.000
 26.01.2026 20:33:26; 34.813
 26.01.2026 20:36:27; 35.000
 26.01.2026 20:39:26; 34.938
 26.01.2026 20:42:26; 32.438
 26.01.2026 20:45:27; 30.750
 26.01.2026 20:48:26; 30.000
 26.01.2026 20:51:26; 28.125
 26.01.2026 20:54:27; 25.563
 26.01.2026 20:57:27; 23.750
 26.01.2026 21:00:26; 22.750
 26.01.2026 21:03:27; 22.063
 26.01.2026 21:06:27; 21.375
 26.01.2026 21:09:26; 20.813
 26.01.2026 21:12:27; 20.250
 26.01.2026 21:15:27; 19.688
 26.01.2026 21:18:26; 19.188
 26.01.2026 21:21:27; 18.875
 26.01.2026 21:24:26; 18.563
 26.01.2026 21:27:26; 18.250
 26.01.2026 21:30:27; 18.000
 26.01.2026 21:33:26; 17.750
 26.01.2026 21:36:26; 17.563
 26.01.2026 21:39:27; 17.375
 26.01.2026 21:42:27; 17.250
 26.01.2026 21:45:26; 17.063
 26.01.2026 21:48:27; 16.938
 26.01.2026 21:51:27; 16.813
 26.01.2026 21:54:26; 16.688
 26.01.2026 21:57:27; 16.563
 26.01.2026 22:00:27; 16.500
 26.01.2026 22:03:26; 16.375
 26.01.2026 22:06:27; 16.250
 26.01.2026 22:09:26; 16.188
 26.01.2026 22:12:26; 16.125
 26.01.2026 22:15:27; 16.000
 26.01.2026 22:18:26; 15.938
 26.01.2026 22:21:26; 15.875
 26.01.2026 22:24:27; 15.750
 26.01.2026 22:27:27; 15.688
 26.01.2026 22:30:26; 15.688
 26.01.2026 22:33:27; 15.625
 26.01.2026 22:36:27; 15.500
 26.01.2026 22:39:26; 15.500
 26.01.2026 22:42:27; 15.438
 26.01.2026 22:45:27; 15.375
 26.01.2026 22:48:26; 15.313
 26.01.2026 22:51:27; 15.250
 26.01.2026 22:54:26; 15.188
 26.01.2026 22:57:26; 15.125
 26.01.2026 23:00:27; 15.063
 26.01.2026 23:03:26; 15.000
 26.01.2026 23:06:26; 14.938
 26.01.2026 23:09:27; 14.875
 26.01.2026 23:12:27; 14.813
 26.01.2026 23:15:26; 14.750
 26.01.2026 23:18:27; 14.750
 26.01.2026 23:21:27; 14.688
 26.01.2026 23:24:26; 14.625
 26.01.2026 23:27:27; 14.563
 26.01.2026 23:30:27; 14.500
 26.01.2026 23:33:26; 14.500
 26.01.2026 23:36:27; 14.500
 26.01.2026 23:39:26; 14.500
 26.01.2026 23:42:26; 14.500
 26.01.2026 23:45:27; 14.563
 26.01.2026 23:48:26; 14.563
 26.01.2026 23:51:26; 14.625
 26.01.2026 23:54:27; 14.625
 26.01.2026 23:57:27; 14.688
 27.01.2026 00:00:26; 14.688
 27.01.2026 00:03:27; 14.688
 27.01.2026 00:06:27; 14.688
 27.01.2026 00:09:26; 14.750
 27.01.2026 00:12:27; 14.750
 27.01.2026 00:15:27; 14.750
 27.01.2026 00:18:26; 14.813
 27.01.2026 00:21:27; 14.813
 27.01.2026 00:24:26; 14.813
 27.01.2026 00:27:26; 14.813
 27.01.2026 00:30:27; 14.875
 27.01.2026 00:33:26; 14.875
 27.01.2026 00:36:26; 14.875
 27.01.2026 00:39:27; 14.875
 27.01.2026 00:42:27; 14.875
 27.01.2026 00:45:26; 14.875
 27.01.2026 00:48:27; 14.875
 27.01.2026 00:51:27; 14.875
 27.01.2026 00:54:26; 14.875
 27.01.2026 00:57:27; 14.875
 27.01.2026 01:00:27; 14.875
 27.01.2026 01:03:26; 14.875
 27.01.2026 01:06:27; 14.875
 27.01.2026 01:09:26; 14.875
 27.01.2026 01:12:26; 14.875
 27.01.2026 01:15:27; 14.813
 27.01.2026 01:18:26; 14.750
 27.01.2026 01:21:26; 14.688
 27.01.2026 01:24:27; 14.625
 27.01.2026 01:27:27; 14.500
 27.01.2026 01:30:26; 14.438
 27.01.2026 01:33:27; 14.375
 27.01.2026 01:36:27; 14.313
 27.01.2026 01:39:26; 14.188
 27.01.2026 01:42:27; 14.125
 27.01.2026 01:45:27; 14.063
 27.01.2026 01:48:26; 13.938
 27.01.2026 01:51:27; 13.875
 27.01.2026 01:54:26; 13.813
 27.01.2026 01:57:26; 13.750
 27.01.2026 02:00:27; 13.688
 27.01.2026 02:03:26; 13.625
 27.01.2026 02:06:26; 13.625
 27.01.2026 02:09:27; 13.563
 27.01.2026 02:12:27; 13.563
 27.01.2026 02:15:26; 13.500
 27.01.2026 02:18:27; 13.438
 27.01.2026 02:21:27; 13.375
 27.01.2026 02:24:26; 13.375
 27.01.2026 02:27:27; 13.313
 27.01.2026 02:30:27; 13.250
 27.01.2026 02:33:26; 13.188
 27.01.2026 02:36:27; 13.188
 27.01.2026 02:39:26; 13.125
 27.01.2026 02:42:26; 13.063
 27.01.2026 02:45:27; 13.000
 27.01.2026 02:48:26; 13.000
 27.01.2026 02:51:26; 12.938
 27.01.2026 02:54:27; 12.875
 27.01.2026 02:57:27; 12.813
 27.01.2026 03:00:26; 12.750
 27.01.2026 03:03:27; 12.688
 27.01.2026 03:06:27; 12.688
 27.01.2026 03:09:26; 12.625
 27.01.2026 03:12:27; 12.625
 27.01.2026 03:15:27; 12.625
 27.01.2026 03:18:26; 12.625
 27.01.2026 03:21:27; 12.563
 27.01.2026 03:24:26; 12.500
 27.01.2026 03:27:26; 12.500
 27.01.2026 03:30:27; 12.438
 27.01.2026 03:33:26; 12.438
 27.01.2026 03:36:26; 12.375
 27.01.2026 03:39:27; 12.313
 27.01.2026 03:42:27; 12.250
 27.01.2026 03:45:26; 12.250
 27.01.2026 03:48:27; 12.250
 27.01.2026 03:51:27; 12.188
 27.01.2026 03:54:26; 12.188
 27.01.2026 03:57:27; 12.188
 27.01.2026 04:00:27; 12.125
 27.01.2026 04:03:26; 12.063
 27.01.2026 04:06:27; 12.000
 27.01.2026 04:09:26; 12.000
 27.01.2026 04:12:26; 11.938
 27.01.2026 04:15:27; 11.938
 27.01.2026 04:18:26; 11.938
 27.01.2026 04:21:26; 11.938
 27.01.2026 04:24:27; 11.938
 27.01.2026 04:27:27; 11.938
 27.01.2026 04:30:26; 11.938
 27.01.2026 04:33:27; 11.875
 27.01.2026 04:36:27; 11.875
 27.01.2026 04:39:26; 11.875
 27.01.2026 04:42:27; 11.875
 27.01.2026 04:45:27; 11.813
 27.01.2026 04:48:26; 11.813
 27.01.2026 04:51:27; 11.813
 27.01.2026 04:54:26; 11.813
 27.01.2026 04:57:26; 11.750
 27.01.2026 05:00:27; 11.750
 27.01.2026 05:03:26; 11.750
 27.01.2026 05:06:26; 11.750
 27.01.2026 05:09:27; 11.750
 27.01.2026 05:12:27; 11.688
 27.01.2026 05:15:26; 11.688
 27.01.2026 05:18:27; 11.688
 27.01.2026 05:21:27; 11.688
 27.01.2026 05:24:26; 11.688
 27.01.2026 05:27:27; 11.688
 27.01.2026 05:30:27; 11.688
 27.01.2026 05:33:26; 11.688
 27.01.2026 05:36:27; 11.688
 27.01.2026 05:39:26; 11.688
 27.01.2026 05:42:26; 11.688
 27.01.2026 05:45:27; 11.625
 27.01.2026 05:48:26; 11.625
 27.01.2026 05:51:26; 11.625
 27.01.2026 05:54:27; 11.563
 27.01.2026 05:57:27; 11.625
 27.01.2026 06:00:26; 11.625
 27.01.2026 06:03:27; 11.625
 27.01.2026 06:06:27; 11.625
 27.01.2026 06:09:26; 11.563
 27.01.2026 06:12:27; 11.563
 27.01.2026 06:15:27; 11.563
 27.01.2026 06:18:26; 11.563
 27.01.2026 06:21:27; 11.500
 27.01.2026 06:24:26; 11.438
 27.01.2026 06:27:26; 11.438
 27.01.2026 06:30:27; 11.438
 27.01.2026 06:33:26; 11.375
 27.01.2026 06:36:26; 11.375
 27.01.2026 06:39:27; 11.375
 27.01.2026 06:42:27; 11.313
 27.01.2026 06:45:26; 11.313
 27.01.2026 06:48:27; 11.250
 27.01.2026 06:51:27; 11.250
 27.01.2026 06:54:26; 11.250
 27.01.2026 06:57:27; 11.250
 27.01.2026 07:00:27; 11.250
 27.01.2026 07:03:26; 11.250
 27.01.2026 07:06:27; 11.188
 27.01.2026 07:09:26; 11.188
 27.01.2026 07:12:26; 11.125
 27.01.2026 07:15:27; 11.125
 27.01.2026 07:18:26; 11.063
 27.01.2026 07:21:26; 11.063
 27.01.2026 07:24:27; 11.000
 27.01.2026 07:27:27; 11.000
 27.01.2026 07:30:26; 11.000
 27.01.2026 07:33:27; 10.938
 27.01.2026 07:36:27; 10.938
 27.01.2026 07:39:26; 10.938
 27.01.2026 07:42:27; 10.938
 27.01.2026 07:45:27; 10.938
 27.01.2026 07:48:26; 10.938
 27.01.2026 07:51:27; 10.938
 27.01.2026 07:54:26; 10.875
 27.01.2026 07:57:26; 10.875
 27.01.2026 08:00:27; 10.875
 27.01.2026 08:03:26; 10.813
 27.01.2026 08:06:26; 10.813
 27.01.2026 08:09:27; 10.813
 27.01.2026 08:12:27; 10.750
 27.01.2026 08:15:26; 10.750
 27.01.2026 08:18:27; 10.750
 27.01.2026 08:21:27; 10.750
 27.01.2026 08:24:26; 10.750
 27.01.2026 08:27:27; 10.750
 27.01.2026 08:30:27; 10.750
 27.01.2026 08:33:26; 10.750
 27.01.2026 08:36:27; 10.750
 27.01.2026 08:39:26; 10.750
 27.01.2026 08:42:26; 10.688
 27.01.2026 08:45:27; 10.750
 27.01.2026 08:48:26; 10.750
 27.01.2026 08:51:26; 10.750
 27.01.2026 08:54:27; 10.688
 27.01.2026 08:57:27; 10.688
 27.01.2026 09:00:26; 10.688
 27.01.2026 09:03:27; 10.625
 27.01.2026 09:06:27; 10.563
 27.01.2026 09:09:26; 10.500
 27.01.2026 09:12:27; 10.500
 27.01.2026 09:15:27; 10.438
 27.01.2026 09:18:26; 10.438
 27.01.2026 09:21:27; 10.438
 27.01.2026 09:24:26; 10.375
 27.01.2026 09:27:26; 10.313
 27.01.2026 09:30:27; 10.313
 27.01.2026 09:33:26; 10.313
 27.01.2026 09:36:26; 10.313
 27.01.2026 09:39:27; 10.313
 27.01.2026 09:42:27; 10.313
 27.01.2026 09:45:26; 10.313
 27.01.2026 09:48:27; 10.313
 27.01.2026 09:51:27; 10.313
 27.01.2026 09:54:26; 10.313
 27.01.2026 09:57:27; 10.375
 27.01.2026 10:00:27; 10.375
 27.01.2026 10:03:26; 10.313
 27.01.2026 10:06:27; 10.313
 27.01.2026 10:09:26; 10.250
 27.01.2026 10:12:26; 10.313
 27.01.2026 10:15:27; 10.313
 27.01.2026 10:18:26; 10.250
 27.01.2026 10:21:26; 10.250
 27.01.2026 10:24:27; 10.250
 27.01.2026 10:27:27; 10.188
 27.01.2026 10:30:26; 10.188
 27.01.2026 10:33:27; 10.125
 27.01.2026 10:36:27; 10.125
 27.01.2026 10:39:26; 10.125
 27.01.2026 10:42:27; 10.125
 27.01.2026 10:45:27; 10.125
 27.01.2026 10:48:26; 10.063
 27.01.2026 10:51:27; 10.063
 27.01.2026 10:54:26; 10.063
 27.01.2026 10:57:26; 10.063
 27.01.2026 11:00:27; 10.000
 27.01.2026 11:03:26; 10.000
 27.01.2026 11:06:26; 10.000
 27.01.2026 11:09:27; 10.063
 27.01.2026 11:12:27; 10.063
 27.01.2026 11:15:26; 10.125
 27.01.2026 11:18:27; 10.125
 27.01.2026 11:21:27; 10.125
 27.01.2026 11:24:26; 10.188
 27.01.2026 11:27:27; 10.125
 27.01.2026 11:30:27; 10.188
 27.01.2026 11:33:26; 10.188
 27.01.2026 11:36:27; 10.313
 27.01.2026 11:39:26; 10.438
 27.01.2026 11:42:26; 10.563
 27.01.2026 11:45:27; 10.688
 27.01.2026 11:48:26; 10.813
 27.01.2026 11:51:26; 11.000
 27.01.2026 11:54:27; 11.125
 27.01.2026 11:57:27; 11.313
 27.01.2026 12:00:26; 11.500
 27.01.2026 12:03:27; 11.688
 27.01.2026 12:06:27; 11.813
 27.01.2026 12:09:26; 12.063
 27.01.2026 12:12:27; 12.313
 27.01.2026 12:15:27; 12.500
 27.01.2026 12:18:26; 12.625
 27.01.2026 12:21:27; 12.813
 27.01.2026 12:24:26; 12.938
 27.01.2026 12:27:26; 13.125
 27.01.2026 12:30:27; 13.250
 27.01.2026 12:33:26; 13.438
 27.01.2026 12:36:26; 13.625
 27.01.2026 12:39:27; 13.750
 27.01.2026 12:42:27; 14.000
 27.01.2026 12:45:26; 14.125
 27.01.2026 12:48:27; 14.313
 27.01.2026 12:51:27; 14.500
 27.01.2026 12:54:26; 14.563
 27.01.2026 12:57:27; 14.688
 27.01.2026 13:00:27; 14.875
 27.01.2026 13:03:26; 15.000
 27.01.2026 13:06:27; 15.125
 27.01.2026 13:09:26; 15.188
 27.01.2026 13:12:26; 15.188
 27.01.2026 13:15:27; 15.375
 27.01.2026 13:18:26; 15.563
 27.01.2026 13:21:26; 15.688
 27.01.2026 13:24:27; 15.813
 27.01.2026 13:27:27; 16.000
 27.01.2026 13:30:26; 16.125
 27.01.2026 13:33:27; 16.125
 27.01.2026 13:36:27; 16.188
 27.01.2026 13:39:26; 16.313
 27.01.2026 13:42:27; 16.438
 27.01.2026 13:45:27; 16.688
 27.01.2026 13:48:26; 17.000
 27.01.2026 13:51:27; 17.125
 27.01.2026 13:54:26; 17.125
 27.01.2026 13:57:26; 17.188
 27.01.2026 14:00:27; 17.125
 27.01.2026 14:03:26; 17.063
 27.01.2026 14:06:26; 17.125
 27.01.2026 14:09:27; 17.188
 27.01.2026 14:12:27; 17.188
 27.01.2026 14:15:26; 17.250
 27.01.2026 14:18:27; 17.313
 27.01.2026 14:21:27; 17.188
 27.01.2026 14:24:26; 17.125
 27.01.2026 14:27:27; 17.125
 27.01.2026 14:30:27; 17.188
 27.01.2026 14:33:26; 17.188
 27.01.2026 14:36:27; 17.250
 27.01.2026 14:39:26; 17.250
 27.01.2026 14:42:26; 17.313
 27.01.2026 14:45:27; 17.375
 27.01.2026 14:48:26; 17.438
 27.01.2026 14:51:26; 17.500
 27.01.2026 14:54:27; 17.625
 27.01.2026 14:57:27; 17.750
 27.01.2026 15:00:26; 17.813
 27.01.2026 15:03:27; 18.000
 27.01.2026 15:06:27; 18.125
 27.01.2026 15:09:26; 18.313
 27.01.2026 15:12:27; 18.500
 27.01.2026 15:15:27; 18.750
 27.01.2026 15:18:26; 18.938
 27.01.2026 15:21:27; 19.125
 27.01.2026 15:24:26; 19.375
 27.01.2026 15:27:26; 19.438
 27.01.2026 15:30:27; 19.625
 27.01.2026 15:33:26; 19.938
 27.01.2026 15:36:26; 20.125
 27.01.2026 15:39:27; 20.188
 27.01.2026 15:42:27; 20.375
 27.01.2026 15:45:26; 20.438
 27.01.2026 15:48:27; 20.563
 27.01.2026 15:51:27; 20.625
 27.01.2026 15:54:26; 20.813
 27.01.2026 15:57:27; 21.063
 27.01.2026 16:00:27; 21.438
 27.01.2026 16:03:26; 21.938
 27.01.2026 16:06:27; 22.188
 27.01.2026 16:09:26; 22.438
 27.01.2026 16:12:26; 22.750
 27.01.2026 16:15:27; 23.000
 27.01.2026 16:18:26; 23.313
 27.01.2026 16:21:26; 23.563
 27.01.2026 16:24:27; 23.813
 27.01.2026 16:27:27; 24.125
 27.01.2026 16:30:26; 24.063
 27.01.2026 16:33:27; 24.063
 27.01.2026 16:36:27; 24.313
 27.01.2026 16:39:26; 24.313
 27.01.2026 16:42:27; 24.438
 27.01.2026 16:45:27; 24.813
 27.01.2026 16:48:26; 24.938
 27.01.2026 16:51:27; 25.375
 27.01.2026 16:54:26; 25.938
 27.01.2026 16:57:26; 26.063
 27.01.2026 17:00:27; 26.313
 27.01.2026 17:03:26; 26.375
 27.01.2026 17:06:26; 26.625
 27.01.2026 17:09:27; 26.625
 27.01.2026 17:12:27; 26.750
 27.01.2026 17:15:26; 26.813
 27.01.2026 17:18:27; 27.000
 27.01.2026 17:21:27; 27.313
 27.01.2026 17:24:26; 28.063
 27.01.2026 17:27:27; 27.938
 27.01.2026 17:30:27; 28.063
 27.01.2026 17:33:26; 28.938
 27.01.2026 17:36:27; 29.688
 27.01.2026 17:39:26; 30.625
 27.01.2026 17:42:26; 30.938
 27.01.2026 17:45:27; 30.750
 27.01.2026 17:48:26; 30.938
 27.01.2026 17:51:26; 30.813
 27.01.2026 17:54:27; 31.188
 27.01.2026 17:57:27; 31.875
 27.01.2026 18:00:26; 32.875
 27.01.2026 18:03:27; 33.313
 27.01.2026 18:06:27; 33.125
 27.01.2026 18:09:26; 33.500
 27.01.2026 18:12:27; 34.125
 27.01.2026 18:15:27; 34.125
 27.01.2026 18:18:26; 34.188
 27.01.2026 18:21:27; 34.000
 27.01.2026 18:24:26; 35.500
 27.01.2026 18:27:26; 35.813
 27.01.2026 18:30:27; 35.875
 27.01.2026 18:33:26; 37.000
 27.01.2026 18:36:26; 37.875
 27.01.2026 18:39:27; 37.000
 27.01.2026 18:42:27; 36.938
 27.01.2026 18:45:26; 36.688
 27.01.2026 18:48:27; 36.625
 27.01.2026 18:51:27; 36.750
 27.01.2026 18:54:26; 36.688
 27.01.2026 18:57:27; 36.625
 27.01.2026 19:00:27; 36.750
 27.01.2026 19:03:26; 38.063
 27.01.2026 19:06:27; 38.250
 27.01.2026 19:09:26; 37.625
 27.01.2026 19:12:26; 37.750
 27.01.2026 19:15:27; 37.625
 27.01.2026 19:18:26; 37.125
 27.01.2026 19:21:26; 38.063
 27.01.2026 19:24:27; 38.688
 27.01.2026 19:27:27; 39.188
 27.01.2026 19:30:26; 39.813
 27.01.2026 19:33:27; 40.250
 27.01.2026 19:36:27; 40.000
 27.01.2026 19:39:26; 40.000
 27.01.2026 19:42:27; 40.500
 27.01.2026 19:45:27; 40.625
 27.01.2026 19:48:26; 40.438
 27.01.2026 19:51:27; 40.375
 27.01.2026 19:54:26; 40.438
 27.01.2026 19:57:26; 40.500
 27.01.2026 20:00:27; 41.063
 27.01.2026 20:03:26; 41.688
 27.01.2026 20:06:26; 42.000
 27.01.2026 20:09:27; 41.938
 27.01.2026 20:12:27; 41.500
 27.01.2026 20:15:26; 41.688
 27.01.2026 20:18:27; 41.875
 27.01.2026 20:21:27; 41.875
 27.01.2026 20:24:26; 41.375
 27.01.2026 20:27:27; 41.125
 27.01.2026 20:30:27; 40.875
 27.01.2026 20:33:26; 40.813
 27.01.2026 20:36:27; 40.000
 27.01.2026 20:39:26; 38.375
 27.01.2026 20:42:26; 35.625
 27.01.2026 20:45:27; 34.563
 27.01.2026 20:48:26; 34.188
 27.01.2026 20:51:26; 32.563
 27.01.2026 20:54:27; 30.063
 27.01.2026 20:57:27; 28.000
 27.01.2026 21:00:26; 26.625
 27.01.2026 21:03:27; 25.688
 27.01.2026 21:06:27; 24.750
 27.01.2026 21:09:26; 23.938
 27.01.2026 21:12:27; 23.313
 27.01.2026 21:15:27; 22.750
 27.01.2026 21:18:26; 22.250
 27.01.2026 21:21:27; 21.813
 27.01.2026 21:24:26; 21.500
 27.01.2026 21:27:26; 21.125
 27.01.2026 21:30:27; 20.875
 27.01.2026 21:33:26; 20.563
 27.01.2026 21:36:26; 20.313
 27.01.2026 21:39:27; 20.063
 27.01.2026 21:42:27; 19.875
 27.01.2026 21:45:26; 19.625
 27.01.2026 21:48:27; 19.438
 27.01.2026 21:51:27; 19.313
 27.01.2026 21:54:26; 19.188
 27.01.2026 21:57:27; 19.000
 27.01.2026 22:00:27; 18.875
 27.01.2026 22:03:26; 18.813
 27.01.2026 22:06:27; 18.688
 27.01.2026 22:09:26; 18.563
 27.01.2026 22:12:26; 18.500
 27.01.2026 22:15:27; 18.375
 27.01.2026 22:18:26; 18.313
 27.01.2026 22:21:26; 18.250
 27.01.2026 22:24:27; 18.125
 27.01.2026 22:27:27; 18.063
 27.01.2026 22:30:26; 18.000
 27.01.2026 22:33:27; 17.875
 27.01.2026 22:36:27; 17.813
 27.01.2026 22:39:26; 17.750
 27.01.2026 22:42:27; 17.625
 27.01.2026 22:45:27; 17.563
 27.01.2026 22:48:26; 17.500
 27.01.2026 22:51:27; 17.438
 27.01.2026 22:54:26; 17.375
 27.01.2026 22:57:26; 17.313
 27.01.2026 23:00:27; 17.250
 27.01.2026 23:03:26; 17.125
 27.01.2026 23:06:26; 17.063
 27.01.2026 23:09:27; 17.000
 27.01.2026 23:12:27; 16.875
 27.01.2026 23:15:26; 16.813
 27.01.2026 23:18:27; 16.688
 27.01.2026 23:21:27; 16.500
 27.01.2026 23:24:26; 16.375
 27.01.2026 23:27:27; 16.250
 27.01.2026 23:30:27; 16.188
 27.01.2026 23:33:26; 16.063
 27.01.2026 23:36:27; 15.938
 27.01.2026 23:39:26; 15.813
 27.01.2026 23:42:26; 15.750
 27.01.2026 23:45:27; 15.625
 27.01.2026 23:48:26; 15.563
 27.01.2026 23:51:26; 15.500
 27.01.2026 23:54:27; 15.375
 27.01.2026 23:57:27; 15.313
 28.01.2026 00:00:26; 15.188
 28.01.2026 00:03:27; 15.188
 28.01.2026 00:06:27; 15.125
 28.01.2026 00:09:26; 15.063
 28.01.2026 00:12:27; 15.000
 28.01.2026 00:15:27; 14.938
 28.01.2026 00:18:26; 15.000
 28.01.2026 00:21:27; 15.000
 28.01.2026 00:24:26; 14.938
 28.01.2026 00:27:26; 14.875
 28.01.2026 00:30:27; 14.813
 28.01.2026 00:33:26; 14.813
 28.01.2026 00:36:26; 14.813
 28.01.2026 00:39:27; 14.750
 28.01.2026 00:42:27; 14.750
 28.01.2026 00:45:26; 14.750
 28.01.2026 00:48:27; 14.688
 28.01.2026 00:51:27; 14.625
 28.01.2026 00:54:26; 14.500
 28.01.2026 00:57:27; 14.500
 28.01.2026 01:00:27; 14.500
 28.01.2026 01:03:26; 14.438
 28.01.2026 01:06:27; 14.375
 28.01.2026 01:09:26; 14.313
 28.01.2026 01:12:26; 14.250
 28.01.2026 01:15:27; 14.188
 28.01.2026 01:18:26; 14.125
 28.01.2026 01:21:26; 14.063
 28.01.2026 01:24:27; 14.063
 28.01.2026 01:27:27; 14.000
 28.01.2026 01:30:26; 13.938
 28.01.2026 01:33:27; 13.875
 28.01.2026 01:36:27; 13.875
 28.01.2026 01:39:26; 13.813
 28.01.2026 01:42:27; 13.750
 28.01.2026 01:45:27; 13.688
 28.01.2026 01:48:26; 13.625
 28.01.2026 01:51:27; 13.563
 28.01.2026 01:54:26; 13.438
 28.01.2026 01:57:26; 13.375
 28.01.2026 02:00:27; 13.313
 28.01.2026 02:03:26; 13.313
 28.01.2026 02:06:26; 13.250
 28.01.2026 02:09:27; 13.250
 28.01.2026 02:12:27; 13.250
 28.01.2026 02:15:26; 13.250
 28.01.2026 02:18:27; 13.250
 28.01.2026 02:21:27; 13.250
 28.01.2026 02:24:26; 13.188
 28.01.2026 02:27:27; 13.188
 28.01.2026 02:30:27; 13.125
 28.01.2026 02:33:26; 13.125
 28.01.2026 02:36:27; 13.063
 28.01.2026 02:39:26; 13.063
 28.01.2026 02:42:26; 13.000
 28.01.2026 02:45:27; 12.938
 28.01.2026 02:48:26; 12.875
 28.01.2026 02:51:26; 12.875
 28.01.2026 02:54:27; 12.813
 28.01.2026 02:57:27; 12.813
 28.01.2026 03:00:26; 12.750
 28.01.2026 03:03:27; 12.688
 28.01.2026 03:06:27; 12.688
 28.01.2026 03:09:26; 12.688
 28.01.2026 03:12:27; 12.688
 28.01.2026 03:15:27; 12.625
 28.01.2026 03:18:26; 12.563
 28.01.2026 03:21:27; 12.563
 28.01.2026 03:24:26; 12.563
 28.01.2026 03:27:26; 12.563
 28.01.2026 03:30:27; 12.563
 28.01.2026 03:33:26; 12.500
 28.01.2026 03:36:26; 12.438
 28.01.2026 03:39:27; 12.438
 28.01.2026 03:42:27; 12.500
 28.01.2026 03:45:26; 12.438
 28.01.2026 03:48:27; 12.375
 28.01.2026 03:51:27; 12.375
 28.01.2026 03:54:26; 12.375
 28.01.2026 03:57:27; 12.313
 28.01.2026 04:00:27; 12.250
 28.01.2026 04:03:26; 12.188
 28.01.2026 04:06:27; 12.188
 28.01.2026 04:09:26; 12.125
 28.01.2026 04:12:26; 12.125
 28.01.2026 04:15:27; 12.125
 28.01.2026 04:18:26; 12.063
 28.01.2026 04:21:26; 12.063
 28.01.2026 04:24:27; 12.063
 28.01.2026 04:27:27; 12.063
 28.01.2026 04:30:26; 12.000
 28.01.2026 04:33:27; 12.000
 28.01.2026 04:36:27; 12.000
 28.01.2026 04:39:26; 12.000
 28.01.2026 04:42:27; 12.063
 28.01.2026 04:45:27; 12.125
 28.01.2026 04:48:26; 12.125
 28.01.2026 04:51:27; 12.125
 28.01.2026 04:54:26; 12.063
 28.01.2026 04:57:26; 12.000
 28.01.2026 05:00:27; 11.875
 28.01.2026 05:03:26; 11.875
 28.01.2026 05:06:26; 11.813
 28.01.2026 05:09:27; 11.750
 28.01.2026 05:12:27; 11.750
 28.01.2026 05:15:26; 11.688
 28.01.2026 05:18:27; 11.625
 28.01.2026 05:21:27; 11.625
 28.01.2026 05:24:26; 11.563
 28.01.2026 05:27:27; 11.563
 28.01.2026 05:30:27; 11.500
 28.01.2026 05:33:26; 11.500
 28.01.2026 05:36:27; 11.438
 28.01.2026 05:39:26; 11.438
 28.01.2026 05:42:26; 11.375
 28.01.2026 05:45:27; 11.313
 28.01.2026 05:48:26; 11.313
 28.01.2026 05:51:26; 11.313
 28.01.2026 05:54:27; 11.250
 28.01.2026 05:57:27; 11.250
 28.01.2026 06:00:26; 11.188
 28.01.2026 06:03:27; 11.188
 28.01.2026 06:06:27; 11.188
 28.01.2026 06:09:26; 11.188
 28.01.2026 06:12:27; 11.188
 28.01.2026 06:15:27; 11.125
 28.01.2026 06:18:26; 11.125
 28.01.2026 06:21:27; 11.125
 28.01.2026 06:24:26; 11.125
 28.01.2026 06:27:26; 11.125
 28.01.2026 06:30:27; 11.063
 28.01.2026 06:33:26; 11.125
 28.01.2026 06:36:26; 11.063
 28.01.2026 06:39:27; 11.000
 28.01.2026 06:42:27; 11.000
 28.01.2026 06:45:26; 10.938
 28.01.2026 06:48:27; 10.938
 28.01.2026 06:51:27; 10.938
 28.01.2026 06:54:26; 10.938
 28.01.2026 06:57:27; 10.875
 28.01.2026 07:00:27; 10.875
 28.01.2026 07:03:26; 10.875
 28.01.2026 07:06:27; 10.813
 28.01.2026 07:09:26; 10.813
 28.01.2026 07:12:26; 10.813
 28.01.2026 07:15:27; 10.750
 28.01.2026 07:18:26; 10.750
 28.01.2026 07:21:26; 10.750
 28.01.2026 07:24:27; 10.688
 28.01.2026 07:27:27; 10.750
 28.01.2026 07:30:26; 10.688
 28.01.2026 07:33:27; 10.688
 28.01.2026 07:36:27; 10.688
 28.01.2026 07:39:26; 10.625
 28.01.2026 07:42:27; 10.625
 28.01.2026 07:45:27; 10.688
 28.01.2026 07:48:26; 10.688
 28.01.2026 07:51:27; 10.688
 28.01.2026 07:54:26; 10.625
 28.01.2026 07:57:26; 10.625
 28.01.2026 08:00:27; 10.688
 28.01.2026 08:03:26; 10.625
 28.01.2026 08:06:26; 10.625
 28.01.2026 08:09:27; 10.625
 28.01.2026 08:12:27; 10.625
 28.01.2026 08:15:26; 10.625
 28.01.2026 08:18:27; 10.625
 28.01.2026 08:21:27; 10.625
 28.01.2026 08:24:26; 10.688
 28.01.2026 08:27:27; 10.688
 28.01.2026 08:30:27; 10.688
 28.01.2026 08:33:26; 10.688
 28.01.2026 08:36:27; 10.688
 28.01.2026 08:39:26; 10.688
 28.01.2026 08:42:26; 10.688
 28.01.2026 08:45:27; 10.625
 28.01.2026 08:48:26; 10.563
 28.01.2026 08:51:26; 10.563
 28.01.2026 08:54:27; 10.563
 28.01.2026 08:57:27; 10.500
 28.01.2026 09:00:26; 10.500
 28.01.2026 09:03:27; 10.438
 28.01.2026 09:06:27; 10.438
 28.01.2026 09:09:26; 10.375
 28.01.2026 09:12:27; 10.313
 28.01.2026 09:15:27; 10.313
 28.01.2026 09:18:26; 10.313
 28.01.2026 09:21:27; 10.313
 28.01.2026 09:24:26; 10.313
 28.01.2026 09:27:26; 10.313
 28.01.2026 09:30:27; 10.313
 28.01.2026 09:33:26; 10.250
 28.01.2026 09:36:26; 10.250
 28.01.2026 09:39:27; 10.250
 28.01.2026 09:42:27; 10.250
 28.01.2026 09:45:26; 10.188
 28.01.2026 09:48:27; 10.188
 28.01.2026 09:51:27; 10.188
 28.01.2026 09:54:26; 10.125
 28.01.2026 09:57:27; 10.125
 28.01.2026 10:00:27; 10.063
 28.01.2026 10:03:26; 10.063
 28.01.2026 10:06:27; 10.000
 28.01.2026 10:09:26; 10.000
 28.01.2026 10:12:26; 10.000
 28.01.2026 10:15:27;  9.938
 28.01.2026 10:18:26;  9.938
 28.01.2026 10:21:26; 10.000
 28.01.2026 10:24:27; 10.000
 28.01.2026 10:27:27; 10.000
 28.01.2026 10:30:26; 10.000
 28.01.2026 10:33:27; 10.063
 28.01.2026 10:36:27; 10.063
 28.01.2026 10:39:26; 10.125
 28.01.2026 10:42:27; 10.125
 28.01.2026 10:45:27; 10.125
 28.01.2026 10:48:26; 10.125
 28.01.2026 10:51:27; 10.188
 28.01.2026 10:54:26; 10.188
 28.01.2026 10:57:26; 10.188
 28.01.2026 11:00:27; 10.188
 28.01.2026 11:03:26; 10.188
 28.01.2026 11:06:26; 10.250
 28.01.2026 11:09:27; 10.313
 28.01.2026 11:12:27; 10.313
 28.01.2026 11:15:26; 10.313
 28.01.2026 11:18:27; 10.250
 28.01.2026 11:21:27; 10.250
 28.01.2026 11:24:26; 10.250
 28.01.2026 11:27:27; 10.250
 28.01.2026 11:30:27; 10.250
 28.01.2026 11:33:26; 10.313
 28.01.2026 11:36:27; 10.313
 28.01.2026 11:39:26; 10.438
 28.01.2026 11:42:26; 10.563
 28.01.2026 11:45:27; 10.750
 28.01.2026 11:48:26; 10.938
 28.01.2026 11:51:26; 11.063
 28.01.2026 11:54:27; 11.188
 28.01.2026 11:57:27; 11.313
 28.01.2026 12:00:26; 11.438
 28.01.2026 12:03:27; 11.563
 28.01.2026 12:06:27; 11.688
 28.01.2026 12:09:26; 11.813
 28.01.2026 12:12:27; 11.875
 28.01.2026 12:15:27; 11.938
 28.01.2026 12:18:26; 12.125
 28.01.2026 12:21:27; 12.250
 28.01.2026 12:24:26; 12.438
 28.01.2026 12:27:26; 12.625
 28.01.2026 12:30:27; 12.813
 28.01.2026 12:33:26; 12.938
 28.01.2026 12:36:26; 13.063
 28.01.2026 12:39:27; 13.250
 28.01.2026 12:42:27; 13.375
 28.01.2026 12:45:26; 13.500
 28.01.2026 12:48:27; 13.563
 28.01.2026 12:51:27; 13.750
 28.01.2026 12:54:26; 13.938
 28.01.2026 12:57:27; 14.063
 28.01.2026 13:00:27; 14.188
 28.01.2026 13:03:26; 14.313
 28.01.2026 13:06:27; 14.500
 28.01.2026 13:09:26; 14.563
 28.01.2026 13:12:26; 14.750
 28.01.2026 13:15:27; 14.938
 28.01.2026 13:18:26; 15.063
 28.01.2026 13:21:26; 15.313
 28.01.2026 13:24:27; 15.500
 28.01.2026 13:27:27; 15.625
 28.01.2026 13:30:26; 15.750
 28.01.2026 13:33:27; 15.875
 28.01.2026 13:36:27; 16.000
 28.01.2026 13:39:26; 16.125
 28.01.2026 13:42:27; 16.250
 28.01.2026 13:45:27; 16.438
 28.01.2026 13:48:26; 16.625
 28.01.2026 13:51:27; 16.813
 28.01.2026 13:54:26; 17.188
 28.01.2026 13:57:26; 17.500
 28.01.2026 14:00:27; 17.750
 28.01.2026 14:03:26; 17.813
 28.01.2026 14:06:26; 17.938
 28.01.2026 14:09:27; 18.188
 28.01.2026 14:12:27; 18.313
 28.01.2026 14:15:26; 18.313
 28.01.2026 14:18:27; 18.375
 28.01.2026 14:21:27; 18.500
 28.01.2026 14:24:26; 18.563
 28.01.2026 14:27:27; 18.500
 28.01.2026 14:30:27; 18.438
 28.01.2026 14:33:26; 18.500
 28.01.2026 14:36:27; 18.500
 28.01.2026 14:39:26; 18.563
 28.01.2026 14:42:26; 18.688
 28.01.2026 14:45:27; 18.750
 28.01.2026 14:48:26; 18.813
 28.01.2026 14:51:26; 18.875
 28.01.2026 14:54:27; 19.000
 28.01.2026 14:57:27; 19.063
 28.01.2026 15:00:26; 19.125
 28.01.2026 15:03:27; 19.188
 28.01.2026 15:06:27; 19.250
 28.01.2026 15:09:26; 19.313
 28.01.2026 15:12:27; 19.500
 28.01.2026 15:15:27; 19.500
 28.01.2026 15:18:26; 19.625
 28.01.2026 15:21:27; 19.938
 28.01.2026 15:24:26; 20.188
 28.01.2026 15:27:26; 20.375
 28.01.2026 15:30:27; 20.563
 28.01.2026 15:33:26; 20.813
 28.01.2026 15:36:26; 21.000
 28.01.2026 15:39:27; 21.188
 28.01.2026 15:42:27; 21.438
 28.01.2026 15:45:26; 21.688
 28.01.2026 15:48:27; 21.750
 28.01.2026 15:51:27; 21.563
 28.01.2026 15:54:26; 21.750
 28.01.2026 15:57:27; 22.000
 28.01.2026 16:00:27; 22.250
 28.01.2026 16:03:26; 22.500
 28.01.2026 16:06:27; 22.750
 28.01.2026 16:09:26; 23.000
 28.01.2026 16:12:26; 23.125
 28.01.2026 16:15:27; 23.375
 28.01.2026 16:18:26; 23.813
 28.01.2026 16:21:26; 24.063
 28.01.2026 16:24:27; 24.313
 28.01.2026 16:27:27; 24.625
 28.01.2026 16:30:26; 24.875
 28.01.2026 16:33:27; 25.125
 28.01.2026 16:36:27; 25.000
 28.01.2026 16:39:26; 25.063
 28.01.2026 16:42:27; 25.000
 28.01.2026 16:45:27; 25.125
 28.01.2026 16:48:26; 25.250
 28.01.2026 16:51:27; 25.500
 28.01.2026 16:54:26; 25.875
 28.01.2026 16:57:26; 25.938
 28.01.2026 17:00:27; 26.188
 28.01.2026 17:03:26; 26.563
 28.01.2026 17:06:26; 26.813
 28.01.2026 17:09:27; 27.125
 28.01.2026 17:12:27; 27.500
 28.01.2026 17:15:26; 27.563
 28.01.2026 17:18:27; 27.688
 28.01.2026 17:21:27; 27.813
 28.01.2026 17:24:26; 28.125
 28.01.2026 17:27:27; 29.063
 28.01.2026 17:30:27; 29.938
 28.01.2026 17:33:26; 30.500
 28.01.2026 17:36:27; 30.625
 28.01.2026 17:39:26; 30.750
 28.01.2026 17:42:26; 30.688
 28.01.2026 17:45:27; 30.875
 28.01.2026 17:48:26; 31.188
 28.01.2026 17:51:26; 31.625
 28.01.2026 17:54:27; 32.063
 28.01.2026 17:57:27; 32.313
 28.01.2026 18:00:26; 33.000
 28.01.2026 18:03:27; 33.938
 28.01.2026 18:06:27; 34.500
 28.01.2026 18:09:26; 35.125
 28.01.2026 18:12:27; 36.188
 28.01.2026 18:15:27; 37.000
 28.01.2026 18:18:26; 37.750
 28.01.2026 18:21:27; 38.625
 28.01.2026 18:24:26; 38.625
 28.01.2026 18:27:26; 38.750
 28.01.2026 18:30:27; 39.375
 28.01.2026 18:33:26; 39.813
 28.01.2026 18:36:26; 39.500
 28.01.2026 18:39:27; 39.500
 28.01.2026 18:42:27; 39.875
 28.01.2026 18:45:26; 40.813
 28.01.2026 18:48:27; 40.063
 28.01.2026 18:51:27; 39.875
 28.01.2026 18:54:26; 40.813
 28.01.2026 18:57:27; 41.375
 28.01.2026 19:00:27; 41.375
 28.01.2026 19:03:26; 41.250
 28.01.2026 19:06:27; 41.000
 28.01.2026 19:09:26; 40.063
 28.01.2026 19:12:26; 39.688
 28.01.2026 19:15:27; 39.813
 28.01.2026 19:18:26; 39.375
 28.01.2026 19:21:26; 38.688
 28.01.2026 19:24:27; 39.688
 28.01.2026 19:27:27; 40.750
 28.01.2026 19:30:26; 40.875
 28.01.2026 19:33:27; 41.063
 28.01.2026 19:36:27; 42.000
 28.01.2026 19:39:26; 42.938
 28.01.2026 19:42:27; 43.688
 28.01.2026 19:45:27; 44.000
 28.01.2026 19:48:26; 44.125
 28.01.2026 19:51:27; 44.438
 28.01.2026 19:54:26; 44.250
 28.01.2026 19:57:26; 44.250
 28.01.2026 20:00:27; 43.938
 28.01.2026 20:03:26; 43.563
 28.01.2026 20:06:26; 43.750
 28.01.2026 20:09:27; 43.188
 28.01.2026 20:12:27; 43.250
 28.01.2026 20:15:26; 43.563
 28.01.2026 20:18:27; 43.063
 28.01.2026 20:21:27; 42.750
 28.01.2026 20:24:26; 42.813
 28.01.2026 20:27:27; 42.750
 28.01.2026 20:30:27; 42.750
 28.01.2026 20:33:26; 42.063
 28.01.2026 20:36:27; 41.063
 28.01.2026 20:39:26; 39.375
 28.01.2026 20:42:26; 36.875
 28.01.2026 20:45:27; 34.813
 28.01.2026 20:48:26; 33.375
 28.01.2026 20:51:26; 31.563
 28.01.2026 20:54:27; 29.688
 28.01.2026 20:57:27; 28.125
 28.01.2026 21:00:26; 26.875
 28.01.2026 21:03:27; 26.000
 28.01.2026 21:06:27; 25.188
 28.01.2026 21:09:26; 24.625
 28.01.2026 21:12:27; 24.063
 28.01.2026 21:15:27; 23.688
 28.01.2026 21:18:26; 23.313
 28.01.2026 21:21:27; 23.000
 28.01.2026 21:24:26; 22.688
 28.01.2026 21:27:26; 22.375
 28.01.2026 21:30:27; 22.125
 28.01.2026 21:33:26; 21.875
 28.01.2026 21:36:26; 21.750
 28.01.2026 21:39:27; 21.563
 28.01.2026 21:42:27; 21.375
 28.01.2026 21:45:26; 21.250
 28.01.2026 21:48:27; 21.125
 28.01.2026 21:51:27; 21.000
 28.01.2026 21:54:26; 20.875
 28.01.2026 21:57:27; 20.750
 28.01.2026 22:00:27; 20.625
 28.01.2026 22:03:26; 20.500
 28.01.2026 22:06:27; 20.438
 28.01.2026 22:09:26; 20.375
 28.01.2026 22:12:26; 20.313
 28.01.2026 22:15:27; 20.250
 28.01.2026 22:18:26; 20.188
 28.01.2026 22:21:26; 20.063
 28.01.2026 22:24:27; 20.000
 28.01.2026 22:27:27; 19.938
 28.01.2026 22:30:26; 19.875
 28.01.2026 22:33:27; 19.813
 28.01.2026 22:36:27; 19.688
 28.01.2026 22:39:26; 19.625
 28.01.2026 22:42:27; 19.563
 28.01.2026 22:45:27; 19.563
 28.01.2026 22:48:26; 19.500
 28.01.2026 22:51:27; 19.438
 28.01.2026 22:54:26; 19.313
 28.01.2026 22:57:26; 19.250
 28.01.2026 23:00:27; 19.188
 28.01.2026 23:03:26; 19.125
 28.01.2026 23:06:26; 19.000
 28.01.2026 23:09:27; 18.938
 28.01.2026 23:12:27; 18.875
 28.01.2026 23:15:26; 18.813
 28.01.2026 23:18:27; 18.688
 28.01.2026 23:21:27; 18.563
 28.01.2026 23:24:26; 18.500
 28.01.2026 23:27:27; 18.438
 28.01.2026 23:30:27; 18.375
 28.01.2026 23:33:26; 18.375
 28.01.2026 23:36:27; 18.250
 28.01.2026 23:39:26; 18.250
 28.01.2026 23:42:26; 18.188
 28.01.2026 23:45:27; 18.125
 28.01.2026 23:48:26; 18.063
 28.01.2026 23:51:26; 18.000
 28.01.2026 23:54:27; 18.000
 28.01.2026 23:57:27; 17.938
 29.01.2026 00:00:26; 17.875
 29.01.2026 00:03:27; 17.813
 29.01.2026 00:06:27; 17.813
 29.01.2026 00:09:26; 17.813
 29.01.2026 00:12:27; 17.750
 29.01.2026 00:15:27; 17.750
 29.01.2026 00:18:26; 17.750
 29.01.2026 00:21:27; 17.750
 29.01.2026 00:24:26; 17.813
 29.01.2026 00:27:26; 17.813
 29.01.2026 00:30:27; 17.813
 29.01.2026 00:33:26; 17.813
 29.01.2026 00:36:26; 17.813
 29.01.2026 00:39:27; 17.875
 29.01.2026 00:42:27; 17.875
 29.01.2026 00:45:26; 17.875
 29.01.2026 00:48:27; 17.875
 29.01.2026 00:51:27; 17.813
 29.01.2026 00:54:26; 17.750
 29.01.2026 00:57:27; 17.750
 29.01.2026 01:00:27; 17.688
 29.01.2026 01:03:26; 17.625
 29.01.2026 01:06:27; 17.625
 29.01.2026 01:09:26; 17.563
 29.01.2026 01:12:26; 17.500
 29.01.2026 01:15:27; 17.500
 29.01.2026 01:18:26; 17.500
 29.01.2026 01:21:26; 17.500
 29.01.2026 01:24:27; 17.438
 29.01.2026 01:27:27; 17.438
 29.01.2026 01:30:26; 17.375
 29.01.2026 01:33:27; 17.313
 29.01.2026 01:36:27; 17.250
 29.01.2026 01:39:26; 17.188
 29.01.2026 01:42:27; 17.125
 29.01.2026 01:45:27; 17.063
 29.01.2026 01:48:26; 17.000
 29.01.2026 01:51:27; 17.000
 29.01.2026 01:54:26; 16.938
 29.01.2026 01:57:26; 16.938
 29.01.2026 02:00:27; 16.875
 29.01.2026 02:03:26; 16.813
 29.01.2026 02:06:26; 16.813
 29.01.2026 02:09:27; 16.750
 29.01.2026 02:12:27; 16.688
 29.01.2026 02:15:26; 16.625
 29.01.2026 02:18:27; 16.563
 29.01.2026 02:21:27; 16.500
 29.01.2026 02:24:26; 16.500
 29.01.2026 02:27:27; 16.438
 29.01.2026 02:30:27; 16.375
 29.01.2026 02:33:26; 16.313
 29.01.2026 02:36:27; 16.250
 29.01.2026 02:39:26; 16.188
 29.01.2026 02:42:26; 16.188
 29.01.2026 02:45:27; 16.125
 29.01.2026 02:48:26; 16.125
 29.01.2026 02:51:26; 16.063
 29.01.2026 02:54:27; 16.063
 29.01.2026 02:57:27; 16.000
 29.01.2026 03:00:26; 16.000
 29.01.2026 03:03:27; 16.000
 29.01.2026 03:06:27; 16.000
 29.01.2026 03:09:26; 15.938
 29.01.2026 03:12:27; 15.875
 29.01.2026 03:15:27; 15.875
 29.01.2026 03:18:26; 15.813
 29.01.2026 03:21:27; 15.750
 29.01.2026 03:24:26; 15.688
 29.01.2026 03:27:26; 15.688
 29.01.2026 03:30:27; 15.625
 29.01.2026 03:33:26; 15.625
 29.01.2026 03:36:26; 15.563
 29.01.2026 03:39:27; 15.500
 29.01.2026 03:42:27; 15.500
 29.01.2026 03:45:26; 15.500
 29.01.2026 03:48:27; 15.500
 29.01.2026 03:51:27; 15.438
 29.01.2026 03:54:26; 15.375
 29.01.2026 03:57:27; 15.375
 29.01.2026 04:00:27; 15.375
 29.01.2026 04:03:26; 15.313
 29.01.2026 04:06:27; 15.313
 29.01.2026 04:09:26; 15.250
 29.01.2026 04:12:26; 15.250
 29.01.2026 04:15:27; 15.250
 29.01.2026 04:18:26; 15.250
 29.01.2026 04:21:26; 15.188
 29.01.2026 04:24:27; 15.188
 29.01.2026 04:27:27; 15.125
 29.01.2026 04:30:26; 15.125
 29.01.2026 04:33:27; 15.125
 29.01.2026 04:36:27; 15.125
 29.01.2026 04:39:26; 15.125
 29.01.2026 04:42:27; 15.063
 29.01.2026 04:45:27; 15.063
 29.01.2026 04:48:26; 15.063
 29.01.2026 04:51:27; 15.063
 29.01.2026 04:54:26; 15.063
 29.01.2026 04:57:26; 15.063
 29.01.2026 05:00:27; 15.063
 29.01.2026 05:03:26; 15.063
 29.01.2026 05:06:26; 15.063
 29.01.2026 05:09:27; 15.063
 29.01.2026 05:12:27; 15.125
 29.01.2026 05:15:26; 15.125
 29.01.2026 05:18:27; 15.125
 29.01.2026 05:21:27; 15.063
 29.01.2026 05:24:26; 15.000
 29.01.2026 05:27:27; 15.000
 29.01.2026 05:30:27; 15.000
 29.01.2026 05:33:26; 15.000
 29.01.2026 05:36:27; 15.000
 29.01.2026 05:39:26; 15.063
 29.01.2026 05:42:26; 15.000
 29.01.2026 05:45:27; 15.000
 29.01.2026 05:48:26; 15.000
 29.01.2026 05:51:26; 15.000
 29.01.2026 05:54:27; 15.000
 29.01.2026 05:57:27; 15.000
 29.01.2026 06:00:26; 15.063
 29.01.2026 06:03:27; 15.063
 29.01.2026 06:06:27; 15.063
 29.01.2026 06:09:26; 15.125
 29.01.2026 06:12:27; 15.125
 29.01.2026 06:15:27; 15.125
 29.01.2026 06:18:26; 15.125
 29.01.2026 06:21:27; 15.125
 29.01.2026 06:24:26; 15.188
 29.01.2026 06:27:26; 15.188
 29.01.2026 06:30:27; 15.188
 29.01.2026 06:33:26; 15.188
 29.01.2026 06:36:26; 15.188
 29.01.2026 06:39:27; 15.188
 29.01.2026 06:42:27; 15.250
 29.01.2026 06:45:26; 15.250
 29.01.2026 06:48:27; 15.250
 29.01.2026 06:51:27; 15.250
 29.01.2026 06:54:26; 15.188
 29.01.2026 06:57:27; 15.188
 29.01.2026 07:00:27; 15.188
 29.01.2026 07:03:26; 15.188
 29.01.2026 07:06:27; 15.188
 29.01.2026 07:09:26; 15.125
 29.01.2026 07:12:26; 15.125
 29.01.2026 07:15:27; 15.063
 29.01.2026 07:18:26; 15.063
 29.01.2026 07:21:26; 15.000
 29.01.2026 07:24:27; 14.938
 29.01.2026 07:27:27; 14.875
 29.01.2026 07:30:26; 14.875
 29.01.2026 07:33:27; 14.875
 29.01.2026 07:36:27; 14.875
 29.01.2026 07:39:26; 14.875
 29.01.2026 07:42:27; 14.875
 29.01.2026 07:45:27; 14.813
 29.01.2026 07:48:26; 14.813
 29.01.2026 07:51:27; 14.813
 29.01.2026 07:54:26; 14.750
 29.01.2026 07:57:26; 14.750
 29.01.2026 08:00:27; 14.688
 29.01.2026 08:03:26; 14.688
 29.01.2026 08:06:26; 14.688
 29.01.2026 08:09:27; 14.688
 29.01.2026 08:12:27; 14.688
 29.01.2026 08:15:26; 14.625
 29.01.2026 08:18:27; 14.625
 29.01.2026 08:21:27; 14.625
 29.01.2026 08:24:26; 14.563
 29.01.2026 08:27:27; 14.563
 29.01.2026 08:30:27; 14.500
 29.01.2026 08:33:26; 14.438
 29.01.2026 08:36:27; 14.438
 29.01.2026 08:39:26; 14.375
 29.01.2026 08:42:26; 14.375
 29.01.2026 08:45:27; 14.375
 29.01.2026 08:48:26; 14.375
 29.01.2026 08:51:26; 14.313
 29.01.2026 08:54:27; 14.375
 29.01.2026 08:57:27; 14.313
 29.01.2026 09:00:26; 14.313
 29.01.2026 09:03:27; 14.313
 29.01.2026 09:06:27; 14.250
 29.01.2026 09:09:26; 14.188
 29.01.2026 09:12:27; 14.125
 29.01.2026 09:15:27; 14.125
 29.01.2026 09:18:26; 14.063
 29.01.2026 09:21:27; 14.000
 29.01.2026 09:24:26; 14.000
 29.01.2026 09:27:26; 13.938
 29.01.2026 09:30:27; 13.938
 29.01.2026 09:33:26; 13.875
 29.01.2026 09:36:26; 13.875
 29.01.2026 09:39:27; 13.875
 29.01.2026 09:42:27; 13.813
 29.01.2026 09:45:26; 13.813
 29.01.2026 09:48:27; 13.813
 29.01.2026 09:51:27; 13.750
 29.01.2026 09:54:26; 13.750
 29.01.2026 09:57:27; 13.688
 29.01.2026 10:00:27; 13.688
 29.01.2026 10:03:26; 13.688
 29.01.2026 10:06:27; 13.688
 29.01.2026 10:09:26; 13.625
 29.01.2026 10:12:26; 13.625
 29.01.2026 10:15:27; 13.625
 29.01.2026 10:18:26; 13.625
 29.01.2026 10:21:26; 13.625
 29.01.2026 10:24:27; 13.688
 29.01.2026 10:27:27; 13.625
 29.01.2026 10:30:26; 13.625
 29.01.2026 10:33:27; 13.625
 29.01.2026 10:36:27; 13.688
 29.01.2026 10:39:26; 13.688
 29.01.2026 10:42:27; 13.625
 29.01.2026 10:45:27; 13.625
 29.01.2026 10:48:26; 13.688
 29.01.2026 10:51:27; 13.688
 29.01.2026 10:54:26; 13.688
 29.01.2026 10:57:26; 13.688
 29.01.2026 11:00:27; 13.688
 29.01.2026 11:03:26; 13.750
 29.01.2026 11:06:26; 13.750
 29.01.2026 11:09:27; 13.750
 29.01.2026 11:12:27; 13.688
 29.01.2026 11:15:26; 13.625
 29.01.2026 11:18:27; 13.688
 29.01.2026 11:21:27; 13.688
 29.01.2026 11:24:26; 13.625
 29.01.2026 11:27:27; 13.625
 29.01.2026 11:30:27; 13.625
 29.01.2026 11:33:26; 13.688
 29.01.2026 11:36:27; 13.750
 29.01.2026 11:39:26; 13.813
 29.01.2026 11:42:26; 13.938
 29.01.2026 11:45:27; 14.000
 29.01.2026 11:48:26; 14.125
 29.01.2026 11:51:26; 14.250
 29.01.2026 11:54:27; 14.313
 29.01.2026 11:57:27; 14.438
 29.01.2026 12:00:26; 14.563
 29.01.2026 12:03:27; 14.688
 29.01.2026 12:06:27; 14.875
 29.01.2026 12:09:26; 15.063
 29.01.2026 12:12:27; 15.250
 29.01.2026 12:15:27; 15.438
 29.01.2026 12:18:26; 15.688
 29.01.2026 12:21:27; 15.875
 29.01.2026 12:24:26; 16.063
 29.01.2026 12:27:26; 16.250
 29.01.2026 12:30:27; 16.438
 29.01.2026 12:33:26; 16.563
 29.01.2026 12:36:26; 16.750
 29.01.2026 12:39:27; 16.875
 29.01.2026 12:42:27; 17.000
 29.01.2026 12:45:26; 17.188
 29.01.2026 12:48:27; 17.375
 29.01.2026 12:51:27; 17.500
 29.01.2026 12:54:26; 17.688
 29.01.2026 12:57:27; 17.875
 29.01.2026 13:00:27; 17.938
 29.01.2026 13:03:26; 18.063
 29.01.2026 13:06:27; 18.188
 29.01.2026 13:09:26; 18.313
 29.01.2026 13:12:26; 18.375
 29.01.2026 13:15:27; 18.563
 29.01.2026 13:18:26; 18.750
 29.01.2026 13:21:26; 18.813
 29.01.2026 13:24:27; 18.938
 29.01.2026 13:27:27; 19.125
 29.01.2026 13:30:26; 19.250
 29.01.2026 13:33:27; 19.438
 29.01.2026 13:36:27; 19.563
 29.01.2026 13:39:26; 19.688
 29.01.2026 13:42:27; 19.813
 29.01.2026 13:45:27; 19.938
 29.01.2026 13:48:26; 20.000
 29.01.2026 13:51:27; 20.125
 29.01.2026 13:54:26; 20.250
 29.01.2026 13:57:26; 20.250
 29.01.2026 14:00:27; 20.313
 29.01.2026 14:03:26; 20.438
 29.01.2026 14:06:26; 20.563
 29.01.2026 14:09:27; 20.625
 29.01.2026 14:12:27; 20.688
 29.01.2026 14:15:26; 20.688
 29.01.2026 14:18:27; 20.625
 29.01.2026 14:21:27; 20.688
 29.01.2026 14:24:26; 20.688
 29.01.2026 14:27:27; 20.875
 29.01.2026 14:30:27; 20.938
 29.01.2026 14:33:26; 21.000
 29.01.2026 14:36:27; 21.063
 29.01.2026 14:39:26; 21.125
 29.01.2026 14:42:26; 21.250
 29.01.2026 14:45:27; 21.313
 29.01.2026 14:48:26; 21.500
 29.01.2026 14:51:26; 21.625
 29.01.2026 14:54:27; 21.750
 29.01.2026 14:57:27; 21.813
 29.01.2026 15:00:26; 21.938
 29.01.2026 15:03:27; 22.000
 29.01.2026 15:06:27; 22.000
 29.01.2026 15:09:26; 22.063
 29.01.2026 15:12:27; 22.188
 29.01.2026 15:15:27; 22.250
 29.01.2026 15:18:26; 22.438
 29.01.2026 15:21:27; 22.563
 29.01.2026 15:24:26; 22.813
 29.01.2026 15:27:26; 22.938
 29.01.2026 15:30:27; 23.125
 29.01.2026 15:33:26; 23.313
 29.01.2026 15:36:26; 23.438
 29.01.2026 15:39:27; 23.563
 29.01.2026 15:42:27; 23.688
 29.01.2026 15:45:26; 23.813
 29.01.2026 15:48:27; 23.938
 29.01.2026 15:51:27; 24.063
 29.01.2026 15:54:26; 24.313
 29.01.2026 15:57:27; 24.563
 29.01.2026 16:00:27; 24.875
 29.01.2026 16:03:26; 25.125
 29.01.2026 16:06:27; 25.375
 29.01.2026 16:09:26; 25.438
 29.01.2026 16:12:26; 25.438
 29.01.2026 16:15:27; 25.688
 29.01.2026 16:18:26; 25.875
 29.01.2026 16:21:26; 26.438
 29.01.2026 16:24:27; 26.625
 29.01.2026 16:27:27; 26.938
 29.01.2026 16:30:26; 27.063
 29.01.2026 16:33:27; 27.063
 29.01.2026 16:36:27; 27.125
 29.01.2026 16:39:26; 26.938
 29.01.2026 16:42:27; 27.063
 29.01.2026 16:45:27; 27.063
 29.01.2026 16:48:26; 27.000
 29.01.2026 16:51:27; 27.375
 29.01.2026 16:54:26; 27.688
 29.01.2026 16:57:26; 28.125
 29.01.2026 17:00:27; 28.375
 29.01.2026 17:03:26; 29.000
 29.01.2026 17:06:26; 29.063
 29.01.2026 17:09:27; 29.000
 29.01.2026 17:12:27; 29.313
 29.01.2026 17:15:26; 29.563
 29.01.2026 17:18:27; 29.938
 29.01.2026 17:21:27; 29.938
 29.01.2026 17:24:26; 29.875
 29.01.2026 17:27:27; 30.000
 29.01.2026 17:30:27; 30.625
 29.01.2026 17:33:26; 30.813
 29.01.2026 17:36:27; 31.250
 29.01.2026 17:39:26; 31.375
 29.01.2026 17:42:26; 31.688
 29.01.2026 17:45:27; 31.750
 29.01.2026 17:48:26; 31.563
 29.01.2026 17:51:26; 32.438
 29.01.2026 17:54:27; 33.063
 29.01.2026 17:57:27; 33.375
 29.01.2026 18:00:26; 33.875
 29.01.2026 18:03:27; 34.563
 29.01.2026 18:06:27; 35.250
 29.01.2026 18:09:26; 36.188
 29.01.2026 18:12:27; 36.313
 29.01.2026 18:15:27; 36.750
 29.01.2026 18:18:26; 37.375
 29.01.2026 18:21:27; 38.000
 29.01.2026 18:24:26; 38.875
 29.01.2026 18:27:26; 39.000
 29.01.2026 18:30:27; 39.313
 29.01.2026 18:33:26; 38.938
 29.01.2026 18:36:26; 38.813
 29.01.2026 18:39:27; 38.750
 29.01.2026 18:42:27; 39.125
 29.01.2026 18:45:26; 39.188
 29.01.2026 18:48:27; 39.438
 29.01.2026 18:51:27; 39.688
 29.01.2026 18:54:26; 40.000
 29.01.2026 18:57:27; 40.750
 29.01.2026 19:00:27; 41.375
 29.01.2026 19:03:26; 40.875
 29.01.2026 19:06:27; 40.750
 29.01.2026 19:09:26; 39.750
 29.01.2026 19:12:26; 39.813
 29.01.2026 19:15:27; 40.438
 29.01.2026 19:18:26; 41.125
 29.01.2026 19:21:26; 41.188
 29.01.2026 19:24:27; 42.125
 29.01.2026 19:27:27; 42.125
 29.01.2026 19:30:26; 42.375
 29.01.2026 19:33:27; 43.438
 29.01.2026 19:36:27; 44.125
 29.01.2026 19:39:26; 43.625
 29.01.2026 19:42:27; 43.750
 29.01.2026 19:45:27; 43.688
 29.01.2026 19:48:26; 44.000
 29.01.2026 19:51:27; 44.125
 29.01.2026 19:54:26; 43.188
 29.01.2026 19:57:26; 42.563
 29.01.2026 20:00:27; 42.500
 29.01.2026 20:03:26; 42.563
 29.01.2026 20:06:26; 41.875
 29.01.2026 20:09:27; 40.188
 29.01.2026 20:12:27; 38.438
 29.01.2026 20:15:26; 36.750
 29.01.2026 20:18:27; 35.625
 29.01.2026 20:21:27; 34.375
 29.01.2026 20:24:26; 35.625
 29.01.2026 20:27:27; 35.500
 29.01.2026 20:30:27; 37.625
 29.01.2026 20:33:26; 39.000
 29.01.2026 20:36:27; 39.250
 29.01.2026 20:39:26; 37.750
 29.01.2026 20:42:26; 36.000
 29.01.2026 20:45:27; 33.938
 29.01.2026 20:48:26; 32.750
 29.01.2026 20:51:26; 31.000
 29.01.2026 20:54:27; 29.500
 29.01.2026 20:57:27; 28.438
 29.01.2026 21:00:26; 27.625
 29.01.2026 21:03:27; 27.000
 29.01.2026 21:06:27; 26.375
 29.01.2026 21:09:26; 25.813
 29.01.2026 21:12:27; 25.313
 29.01.2026 21:15:27; 25.188
 29.01.2026 21:18:26; 25.000
 29.01.2026 21:21:27; 24.750
 29.01.2026 21:24:26; 24.375
 29.01.2026 21:27:26; 24.188
 29.01.2026 21:30:27; 23.938
 29.01.2026 21:33:26; 23.625
 29.01.2026 21:36:26; 23.375
 29.01.2026 21:39:27; 23.188
 29.01.2026 21:42:27; 23.063
 29.01.2026 21:45:26; 22.938
 29.01.2026 21:48:27; 22.813
 29.01.2026 21:51:27; 22.688
 29.01.2026 21:54:26; 22.563
 29.01.2026 21:57:27; 22.438
 29.01.2026 22:00:27; 22.375
 29.01.2026 22:03:26; 22.313
 29.01.2026 22:06:27; 22.188
 29.01.2026 22:09:26; 22.063
 29.01.2026 22:12:26; 22.000
 29.01.2026 22:15:27; 21.938
 29.01.2026 22:18:26; 21.875
 29.01.2026 22:21:26; 21.813
 29.01.2026 22:24:27; 21.750
 29.01.2026 22:27:27; 21.750
 29.01.2026 22:30:26; 21.688
 29.01.2026 22:33:27; 21.563
 29.01.2026 22:36:27; 21.563
 29.01.2026 22:39:26; 21.500
 29.01.2026 22:42:27; 21.438
 29.01.2026 22:45:27; 21.375
 29.01.2026 22:48:26; 21.313
 29.01.2026 22:51:27; 21.250
 29.01.2026 22:54:26; 21.188
 29.01.2026 22:57:26; 21.125
 29.01.2026 23:00:27; 21.000
 29.01.2026 23:03:26; 20.938
 29.01.2026 23:06:26; 20.875
 29.01.2026 23:09:27; 20.750
 29.01.2026 23:12:27; 20.688
 29.01.2026 23:15:26; 20.563
 29.01.2026 23:18:27; 20.500
 29.01.2026 23:21:27; 20.438
 29.01.2026 23:24:26; 20.313
 29.01.2026 23:27:27; 20.250
 29.01.2026 23:30:27; 20.125
 29.01.2026 23:33:26; 20.063
 29.01.2026 23:36:27; 20.000
 29.01.2026 23:39:26; 19.938
 29.01.2026 23:42:26; 19.875
 29.01.2026 23:45:27; 19.813
 29.01.2026 23:48:26; 19.750
 29.01.2026 23:51:26; 19.688
 29.01.2026 23:54:27; 19.625
 29.01.2026 23:57:27; 19.563
 30.01.2026 00:00:26; 19.500
 30.01.2026 00:03:27; 19.438
 30.01.2026 00:06:27; 19.313
 30.01.2026 00:09:26; 19.250
 30.01.2026 00:12:27; 19.250
 30.01.2026 00:15:27; 19.188
 30.01.2026 00:18:26; 19.125
 30.01.2026 00:21:27; 19.063
 30.01.2026 00:24:26; 19.063
 30.01.2026 00:27:26; 19.000
 30.01.2026 00:30:27; 18.938
 30.01.2026 00:33:26; 18.938
 30.01.2026 00:36:26; 18.875
 30.01.2026 00:39:27; 18.813
 30.01.2026 00:42:27; 18.813
 30.01.2026 00:45:26; 18.813
 30.01.2026 00:48:27; 18.750
 30.01.2026 00:51:27; 18.750
 30.01.2026 00:54:26; 18.688
 30.01.2026 00:57:27; 18.625
 30.01.2026 01:00:27; 18.625
 30.01.2026 01:03:26; 18.563
 30.01.2026 01:06:27; 18.500
 30.01.2026 01:09:26; 18.500
 30.01.2026 01:12:26; 18.500
 30.01.2026 01:15:27; 18.438
 30.01.2026 01:18:26; 18.375
 30.01.2026 01:21:26; 18.313
 30.01.2026 01:24:27; 18.313
 30.01.2026 01:27:27; 18.375
 30.01.2026 01:30:26; 18.375
 30.01.2026 01:33:27; 18.313
 30.01.2026 01:36:27; 18.313
 30.01.2026 01:39:26; 18.313
 30.01.2026 01:42:27; 18.313
 30.01.2026 01:45:27; 18.313
 30.01.2026 01:48:26; 18.250
 30.01.2026 01:51:27; 18.188
 30.01.2026 01:54:26; 18.125
 30.01.2026 01:57:26; 18.063
 30.01.2026 02:00:27; 18.063
 30.01.2026 02:03:26; 18.000
 30.01.2026 02:06:26; 17.938
 30.01.2026 02:09:27; 17.875
 30.01.2026 02:12:27; 17.875
 30.01.2026 02:15:26; 17.875
 30.01.2026 02:18:27; 17.875
 30.01.2026 02:21:27; 17.875
 30.01.2026 02:24:26; 17.875
 30.01.2026 02:27:27; 17.875
 30.01.2026 02:30:27; 17.875
 30.01.2026 02:33:26; 17.938
 30.01.2026 02:36:27; 17.938
 30.01.2026 02:39:26; 17.938
 30.01.2026 02:42:26; 17.938
 30.01.2026 02:45:27; 17.938
 30.01.2026 02:48:26; 17.875
 30.01.2026 02:51:26; 17.875
 30.01.2026 02:54:27; 17.813
 30.01.2026 02:57:27; 17.750
 30.01.2026 03:00:26; 17.750
 30.01.2026 03:03:27; 17.688
 30.01.2026 03:06:27; 17.688
 30.01.2026 03:09:26; 17.625
 30.01.2026 03:12:27; 17.625
 30.01.2026 03:15:27; 17.625
 30.01.2026 03:18:26; 17.625
 30.01.2026 03:21:27; 17.688
 30.01.2026 03:24:26; 17.688
 30.01.2026 03:27:26; 17.750
 30.01.2026 03:30:27; 17.688
 30.01.2026 03:33:26; 17.688
 30.01.2026 03:36:26; 17.625
 30.01.2026 03:39:27; 17.625
 30.01.2026 03:42:27; 17.625
 30.01.2026 03:45:26; 17.625
 30.01.2026 03:48:27; 17.625
 30.01.2026 03:51:27; 17.625
 30.01.2026 03:54:26; 17.625
 30.01.2026 03:57:27; 17.625
 30.01.2026 04:00:27; 17.688
 30.01.2026 04:03:26; 17.688
 30.01.2026 04:06:27; 17.750
 30.01.2026 04:09:26; 17.750
 30.01.2026 04:12:26; 17.750
 30.01.2026 04:15:27; 17.813
 30.01.2026 04:18:26; 17.813
 30.01.2026 04:21:26; 17.875
 30.01.2026 04:24:27; 17.875
 30.01.2026 04:27:27; 17.813
 30.01.2026 04:30:26; 17.813
 30.01.2026 04:33:27; 17.750
 30.01.2026 04:36:27; 17.750
 30.01.2026 04:39:26; 17.688
 30.01.2026 04:42:27; 17.688
 30.01.2026 04:45:27; 17.688
 30.01.2026 04:48:26; 17.688
 30.01.2026 04:51:27; 17.688
 30.01.2026 04:54:26; 17.750
 30.01.2026 04:57:26; 17.750
 30.01.2026 05:00:27; 17.750
 30.01.2026 05:03:26; 17.750
 30.01.2026 05:06:26; 17.750
 30.01.2026 05:09:27; 17.750
 30.01.2026 05:12:27; 17.750
 30.01.2026 05:15:26; 17.750
 30.01.2026 05:18:27; 17.750
 30.01.2026 05:21:27; 17.750
 30.01.2026 05:24:26; 17.688
 30.01.2026 05:27:27; 17.688
 30.01.2026 05:30:27; 17.688
 30.01.2026 05:33:26; 17.625
 30.01.2026 05:36:27; 17.625
 30.01.2026 05:39:26; 17.563
 30.01.2026 05:42:26; 17.500
 30.01.2026 05:45:27; 17.500
 30.01.2026 05:48:26; 17.500
 30.01.2026 05:51:26; 17.500
 30.01.2026 05:54:27; 17.438
 30.01.2026 05:57:27; 17.438
 30.01.2026 06:00:26; 17.438
 30.01.2026 06:03:27; 17.500
 30.01.2026 06:06:27; 17.500
 30.01.2026 06:09:26; 17.500
 30.01.2026 06:12:27; 17.500
 30.01.2026 06:15:27; 17.500
 30.01.2026 06:18:26; 17.563
 30.01.2026 06:21:27; 17.563
 30.01.2026 06:24:26; 17.563
 30.01.2026 06:27:26; 17.563
 30.01.2026 06:30:27; 17.563
 30.01.2026 06:33:26; 17.563
 30.01.2026 06:36:26; 17.500
 30.01.2026 06:39:27; 17.500
 30.01.2026 06:42:27; 17.500
 30.01.2026 06:45:26; 17.438
 30.01.2026 06:48:27; 17.438
 30.01.2026 06:51:27; 17.438
 30.01.2026 06:54:26; 17.438
 30.01.2026 06:57:27; 17.438
 30.01.2026 07:00:27; 17.438
 30.01.2026 07:03:26; 17.438
 30.01.2026 07:06:27; 17.500
 30.01.2026 07:09:26; 17.500
 30.01.2026 07:12:26; 17.500
 30.01.2026 07:15:27; 17.500
 30.01.2026 07:18:26; 17.500
 30.01.2026 07:21:26; 17.500
 30.01.2026 07:24:27; 17.500
 30.01.2026 07:27:27; 17.500
 30.01.2026 07:30:26; 17.500
 30.01.2026 07:33:27; 17.500
 30.01.2026 07:36:27; 17.500
 30.01.2026 07:39:26; 17.500
 30.01.2026 07:42:27; 17.500
 30.01.2026 07:45:27; 17.500
 30.01.2026 07:48:26; 17.500
 30.01.2026 07:51:27; 17.438
 30.01.2026 07:54:26; 17.438
 30.01.2026 07:57:26; 17.438
 30.01.2026 08:00:27; 17.438
 30.01.2026 08:03:26; 17.438
 30.01.2026 08:06:26; 17.438
 30.01.2026 08:09:27; 17.438
 30.01.2026 08:12:27; 17.375
 30.01.2026 08:15:26; 17.375
 30.01.2026 08:18:27; 17.375
 30.01.2026 08:21:27; 17.375
 30.01.2026 08:24:26; 17.375
 30.01.2026 08:27:27; 17.375
 30.01.2026 08:30:27; 17.375
 30.01.2026 08:33:26; 17.375
 30.01.2026 08:36:27; 17.375
 30.01.2026 08:39:26; 17.375
 30.01.2026 08:42:26; 17.375
 30.01.2026 08:45:27; 17.375
 30.01.2026 08:48:26; 17.313
 30.01.2026 08:51:26; 17.313
 30.01.2026 08:54:27; 17.313
 30.01.2026 08:57:27; 17.250
 30.01.2026 09:00:26; 17.188
 30.01.2026 09:03:27; 17.188
 30.01.2026 09:06:27; 17.188
 30.01.2026 09:09:26; 17.125
 30.01.2026 09:12:27; 17.063
 30.01.2026 09:15:27; 17.063
 30.01.2026 09:18:26; 17.000
 30.01.2026 09:21:27; 16.938
 30.01.2026 09:24:26; 16.938
 30.01.2026 09:27:26; 16.875
 30.01.2026 09:30:27; 16.813
 30.01.2026 09:33:26; 16.813
 30.01.2026 09:36:26; 16.813
 30.01.2026 09:39:27; 16.813
 30.01.2026 09:42:27; 16.813
 30.01.2026 09:45:26; 16.813
 30.01.2026 09:48:27; 16.813
 30.01.2026 09:51:27; 16.750
 30.01.2026 09:54:26; 16.750
 30.01.2026 09:57:27; 16.688
 30.01.2026 10:00:27; 16.625
 30.01.2026 10:03:26; 16.625
 30.01.2026 10:06:27; 16.563
 30.01.2026 10:09:26; 16.563
 30.01.2026 10:12:26; 16.500
 30.01.2026 10:15:27; 16.500
 30.01.2026 10:18:26; 16.438
 30.01.2026 10:21:26; 16.500
 30.01.2026 10:24:27; 16.438
 30.01.2026 10:27:27; 16.500
 30.01.2026 10:30:26; 16.500
 30.01.2026 10:33:27; 16.500
 30.01.2026 10:36:27; 16.500
 30.01.2026 10:39:26; 16.438
 30.01.2026 10:42:27; 16.375
 30.01.2026 10:45:27; 16.375
 30.01.2026 10:48:26; 16.375
 30.01.2026 10:51:27; 16.375
 30.01.2026 10:54:26; 16.375
 30.01.2026 10:57:26; 16.375
 30.01.2026 11:00:27; 16.375
 30.01.2026 11:03:26; 16.375
 30.01.2026 11:06:26; 16.438
 30.01.2026 11:09:27; 16.438
 30.01.2026 11:12:27; 16.438
 30.01.2026 11:15:26; 16.500
 30.01.2026 11:18:27; 16.563
 30.01.2026 11:21:27; 16.625
 30.01.2026 11:24:26; 16.625
 30.01.2026 11:27:27; 16.688
 30.01.2026 11:30:27; 16.750
 30.01.2026 11:33:26; 16.875
 30.01.2026 11:36:27; 17.063
 30.01.2026 11:39:26; 17.188
 30.01.2026 11:42:26; 17.438
 30.01.2026 11:45:27; 17.688
 30.01.2026 11:48:26; 17.875
 30.01.2026 11:51:26; 18.063
 30.01.2026 11:54:27; 18.250
 30.01.2026 11:57:27; 18.313
 30.01.2026 12:00:26; 18.438
 30.01.2026 12:03:27; 18.438
 30.01.2026 12:06:27; 18.438
 30.01.2026 12:09:26; 18.438
 30.01.2026 12:12:27; 18.438
 30.01.2026 12:15:27; 18.438
 30.01.2026 12:18:26; 18.500
 30.01.2026 12:21:27; 18.500
 30.01.2026 12:24:26; 18.563
 30.01.2026 12:27:26; 18.625
 30.01.2026 12:30:27; 18.625
 30.01.2026 12:33:26; 18.625
 30.01.2026 12:36:26; 18.750
 30.01.2026 12:39:27; 19.000
 30.01.2026 12:42:27; 19.063
 30.01.2026 12:45:26; 19.000
 30.01.2026 12:48:27; 18.938
 30.01.2026 12:51:27; 19.000
 30.01.2026 12:54:26; 19.000
 30.01.2026 12:57:27; 19.063
 30.01.2026 13:00:27; 19.125
 30.01.2026 13:03:26; 19.188
 30.01.2026 13:06:27; 19.250
 30.01.2026 13:09:26; 19.313
 30.01.2026 13:12:26; 19.688
 30.01.2026 13:15:27; 19.813
 30.01.2026 13:18:26; 19.875
 30.01.2026 13:21:26; 19.875
 30.01.2026 13:24:27; 19.813
 30.01.2026 13:27:27; 19.813
 30.01.2026 13:30:26; 19.813
 30.01.2026 13:33:27; 19.875
 30.01.2026 13:36:27; 20.375
 30.01.2026 13:39:26; 20.938
 30.01.2026 13:42:27; 21.313
 30.01.2026 13:45:27; 21.500
 30.01.2026 13:48:26; 21.688
 30.01.2026 13:51:27; 21.813
 30.01.2026 13:54:26; 21.875
 30.01.2026 13:57:26; 22.063
 30.01.2026 14:00:27; 22.125
 30.01.2026 14:03:26; 22.125
 30.01.2026 14:06:26; 22.063
 30.01.2026 14:09:27; 21.938
 30.01.2026 14:12:27; 21.875
 30.01.2026 14:15:26; 21.813
 30.01.2026 14:18:27; 21.813
 30.01.2026 14:21:27; 21.750
 30.01.2026 14:24:26; 21.688
 30.01.2026 14:27:27; 21.625
 30.01.2026 14:30:27; 21.688
 30.01.2026 14:33:26; 21.813
 30.01.2026 14:36:27; 21.875
 30.01.2026 14:39:26; 21.875
 30.01.2026 14:42:26; 21.813
 30.01.2026 14:45:27; 21.875
 30.01.2026 14:48:26; 21.938
 30.01.2026 14:51:26; 21.938
 30.01.2026 14:54:27; 22.000
 30.01.2026 14:57:27; 22.313
 30.01.2026 15:00:26; 22.500
 30.01.2026 15:03:27; 22.625
 30.01.2026 15:06:27; 22.688
 30.01.2026 15:09:26; 22.813
 30.01.2026 15:12:27; 22.750
 30.01.2026 15:15:27; 22.750
 30.01.2026 15:18:26; 22.750
 30.01.2026 15:21:27; 22.813
 30.01.2026 15:24:26; 22.938
 30.01.2026 15:27:26; 23.313
 30.01.2026 15:30:27; 23.438
 30.01.2026 15:33:26; 23.625
 30.01.2026 15:36:26; 23.688
 30.01.2026 15:39:27; 23.625
 30.01.2026 15:42:27; 23.500
 30.01.2026 15:45:26; 23.750
 30.01.2026 15:48:27; 23.938
 30.01.2026 15:51:27; 24.125
 30.01.2026 15:54:26; 24.313
 30.01.2026 15:57:27; 24.625
 30.01.2026 16:00:27; 24.875
 30.01.2026 16:03:26; 24.875
 30.01.2026 16:06:27; 25.313
 30.01.2026 16:09:26; 25.313
 30.01.2026 16:12:26; 25.875
 30.01.2026 16:15:27; 26.188
 30.01.2026 16:18:26; 26.375
 30.01.2026 16:21:26; 26.188
 30.01.2026 16:24:27; 25.750
 30.01.2026 16:27:27; 25.125
 30.01.2026 16:30:26; 24.750
 30.01.2026 16:33:27; 24.563
 30.01.2026 16:36:27; 24.500
 30.01.2026 16:39:26; 24.563
 30.01.2026 16:42:27; 24.688
 30.01.2026 16:45:27; 24.438
 30.01.2026 16:48:26; 24.563
 30.01.2026 16:51:27; 25.125
 30.01.2026 16:54:26; 25.313
 30.01.2026 16:57:26; 25.250
 30.01.2026 17:00:27; 25.375
 30.01.2026 17:03:26; 25.500
 30.01.2026 17:06:26; 25.625
 30.01.2026 17:09:27; 25.750
 30.01.2026 17:12:27; 25.625
 30.01.2026 17:15:26; 25.250
 30.01.2026 17:18:27; 24.875
 30.01.2026 17:21:27; 24.813
 30.01.2026 17:24:26; 24.500
 30.01.2026 17:27:27; 24.375
 30.01.2026 17:30:27; 24.250
 30.01.2026 17:33:26; 24.188
 30.01.2026 17:36:27; 24.438
 30.01.2026 17:39:26; 24.438
 30.01.2026 17:42:26; 24.688
 30.01.2026 17:45:27; 24.875
 30.01.2026 17:48:26; 25.125
 30.01.2026 17:51:26; 25.250
 30.01.2026 17:54:27; 25.063
 30.01.2026 17:57:27; 24.625
 30.01.2026 18:00:26; 24.188
 30.01.2026 18:03:27; 24.000
 30.01.2026 18:06:27; 23.875
 30.01.2026 18:09:26; 23.750
 30.01.2026 18:12:27; 23.688
 30.01.2026 18:15:27; 23.500
 30.01.2026 18:18:26; 23.688
 30.01.2026 18:21:27; 24.250
 30.01.2026 18:24:26; 26.125
 30.01.2026 18:27:26; 26.813
 30.01.2026 18:30:27; 27.125
 30.01.2026 18:33:26; 26.625
 30.01.2026 18:36:26; 25.625
 30.01.2026 18:39:27; 24.375
 30.01.2026 18:42:27; 23.563
 30.01.2026 18:45:26; 23.188
 30.01.2026 18:48:27; 23.000
 30.01.2026 18:51:27; 22.688
 30.01.2026 18:54:26; 22.500
 30.01.2026 18:57:27; 22.438
 30.01.2026 19:00:27; 22.500
 30.01.2026 19:03:26; 22.438
 30.01.2026 19:06:27; 22.313
 30.01.2026 19:09:26; 22.188
 30.01.2026 19:12:26; 22.063
 30.01.2026 19:15:27; 22.125
 30.01.2026 19:18:26; 22.313
 30.01.2026 19:21:26; 22.563
 30.01.2026 19:24:27; 22.938
 30.01.2026 19:27:27; 23.375
 30.01.2026 19:30:26; 23.750
 30.01.2026 19:33:27; 23.688
 30.01.2026 19:36:27; 23.438
 30.01.2026 19:39:26; 23.125
 30.01.2026 19:42:27; 22.875
 30.01.2026 19:45:27; 22.688
 30.01.2026 19:48:26; 22.438
 30.01.2026 19:51:27; 22.250
 30.01.2026 19:54:26; 22.125
 30.01.2026 19:57:26; 22.063
 30.01.2026 20:00:27; 21.938
 30.01.2026 20:03:26; 21.750
 30.01.2026 20:06:26; 21.625
 30.01.2026 20:09:27; 21.500
 30.01.2026 20:12:27; 21.375
 30.01.2026 20:15:26; 21.313
 30.01.2026 20:18:27; 21.250
 30.01.2026 20:21:27; 21.125
 30.01.2026 20:24:26; 21.000
 30.01.2026 20:27:27; 20.750
 30.01.2026 20:30:27; 20.563
 30.01.2026 20:33:26; 20.438
 30.01.2026 20:36:27; 20.313
 30.01.2026 20:39:26; 20.250
 30.01.2026 20:42:26; 20.188
 30.01.2026 20:45:27; 20.188
 30.01.2026 20:48:26; 20.125
 30.01.2026 20:51:26; 20.000
 30.01.2026 20:54:27; 19.938
 30.01.2026 20:57:27; 19.875
 30.01.2026 21:00:26; 19.813
 30.01.2026 21:03:27; 19.688
 30.01.2026 21:06:27; 19.625
 30.01.2026 21:09:26; 19.563
 30.01.2026 21:12:27; 19.500
 30.01.2026 21:15:27; 19.438
 30.01.2026 21:18:26; 19.375
 30.01.2026 21:21:27; 19.375
 30.01.2026 21:24:26; 19.375
 30.01.2026 21:27:26; 19.313
 30.01.2026 21:30:27; 19.250
 30.01.2026 21:33:26; 19.250
 30.01.2026 21:36:26; 19.188
 30.01.2026 21:39:27; 19.125
 30.01.2026 21:42:27; 19.125
 30.01.2026 21:45:26; 19.063
 30.01.2026 21:48:27; 18.938
 30.01.2026 21:51:27; 18.938
 30.01.2026 21:54:26; 18.875
 30.01.2026 21:57:27; 18.813
 30.01.2026 22:00:27; 18.688
 30.01.2026 22:03:26; 18.625
 30.01.2026 22:06:27; 18.500
 30.01.2026 22:09:26; 18.375
 30.01.2026 22:12:26; 18.313
 30.01.2026 22:15:27; 18.313
 30.01.2026 22:18:26; 18.250
 30.01.2026 22:21:26; 18.188
 30.01.2026 22:24:27; 18.125
 30.01.2026 22:27:27; 18.063
 30.01.2026 22:30:26; 18.000
 30.01.2026 22:33:27; 18.000
 30.01.2026 22:36:27; 18.063
 30.01.2026 22:39:26; 18.000
 30.01.2026 22:42:27; 17.688
 30.01.2026 22:45:27; 17.375
 30.01.2026 22:48:26; 17.000
 30.01.2026 22:51:27; 16.750
 30.01.2026 22:54:26; 16.563
 30.01.2026 22:57:26; 16.500
 30.01.2026 23:00:27; 16.500
 30.01.2026 23:03:26; 16.438
 30.01.2026 23:06:26; 16.375
 30.01.2026 23:09:27; 16.375
 30.01.2026 23:12:27; 16.313
 30.01.2026 23:15:26; 16.250
 30.01.2026 23:18:27; 16.188
 30.01.2026 23:21:27; 16.125
 30.01.2026 23:24:26; 16.000
 30.01.2026 23:27:27; 15.875
 30.01.2026 23:30:27; 15.813
 30.01.2026 23:33:26; 15.750
 30.01.2026 23:36:27; 15.750
 30.01.2026 23:39:26; 15.688
 30.01.2026 23:42:26; 15.688
 30.01.2026 23:45:27; 15.625
 30.01.2026 23:48:26; 15.625
 30.01.2026 23:51:26; 15.625
 30.01.2026 23:54:27; 15.625
 30.01.2026 23:57:27; 15.625
 31.01.2026 00:00:26; 15.625
 31.01.2026 00:03:27; 15.625
 31.01.2026 00:06:27; 15.625
 31.01.2026 00:09:26; 15.625
 31.01.2026 00:12:27; 15.625
 31.01.2026 00:15:27; 15.625
 31.01.2026 00:18:26; 15.625
 31.01.2026 00:21:27; 15.625
 31.01.2026 00:24:26; 15.625
 31.01.2026 00:27:26; 15.563
 31.01.2026 00:30:27; 15.563
 31.01.2026 00:33:26; 15.563
 31.01.2026 00:36:26; 15.563
 31.01.2026 00:39:27; 15.563
 31.01.2026 00:42:27; 15.563
 31.01.2026 00:45:26; 15.563
 31.01.2026 00:48:27; 15.500
 31.01.2026 00:51:27; 15.500
 31.01.2026 00:54:26; 15.500
 31.01.2026 00:57:27; 15.500
 31.01.2026 01:00:27; 15.500
 31.01.2026 01:03:26; 15.500
 31.01.2026 01:06:27; 15.500
 31.01.2026 01:09:26; 15.500
 31.01.2026 01:12:26; 15.500
 31.01.2026 01:15:27; 15.438
 31.01.2026 01:18:26; 15.438
 31.01.2026 01:21:26; 15.438
 31.01.2026 01:24:27; 15.375
 31.01.2026 01:27:27; 15.375
 31.01.2026 01:30:26; 15.375
 31.01.2026 01:33:27; 15.375
 31.01.2026 01:36:27; 15.375
 31.01.2026 01:39:26; 15.313
 31.01.2026 01:42:27; 15.313
 31.01.2026 01:45:27; 15.375
 31.01.2026 01:48:26; 15.375
 31.01.2026 01:51:27; 15.375
 31.01.2026 01:54:26; 15.375
 31.01.2026 01:57:26; 15.375
 31.01.2026 02:00:27; 15.438
 31.01.2026 02:03:26; 15.438
 31.01.2026 02:06:26; 15.438
 31.01.2026 02:09:27; 15.438
 31.01.2026 02:12:27; 15.500
 31.01.2026 02:15:26; 15.500
 31.01.2026 02:18:27; 15.563
 31.01.2026 02:21:27; 15.563
 31.01.2026 02:24:26; 15.563
 31.01.2026 02:27:27; 15.563
 31.01.2026 02:30:27; 15.563
 31.01.2026 02:33:26; 15.625
 31.01.2026 02:36:27; 15.625
 31.01.2026 02:39:26; 15.625
 31.01.2026 02:42:26; 15.625
 31.01.2026 02:45:27; 15.625
 31.01.2026 02:48:26; 15.688
 31.01.2026 02:51:26; 15.688
 31.01.2026 02:54:27; 15.688
 31.01.2026 02:57:27; 15.625
 31.01.2026 03:00:26; 15.688
 31.01.2026 03:03:27; 15.625
 31.01.2026 03:06:27; 15.625
 31.01.2026 03:09:26; 15.563
 31.01.2026 03:12:27; 15.500
 31.01.2026 03:15:27; 15.438
 31.01.2026 03:18:26; 15.438
 31.01.2026 03:21:27; 15.438
 31.01.2026 03:24:26; 15.438
 31.01.2026 03:27:26; 15.375
 31.01.2026 03:30:27; 15.375
 31.01.2026 03:33:26; 15.375
 31.01.2026 03:36:26; 15.375
 31.01.2026 03:39:27; 15.375
 31.01.2026 03:42:27; 15.313
 31.01.2026 03:45:26; 15.313
 31.01.2026 03:48:27; 15.313
 31.01.2026 03:51:27; 15.313
 31.01.2026 03:54:26; 15.313
 31.01.2026 03:57:27; 15.313
 31.01.2026 04:00:27; 15.250
 31.01.2026 04:03:26; 15.250
 31.01.2026 04:06:27; 15.250
 31.01.2026 04:09:26; 15.250
 31.01.2026 04:12:26; 15.250
 31.01.2026 04:15:27; 15.250
 31.01.2026 04:18:26; 15.250
 31.01.2026 04:21:26; 15.313
 31.01.2026 04:24:27; 15.313
 31.01.2026 04:27:27; 15.313
 31.01.2026 04:30:26; 15.313
 31.01.2026 04:33:27; 15.313
 31.01.2026 04:36:27; 15.313
 31.01.2026 04:39:26; 15.313
 31.01.2026 04:42:27; 15.313
 31.01.2026 04:45:27; 15.375
 31.01.2026 04:48:26; 15.375
 31.01.2026 04:51:27; 15.313
 31.01.2026 04:54:26; 15.313
 31.01.2026 04:57:26; 15.313
 31.01.2026 05:00:27; 15.313
 31.01.2026 05:03:26; 15.313
 31.01.2026 05:06:26; 15.313
 31.01.2026 05:09:27; 15.313
 31.01.2026 05:12:27; 15.313
 31.01.2026 05:15:26; 15.313
 31.01.2026 05:18:27; 15.313
 31.01.2026 05:21:27; 15.250
 31.01.2026 05:24:26; 15.250
 31.01.2026 05:27:27; 15.250
 31.01.2026 05:30:27; 15.188
 31.01.2026 05:33:26; 15.188
 31.01.2026 05:36:27; 15.188
 31.01.2026 05:39:26; 15.188
 31.01.2026 05:42:26; 15.188
 31.01.2026 05:45:27; 15.188
 31.01.2026 05:48:26; 15.188
 31.01.2026 05:51:26; 15.188
 31.01.2026 05:54:27; 15.188
 31.01.2026 05:57:27; 15.188
 31.01.2026 06:00:26; 15.188
 31.01.2026 06:03:27; 15.188
 31.01.2026 06:06:27; 15.188
 31.01.2026 06:09:26; 15.250
 31.01.2026 06:12:27; 15.250
 31.01.2026 06:15:27; 15.188
 31.01.2026 06:18:26; 15.188
 31.01.2026 06:21:27; 15.188
 31.01.2026 06:24:26; 15.188
 31.01.2026 06:27:26; 15.188
 31.01.2026 06:30:27; 15.188
 31.01.2026 06:33:26; 15.188
 31.01.2026 06:36:26; 15.188
 31.01.2026 06:39:27; 15.188
 31.01.2026 06:42:27; 15.188
 31.01.2026 06:45:26; 15.188
 31.01.2026 06:48:27; 15.188
 31.01.2026 06:51:27; 15.188
 31.01.2026 06:54:26; 15.188
 31.01.2026 06:57:27; 15.188
 31.01.2026 07:00:27; 15.188
 31.01.2026 07:03:26; 15.250
 31.01.2026 07:06:27; 15.250
 31.01.2026 07:09:26; 15.250
 31.01.2026 07:12:26; 15.188
 31.01.2026 07:15:27; 15.250
 31.01.2026 07:18:26; 15.250
 31.01.2026 07:21:26; 15.250
 31.01.2026 07:24:27; 15.250
 31.01.2026 07:27:27; 15.250
 31.01.2026 07:30:26; 15.250
 31.01.2026 07:33:27; 15.250
 31.01.2026 07:36:27; 15.250
 31.01.2026 07:39:26; 15.250
 31.01.2026 07:42:27; 15.250
 31.01.2026 07:45:27; 15.250
 31.01.2026 07:48:26; 15.250
 31.01.2026 07:51:27; 15.250
 31.01.2026 07:54:26; 15.250
 31.01.2026 07:57:26; 15.250
 31.01.2026 08:00:27; 15.250
 31.01.2026 08:03:26; 15.250
 31.01.2026 08:06:26; 15.250
 31.01.2026 08:09:27; 15.250
 31.01.2026 08:12:27; 15.250
 31.01.2026 08:15:26; 15.125
 31.01.2026 08:18:27; 14.813
 31.01.2026 08:21:27; 14.438
 31.01.2026 08:24:26; 14.125
 31.01.2026 08:27:27; 13.938
 31.01.2026 08:30:27; 13.750
 31.01.2026 08:33:26; 13.688
 31.01.2026 08:36:27; 13.563
 31.01.2026 08:39:26; 13.500
 31.01.2026 08:42:26; 13.438
 31.01.2026 08:45:27; 13.375
 31.01.2026 08:48:26; 13.313
 31.01.2026 08:51:26; 13.250
 31.01.2026 08:54:27; 13.125
 31.01.2026 08:57:27; 13.000
 31.01.2026 09:00:26; 12.938
 31.01.2026 09:03:27; 12.875
 31.01.2026 09:06:27; 12.750
 31.01.2026 09:09:26; 12.688
 31.01.2026 09:12:27; 12.625
 31.01.2026 09:15:27; 12.563
 31.01.2026 09:18:26; 12.438
 31.01.2026 09:21:27; 12.375
 31.01.2026 09:24:26; 12.250
 31.01.2026 09:27:26; 12.188
 31.01.2026 09:30:27; 12.063
 31.01.2026 09:33:26; 12.000
 31.01.2026 09:36:26; 12.000
 31.01.2026 09:39:27; 11.938
 31.01.2026 09:42:27; 11.938
 31.01.2026 09:45:26; 11.875
 31.01.2026 09:48:27; 11.875
 31.01.2026 09:51:27; 11.813
 31.01.2026 09:54:26; 11.750
 31.01.2026 09:57:27; 11.750
 31.01.2026 10:00:27; 11.625
 31.01.2026 10:03:26; 11.563
 31.01.2026 10:06:27; 11.563
 31.01.2026 10:09:26; 11.563
 31.01.2026 10:12:26; 11.500
 31.01.2026 10:15:27; 11.500
 31.01.2026 10:18:26; 11.438
 31.01.2026 10:21:26; 11.438
 31.01.2026 10:24:27; 11.438
 31.01.2026 10:27:27; 11.375
 31.01.2026 10:30:26; 11.375
 31.01.2026 10:33:27; 11.313
 31.01.2026 10:36:27; 11.250
 31.01.2026 10:39:26; 11.188
 31.01.2026 10:42:27; 11.188
 31.01.2026 10:45:27; 11.188
 31.01.2026 10:48:26; 11.125
 31.01.2026 10:51:27; 11.063
 31.01.2026 10:54:26; 11.063
 31.01.2026 10:57:26; 11.063
 31.01.2026 11:00:27; 11.063
 31.01.2026 11:03:26; 11.063
 31.01.2026 11:06:26; 11.063
 31.01.2026 11:09:27; 11.063
 31.01.2026 11:12:27; 11.063
 31.01.2026 11:15:26; 11.125
 31.01.2026 11:18:27; 11.125
 31.01.2026 11:21:27; 11.188
 31.01.2026 11:24:26; 11.188
 31.01.2026 11:27:27; 11.250
 31.01.2026 11:30:27; 11.250
 31.01.2026 11:33:26; 11.313
 31.01.2026 11:36:27; 11.313
 31.01.2026 11:39:26; 11.375
 31.01.2026 11:42:26; 11.375
 31.01.2026 11:45:27; 11.375
 31.01.2026 11:48:26; 11.438
 31.01.2026 11:51:26; 11.438
 31.01.2026 11:54:27; 11.500
 31.01.2026 11:57:27; 11.500
 31.01.2026 12:00:26; 11.500
 31.01.2026 12:03:27; 11.500
 31.01.2026 12:06:27; 11.438
 31.01.2026 12:09:26; 11.438
 31.01.2026 12:12:27; 11.438
 31.01.2026 12:15:27; 11.438
 31.01.2026 12:18:26; 11.438
 31.01.2026 12:21:27; 11.438
 31.01.2026 12:24:26; 11.438
 31.01.2026 12:27:26; 11.375
 31.01.2026 12:30:27; 11.313
 31.01.2026 12:33:26; 11.313
 31.01.2026 12:36:26; 11.313
 31.01.2026 12:39:27; 11.250
 31.01.2026 12:42:27; 11.188
 31.01.2026 12:45:26; 11.188
 31.01.2026 12:48:27; 11.125
 31.01.2026 12:51:27; 11.125
 31.01.2026 12:54:26; 11.125
 31.01.2026 12:57:27; 11.125
 31.01.2026 13:00:27; 11.125
 31.01.2026 13:03:26; 11.125
 31.01.2026 13:06:27; 11.125
 31.01.2026 13:09:26; 11.188
 31.01.2026 13:12:26; 11.125
 31.01.2026 13:15:27; 11.125
 31.01.2026 13:18:26; 11.188
 31.01.2026 13:21:26; 11.125
 31.01.2026 13:24:27; 11.188
 31.01.2026 13:27:27; 11.188
 31.01.2026 13:30:26; 11.250
 31.01.2026 13:33:27; 11.250
 31.01.2026 13:36:27; 11.250
 31.01.2026 13:39:26; 11.313
 31.01.2026 13:42:27; 11.313
 31.01.2026 13:45:27; 11.313
 31.01.2026 13:48:26; 11.375
 31.01.2026 13:51:27; 11.438
 31.01.2026 13:54:26; 11.438
 31.01.2026 13:57:26; 11.500
 31.01.2026 14:00:27; 11.563
 31.01.2026 14:03:26; 11.563
 31.01.2026 14:06:26; 11.625
 31.01.2026 14:09:27; 11.625
 31.01.2026 14:12:27; 11.688
 31.01.2026 14:15:26; 11.750
 31.01.2026 14:18:27; 11.875
 31.01.2026 14:21:27; 12.063
 31.01.2026 14:24:26; 12.188
 31.01.2026 14:27:27; 12.188
 31.01.2026 14:30:27; 12.313
 31.01.2026 14:33:26; 12.313
 31.01.2026 14:36:27; 12.313
 31.01.2026 14:39:26; 12.313
 31.01.2026 14:42:26; 12.375
 31.01.2026 14:45:27; 12.563
 31.01.2026 14:48:26; 12.813
 31.01.2026 14:51:26; 13.000
 31.01.2026 14:54:27; 13.125
 31.01.2026 14:57:27; 13.188
 31.01.2026 15:00:26; 13.250
 31.01.2026 15:03:27; 13.375
 31.01.2026 15:06:27; 13.438
 31.01.2026 15:09:26; 13.500
 31.01.2026 15:12:27; 13.563
 31.01.2026 15:15:27; 13.688
 31.01.2026 15:18:26; 13.813
 31.01.2026 15:21:27; 13.938
 31.01.2026 15:24:26; 13.875
 31.01.2026 15:27:26; 13.875
 31.01.2026 15:30:27; 14.000
 31.01.2026 15:33:26; 14.188
 31.01.2026 15:36:26; 14.438
 31.01.2026 15:39:27; 14.563
 31.01.2026 15:42:27; 14.500
 31.01.2026 15:45:26; 14.375
 31.01.2026 15:48:27; 14.375
 31.01.2026 15:51:27; 14.375
 31.01.2026 15:54:26; 14.500
 31.01.2026 15:57:27; 14.563
 31.01.2026 16:00:27; 14.563
 31.01.2026 16:03:26; 14.625
 31.01.2026 16:06:27; 14.688
 31.01.2026 16:09:26; 14.813
 31.01.2026 16:12:26; 14.938
 31.01.2026 16:15:27; 15.063
 31.01.2026 16:18:26; 15.063
 31.01.2026 16:21:26; 15.125
 31.01.2026 16:24:27; 15.063
 31.01.2026 16:27:27; 14.938
 31.01.2026 16:30:26; 14.875
 31.01.2026 16:33:27; 15.000
 31.01.2026 16:36:27; 15.000
 31.01.2026 16:39:26; 15.000
 31.01.2026 16:42:27; 15.000
 31.01.2026 16:45:27; 15.000
 31.01.2026 16:48:26; 15.000
 31.01.2026 16:51:27; 14.875
 31.01.2026 16:54:26; 14.625
 31.01.2026 16:57:26; 14.750
 31.01.2026 17:00:27; 14.688
 31.01.2026 17:03:26; 14.563
 31.01.2026 17:06:26; 14.438
 31.01.2026 17:09:27; 14.313
 31.01.2026 17:12:27; 14.250
 31.01.2026 17:15:26; 14.250
 31.01.2026 17:18:27; 14.188
 31.01.2026 17:21:27; 14.313
 31.01.2026 17:24:26; 14.375
 31.01.2026 17:27:27; 14.375
 31.01.2026 17:30:27; 14.313
 31.01.2026 17:33:26; 14.188
 31.01.2026 17:36:27; 14.125
 31.01.2026 17:39:26; 14.125
 31.01.2026 17:42:26; 14.250
 31.01.2026 17:45:27; 14.188
 31.01.2026 17:48:26; 14.250
 31.01.2026 17:51:26; 14.375
 31.01.2026 17:54:27; 14.500
 31.01.2026 17:57:27; 14.500
 31.01.2026 18:00:26; 14.500
 31.01.2026 18:03:27; 14.375
 31.01.2026 18:06:27; 14.250
 31.01.2026 18:09:26; 14.063
 31.01.2026 18:12:27; 14.000
 31.01.2026 18:15:27; 13.938
 31.01.2026 18:18:26; 13.875
 31.01.2026 18:21:27; 13.875
 31.01.2026 18:24:26; 13.875
 31.01.2026 18:27:26; 13.750
 31.01.2026 18:30:27; 13.750
 31.01.2026 18:33:26; 13.750
 31.01.2026 18:36:26; 13.625
 31.01.2026 18:39:27; 13.688
 31.01.2026 18:42:27; 13.688
 31.01.2026 18:45:26; 13.750
 31.01.2026 18:48:27; 13.625
 31.01.2026 18:51:27; 13.563
 31.01.2026 18:54:26; 13.563
 31.01.2026 18:57:27; 13.563
 31.01.2026 19:00:27; 13.563
 31.01.2026 19:03:26; 13.625
 31.01.2026 19:06:27; 13.750
 31.01.2026 19:09:26; 13.750
 31.01.2026 19:12:26; 13.813
 31.01.2026 19:15:27; 13.750
 31.01.2026 19:18:26; 13.750
 31.01.2026 19:21:26; 13.813
 31.01.2026 19:24:27; 13.875
 31.01.2026 19:27:27; 13.938
 31.01.2026 19:30:26; 13.938
 31.01.2026 19:33:27; 14.125
 31.01.2026 19:36:27; 14.250
 31.01.2026 19:39:26; 14.250
 31.01.2026 19:42:27; 14.250
 31.01.2026 19:45:27; 14.188
 31.01.2026 19:48:26; 14.063
 31.01.2026 19:51:27; 14.000
 31.01.2026 19:54:26; 14.000
 31.01.2026 19:57:26; 14.000
 31.01.2026 20:00:27; 13.938
 31.01.2026 20:03:26; 13.938
 31.01.2026 20:06:26; 13.875
 31.01.2026 20:09:27; 13.750
 31.01.2026 20:12:27; 13.688
 31.01.2026 20:15:26; 13.563
 31.01.2026 20:18:27; 13.375
 31.01.2026 20:21:27; 13.313
 31.01.2026 20:24:26; 13.125
 31.01.2026 20:27:27; 13.000
 31.01.2026 20:30:27; 12.938
 31.01.2026 20:33:26; 12.875
 31.01.2026 20:36:27; 12.813
 31.01.2026 20:39:26; 12.813
 31.01.2026 20:42:26; 12.750
 31.01.2026 20:45:27; 12.688
 31.01.2026 20:48:26; 12.688
 31.01.2026 20:51:26; 12.688
 31.01.2026 20:54:27; 12.625
 31.01.2026 20:57:27; 12.563
 31.01.2026 21:00:26; 12.563
 31.01.2026 21:03:27; 12.563
 31.01.2026 21:06:27; 12.500
 31.01.2026 21:09:26; 12.500
 31.01.2026 21:12:27; 12.438
 31.01.2026 21:15:27; 12.438
 31.01.2026 21:18:26; 12.438
 31.01.2026 21:21:27; 12.438
 31.01.2026 21:24:26; 12.438
 31.01.2026 21:27:26; 12.438
 31.01.2026 21:30:27; 12.438
 31.01.2026 21:33:26; 12.438
 31.01.2026 21:36:26; 12.375
 31.01.2026 21:39:27; 12.313
 31.01.2026 21:42:27; 12.313
 31.01.2026 21:45:26; 12.313
 31.01.2026 21:48:27; 12.313
 31.01.2026 21:51:27; 12.313
 31.01.2026 21:54:26; 12.375
 31.01.2026 21:57:27; 12.375
 31.01.2026 22:00:27; 12.438
 31.01.2026 22:03:26; 12.438
 31.01.2026 22:06:27; 12.438
 31.01.2026 22:09:26; 12.375
 31.01.2026 22:12:26; 12.375
 31.01.2026 22:15:27; 12.375
 31.01.2026 22:18:26; 12.313
 31.01.2026 22:21:26; 12.313
 31.01.2026 22:24:27; 12.188
 31.01.2026 22:27:27; 12.125
 31.01.2026 22:30:26; 12.125
 31.01.2026 22:33:27; 12.125
 31.01.2026 22:36:27; 12.125
 31.01.2026 22:39:26; 12.125
 31.01.2026 22:42:27; 12.125
 31.01.2026 22:45:27; 12.125
 31.01.2026 22:48:26; 12.063
 31.01.2026 22:51:27; 11.938
 31.01.2026 22:54:26; 11.875
 31.01.2026 22:57:26; 11.875
 31.01.2026 23:00:27; 11.813
 31.01.2026 23:03:26; 11.750
 31.01.2026 23:06:26; 11.688
 31.01.2026 23:09:27; 11.688
 31.01.2026 23:12:27; 11.688
 31.01.2026 23:15:26; 11.625
 31.01.2026 23:18:27; 11.625
 31.01.2026 23:21:27; 11.563
 31.01.2026 23:24:26; 11.563
 31.01.2026 23:27:27; 11.563
 31.01.2026 23:30:27; 11.563
 31.01.2026 23:33:26; 11.563
 31.01.2026 23:36:27; 11.563
 31.01.2026 23:39:26; 11.563
 31.01.2026 23:42:26; 11.563
 31.01.2026 23:45:27; 11.563
 31.01.2026 23:48:26; 11.500
 31.01.2026 23:51:26; 11.500
 31.01.2026 23:54:27; 11.500
 31.01.2026 23:57:27; 11.500
 01.02.2026 00:00:26; 11.500
 01.02.2026 00:03:27; 11.500
 01.02.2026 00:06:27; 11.500
 01.02.2026 00:09:26; 11.500
 01.02.2026 00:12:27; 11.500
 01.02.2026 00:15:27; 11.563
 01.02.2026 00:18:26; 11.563
 01.02.2026 00:21:27; 11.563
 01.02.2026 00:24:26; 11.563
 01.02.2026 00:27:26; 11.563
 01.02.2026 00:30:27; 11.563
 01.02.2026 00:33:26; 11.563
 01.02.2026 00:36:26; 11.563
 01.02.2026 00:39:27; 11.625
 01.02.2026 00:42:27; 11.625
 01.02.2026 00:45:26; 11.625
 01.02.2026 00:48:27; 11.625
 01.02.2026 00:51:27; 11.625
 01.02.2026 00:54:26; 11.625
 01.02.2026 00:57:27; 11.625
 01.02.2026 01:00:27; 11.688
 01.02.2026 01:03:26; 11.688
 01.02.2026 01:06:27; 11.625
 01.02.2026 01:09:26; 11.625
 01.02.2026 01:12:26; 11.625
 01.02.2026 01:15:27; 11.625
 01.02.2026 01:18:26; 11.625
 01.02.2026 01:21:26; 11.625
 01.02.2026 01:24:27; 11.625
 01.02.2026 01:27:27; 11.625
 01.02.2026 01:30:26; 11.625
 01.02.2026 01:33:27; 11.625
 01.02.2026 01:36:27; 11.625
 01.02.2026 01:39:26; 11.563
 01.02.2026 01:42:27; 11.563
 01.02.2026 01:45:27; 11.563
 01.02.2026 01:48:26; 11.563
 01.02.2026 01:51:27; 11.563
 01.02.2026 01:54:26; 11.563
 01.02.2026 01:57:26; 11.563
 01.02.2026 02:00:27; 11.563
 01.02.2026 02:03:26; 11.563
 01.02.2026 02:06:26; 11.563
 01.02.2026 02:09:27; 11.563
 01.02.2026 02:12:27; 11.563
 01.02.2026 02:15:26; 11.563
 01.02.2026 02:18:27; 11.500
 01.02.2026 02:21:27; 11.563
 01.02.2026 02:24:26; 11.500
 01.02.2026 02:27:27; 11.500
 01.02.2026 02:30:27; 11.500
 01.02.2026 02:33:26; 11.438
 01.02.2026 02:36:27; 11.438
 01.02.2026 02:39:26; 11.438
 01.02.2026 02:42:26; 11.438
 01.02.2026 02:45:27; 11.438
 01.02.2026 02:48:26; 11.438
 01.02.2026 02:51:26; 11.438
 01.02.2026 02:54:27; 11.438
 01.02.2026 02:57:27; 11.375
 01.02.2026 03:00:26; 11.375
 01.02.2026 03:03:27; 11.375
 01.02.2026 03:06:27; 11.375
 01.02.2026 03:09:26; 11.375
 01.02.2026 03:12:27; 11.375
 01.02.2026 03:15:27; 11.375
 01.02.2026 03:18:26; 11.375
 01.02.2026 03:21:27; 11.375
 01.02.2026 03:24:26; 11.313
 01.02.2026 03:27:26; 11.313
 01.02.2026 03:30:27; 11.313
 01.02.2026 03:33:26; 11.313
 01.02.2026 03:36:26; 11.313
 01.02.2026 03:39:27; 11.313
 01.02.2026 03:42:27; 11.313
 01.02.2026 03:45:26; 11.313
 01.02.2026 03:48:27; 11.313
 01.02.2026 03:51:27; 11.250
 01.02.2026 03:54:26; 11.250
 01.02.2026 03:57:27; 11.250
 01.02.2026 04:00:27; 11.250
 01.02.2026 04:03:26; 11.188
 01.02.2026 04:06:27; 11.250
 01.02.2026 04:09:26; 11.250
 01.02.2026 04:12:26; 11.250
 01.02.2026 04:15:27; 11.250
 01.02.2026 04:18:26; 11.188
 01.02.2026 04:21:26; 11.188
 01.02.2026 04:24:27; 11.188
 01.02.2026 04:27:27; 11.125
 01.02.2026 04:30:26; 11.125
 01.02.2026 04:33:27; 11.125
 01.02.2026 04:36:27; 11.063
 01.02.2026 04:39:26; 11.063
 01.02.2026 04:42:27; 11.063
 01.02.2026 04:45:27; 11.000
 01.02.2026 04:48:26; 11.000
 01.02.2026 04:51:27; 11.000
 01.02.2026 04:54:26; 11.000
 01.02.2026 04:57:26; 10.938
 01.02.2026 05:00:27; 10.938
 01.02.2026 05:03:26; 10.938
 01.02.2026 05:06:26; 10.938
 01.02.2026 05:09:27; 10.938
 01.02.2026 05:12:27; 10.938
 01.02.2026 05:15:26; 10.875
 01.02.2026 05:18:27; 10.875
 01.02.2026 05:21:27; 10.875
 01.02.2026 05:24:26; 10.875
 01.02.2026 05:27:27; 10.875
 01.02.2026 05:30:27; 10.875
 01.02.2026 05:33:26; 10.875
 01.02.2026 05:36:27; 10.875
 01.02.2026 05:39:26; 10.875
 01.02.2026 05:42:26; 10.875
 01.02.2026 05:45:27; 10.875
 01.02.2026 05:48:26; 10.875
 01.02.2026 05:51:26; 10.875
 01.02.2026 05:54:27; 10.813
 01.02.2026 05:57:27; 10.813
 01.02.2026 06:00:26; 10.813
 01.02.2026 06:03:27; 10.750
 01.02.2026 06:06:27; 10.750
 01.02.2026 06:09:26; 10.688
 01.02.2026 06:12:27; 10.688
 01.02.2026 06:15:27; 10.688
 01.02.2026 06:18:26; 10.688
 01.02.2026 06:21:27; 10.688
 01.02.2026 06:24:26; 10.688
 01.02.2026 06:27:26; 10.625
 01.02.2026 06:30:27; 10.625
 01.02.2026 06:33:26; 10.625
 01.02.2026 06:36:26; 10.625
 01.02.2026 06:39:27; 10.625
 01.02.2026 06:42:27; 10.625
 01.02.2026 06:45:26; 10.625
 01.02.2026 06:48:27; 10.563
 01.02.2026 06:51:27; 10.563
 01.02.2026 06:54:26; 10.563
 01.02.2026 06:57:27; 10.563
 01.02.2026 07:00:27; 10.563
 01.02.2026 07:03:26; 10.500
 01.02.2026 07:06:27; 10.500
 01.02.2026 07:09:26; 10.438
 01.02.2026 07:12:26; 10.438
 01.02.2026 07:15:27; 10.438
 01.02.2026 07:18:26; 10.375
 01.02.2026 07:21:26; 10.375
 01.02.2026 07:24:27; 10.313
 01.02.2026 07:27:27; 10.313
 01.02.2026 07:30:26; 10.250
 01.02.2026 07:33:27; 10.250
 01.02.2026 07:36:27; 10.250
 01.02.2026 07:39:26; 10.250
 01.02.2026 07:42:27; 10.250
 01.02.2026 07:45:27; 10.250
 01.02.2026 07:48:26; 10.250
 01.02.2026 07:51:27; 10.250
 01.02.2026 07:54:26; 10.250
 01.02.2026 07:57:26; 10.188
 01.02.2026 08:00:27; 10.250
 01.02.2026 08:03:26; 10.250
 01.02.2026 08:06:26; 10.250
 01.02.2026 08:09:27; 10.188
 01.02.2026 08:12:27; 10.250
 01.02.2026 08:15:26; 10.188
 01.02.2026 08:18:27; 10.188
 01.02.2026 08:21:27; 10.188
 01.02.2026 08:24:26; 10.188
 01.02.2026 08:27:27; 10.125
 01.02.2026 08:30:27; 10.125
 01.02.2026 08:33:26; 10.125
 01.02.2026 08:36:27; 10.063
 01.02.2026 08:39:26; 10.063
 01.02.2026 08:42:26; 10.063
 01.02.2026 08:45:27; 10.063
 01.02.2026 08:48:26; 10.063
 01.02.2026 08:51:26; 10.000
 01.02.2026 08:54:27; 10.000
 01.02.2026 08:57:27; 10.000
 01.02.2026 09:00:26; 10.000
 01.02.2026 09:03:27; 10.000
 01.02.2026 09:06:27; 10.000
 01.02.2026 09:09:26;  9.938
 01.02.2026 09:12:27;  9.938
 01.02.2026 09:15:27;  9.938
 01.02.2026 09:18:26;  9.875
 01.02.2026 09:21:27;  9.875
 01.02.2026 09:24:26;  9.875
 01.02.2026 09:27:26;  9.813
 01.02.2026 09:30:27;  9.813
 01.02.2026 09:33:26;  9.813
 01.02.2026 09:36:26;  9.813
 01.02.2026 09:39:27;  9.813
 01.02.2026 09:42:27;  9.813
 01.02.2026 09:45:26;  9.813
 01.02.2026 09:48:27;  9.813
 01.02.2026 09:51:27;  9.813
 01.02.2026 09:54:26;  9.813
 01.02.2026 09:57:27;  9.813
 01.02.2026 10:00:27;  9.813
 01.02.2026 10:03:26;  9.813
 01.02.2026 10:06:27;  9.813
 01.02.2026 10:09:26;  9.813
 01.02.2026 10:12:26;  9.813
 01.02.2026 10:15:27;  9.813
 01.02.2026 10:18:26;  9.813
 01.02.2026 10:21:26;  9.813
 01.02.2026 10:24:27;  9.750
 01.02.2026 10:27:27;  9.750
 01.02.2026 10:30:26;  9.750
 01.02.2026 10:33:27;  9.750
 01.02.2026 10:36:27;  9.750
 01.02.2026 10:39:26;  9.688
 01.02.2026 10:42:27;  9.688
 01.02.2026 10:45:27;  9.688
 01.02.2026 10:48:26;  9.688
 01.02.2026 10:51:27;  9.688
 01.02.2026 10:54:26;  9.688
 01.02.2026 10:57:26;  9.688
 01.02.2026 11:00:27;  9.688
 01.02.2026 11:03:26;  9.688
 01.02.2026 11:06:26;  9.688
 01.02.2026 11:09:27;  9.688
 01.02.2026 11:12:27;  9.688
 01.02.2026 11:15:26;  9.688
 01.02.2026 11:18:27;  9.688
 01.02.2026 11:21:27;  9.688
 01.02.2026 11:24:26;  9.688
 01.02.2026 11:27:27;  9.688
 01.02.2026 11:30:27;  9.688
 01.02.2026 11:33:26;  9.688
 01.02.2026 11:36:27;  9.688
 01.02.2026 11:39:26;  9.688
 01.02.2026 11:42:26;  9.688
 01.02.2026 11:45:27;  9.688
 01.02.2026 11:48:26;  9.750
 01.02.2026 11:51:26;  9.750
 01.02.2026 11:54:27;  9.750
 01.02.2026 11:57:27;  9.688
 01.02.2026 12:00:26;  9.688
 01.02.2026 12:03:27;  9.688
 01.02.2026 12:06:27;  9.688
 01.02.2026 12:09:26;  9.688
 01.02.2026 12:12:27;  9.688
 01.02.2026 12:15:27;  9.750
 01.02.2026 12:18:26;  9.750
 01.02.2026 12:21:27;  9.750
 01.02.2026 12:24:26;  9.813
 01.02.2026 12:27:26;  9.875
 01.02.2026 12:30:27;  9.938
 01.02.2026 12:33:26;  9.938
 01.02.2026 12:36:26;  9.938
 01.02.2026 12:39:27;  9.938
 01.02.2026 12:42:27;  9.938
 01.02.2026 12:45:26;  9.875
 01.02.2026 12:48:27;  9.875
 01.02.2026 12:51:27;  9.813
 01.02.2026 12:54:26;  9.813
 01.02.2026 12:57:27;  9.875
 01.02.2026 13:00:27;  9.875
 01.02.2026 13:03:26;  9.875
 01.02.2026 13:06:27;  9.875
 01.02.2026 13:09:26;  9.938
 01.02.2026 13:12:26;  9.938
 01.02.2026 13:15:27;  9.938
 01.02.2026 13:18:26;  9.938
 01.02.2026 13:21:26;  9.938
 01.02.2026 13:24:27;  9.938
 01.02.2026 13:27:27;  9.938
 01.02.2026 13:30:26; 10.000
 01.02.2026 13:33:27; 10.000
 01.02.2026 13:36:27; 10.063
 01.02.2026 13:39:26; 10.125
 01.02.2026 13:42:27; 10.188
 01.02.2026 13:45:27; 10.250
 01.02.2026 13:48:26; 10.250
 01.02.2026 13:51:27; 10.250
 01.02.2026 13:54:26; 10.313
 01.02.2026 13:57:26; 10.375
 01.02.2026 14:00:27; 10.375
 01.02.2026 14:03:26; 10.375
 01.02.2026 14:06:26; 10.438
 01.02.2026 14:09:27; 10.500
 01.02.2026 14:12:27; 10.563
 01.02.2026 14:15:26; 10.625
 01.02.2026 14:18:27; 10.625
 01.02.2026 14:21:27; 10.563
 01.02.2026 14:24:26; 10.625
 01.02.2026 14:27:27; 10.563
 01.02.2026 14:30:27; 10.625
 01.02.2026 14:33:26; 10.625
 01.02.2026 14:36:27; 10.625
 01.02.2026 14:39:26; 10.625
 01.02.2026 14:42:26; 10.688
 01.02.2026 14:45:27; 10.688
 01.02.2026 14:48:26; 10.688
 01.02.2026 14:51:26; 10.688
 01.02.2026 14:54:27; 10.688
 01.02.2026 14:57:27; 10.688
 01.02.2026 15:00:26; 10.688
 01.02.2026 15:03:27; 10.688
 01.02.2026 15:06:27; 10.750
 01.02.2026 15:09:26; 10.875
 01.02.2026 15:12:27; 10.938
 01.02.2026 15:15:27; 11.000
 01.02.2026 15:18:26; 11.125
 01.02.2026 15:21:27; 11.188
 01.02.2026 15:24:26; 11.250
 01.02.2026 15:27:26; 11.250
 01.02.2026 15:30:27; 11.250
 01.02.2026 15:33:26; 11.313
 01.02.2026 15:36:26; 11.313
 01.02.2026 15:39:27; 11.375
 01.02.2026 15:42:27; 11.438
 01.02.2026 15:45:26; 11.563
 01.02.2026 15:48:27; 11.688
 01.02.2026 15:51:27; 11.813
 01.02.2026 15:54:26; 11.875
 01.02.2026 15:57:27; 11.875
 01.02.2026 16:00:27; 11.875
 01.02.2026 16:03:26; 11.875
 01.02.2026 16:06:27; 11.875
 01.02.2026 16:09:26; 11.938
 01.02.2026 16:12:26; 12.000
 01.02.2026 16:15:27; 12.000
 01.02.2026 16:18:26; 11.938
 01.02.2026 16:21:26; 11.875
 01.02.2026 16:24:27; 11.938
 01.02.2026 16:27:27; 12.063
 01.02.2026 16:30:26; 12.188
 01.02.2026 16:33:27; 12.313
 01.02.2026 16:36:27; 12.375
 01.02.2026 16:39:26; 12.500
 01.02.2026 16:42:27; 12.625
 01.02.2026 16:45:27; 12.688
 01.02.2026 16:48:26; 12.750
 01.02.2026 16:51:27; 12.813
 01.02.2026 16:54:26; 12.750
 01.02.2026 16:57:26; 12.563
 01.02.2026 17:00:27; 12.438
 01.02.2026 17:03:26; 12.313
 01.02.2026 17:06:26; 12.250
 01.02.2026 17:09:27; 12.188
 01.02.2026 17:12:27; 12.000
 01.02.2026 17:15:26; 11.938
 01.02.2026 17:18:27; 11.938
 01.02.2026 17:21:27; 12.000
 01.02.2026 17:24:26; 11.938
 01.02.2026 17:27:27; 12.000
 01.02.2026 17:30:27; 12.063
 01.02.2026 17:33:26; 12.125
 01.02.2026 17:36:27; 12.313
 01.02.2026 17:39:26; 12.500
 01.02.2026 17:42:26; 12.563
 01.02.2026 17:45:27; 12.750
 01.02.2026 17:48:26; 13.000
 01.02.2026 17:51:26; 13.000
 01.02.2026 17:54:27; 12.938
 01.02.2026 17:57:27; 12.938
 01.02.2026 18:00:26; 13.000
 01.02.2026 18:03:27; 13.188
 01.02.2026 18:06:27; 13.250
 01.02.2026 18:09:26; 13.250
 01.02.2026 18:12:27; 13.375
 01.02.2026 18:15:27; 13.250
 01.02.2026 18:18:26; 13.188
 01.02.2026 18:21:27; 13.063
 01.02.2026 18:24:26; 13.000
 01.02.2026 18:27:26; 12.938
 01.02.2026 18:30:27; 12.813
 01.02.2026 18:33:26; 12.625
 01.02.2026 18:36:26; 12.500
 01.02.2026 18:39:27; 12.375
 01.02.2026 18:42:27; 12.125
 01.02.2026 18:45:26; 12.000
 01.02.2026 18:48:27; 11.938
 01.02.2026 18:51:27; 11.813
 01.02.2026 18:54:26; 11.813
 01.02.2026 18:57:27; 11.750
 01.02.2026 19:00:27; 11.750
 01.02.2026 19:03:26; 11.750
 01.02.2026 19:06:27; 11.688
 01.02.2026 19:09:26; 11.688
 01.02.2026 19:12:26; 11.688
 01.02.2026 19:15:27; 11.625
 01.02.2026 19:18:26; 11.625
 01.02.2026 19:21:26; 11.625
 01.02.2026 19:24:27; 11.625
 01.02.2026 19:27:27; 11.625
 01.02.2026 19:30:26; 11.563
 01.02.2026 19:33:27; 11.625
 01.02.2026 19:36:27; 11.625
 01.02.2026 19:39:26; 11.688
 01.02.2026 19:42:27; 11.688
 01.02.2026 19:45:27; 11.625
 01.02.2026 19:48:26; 11.625
 01.02.2026 19:51:27; 11.625
 01.02.2026 19:54:26; 11.563
 01.02.2026 19:57:26; 11.563
 01.02.2026 20:00:27; 11.500
 01.02.2026 20:03:26; 11.500
 01.02.2026 20:06:26; 11.438
 01.02.2026 20:09:27; 11.438
 01.02.2026 20:12:27; 11.500
 01.02.2026 20:15:26; 11.500
 01.02.2026 20:18:27; 11.563
 01.02.2026 20:21:27; 11.563
 01.02.2026 20:24:26; 11.563
 01.02.2026 20:27:27; 11.563
 01.02.2026 20:30:27; 11.563
 01.02.2026 20:33:26; 11.500
 01.02.2026 20:36:27; 11.500
 01.02.2026 20:39:26; 11.500
 01.02.2026 20:42:26; 11.500
 01.02.2026 20:45:27; 11.500
 01.02.2026 20:48:26; 11.500
 01.02.2026 20:51:26; 11.563
 01.02.2026 20:54:27; 11.563
 01.02.2026 20:57:27; 11.563
 01.02.2026 21:00:26; 11.500
 01.02.2026 21:03:27; 11.375
 01.02.2026 21:06:27; 11.313
 01.02.2026 21:09:26; 11.250
 01.02.2026 21:12:27; 11.188
 01.02.2026 21:15:27; 11.125
 01.02.2026 21:18:26; 11.125
 01.02.2026 21:21:27; 11.125
 01.02.2026 21:24:26; 11.125
 01.02.2026 21:27:26; 11.125
 01.02.2026 21:30:27; 11.125
 01.02.2026 21:33:26; 11.125
 01.02.2026 21:36:26; 11.000
 01.02.2026 21:39:27; 11.000
 01.02.2026 21:42:27; 11.125
 01.02.2026 21:45:26; 11.125
 01.02.2026 21:48:27; 11.000
 01.02.2026 21:51:27; 10.938
 01.02.2026 21:54:26; 10.938
 01.02.2026 21:57:27; 10.875
 01.02.2026 22:00:27; 10.875
 01.02.2026 22:03:26; 10.813
 01.02.2026 22:06:27; 10.750
 01.02.2026 22:09:26; 10.625
 01.02.2026 22:12:26; 10.625
 01.02.2026 22:15:27; 10.563
 01.02.2026 22:18:26; 10.563
 01.02.2026 22:21:26; 10.563
 01.02.2026 22:24:27; 10.563
 01.02.2026 22:27:27; 10.563
 01.02.2026 22:30:26; 10.500
 01.02.2026 22:33:27; 10.375
 01.02.2026 22:36:27; 10.375
 01.02.2026 22:39:26; 10.313
 01.02.2026 22:42:27; 10.250
 01.02.2026 22:45:27; 10.250
 01.02.2026 22:48:26; 10.250
 01.02.2026 22:51:27; 10.250
 01.02.2026 22:54:26; 10.250
 01.02.2026 22:57:26; 10.250
 01.02.2026 23:00:27; 10.188
 01.02.2026 23:03:26; 10.125
 01.02.2026 23:06:26; 10.125
 01.02.2026 23:09:27; 10.063
 01.02.2026 23:12:27; 10.063
 01.02.2026 23:15:26; 10.063
 01.02.2026 23:18:27; 10.063
 01.02.2026 23:21:27; 10.063
 01.02.2026 23:24:26; 10.000
 01.02.2026 23:27:27; 10.000
 01.02.2026 23:30:27; 10.000
 01.02.2026 23:33:26; 10.000
 01.02.2026 23:36:27; 10.000
 01.02.2026 23:39:26; 10.000
 01.02.2026 23:42:26; 10.000
 01.02.2026 23:45:27; 10.000
 01.02.2026 23:48:26; 10.000
 01.02.2026 23:51:26; 10.000
 01.02.2026 23:54:27; 10.000
 01.02.2026 23:57:27;  9.938
 02.02.2026 00:00:26;  9.938
 02.02.2026 00:03:27;  9.938
 02.02.2026 00:06:27;  9.938
 02.02.2026 00:09:26;  9.938
 02.02.2026 00:12:27;  9.938
 02.02.2026 00:15:27;  9.938
 02.02.2026 00:18:26;  9.938
 02.02.2026 00:21:27;  9.875
 02.02.2026 00:24:26;  9.875
 02.02.2026 00:27:26;  9.875
 02.02.2026 00:30:27;  9.875
 02.02.2026 00:33:26;  9.875
 02.02.2026 00:36:26;  9.875
 02.02.2026 00:39:27;  9.875
 02.02.2026 00:42:27;  9.875
 02.02.2026 00:45:26;  9.875
 02.02.2026 00:48:27;  9.875
 02.02.2026 00:51:27;  9.875
 02.02.2026 00:54:26;  9.875
 02.02.2026 00:57:27;  9.875
 02.02.2026 01:00:27;  9.875
 02.02.2026 01:03:26;  9.875
 02.02.2026 01:06:27;  9.875
 02.02.2026 01:09:26;  9.938
 02.02.2026 01:12:26;  9.938
 02.02.2026 01:15:27;  9.938
 02.02.2026 01:18:26;  9.938
 02.02.2026 01:21:26;  9.938
 02.02.2026 01:24:27;  9.938
 02.02.2026 01:27:27;  9.938
 02.02.2026 01:30:26;  9.938
 02.02.2026 01:33:27;  9.938
 02.02.2026 01:36:27;  9.938
 02.02.2026 01:39:26;  9.938
 02.02.2026 01:42:27;  9.938
 02.02.2026 01:45:27;  9.938
 02.02.2026 01:48:26;  9.938
 02.02.2026 01:51:27;  9.938
 02.02.2026 01:54:26;  9.938
 02.02.2026 01:57:26;  9.938
 02.02.2026 02:00:27;  9.938
 02.02.2026 02:03:26;  9.938
 02.02.2026 02:06:26; 10.000
 02.02.2026 02:09:27; 10.000
 02.02.2026 02:12:27; 10.000
 02.02.2026 02:15:26; 10.000
 02.02.2026 02:18:27; 10.000
 02.02.2026 02:21:27; 10.000
 02.02.2026 02:24:26;  9.938
 02.02.2026 02:27:27;  9.875
 02.02.2026 02:30:27;  9.875
 02.02.2026 02:33:26;  9.875
 02.02.2026 02:36:27;  9.875
 02.02.2026 02:39:26;  9.875
 02.02.2026 02:42:26;  9.938
 02.02.2026 02:45:27;  9.938
 02.02.2026 02:48:26;  9.938
 02.02.2026 02:51:26;  9.938
 02.02.2026 02:54:27;  9.938
 02.02.2026 02:57:27;  9.938
 02.02.2026 03:00:26;  9.938
 02.02.2026 03:03:27;  9.938
 02.02.2026 03:06:27;  9.938
 02.02.2026 03:09:26;  9.875
 02.02.2026 03:12:27;  9.875
 02.02.2026 03:15:27;  9.875
 02.02.2026 03:18:26;  9.875
 02.02.2026 03:21:27;  9.875
 02.02.2026 03:24:26;  9.938
 02.02.2026 03:27:26;  9.938
 02.02.2026 03:30:27;  9.875
 02.02.2026 03:33:26;  9.875
 02.02.2026 03:36:26;  9.813
 02.02.2026 03:39:27;  9.813
 02.02.2026 03:42:27;  9.750
 02.02.2026 03:45:26;  9.750
 02.02.2026 03:48:27;  9.750
 02.02.2026 03:51:27;  9.750
 02.02.2026 03:54:26;  9.750
 02.02.2026 03:57:27;  9.750
 02.02.2026 04:00:27;  9.750
 02.02.2026 04:03:26;  9.750
 02.02.2026 04:06:27;  9.750
 02.02.2026 04:09:26;  9.750
 02.02.2026 04:12:26;  9.750
 02.02.2026 04:15:27;  9.750
 02.02.2026 04:18:26;  9.813
 02.02.2026 04:21:26;  9.750
 02.02.2026 04:24:27;  9.813
 02.02.2026 04:27:27;  9.813
 02.02.2026 04:30:26;  9.875
 02.02.2026 04:33:27;  9.875
 02.02.2026 04:36:27;  9.813
 02.02.2026 04:39:26;  9.813
 02.02.2026 04:42:27;  9.750
 02.02.2026 04:45:27;  9.688
 02.02.2026 04:48:26;  9.688
 02.02.2026 04:51:27;  9.688
 02.02.2026 04:54:26;  9.688
 02.02.2026 04:57:26;  9.688
 02.02.2026 05:00:27;  9.688
 02.02.2026 05:03:26;  9.750
 02.02.2026 05:06:26;  9.750
 02.02.2026 05:09:27;  9.750
 02.02.2026 05:12:27;  9.750
 02.02.2026 05:15:26;  9.750
 02.02.2026 05:18:27;  9.750
 02.02.2026 05:21:27;  9.750
 02.02.2026 05:24:26;  9.750
 02.02.2026 05:27:27;  9.813
 02.02.2026 05:30:27;  9.750
 02.02.2026 05:33:26;  9.750
 02.02.2026 05:36:27;  9.813
 02.02.2026 05:39:26;  9.813
 02.02.2026 05:42:26;  9.813
 02.02.2026 05:45:27;  9.813
 02.02.2026 05:48:26;  9.813
 02.02.2026 05:51:26;  9.813
 02.02.2026 05:54:27;  9.813
 02.02.2026 05:57:27;  9.813
 02.02.2026 06:00:26;  9.813
 02.02.2026 06:03:27;  9.813
 02.02.2026 06:06:27;  9.750
 02.02.2026 06:09:26;  9.750
 02.02.2026 06:12:27;  9.750
 02.02.2026 06:15:27;  9.750
 02.02.2026 06:18:26;  9.813
 02.02.2026 06:21:27;  9.813
 02.02.2026 06:24:26;  9.813
 02.02.2026 06:27:26;  9.813
 02.02.2026 06:30:27;  9.813
 02.02.2026 06:33:26;  9.750
 02.02.2026 06:36:26;  9.750
 02.02.2026 06:39:27;  9.750
 02.02.2026 06:42:27;  9.750
 02.02.2026 06:45:26;  9.750
 02.02.2026 06:48:27;  9.813
 02.02.2026 06:51:27;  9.813
 02.02.2026 06:54:26;  9.750
 02.02.2026 06:57:27;  9.750
 02.02.2026 07:00:27;  9.750
 02.02.2026 07:03:26;  9.750
 02.02.2026 07:06:27;  9.750
 02.02.2026 07:09:26;  9.750
 02.02.2026 07:12:26;  9.750
 02.02.2026 07:15:27;  9.750
 02.02.2026 07:18:26;  9.813
 02.02.2026 07:21:26;  9.813
 02.02.2026 07:24:27;  9.813
 02.02.2026 07:27:27;  9.813
 02.02.2026 07:30:26;  9.813
 02.02.2026 07:33:27;  9.875
 02.02.2026 07:36:27;  9.875
 02.02.2026 07:39:26;  9.875
 02.02.2026 07:42:27;  9.875
 02.02.2026 07:45:27;  9.875
 02.02.2026 07:48:26;  9.875
 02.02.2026 07:51:27;  9.938
 02.02.2026 07:54:26;  9.938
 02.02.2026 07:57:26;  9.938
 02.02.2026 08:00:27;  9.938
 02.02.2026 08:03:26;  9.938
 02.02.2026 08:06:26;  9.875
 02.02.2026 08:09:27;  9.938
 02.02.2026 08:12:27;  9.938
 02.02.2026 08:15:26;  9.938
 02.02.2026 08:18:27; 10.000
 02.02.2026 08:21:27; 10.000
 02.02.2026 08:24:26; 10.063
 02.02.2026 08:27:27; 10.063
 02.02.2026 08:30:27; 10.063
 02.02.2026 08:33:26; 10.063
 02.02.2026 08:36:27; 10.000
 02.02.2026 08:39:26; 10.000
 02.02.2026 08:42:26; 10.063
 02.02.2026 08:45:27; 10.000
 02.02.2026 08:48:26; 10.000
 02.02.2026 08:51:26; 10.000
 02.02.2026 08:54:27; 10.000
 02.02.2026 08:57:27; 10.000
 02.02.2026 09:00:26; 10.000
 02.02.2026 09:03:27; 10.000
 02.02.2026 09:06:27; 10.000
 02.02.2026 09:09:26; 10.000
 02.02.2026 09:12:27; 10.000
 02.02.2026 09:15:27; 10.000
 02.02.2026 09:18:26; 10.000
 02.02.2026 09:21:27; 10.000
 02.02.2026 09:24:26; 10.063
 02.02.2026 09:27:26; 10.063
 02.02.2026 09:30:27; 10.063
 02.02.2026 09:33:26; 10.063
 02.02.2026 09:36:26; 10.063
 02.02.2026 09:39:27; 10.000
 02.02.2026 09:42:27; 10.000
 02.02.2026 09:45:26; 10.000
 02.02.2026 09:48:27;  9.938
 02.02.2026 09:51:27;  9.938
 02.02.2026 09:54:26;  9.875
 02.02.2026 09:57:27;  9.875
 02.02.2026 10:00:27;  9.875
 02.02.2026 10:03:26;  9.875
 02.02.2026 10:06:27;  9.875
 02.02.2026 10:09:26;  9.875
 02.02.2026 10:12:26;  9.938
 02.02.2026 10:15:27;  9.938
 02.02.2026 10:18:26;  9.938
 02.02.2026 10:21:26;  9.938
 02.02.2026 10:24:27;  9.938
 02.02.2026 10:27:27;  9.938
 02.02.2026 10:30:26;  9.938
 02.02.2026 10:33:27;  9.938
 02.02.2026 10:36:27; 10.000
 02.02.2026 10:39:26;  9.938
 02.02.2026 10:42:27;  9.938
 02.02.2026 10:45:27;  9.875
 02.02.2026 10:48:26;  9.875
 02.02.2026 10:51:27;  9.875
 02.02.2026 10:54:26;  9.875
 02.02.2026 10:57:26;  9.938
 02.02.2026 11:00:27;  9.875
 02.02.2026 11:03:26;  9.875
 02.02.2026 11:06:26;  9.875
 02.02.2026 11:09:27;  9.875
 02.02.2026 11:12:27;  9.938
 02.02.2026 11:15:26;  9.875
 02.02.2026 11:18:27;  9.875
 02.02.2026 11:21:27;  9.875
 02.02.2026 11:24:26;  9.938
 02.02.2026 11:27:27;  9.938
 02.02.2026 11:30:27;  9.938
 02.02.2026 11:33:26;  9.938
 02.02.2026 11:36:27;  9.938
 02.02.2026 11:39:26;  9.938
 02.02.2026 11:42:26;  9.938
 02.02.2026 11:45:27;  9.938
 02.02.2026 11:48:26;  9.938
 02.02.2026 11:51:26;  9.875
 02.02.2026 11:54:27;  9.875
 02.02.2026 11:57:27;  9.938
 02.02.2026 12:00:26;  9.938
 02.02.2026 12:03:27; 10.000
 02.02.2026 12:06:27; 10.000
 02.02.2026 12:09:26; 10.000
 02.02.2026 12:12:27; 10.000
 02.02.2026 12:15:27; 10.000
 02.02.2026 12:18:26; 10.125
 02.02.2026 12:21:27; 10.188
 02.02.2026 12:24:26; 10.313
 02.02.2026 12:27:26; 10.313
 02.02.2026 12:30:27; 10.313
 02.02.2026 12:33:26; 10.375
 02.02.2026 12:36:26; 10.375
 02.02.2026 12:39:27; 10.438
 02.02.2026 12:42:27; 10.563
 02.02.2026 12:45:26; 10.625
 02.02.2026 12:48:27; 10.563
 02.02.2026 12:51:27; 10.563
 02.02.2026 12:54:26; 10.625
 02.02.2026 12:57:27; 10.563
 02.02.2026 13:00:27; 10.625
 02.02.2026 13:03:26; 10.625
 02.02.2026 13:06:27; 10.688
 02.02.2026 13:09:26; 10.750
 02.02.2026 13:12:26; 10.750
 02.02.2026 13:15:27; 10.813
 02.02.2026 13:18:26; 10.750
 02.02.2026 13:21:26; 10.813
 02.02.2026 13:24:27; 10.750
 02.02.2026 13:27:27; 10.750
 02.02.2026 13:30:26; 10.813
 02.02.2026 13:33:27; 10.875
 02.02.2026 13:36:27; 10.750
 02.02.2026 13:39:26; 10.750
 02.02.2026 13:42:27; 10.875
 02.02.2026 13:45:27; 10.938
 02.02.2026 13:48:26; 11.063
 02.02.2026 13:51:27; 11.000
 02.02.2026 13:54:26; 10.875
 02.02.2026 13:57:26; 10.875
 02.02.2026 14:00:27; 10.938
 02.02.2026 14:03:26; 11.000
 02.02.2026 14:06:26; 11.063
 02.02.2026 14:09:27; 11.063
 02.02.2026 14:12:27; 11.063
 02.02.2026 14:15:26; 11.125
 02.02.2026 14:18:27; 11.125
 02.02.2026 14:21:27; 11.125
 02.02.2026 14:24:26; 11.063
 02.02.2026 14:27:27; 11.063
 02.02.2026 14:30:27; 11.125
 02.02.2026 14:33:26; 11.250
 02.02.2026 14:36:27; 11.375
 02.02.2026 14:39:26; 11.438
 02.02.2026 14:42:26; 11.500
 02.02.2026 14:45:27; 11.500
 02.02.2026 14:48:26; 11.563
 02.02.2026 14:51:26; 11.563
 02.02.2026 14:54:27; 11.563
 02.02.2026 14:57:27; 11.563
 02.02.2026 15:00:26; 11.688
 02.02.2026 15:03:27; 11.750
 02.02.2026 15:06:27; 11.813
 02.02.2026 15:09:26; 11.750
 02.02.2026 15:12:27; 11.750
 02.02.2026 15:15:27; 11.688
 02.02.2026 15:18:26; 11.750
 02.02.2026 15:21:27; 11.750
 02.02.2026 15:24:26; 11.750
 02.02.2026 15:27:26; 11.750
 02.02.2026 15:30:27; 11.813
 02.02.2026 15:33:26; 11.875
 02.02.2026 15:36:26; 11.813
 02.02.2026 15:39:27; 11.875
 02.02.2026 15:42:27; 12.063
 02.02.2026 15:45:26; 12.125
 02.02.2026 15:48:27; 12.188
 02.02.2026 15:51:27; 12.188
 02.02.2026 15:54:26; 12.188
 02.02.2026 15:57:27; 12.188
 02.02.2026 16:00:27; 12.188
 02.02.2026 16:03:26; 12.188
 02.02.2026 16:06:27; 12.188
 02.02.2026 16:09:26; 12.125
 02.02.2026 16:12:26; 12.063
 02.02.2026 16:15:27; 12.000
 02.02.2026 16:18:26; 11.938
 02.02.2026 16:21:26; 11.875
 02.02.2026 16:24:27; 11.875
 02.02.2026 16:27:27; 11.813
 02.02.2026 16:30:26; 11.750
 02.02.2026 16:33:27; 11.750
 02.02.2026 16:36:27; 11.750
 02.02.2026 16:39:26; 11.813
 02.02.2026 16:42:27; 11.875
 02.02.2026 16:45:27; 11.938
 02.02.2026 16:48:26; 12.000
 02.02.2026 16:51:27; 11.875
 02.02.2026 16:54:26; 11.875
 02.02.2026 16:57:26; 11.875
 02.02.2026 17:00:27; 11.875
 02.02.2026 17:03:26; 11.813
 02.02.2026 17:06:26; 11.750
 02.02.2026 17:09:27; 11.688
 02.02.2026 17:12:27; 11.625
 02.02.2026 17:15:26; 11.625
 02.02.2026 17:18:27; 11.688
 02.02.2026 17:21:27; 11.875
 02.02.2026 17:24:26; 12.063
 02.02.2026 17:27:27; 12.313
 02.02.2026 17:30:27; 12.563
 02.02.2026 17:33:26; 12.500
 02.02.2026 17:36:27; 12.500
 02.02.2026 17:39:26; 12.438
 02.02.2026 17:42:26; 12.563
 02.02.2026 17:45:27; 12.625
 02.02.2026 17:48:26; 12.500
 02.02.2026 17:51:26; 12.500
 02.02.2026 17:54:27; 12.500
 02.02.2026 17:57:27; 12.438
 02.02.2026 18:00:26; 12.438
 02.02.2026 18:03:27; 12.375
 02.02.2026 18:06:27; 12.188
 02.02.2026 18:09:26; 12.063
 02.02.2026 18:12:27; 11.938
 02.02.2026 18:15:27; 11.938
 02.02.2026 18:18:26; 11.938
 02.02.2026 18:21:27; 11.875
 02.02.2026 18:24:26; 11.938
 02.02.2026 18:27:26; 12.000
 02.02.2026 18:30:27; 12.125
 02.02.2026 18:33:26; 12.188
 02.02.2026 18:36:26; 12.313
 02.02.2026 18:39:27; 12.500
 02.02.2026 18:42:27; 12.750
 02.02.2026 18:45:26; 12.750
 02.02.2026 18:48:27; 12.750
 02.02.2026 18:51:27; 12.875
 02.02.2026 18:54:26; 13.125
 02.02.2026 18:57:27; 13.375
 02.02.2026 19:00:27; 13.250
 02.02.2026 19:03:26; 13.125
 02.02.2026 19:06:27; 13.125
 02.02.2026 19:09:26; 13.250
 02.02.2026 19:12:26; 13.500
 02.02.2026 19:15:27; 13.688
 02.02.2026 19:18:26; 13.688
 02.02.2026 19:21:26; 13.500
 02.02.2026 19:24:27; 13.500
 02.02.2026 19:27:27; 13.563
 02.02.2026 19:30:26; 13.625
 02.02.2026 19:33:27; 13.563
 02.02.2026 19:36:27; 13.438
 02.02.2026 19:39:26; 13.188
 02.02.2026 19:42:27; 12.875
 02.02.2026 19:45:27; 12.688
 02.02.2026 19:48:26; 12.438
 02.02.2026 19:51:27; 12.313
 02.02.2026 19:54:26; 12.313
 02.02.2026 19:57:26; 12.313
 02.02.2026 20:00:27; 12.313
 02.02.2026 20:03:26; 12.250
 02.02.2026 20:06:26; 12.250
 02.02.2026 20:09:27; 12.313
 02.02.2026 20:12:27; 12.250
 02.02.2026 20:15:26; 12.188
 02.02.2026 20:18:27; 12.188
 02.02.2026 20:21:27; 12.313
 02.02.2026 20:24:26; 12.375
 02.02.2026 20:27:27; 12.500
 02.02.2026 20:30:27; 12.500
 02.02.2026 20:33:26; 12.375
 02.02.2026 20:36:27; 12.375
 02.02.2026 20:39:26; 12.500
 02.02.2026 20:42:26; 12.625
 02.02.2026 20:45:27; 12.625
 02.02.2026 20:48:26; 12.438
 02.02.2026 20:51:26; 12.375
 02.02.2026 20:54:27; 12.313
 02.02.2026 20:57:27; 12.250
 02.02.2026 21:00:26; 12.063
 02.02.2026 21:03:27; 12.000
 02.02.2026 21:06:27; 11.875
 02.02.2026 21:09:26; 11.875
 02.02.2026 21:12:27; 11.813
 02.02.2026 21:15:27; 11.688
 02.02.2026 21:18:26; 11.688
 02.02.2026 21:21:27; 11.688
 02.02.2026 21:24:26; 11.688
 02.02.2026 21:27:26; 11.625
 02.02.2026 21:30:27; 11.625
 02.02.2026 21:33:26; 11.500
 02.02.2026 21:36:26; 11.438
 02.02.2026 21:39:27; 11.375
 02.02.2026 21:42:27; 11.313
 02.02.2026 21:45:26; 11.375
 02.02.2026 21:48:27; 11.375
 02.02.2026 21:51:27; 11.375
 02.02.2026 21:54:26; 11.375
 02.02.2026 21:57:27; 11.375
 02.02.2026 22:00:27; 11.375
 02.02.2026 22:03:26; 11.313
 02.02.2026 22:06:27; 11.188
 02.02.2026 22:09:26; 11.125
 02.02.2026 22:12:26; 11.063
 02.02.2026 22:15:27; 11.063
 02.02.2026 22:18:26; 11.063
 02.02.2026 22:21:26; 11.063
 02.02.2026 22:24:27; 11.000
 02.02.2026 22:27:27; 10.875
 02.02.2026 22:30:26; 10.813
 02.02.2026 22:33:27; 10.750
 02.02.2026 22:36:27; 10.750
 02.02.2026 22:39:26; 10.750
 02.02.2026 22:42:27; 10.688
 02.02.2026 22:45:27; 10.688
 02.02.2026 22:48:26; 10.688
 02.02.2026 22:51:27; 10.625
 02.02.2026 22:54:26; 10.625
 02.02.2026 22:57:26; 10.563
 02.02.2026 23:00:27; 10.500
 02.02.2026 23:03:26; 10.500
 02.02.2026 23:06:26; 10.500
 02.02.2026 23:09:27; 10.438
 02.02.2026 23:12:27; 10.438
 02.02.2026 23:15:26; 10.375
 02.02.2026 23:18:27; 10.375
 02.02.2026 23:21:27; 10.375
 02.02.2026 23:24:26; 10.313
 02.02.2026 23:27:27; 10.313
 02.02.2026 23:30:27; 10.313
 02.02.2026 23:33:26; 10.313
 02.02.2026 23:36:27; 10.313
 02.02.2026 23:39:26; 10.313
 02.02.2026 23:42:26; 10.375
 02.02.2026 23:45:27; 10.375
 02.02.2026 23:48:26; 10.313
 02.02.2026 23:51:26; 10.313
 02.02.2026 23:54:27; 10.313
 02.02.2026 23:57:27; 10.250
 03.02.2026 00:00:26; 10.188
 03.02.2026 00:03:27; 10.188
 03.02.2026 00:06:27; 10.188
 03.02.2026 00:09:26; 10.188
 03.02.2026 00:12:27; 10.188
 03.02.2026 00:15:27; 10.188
 03.02.2026 00:18:26; 10.125
 03.02.2026 00:21:27; 10.125
 03.02.2026 00:24:26; 10.125
 03.02.2026 00:27:26; 10.125
 03.02.2026 00:30:27; 10.125
 03.02.2026 00:33:26; 10.125
 03.02.2026 00:36:26; 10.125
 03.02.2026 00:39:27; 10.125
 03.02.2026 00:42:27; 10.125
 03.02.2026 00:45:26; 10.063
 03.02.2026 00:48:27; 10.063
 03.02.2026 00:51:27; 10.000
 03.02.2026 00:54:26; 10.000
 03.02.2026 00:57:27; 10.000
 03.02.2026 01:00:27; 10.000
 03.02.2026 01:03:26; 10.063
 03.02.2026 01:06:27; 10.063
 03.02.2026 01:09:26; 10.063
 03.02.2026 01:12:26; 10.000
 03.02.2026 01:15:27; 10.000
 03.02.2026 01:18:26;  9.938
 03.02.2026 01:21:26;  9.938
 03.02.2026 01:24:27;  9.938
 03.02.2026 01:27:27;  9.938
 03.02.2026 01:30:26;  9.875
 03.02.2026 01:33:27;  9.875
 03.02.2026 01:36:27;  9.875
 03.02.2026 01:39:26;  9.875
 03.02.2026 01:42:27;  9.875
 03.02.2026 01:45:27;  9.875
 03.02.2026 01:48:26;  9.875
 03.02.2026 01:51:27;  9.875
 03.02.2026 01:54:26;  9.813
 03.02.2026 01:57:26;  9.813
 03.02.2026 02:00:27;  9.813
 03.02.2026 02:03:26;  9.750
 03.02.2026 02:06:26;  9.750
 03.02.2026 02:09:27;  9.750
 03.02.2026 02:12:27;  9.688
 03.02.2026 02:15:26;  9.688
 03.02.2026 02:18:27;  9.688
 03.02.2026 02:21:27;  9.625
 03.02.2026 02:24:26;  9.625
 03.02.2026 02:27:27;  9.563
 03.02.2026 02:30:27;  9.563
 03.02.2026 02:33:26;  9.500
 03.02.2026 02:36:27;  9.500
 03.02.2026 02:39:26;  9.438
 03.02.2026 02:42:26;  9.438
 03.02.2026 02:45:27;  9.438
 03.02.2026 02:48:26;  9.438
 03.02.2026 02:51:26;  9.438
 03.02.2026 02:54:27;  9.375
 03.02.2026 02:57:27;  9.375
 03.02.2026 03:00:26;  9.375
 03.02.2026 03:03:27;  9.375
 03.02.2026 03:06:27;  9.375
 03.02.2026 03:09:26;  9.375
 03.02.2026 03:12:27;  9.313
 03.02.2026 03:15:27;  9.313
 03.02.2026 03:18:26;  9.313
 03.02.2026 03:21:27;  9.313
 03.02.2026 03:24:26;  9.313
 03.02.2026 03:27:26;  9.313
 03.02.2026 03:30:27;  9.250
 03.02.2026 03:33:26;  9.250
 03.02.2026 03:36:26;  9.250
 03.02.2026 03:39:27;  9.250
 03.02.2026 03:42:27;  9.250
 03.02.2026 03:45:26;  9.188
 03.02.2026 03:48:27;  9.188
 03.02.2026 03:51:27;  9.188
 03.02.2026 03:54:26;  9.188
 03.02.2026 03:57:27;  9.188
 03.02.2026 04:00:27;  9.250
 03.02.2026 04:03:26;  9.250
 03.02.2026 04:06:27;  9.250
 03.02.2026 04:09:26;  9.250
 03.02.2026 04:12:26;  9.250
 03.02.2026 04:15:27;  9.250
 03.02.2026 04:18:26;  9.250
 03.02.2026 04:21:26;  9.250
 03.02.2026 04:24:27;  9.250
 03.02.2026 04:27:27;  9.250
 03.02.2026 04:30:26;  9.313
 03.02.2026 04:33:27;  9.313
 03.02.2026 04:36:27;  9.313
 03.02.2026 04:39:26;  9.313
 03.02.2026 04:42:27;  9.313
 03.02.2026 04:45:27;  9.313
 03.02.2026 04:48:26;  9.313
 03.02.2026 04:51:27;  9.313
 03.02.2026 04:54:26;  9.313
 03.02.2026 04:57:26;  9.313
 03.02.2026 05:00:27;  9.313
 03.02.2026 05:03:26;  9.313
 03.02.2026 05:06:26;  9.250
 03.02.2026 05:09:27;  9.250
 03.02.2026 05:12:27;  9.250
 03.02.2026 05:15:26;  9.250
 03.02.2026 05:18:27;  9.250
 03.02.2026 05:21:27;  9.250
 03.02.2026 05:24:26;  9.250
 03.02.2026 05:27:27;  9.250
 03.02.2026 05:30:27;  9.250
 03.02.2026 05:33:26;  9.313
 03.02.2026 05:36:27;  9.313
 03.02.2026 05:39:26;  9.313
 03.02.2026 05:42:26;  9.313
 03.02.2026 05:45:27;  9.313
 03.02.2026 05:48:26;  9.313
 03.02.2026 05:51:26;  9.313
 03.02.2026 05:54:27;  9.313
 03.02.2026 05:57:27;  9.313
 03.02.2026 06:00:26;  9.313
 03.02.2026 06:03:27;  9.313
 03.02.2026 06:06:27;  9.250
 03.02.2026 06:09:26;  9.250
 03.02.2026 06:12:27;  9.250
 03.02.2026 06:15:27;  9.250
 03.02.2026 06:18:26;  9.250
 03.02.2026 06:21:27;  9.250
 03.02.2026 06:24:26;  9.250
 03.02.2026 06:27:26;  9.250
 03.02.2026 06:30:27;  9.250
 03.02.2026 06:33:26;  9.313
 03.02.2026 06:36:26;  9.250
 03.02.2026 06:39:27;  9.313
 03.02.2026 06:42:27;  9.313
 03.02.2026 06:45:26;  9.313
 03.02.2026 06:48:27;  9.313
 03.02.2026 06:51:27;  9.313
 03.02.2026 06:54:26;  9.313
 03.02.2026 06:57:27;  9.313
 03.02.2026 07:00:27;  9.250
 03.02.2026 07:03:26;  9.250
 03.02.2026 07:06:27;  9.250
 03.02.2026 07:09:26;  9.250
 03.02.2026 07:12:26;  9.250
 03.02.2026 07:15:27;  9.250
 03.02.2026 07:18:26;  9.250
 03.02.2026 07:21:26;  9.250
 03.02.2026 07:24:27;  9.250
 03.02.2026 07:27:27;  9.250
 03.02.2026 07:30:26;  9.188
 03.02.2026 07:33:27;  9.188
 03.02.2026 07:36:27;  9.188
 03.02.2026 07:39:26;  9.188
 03.02.2026 07:42:27;  9.188
 03.02.2026 07:45:27;  9.188
 03.02.2026 07:48:26;  9.188
 03.02.2026 07:51:27;  9.188
 03.02.2026 07:54:26;  9.188
 03.02.2026 07:57:26;  9.188
 03.02.2026 08:00:27;  9.125
 03.02.2026 08:03:26;  9.125
 03.02.2026 08:06:26;  9.125
 03.02.2026 08:09:27;  9.063
 03.02.2026 08:12:27;  9.063
 03.02.2026 08:15:26;  9.063
 03.02.2026 08:18:27;  9.063
 03.02.2026 08:21:27;  9.063
 03.02.2026 08:24:26;  9.063
 03.02.2026 08:27:27;  9.063
 03.02.2026 08:30:27;  9.063
 03.02.2026 08:33:26;  9.063
 03.02.2026 08:36:27;  9.063
 03.02.2026 08:39:26;  9.063
 03.02.2026 08:42:26;  9.063
 03.02.2026 08:45:27;  9.063
 03.02.2026 08:48:26;  9.063
 03.02.2026 08:51:26;  9.125
 03.02.2026 08:54:27;  9.125
 03.02.2026 08:57:27;  9.125
 03.02.2026 09:00:26;  9.125
 03.02.2026 09:03:27;  9.188
 03.02.2026 09:06:27;  9.188
 03.02.2026 09:09:26;  9.188
 03.02.2026 09:12:27;  9.188
 03.02.2026 09:15:27;  9.188
 03.02.2026 09:18:26;  9.188
 03.02.2026 09:21:27;  9.188
 03.02.2026 09:24:26;  9.188
 03.02.2026 09:27:26;  9.188
 03.02.2026 09:30:27;  9.188
 03.02.2026 09:33:26;  9.188
 03.02.2026 09:36:26;  9.188
 03.02.2026 09:39:27;  9.188
 03.02.2026 09:42:27;  9.188
 03.02.2026 09:45:26;  9.188
 03.02.2026 09:48:27;  9.188
 03.02.2026 09:51:27;  9.188
 03.02.2026 09:54:26;  9.188
 03.02.2026 09:57:27;  9.188
 03.02.2026 10:00:27;  9.188
 03.02.2026 10:03:26;  9.125
 03.02.2026 10:06:27;  9.125
 03.02.2026 10:09:26;  9.125
 03.02.2026 10:12:26;  9.125
 03.02.2026 10:15:27;  9.125
 03.02.2026 10:18:26;  9.125
 03.02.2026 10:21:26;  9.063
 03.02.2026 10:24:27;  9.063
 03.02.2026 10:27:27;  9.063
 03.02.2026 10:30:26;  9.000
 03.02.2026 10:33:27;  9.000
 03.02.2026 10:36:27;  8.938
 03.02.2026 10:39:26;  8.938
 03.02.2026 10:42:27;  8.938
 03.02.2026 10:45:27;  8.938
 03.02.2026 10:48:26;  8.938
 03.02.2026 10:51:27;  8.875
 03.02.2026 10:54:26;  8.875
 03.02.2026 10:57:26;  8.875
 03.02.2026 11:00:27;  8.875
 03.02.2026 11:03:26;  8.875
 03.02.2026 11:06:26;  8.875
 03.02.2026 11:09:27;  8.938
 03.02.2026 11:12:27;  8.938
 03.02.2026 11:15:26;  8.938
 03.02.2026 11:18:27;  8.938
 03.02.2026 11:21:27;  8.938
 03.02.2026 11:24:26;  8.938
 03.02.2026 11:27:27;  8.938
 03.02.2026 11:30:27;  8.938
 03.02.2026 11:33:26;  8.938
 03.02.2026 11:36:27;  9.000
 03.02.2026 11:39:26;  9.063
 03.02.2026 11:42:26;  9.063
 03.02.2026 11:45:27;  9.063
 03.02.2026 11:48:26;  9.125
 03.02.2026 11:51:26;  9.125
 03.02.2026 11:54:27;  9.188
 03.02.2026 11:57:27;  9.250
 03.02.2026 12:00:26;  9.313
 03.02.2026 12:03:27;  9.375
 03.02.2026 12:06:27;  9.438
 03.02.2026 12:09:26;  9.438
 03.02.2026 12:12:27;  9.500
 03.02.2026 12:15:27;  9.563
 03.02.2026 12:18:26;  9.563
 03.02.2026 12:21:27;  9.625
 03.02.2026 12:24:26;  9.688
 03.02.2026 12:27:26;  9.688
 03.02.2026 12:30:27;  9.750
 03.02.2026 12:33:26;  9.813
 03.02.2026 12:36:26;  9.813
 03.02.2026 12:39:27;  9.813
 03.02.2026 12:42:27;  9.875
 03.02.2026 12:45:26;  9.938
 03.02.2026 12:48:27; 10.000
 03.02.2026 12:51:27; 10.063
 03.02.2026 12:54:26; 10.188
 03.02.2026 12:57:27; 10.250
 03.02.2026 13:00:27; 10.375
 03.02.2026 13:03:26; 10.500
 03.02.2026 13:06:27; 10.500
 03.02.2026 13:09:26; 10.500
 03.02.2026 13:12:26; 10.500
 03.02.2026 13:15:27; 10.438
 03.02.2026 13:18:26; 10.500
 03.02.2026 13:21:26; 10.500
 03.02.2026 13:24:27; 10.500
 03.02.2026 13:27:27; 10.500
 03.02.2026 13:30:26; 10.500
 03.02.2026 13:33:27; 10.500
 03.02.2026 13:36:27; 10.563
 03.02.2026 13:39:26; 10.563
 03.02.2026 13:42:27; 10.625
 03.02.2026 13:45:27; 10.563
 03.02.2026 13:48:26; 10.563
 03.02.2026 13:51:27; 10.563
 03.02.2026 13:54:26; 10.563
 03.02.2026 13:57:26; 10.563
 03.02.2026 14:00:27; 10.625
 03.02.2026 14:03:26; 10.625
 03.02.2026 14:06:26; 10.625
 03.02.2026 14:09:27; 10.688
 03.02.2026 14:12:27; 10.750
 03.02.2026 14:15:26; 10.875
 03.02.2026 14:18:27; 11.000
 03.02.2026 14:21:27; 11.063
 03.02.2026 14:24:26; 11.125
 03.02.2026 14:27:27; 11.250
 03.02.2026 14:30:27; 11.375
 03.02.2026 14:33:26; 11.563
 03.02.2026 14:36:27; 11.625
 03.02.2026 14:39:26; 11.750
 03.02.2026 14:42:26; 11.813
 03.02.2026 14:45:27; 11.938
 03.02.2026 14:48:26; 11.938
 03.02.2026 14:51:26; 12.000
 03.02.2026 14:54:27; 12.063
 03.02.2026 14:57:27; 12.125
 03.02.2026 15:00:26; 12.313
 03.02.2026 15:03:27; 12.500
 03.02.2026 15:06:27; 12.625
 03.02.2026 15:09:26; 12.813
 03.02.2026 15:12:27; 12.938
 03.02.2026 15:15:27; 12.938
 03.02.2026 15:18:26; 13.063
 03.02.2026 15:21:27; 13.000
 03.02.2026 15:24:26; 12.938
 03.02.2026 15:27:26; 12.813
 03.02.2026 15:30:27; 12.625
 03.02.2026 15:33:26; 12.625
 03.02.2026 15:36:26; 12.875
 03.02.2026 15:39:27; 13.000
 03.02.2026 15:42:27; 13.063
 03.02.2026 15:45:26; 13.125
 03.02.2026 15:48:27; 13.313
 03.02.2026 15:51:27; 13.813
 03.02.2026 15:54:26; 13.813
 03.02.2026 15:57:27; 13.938
 03.02.2026 16:00:27; 13.938
 03.02.2026 16:03:26; 13.875
 03.02.2026 16:06:27; 13.750
 03.02.2026 16:09:26; 13.563
 03.02.2026 16:12:26; 13.375
 03.02.2026 16:15:27; 13.188
 03.02.2026 16:18:26; 13.000
 03.02.2026 16:21:26; 12.938
 03.02.2026 16:24:27; 13.000
 03.02.2026 16:27:27; 13.125
 03.02.2026 16:30:26; 13.438
 03.02.2026 16:33:27; 13.688
 03.02.2026 16:36:27; 13.625
 03.02.2026 16:39:26; 13.438
 03.02.2026 16:42:27; 13.188
 03.02.2026 16:45:27; 13.000
 03.02.2026 16:48:26; 12.938
 03.02.2026 16:51:27; 13.125
 03.02.2026 16:54:26; 13.750
 03.02.2026 16:57:26; 14.375
 03.02.2026 17:00:27; 14.875
 03.02.2026 17:03:26; 15.875
 03.02.2026 17:06:26; 16.938
 03.02.2026 17:09:27; 17.438
 03.02.2026 17:12:27; 18.063
 03.02.2026 17:15:26; 18.063
 03.02.2026 17:18:27; 18.250
 03.02.2026 17:21:27; 18.625
 03.02.2026 17:24:26; 18.625
 03.02.2026 17:27:27; 17.750
 03.02.2026 17:30:27; 17.250
 03.02.2026 17:33:26; 16.938
 03.02.2026 17:36:27; 16.188
 03.02.2026 17:39:26; 15.688
 03.02.2026 17:42:26; 15.438
 03.02.2026 17:45:27; 15.188
 03.02.2026 17:48:26; 15.250
 03.02.2026 17:51:26; 15.375
 03.02.2026 17:54:27; 15.375
 03.02.2026 17:57:27; 15.688
 03.02.2026 18:00:26; 15.625
 03.02.2026 18:03:27; 15.500
 03.02.2026 18:06:27; 15.625
 03.02.2026 18:09:26; 15.813
 03.02.2026 18:12:27; 16.250
 03.02.2026 18:15:27; 16.563
 03.02.2026 18:18:26; 16.250
 03.02.2026 18:21:27; 16.125
 03.02.2026 18:24:26; 16.188
 03.02.2026 18:27:26; 16.250
 03.02.2026 18:30:27; 16.188
 03.02.2026 18:33:26; 16.125
 03.02.2026 18:36:26; 15.938
 03.02.2026 18:39:27; 15.688
 03.02.2026 18:42:27; 15.813
 03.02.2026 18:45:26; 15.688
 03.02.2026 18:48:27; 15.500
 03.02.2026 18:51:27; 15.125
 03.02.2026 18:54:26; 14.688
 03.02.2026 18:57:27; 14.375
 03.02.2026 19:00:27; 14.063
 03.02.2026 19:03:26; 13.875
 03.02.2026 19:06:27; 13.750
 03.02.2026 19:09:26; 13.625
 03.02.2026 19:12:26; 13.625
 03.02.2026 19:15:27; 13.688
 03.02.2026 19:18:26; 13.813
 03.02.2026 19:21:26; 13.938
 03.02.2026 19:24:27; 14.000
 03.02.2026 19:27:27; 13.813
 03.02.2026 19:30:26; 13.688
 03.02.2026 19:33:27; 13.500
 03.02.2026 19:36:27; 13.188
 03.02.2026 19:39:26; 12.938
 03.02.2026 19:42:27; 12.813
 03.02.2026 19:45:27; 12.750
 03.02.2026 19:48:26; 12.625
 03.02.2026 19:51:27; 12.500
 03.02.2026 19:54:26; 12.375
 03.02.2026 19:57:26; 12.313
 03.02.2026 20:00:27; 12.188
 03.02.2026 20:03:26; 12.063
 03.02.2026 20:06:26; 12.000
 03.02.2026 20:09:27; 11.938
 03.02.2026 20:12:27; 11.875
 03.02.2026 20:15:26; 11.813
 03.02.2026 20:18:27; 11.750
 03.02.2026 20:21:27; 11.625
 03.02.2026 20:24:26; 11.563
 03.02.2026 20:27:27; 11.500
 03.02.2026 20:30:27; 11.500
 03.02.2026 20:33:26; 11.438
 03.02.2026 20:36:27; 11.438
 03.02.2026 20:39:26; 11.438
 03.02.2026 20:42:26; 11.438
 03.02.2026 20:45:27; 11.563
 03.02.2026 20:48:26; 11.688
 03.02.2026 20:51:26; 11.875
 03.02.2026 20:54:27; 12.125
 03.02.2026 20:57:27; 12.438
 03.02.2026 21:00:26; 12.688
 03.02.2026 21:03:27; 13.000
 03.02.2026 21:06:27; 13.313
 03.02.2026 21:09:26; 13.438
 03.02.2026 21:12:27; 13.500
 03.02.2026 21:15:27; 13.500
 03.02.2026 21:18:26; 13.438
 03.02.2026 21:21:27; 13.375
 03.02.2026 21:24:26; 13.250
 03.02.2026 21:27:26; 13.188
 03.02.2026 21:30:27; 13.063
 03.02.2026 21:33:26; 12.938
 03.02.2026 21:36:26; 12.875
 03.02.2026 21:39:27; 12.750
 03.02.2026 21:42:27; 12.563
 03.02.2026 21:45:26; 12.500
 03.02.2026 21:48:27; 12.438
 03.02.2026 21:51:27; 12.375
 03.02.2026 21:54:26; 12.250
 03.02.2026 21:57:27; 12.188
 03.02.2026 22:00:27; 12.063
 03.02.2026 22:03:26; 12.000
 03.02.2026 22:06:27; 11.875
 03.02.2026 22:09:26; 11.813
 03.02.2026 22:12:26; 11.688
 03.02.2026 22:15:27; 11.625
 03.02.2026 22:18:26; 11.500
 03.02.2026 22:21:26; 11.375
 03.02.2026 22:24:27; 11.250
 03.02.2026 22:27:27; 11.125
 03.02.2026 22:30:26; 11.063
 03.02.2026 22:33:27; 10.938
 03.02.2026 22:36:27; 10.875
 03.02.2026 22:39:26; 10.813
 03.02.2026 22:42:27; 10.750
 03.02.2026 22:45:27; 10.688
 03.02.2026 22:48:26; 10.625
 03.02.2026 22:51:27; 10.563
 03.02.2026 22:54:26; 10.500
 03.02.2026 22:57:26; 10.438
 03.02.2026 23:00:27; 10.375
 03.02.2026 23:03:26; 10.313
 03.02.2026 23:06:26; 10.250
 03.02.2026 23:09:27; 10.188
 03.02.2026 23:12:27; 10.125
 03.02.2026 23:15:26; 10.125
 03.02.2026 23:18:27; 10.063
 03.02.2026 23:21:27; 10.000
 03.02.2026 23:24:26; 10.000
 03.02.2026 23:27:27;  9.938
 03.02.2026 23:30:27;  9.938
 03.02.2026 23:33:26;  9.875
 03.02.2026 23:36:27;  9.875
 03.02.2026 23:39:26;  9.813
 03.02.2026 23:42:26;  9.813
 03.02.2026 23:45:27;  9.813
 03.02.2026 23:48:26;  9.750
 03.02.2026 23:51:26;  9.750
 03.02.2026 23:54:27;  9.688
 03.02.2026 23:57:27;  9.688
 04.02.2026 00:00:26;  9.625
 04.02.2026 00:03:27;  9.625
 04.02.2026 00:06:27;  9.563
 04.02.2026 00:09:26;  9.563
 04.02.2026 00:12:27;  9.563
 04.02.2026 00:15:27;  9.563
 04.02.2026 00:18:26;  9.563
 04.02.2026 00:21:27;  9.500
 04.02.2026 00:24:26;  9.500
 04.02.2026 00:27:26;  9.563
 04.02.2026 00:30:27;  9.500
 04.02.2026 00:33:26;  9.500
 04.02.2026 00:36:26;  9.500
 04.02.2026 00:39:27;  9.500
 04.02.2026 00:42:27;  9.500
 04.02.2026 00:45:26;  9.500
 04.02.2026 00:48:27;  9.438
 04.02.2026 00:51:27;  9.438
 04.02.2026 00:54:26;  9.438
 04.02.2026 00:57:27;  9.375
 04.02.2026 01:00:27;  9.375
 04.02.2026 01:03:26;  9.375
 04.02.2026 01:06:27;  9.375
 04.02.2026 01:09:26;  9.375
 04.02.2026 01:12:26;  9.375
 04.02.2026 01:15:27;  9.375
 04.02.2026 01:18:26;  9.375
 04.02.2026 01:21:26;  9.375
 04.02.2026 01:24:27;  9.375
 04.02.2026 01:27:27;  9.375
 04.02.2026 01:30:26;  9.375
 04.02.2026 01:33:27;  9.375
 04.02.2026 01:36:27;  9.375
 04.02.2026 01:39:26;  9.375
 04.02.2026 01:42:27;  9.313
 04.02.2026 01:45:27;  9.313
 04.02.2026 01:48:26;  9.313
 04.02.2026 01:51:27;  9.313
 04.02.2026 01:54:26;  9.313
 04.02.2026 01:57:26;  9.313
 04.02.2026 02:00:27;  9.313
 04.02.2026 02:03:26;  9.313
 04.02.2026 02:06:26;  9.313
 04.02.2026 02:09:27;  9.313
 04.02.2026 02:12:27;  9.313
 04.02.2026 02:15:26;  9.313
 04.02.2026 02:18:27;  9.313
 04.02.2026 02:21:27;  9.313
 04.02.2026 02:24:26;  9.250
 04.02.2026 02:27:27;  9.250
 04.02.2026 02:30:27;  9.250
 04.02.2026 02:33:26;  9.250
 04.02.2026 02:36:27;  9.188
 04.02.2026 02:39:26;  9.188
 04.02.2026 02:42:26;  9.125
 04.02.2026 02:45:27;  9.063
 04.02.2026 02:48:26;  9.000
 04.02.2026 02:51:26;  9.000
 04.02.2026 02:54:27;  8.938
 04.02.2026 02:57:27;  8.875
 04.02.2026 03:00:26;  8.813
 04.02.2026 03:03:27;  8.750
 04.02.2026 03:06:27;  8.750
 04.02.2026 03:09:26;  8.688
 04.02.2026 03:12:27;  8.625
 04.02.2026 03:15:27;  8.625
 04.02.2026 03:18:26;  8.625
 04.02.2026 03:21:27;  8.563
 04.02.2026 03:24:26;  8.563
 04.02.2026 03:27:26;  8.563
 04.02.2026 03:30:27;  8.563
 04.02.2026 03:33:26;  8.563
 04.02.2026 03:36:26;  8.563
 04.02.2026 03:39:27;  8.500
 04.02.2026 03:42:27;  8.500
 04.02.2026 03:45:26;  8.500
 04.02.2026 03:48:27;  8.500
 04.02.2026 03:51:27;  8.500
 04.02.2026 03:54:26;  8.500
 04.02.2026 03:57:27;  8.500
 04.02.2026 04:00:27;  8.500
 04.02.2026 04:03:26;  8.500
 04.02.2026 04:06:27;  8.563
 04.02.2026 04:09:26;  8.563
 04.02.2026 04:12:26;  8.563
 04.02.2026 04:15:27;  8.563
 04.02.2026 04:18:26;  8.625
 04.02.2026 04:21:26;  8.625
 04.02.2026 04:24:27;  8.625
 04.02.2026 04:27:27;  8.625
 04.02.2026 04:30:26;  8.625
 04.02.2026 04:33:27;  8.625
 04.02.2026 04:36:27;  8.625
 04.02.2026 04:39:26;  8.625
 04.02.2026 04:42:27;  8.625
 04.02.2026 04:45:27;  8.688
 04.02.2026 04:48:26;  8.688
 04.02.2026 04:51:27;  8.750
 04.02.2026 04:54:26;  8.750
 04.02.2026 04:57:26;  8.750
 04.02.2026 05:00:27;  8.750
 04.02.2026 05:03:26;  8.750
 04.02.2026 05:06:26;  8.750
 04.02.2026 05:09:27;  8.813
 04.02.2026 05:12:27;  8.750
 04.02.2026 05:15:26;  8.750
 04.02.2026 05:18:27;  8.750
 04.02.2026 05:21:27;  8.750
 04.02.2026 05:24:26;  8.750
 04.02.2026 05:27:27;  8.688
 04.02.2026 05:30:27;  8.625
 04.02.2026 05:33:26;  8.625
 04.02.2026 05:36:27;  8.563
 04.02.2026 05:39:26;  8.563
 04.02.2026 05:42:26;  8.500
 04.02.2026 05:45:27;  8.438
 04.02.2026 05:48:26;  8.375
 04.02.2026 05:51:26;  8.313
 04.02.2026 05:54:27;  8.250
 04.02.2026 05:57:27;  8.250
 04.02.2026 06:00:26;  8.188
 04.02.2026 06:03:27;  8.125
 04.02.2026 06:06:27;  8.063
 04.02.2026 06:09:26;  8.063
 04.02.2026 06:12:27;  8.063
 04.02.2026 06:15:27;  8.063
 04.02.2026 06:18:26;  8.063
 04.02.2026 06:21:27;  8.125
 04.02.2026 06:24:26;  8.125
 04.02.2026 06:27:26;  8.188
 04.02.2026 06:30:27;  8.188
 04.02.2026 06:33:26;  8.250
 04.02.2026 06:36:26;  8.250
 04.02.2026 06:39:27;  8.313
 04.02.2026 06:42:27;  8.375
 04.02.2026 06:45:26;  8.438
 04.02.2026 06:48:27;  8.438
 04.02.2026 06:51:27;  8.500
 04.02.2026 06:54:26;  8.500
 04.02.2026 06:57:27;  8.500
 04.02.2026 07:00:27;  8.563
 04.02.2026 07:03:26;  8.563
 04.02.2026 07:06:27;  8.563
 04.02.2026 07:09:26;  8.563
 04.02.2026 07:12:26;  8.563
 04.02.2026 07:15:27;  8.563
 04.02.2026 07:18:26;  8.563
 04.02.2026 07:21:26;  8.625
 04.02.2026 07:24:27;  8.625
 04.02.2026 07:27:27;  8.625
 04.02.2026 07:30:26;  8.688
 04.02.2026 07:33:27;  8.688
 04.02.2026 07:36:27;  8.750
 04.02.2026 07:39:26;  8.813
 04.02.2026 07:42:27;  8.813
 04.02.2026 07:45:27;  8.875
 04.02.2026 07:48:26;  8.938
 04.02.2026 07:51:27;  9.000
 04.02.2026 07:54:26;  9.000
 04.02.2026 07:57:26;  9.063
 04.02.2026 08:00:27;  9.125
 04.02.2026 08:03:26;  9.125
 04.02.2026 08:06:26;  9.125
 04.02.2026 08:09:27;  9.188
 04.02.2026 08:12:27;  9.188
 04.02.2026 08:15:26;  9.250
 04.02.2026 08:18:27;  9.250
 04.02.2026 08:21:27;  9.250
 04.02.2026 08:24:26;  9.250
 04.02.2026 08:27:27;  9.313
 04.02.2026 08:30:27;  9.313
 04.02.2026 08:33:26;  9.313
 04.02.2026 08:36:27;  9.313
 04.02.2026 08:39:26;  9.375
 04.02.2026 08:42:26;  9.375
 04.02.2026 08:45:27;  9.375
 04.02.2026 08:48:26;  9.438
 04.02.2026 08:51:26;  9.438
 04.02.2026 08:54:27;  9.438
 04.02.2026 08:57:27;  9.438
 04.02.2026 09:00:26;  9.500
 04.02.2026 09:03:27;  9.500
 04.02.2026 09:06:27;  9.500
 04.02.2026 09:09:26;  9.500
 04.02.2026 09:12:27;  9.500
 04.02.2026 09:15:27;  9.500
 04.02.2026 09:18:26;  9.500
 04.02.2026 09:21:27;  9.500
 04.02.2026 09:24:26;  9.438
 04.02.2026 09:27:26;  9.500
 04.02.2026 09:30:27;  9.500
 04.02.2026 09:33:26;  9.500
 04.02.2026 09:36:26;  9.500
 04.02.2026 09:39:27;  9.438
 04.02.2026 09:42:27;  9.438
 04.02.2026 09:45:26;  9.438
 04.02.2026 09:48:27;  9.438
 04.02.2026 09:51:27;  9.438
 04.02.2026 09:54:26;  9.438
 04.02.2026 09:57:27;  9.438
 04.02.2026 10:00:27;  9.500
 04.02.2026 10:03:26;  9.500
 04.02.2026 10:06:27;  9.500
 04.02.2026 10:09:26;  9.500
 04.02.2026 10:12:26;  9.500
 04.02.2026 10:15:27;  9.500
 04.02.2026 10:18:26;  9.500
 04.02.2026 10:21:26;  9.500
 04.02.2026 10:24:27;  9.500
 04.02.2026 10:27:27;  9.500
 04.02.2026 10:30:26;  9.500
 04.02.2026 10:33:27;  9.500
 04.02.2026 10:36:27;  9.500
 04.02.2026 10:39:26;  9.563
 04.02.2026 10:42:27;  9.563
 04.02.2026 10:45:27;  9.563
 04.02.2026 10:48:26;  9.563
 04.02.2026 10:51:27;  9.563
 04.02.2026 10:54:26;  9.563
 04.02.2026 10:57:26;  9.563
 04.02.2026 11:00:27;  9.563
 04.02.2026 11:03:26;  9.563
 04.02.2026 11:06:26;  9.500
 04.02.2026 11:09:27;  9.500
 04.02.2026 11:12:27;  9.500
 04.02.2026 11:15:26;  9.563
 04.02.2026 11:18:27;  9.563
 04.02.2026 11:21:27;  9.563
 04.02.2026 11:24:26;  9.563
 04.02.2026 11:27:27;  9.563
 04.02.2026 11:30:27;  9.563
 04.02.2026 11:33:26;  9.563
 04.02.2026 11:36:27;  9.625
 04.02.2026 11:39:26;  9.625
 04.02.2026 11:42:26;  9.625
 04.02.2026 11:45:27;  9.688
 04.02.2026 11:48:26;  9.688
 04.02.2026 11:51:26;  9.688
 04.02.2026 11:54:27;  9.750
 04.02.2026 11:57:27;  9.750
 04.02.2026 12:00:26;  9.813
 04.02.2026 12:03:27;  9.813
 04.02.2026 12:06:27;  9.875
 04.02.2026 12:09:26;  9.938
 04.02.2026 12:12:27;  9.938
 04.02.2026 12:15:27; 10.000
 04.02.2026 12:18:26; 10.000
 04.02.2026 12:21:27; 10.000
 04.02.2026 12:24:26; 10.063
 04.02.2026 12:27:26; 10.063
 04.02.2026 12:30:27; 10.063
 04.02.2026 12:33:26; 10.063
 04.02.2026 12:36:26; 10.063
 04.02.2026 12:39:27; 10.125
 04.02.2026 12:42:27; 10.125
 04.02.2026 12:45:26; 10.125
 04.02.2026 12:48:27; 10.125
 04.02.2026 12:51:27; 10.188
 04.02.2026 12:54:26; 10.188
 04.02.2026 12:57:27; 10.188
 04.02.2026 13:00:27; 10.250
 04.02.2026 13:03:26; 10.313
 04.02.2026 13:06:27; 10.313
 04.02.2026 13:09:26; 10.375
 04.02.2026 13:12:26; 10.375
 04.02.2026 13:15:27; 10.438
 04.02.2026 13:18:26; 10.438
 04.02.2026 13:21:26; 10.500
 04.02.2026 13:24:27; 10.563
 04.02.2026 13:27:27; 10.625
 04.02.2026 13:30:26; 10.688
 04.02.2026 13:33:27; 10.688
 04.02.2026 13:36:27; 10.750
 04.02.2026 13:39:26; 10.813
 04.02.2026 13:42:27; 10.875
 04.02.2026 13:45:27; 10.875
 04.02.2026 13:48:26; 10.938
 04.02.2026 13:51:27; 11.000
 04.02.2026 13:54:26; 11.000
 04.02.2026 13:57:26; 11.000
 04.02.2026 14:00:27; 11.063
 04.02.2026 14:03:26; 11.125
 04.02.2026 14:06:26; 11.188
 04.02.2026 14:09:27; 11.313
 04.02.2026 14:12:27; 11.313
 04.02.2026 14:15:26; 11.313
 04.02.2026 14:18:27; 11.375
 04.02.2026 14:21:27; 11.313
 04.02.2026 14:24:26; 11.313
 04.02.2026 14:27:27; 11.313
 04.02.2026 14:30:27; 11.313
 04.02.2026 14:33:26; 11.375
 04.02.2026 14:36:27; 11.375
 04.02.2026 14:39:26; 11.438
 04.02.2026 14:42:26; 11.500
 04.02.2026 14:45:27; 11.563
 04.02.2026 14:48:26; 11.625
 04.02.2026 14:51:26; 11.688
 04.02.2026 14:54:27; 11.688
 04.02.2026 14:57:27; 11.813
 04.02.2026 15:00:26; 11.875
 04.02.2026 15:03:27; 12.000
 04.02.2026 15:06:27; 12.063
 04.02.2026 15:09:26; 12.188
 04.02.2026 15:12:27; 12.313
 04.02.2026 15:15:27; 12.500
 04.02.2026 15:18:26; 12.750
 04.02.2026 15:21:27; 12.938
 04.02.2026 15:24:26; 13.188
 04.02.2026 15:27:26; 13.313
 04.02.2026 15:30:27; 13.313
 04.02.2026 15:33:26; 13.250
 04.02.2026 15:36:26; 13.250
 04.02.2026 15:39:27; 13.438
 04.02.2026 15:42:27; 13.500
 04.02.2026 15:45:26; 13.563
 04.02.2026 15:48:27; 13.438
 04.02.2026 15:51:27; 13.313
 04.02.2026 15:54:26; 13.188
 04.02.2026 15:57:27; 13.188
 04.02.2026 16:00:27; 13.125
 04.02.2026 16:03:26; 13.125
 04.02.2026 16:06:27; 13.188
 04.02.2026 16:09:26; 13.313
 04.02.2026 16:12:26; 13.500
 04.02.2026 16:15:27; 13.813
 04.02.2026 16:18:26; 13.938
 04.02.2026 16:21:26; 14.188
 04.02.2026 16:24:27; 14.313
 04.02.2026 16:27:27; 14.375
 04.02.2026 16:30:26; 14.563
 04.02.2026 16:33:27; 14.813
 04.02.2026 16:36:27; 14.813
 04.02.2026 16:39:26; 14.938
 04.02.2026 16:42:27; 14.938
 04.02.2026 16:45:27; 14.813
 04.02.2026 16:48:26; 14.813
 04.02.2026 16:51:27; 14.688
 04.02.2026 16:54:26; 14.500
 04.02.2026 16:57:26; 14.625
 04.02.2026 17:00:27; 14.875
 04.02.2026 17:03:26; 15.000
 04.02.2026 17:06:26; 15.188
 04.02.2026 17:09:27; 15.563
 04.02.2026 17:12:27; 16.000
 04.02.2026 17:15:26; 16.250
 04.02.2026 17:18:27; 16.563
 04.02.2026 17:21:27; 16.688
 04.02.2026 17:24:26; 16.750
 04.02.2026 17:27:27; 16.875
 04.02.2026 17:30:27; 16.938
 04.02.2026 17:33:26; 17.125
 04.02.2026 17:36:27; 17.063
 04.02.2026 17:39:26; 17.063
 04.02.2026 17:42:26; 17.063
 04.02.2026 17:45:27; 16.875
 04.02.2026 17:48:26; 16.813
 04.02.2026 17:51:26; 16.750
 04.02.2026 17:54:27; 16.688
 04.02.2026 17:57:27; 16.688
 04.02.2026 18:00:26; 16.500
 04.02.2026 18:03:27; 16.375
 04.02.2026 18:06:27; 16.438
 04.02.2026 18:09:26; 16.250
 04.02.2026 18:12:27; 16.063
 04.02.2026 18:15:27; 15.875
 04.02.2026 18:18:26; 15.563
 04.02.2026 18:21:27; 15.438
 04.02.2026 18:24:26; 15.313
 04.02.2026 18:27:26; 15.250
 04.02.2026 18:30:27; 15.125
 04.02.2026 18:33:26; 15.188
 04.02.2026 18:36:26; 15.313
 04.02.2026 18:39:27; 15.500
 04.02.2026 18:42:27; 15.500
 04.02.2026 18:45:26; 15.500
 04.02.2026 18:48:27; 15.500
 04.02.2026 18:51:27; 15.500
 04.02.2026 18:54:26; 15.438
 04.02.2026 18:57:27; 15.375
 04.02.2026 19:00:27; 15.188
 04.02.2026 19:03:26; 14.938
 04.02.2026 19:06:27; 14.750
 04.02.2026 19:09:26; 14.500
 04.02.2026 19:12:26; 14.375
 04.02.2026 19:15:27; 14.188
 04.02.2026 19:18:26; 14.063
 04.02.2026 19:21:26; 13.938
 04.02.2026 19:24:27; 13.813
 04.02.2026 19:27:27; 13.750
 04.02.2026 19:30:26; 13.688
 04.02.2026 19:33:27; 13.563
 04.02.2026 19:36:27; 13.500
 04.02.2026 19:39:26; 13.500
 04.02.2026 19:42:27; 13.438
 04.02.2026 19:45:27; 13.438
 04.02.2026 19:48:26; 13.438
 04.02.2026 19:51:27; 13.438
 04.02.2026 19:54:26; 13.500
 04.02.2026 19:57:26; 13.563
 04.02.2026 20:00:27; 13.500
 04.02.2026 20:03:26; 13.500
 04.02.2026 20:06:26; 13.375
 04.02.2026 20:09:27; 13.313
 04.02.2026 20:12:27; 13.250
 04.02.2026 20:15:26; 13.313
 04.02.2026 20:18:27; 13.313
 04.02.2026 20:21:27; 13.250
 04.02.2026 20:24:26; 13.125
 04.02.2026 20:27:27; 13.125
 04.02.2026 20:30:27; 13.125
 04.02.2026 20:33:26; 13.063
 04.02.2026 20:36:27; 12.938
 04.02.2026 20:39:26; 12.813
 04.02.2026 20:42:26; 12.750
 04.02.2026 20:45:27; 12.688
 04.02.2026 20:48:26; 12.563
 04.02.2026 20:51:26; 12.375
 04.02.2026 20:54:27; 12.188
 04.02.2026 20:57:27; 12.125
 04.02.2026 21:00:26; 11.938
 04.02.2026 21:03:27; 11.813
 04.02.2026 21:06:27; 11.688
 04.02.2026 21:09:26; 11.625
 04.02.2026 21:12:27; 11.625
 04.02.2026 21:15:27; 11.563
 04.02.2026 21:18:26; 11.500
 04.02.2026 21:21:27; 11.438
 04.02.2026 21:24:26; 11.375
 04.02.2026 21:27:26; 11.250
 04.02.2026 21:30:27; 11.250
 04.02.2026 21:33:26; 11.125
 04.02.2026 21:36:26; 11.125
 04.02.2026 21:39:27; 11.188
 04.02.2026 21:42:27; 11.188
 04.02.2026 21:45:26; 11.188
 04.02.2026 21:48:27; 11.250
 04.02.2026 21:51:27; 11.188
 04.02.2026 21:54:26; 11.188
 04.02.2026 21:57:27; 11.188
 04.02.2026 22:00:27; 11.188
 04.02.2026 22:03:26; 11.188
 04.02.2026 22:06:27; 11.188
 04.02.2026 22:09:26; 11.188
 04.02.2026 22:12:26; 11.125
 04.02.2026 22:15:27; 11.125
 04.02.2026 22:18:26; 11.125
 04.02.2026 22:21:26; 11.063
 04.02.2026 22:24:27; 11.063
 04.02.2026 22:27:27; 11.063
 04.02.2026 22:30:26; 11.063
 04.02.2026 22:33:27; 11.000
 04.02.2026 22:36:27; 10.938
 04.02.2026 22:39:26; 10.875
 04.02.2026 22:42:27; 10.813
 04.02.2026 22:45:27; 10.750
 04.02.2026 22:48:26; 10.750
 04.02.2026 22:51:27; 10.688
 04.02.2026 22:54:26; 10.625
 04.02.2026 22:57:26; 10.563
 04.02.2026 23:00:27; 10.500
 04.02.2026 23:03:26; 10.438
 04.02.2026 23:06:26; 10.438
 04.02.2026 23:09:27; 10.375
 04.02.2026 23:12:27; 10.313
 04.02.2026 23:15:26; 10.313
 04.02.2026 23:18:27; 10.250
 04.02.2026 23:21:27; 10.250
 04.02.2026 23:24:26; 10.188
 04.02.2026 23:27:27; 10.188
 04.02.2026 23:30:27; 10.125
 04.02.2026 23:33:26; 10.125
 04.02.2026 23:36:27; 10.125
 04.02.2026 23:39:26; 10.125
 04.02.2026 23:42:26; 10.063
 04.02.2026 23:45:27; 10.063
 04.02.2026 23:48:26; 10.000
 04.02.2026 23:51:26; 10.000
 04.02.2026 23:54:27; 10.000
 04.02.2026 23:57:27; 10.000
 05.02.2026 00:00:26;  9.938
 05.02.2026 00:03:27;  9.938
 05.02.2026 00:06:27;  9.938
 05.02.2026 00:09:26;  9.938
 05.02.2026 00:12:27;  9.938
 05.02.2026 00:15:27;  9.938
 05.02.2026 00:18:26;  9.875
 05.02.2026 00:21:27;  9.875
 05.02.2026 00:24:26;  9.875
 05.02.2026 00:27:26;  9.875
 05.02.2026 00:30:27;  9.813
 05.02.2026 00:33:26;  9.813
 05.02.2026 00:36:26;  9.813
 05.02.2026 00:39:27;  9.813
 05.02.2026 00:42:27;  9.813
 05.02.2026 00:45:26;  9.813
 05.02.2026 00:48:27;  9.813
 05.02.2026 00:51:27;  9.813
 05.02.2026 00:54:26;  9.813
 05.02.2026 00:57:27;  9.750
 05.02.2026 01:00:27;  9.750
 05.02.2026 01:03:26;  9.750
 05.02.2026 01:06:27;  9.750
 05.02.2026 01:09:26;  9.750
 05.02.2026 01:12:26;  9.750
 05.02.2026 01:15:27;  9.750
 05.02.2026 01:18:26;  9.750
 05.02.2026 01:21:26;  9.688
 05.02.2026 01:24:27;  9.688
 05.02.2026 01:27:27;  9.688
 05.02.2026 01:30:26;  9.688
 05.02.2026 01:33:27;  9.688
 05.02.2026 01:36:27;  9.688
 05.02.2026 01:39:26;  9.688
 05.02.2026 01:42:27;  9.625
 05.02.2026 01:45:27;  9.625
 05.02.2026 01:48:26;  9.625
 05.02.2026 01:51:27;  9.625
 05.02.2026 01:54:26;  9.625
 05.02.2026 01:57:26;  9.625
 05.02.2026 02:00:27;  9.625
 05.02.2026 02:03:26;  9.625
 05.02.2026 02:06:26;  9.625
 05.02.2026 02:09:27;  9.563
 05.02.2026 02:12:27;  9.563
 05.02.2026 02:15:26;  9.563
 05.02.2026 02:18:27;  9.563
 05.02.2026 02:21:27;  9.563
 05.02.2026 02:24:26;  9.563
 05.02.2026 02:27:27;  9.563
 05.02.2026 02:30:27;  9.500
 05.02.2026 02:33:26;  9.500
 05.02.2026 02:36:27;  9.500
 05.02.2026 02:39:26;  9.500
 05.02.2026 02:42:26;  9.563
 05.02.2026 02:45:27;  9.500
 05.02.2026 02:48:26;  9.500
 05.02.2026 02:51:26;  9.500
 05.02.2026 02:54:27;  9.500
 05.02.2026 02:57:27;  9.563
 05.02.2026 03:00:26;  9.563
 05.02.2026 03:03:27;  9.563
 05.02.2026 03:06:27;  9.563
 05.02.2026 03:09:26;  9.563
 05.02.2026 03:12:27;  9.500
 05.02.2026 03:15:27;  9.563
 05.02.2026 03:18:26;  9.500
 05.02.2026 03:21:27;  9.500
 05.02.2026 03:24:26;  9.500
 05.02.2026 03:27:26;  9.500
 05.02.2026 03:30:27;  9.500
 05.02.2026 03:33:26;  9.500
 05.02.2026 03:36:26;  9.500
 05.02.2026 03:39:27;  9.500
 05.02.2026 03:42:27;  9.563
 05.02.2026 03:45:26;  9.563
 05.02.2026 03:48:27;  9.563
 05.02.2026 03:51:27;  9.563
 05.02.2026 03:54:26;  9.625
 05.02.2026 03:57:27;  9.625
 05.02.2026 04:00:27;  9.625
 05.02.2026 04:03:26;  9.625
 05.02.2026 04:06:27;  9.625
 05.02.2026 04:09:26;  9.625
 05.02.2026 04:12:26;  9.625
 05.02.2026 04:15:27;  9.688
 05.02.2026 04:18:26;  9.688
 05.02.2026 04:21:26;  9.688
 05.02.2026 04:24:27;  9.688
 05.02.2026 04:27:27;  9.688
 05.02.2026 04:30:26;  9.688
 05.02.2026 04:33:27;  9.688
 05.02.2026 04:36:27;  9.688
 05.02.2026 04:39:26;  9.688
 05.02.2026 04:42:27;  9.625
 05.02.2026 04:45:27;  9.625
 05.02.2026 04:48:26;  9.563
 05.02.2026 04:51:27;  9.563
 05.02.2026 04:54:26;  9.563
 05.02.2026 04:57:26;  9.563
 05.02.2026 05:00:27;  9.500
 05.02.2026 05:03:26;  9.500
 05.02.2026 05:06:26;  9.500
 05.02.2026 05:09:27;  9.500
 05.02.2026 05:12:27;  9.500
 05.02.2026 05:15:26;  9.438
 05.02.2026 05:18:27;  9.438
 05.02.2026 05:21:27;  9.375
 05.02.2026 05:24:26;  9.375
 05.02.2026 05:27:27;  9.375
 05.02.2026 05:30:27;  9.313
 05.02.2026 05:33:26;  9.313
 05.02.2026 05:36:27;  9.313
 05.02.2026 05:39:26;  9.313
 05.02.2026 05:42:26;  9.250
 05.02.2026 05:45:27;  9.250
 05.02.2026 05:48:26;  9.250
 05.02.2026 05:51:26;  9.250
 05.02.2026 05:54:27;  9.250
 05.02.2026 05:57:27;  9.250
 05.02.2026 06:00:26;  9.313
 05.02.2026 06:03:27;  9.313
 05.02.2026 06:06:27;  9.313
 05.02.2026 06:09:26;  9.313
 05.02.2026 06:12:27;  9.313
 05.02.2026 06:15:27;  9.313
 05.02.2026 06:18:26;  9.250
 05.02.2026 06:21:27;  9.250
 05.02.2026 06:24:26;  9.250
 05.02.2026 06:27:26;  9.250
 05.02.2026 06:30:27;  9.188
 05.02.2026 06:33:26;  9.188
 05.02.2026 06:36:26;  9.125
 05.02.2026 06:39:27;  9.125
 05.02.2026 06:42:27;  9.063
 05.02.2026 06:45:26;  9.063
 05.02.2026 06:48:27;  9.063
 05.02.2026 06:51:27;  9.063
 05.02.2026 06:54:26;  9.063
 05.02.2026 06:57:27;  9.063
 05.02.2026 07:00:27;  9.000
 05.02.2026 07:03:26;  9.000
 05.02.2026 07:06:27;  9.063
 05.02.2026 07:09:26;  9.063
 05.02.2026 07:12:26;  9.063
 05.02.2026 07:15:27;  9.063
 05.02.2026 07:18:26;  9.063
 05.02.2026 07:21:26;  9.125
 05.02.2026 07:24:27;  9.125
 05.02.2026 07:27:27;  9.125
 05.02.2026 07:30:26;  9.125
 05.02.2026 07:33:27;  9.125
 05.02.2026 07:36:27;  9.125
 05.02.2026 07:39:26;  9.125
 05.02.2026 07:42:27;  9.125
 05.02.2026 07:45:27;  9.125
 05.02.2026 07:48:26;  9.125
 05.02.2026 07:51:27;  9.188
 05.02.2026 07:54:26;  9.188
 05.02.2026 07:57:26;  9.188
 05.02.2026 08:00:27;  9.188
 05.02.2026 08:03:26;  9.188
 05.02.2026 08:06:26;  9.188
 05.02.2026 08:09:27;  9.188
 05.02.2026 08:12:27;  9.125
 05.02.2026 08:15:26;  9.125
 05.02.2026 08:18:27;  9.125
 05.02.2026 08:21:27;  9.125
 05.02.2026 08:24:26;  9.188
 05.02.2026 08:27:27;  9.188
 05.02.2026 08:30:27;  9.188
 05.02.2026 08:33:26;  9.188
 05.02.2026 08:36:27;  9.125
 05.02.2026 08:39:26;  9.188
 05.02.2026 08:42:26;  9.125
 05.02.2026 08:45:27;  9.188
 05.02.2026 08:48:26;  9.125
 05.02.2026 08:51:26;  9.125
 05.02.2026 08:54:27;  9.125
 05.02.2026 08:57:27;  9.125
 05.02.2026 09:00:26;  9.125
 05.02.2026 09:03:27;  9.125
 05.02.2026 09:06:27;  9.125
 05.02.2026 09:09:26;  9.125
 05.02.2026 09:12:27;  9.125
 05.02.2026 09:15:27;  9.125
 05.02.2026 09:18:26;  9.125
 05.02.2026 09:21:27;  9.125
 05.02.2026 09:24:26;  9.125
 05.02.2026 09:27:26;  9.063
 05.02.2026 09:30:27;  9.063
 05.02.2026 09:33:26;  9.063
 05.02.2026 09:36:26;  9.063
 05.02.2026 09:39:27;  9.063
 05.02.2026 09:42:27;  9.063
 05.02.2026 09:45:26;  9.063
 05.02.2026 09:48:27;  9.063
 05.02.2026 09:51:27;  9.063
 05.02.2026 09:54:26;  9.125
 05.02.2026 09:57:27;  9.125
 05.02.2026 10:00:27;  9.125
 05.02.2026 10:03:26;  9.125
 05.02.2026 10:06:27;  9.125
 05.02.2026 10:09:26;  9.125
 05.02.2026 10:12:26;  9.125
 05.02.2026 10:15:27;  9.125
 05.02.2026 10:18:26;  9.125
 05.02.2026 10:21:26;  9.125
 05.02.2026 10:24:27;  9.125
 05.02.2026 10:27:27;  9.125
 05.02.2026 10:30:26;  9.125
 05.02.2026 10:33:27;  9.125
 05.02.2026 10:36:27;  9.125
 05.02.2026 10:39:26;  9.063
 05.02.2026 10:42:27;  9.063
 05.02.2026 10:45:27;  9.063
 05.02.2026 10:48:26;  9.063
 05.02.2026 10:51:27;  9.063
 05.02.2026 10:54:26;  9.125
 05.02.2026 10:57:26;  9.125
 05.02.2026 11:00:27;  9.125
 05.02.2026 11:03:26;  9.188
 05.02.2026 11:06:26;  9.188
 05.02.2026 11:09:27;  9.188
 05.02.2026 11:12:27;  9.188
 05.02.2026 11:15:26;  9.250
 05.02.2026 11:18:27;  9.250
 05.02.2026 11:21:27;  9.250
 05.02.2026 11:24:26;  9.250
 05.02.2026 11:27:27;  9.250
 05.02.2026 11:30:27;  9.250
 05.02.2026 11:33:26;  9.313
 05.02.2026 11:36:27;  9.313
 05.02.2026 11:39:26;  9.313
 05.02.2026 11:42:26;  9.313
 05.02.2026 11:45:27;  9.375
 05.02.2026 11:48:26;  9.375
 05.02.2026 11:51:26;  9.375
 05.02.2026 11:54:27;  9.375
 05.02.2026 11:57:27;  9.375
 05.02.2026 12:00:26;  9.375
 05.02.2026 12:03:27;  9.375
 05.02.2026 12:06:27;  9.438
 05.02.2026 12:09:26;  9.438
 05.02.2026 12:12:27;  9.438
 05.02.2026 12:15:27;  9.500
 05.02.2026 12:18:26;  9.438
 05.02.2026 12:21:27;  9.438
 05.02.2026 12:24:26;  9.375
 05.02.2026 12:27:26;  9.375
 05.02.2026 12:30:27;  9.438
 05.02.2026 12:33:26;  9.500
 05.02.2026 12:36:26;  9.500
 05.02.2026 12:39:27;  9.563
 05.02.2026 12:42:27;  9.563
 05.02.2026 12:45:26;  9.563
 05.02.2026 12:48:27;  9.625
 05.02.2026 12:51:27;  9.625
 05.02.2026 12:54:26;  9.625
 05.02.2026 12:57:27;  9.625
 05.02.2026 13:00:27;  9.688
 05.02.2026 13:03:26;  9.688
 05.02.2026 13:06:27;  9.688
 05.02.2026 13:09:26;  9.750
 05.02.2026 13:12:26;  9.750
 05.02.2026 13:15:27;  9.750
 05.02.2026 13:18:26;  9.750
 05.02.2026 13:21:26;  9.750
 05.02.2026 13:24:27;  9.750
 05.02.2026 13:27:27;  9.750
 05.02.2026 13:30:26;  9.750
 05.02.2026 13:33:27;  9.750
 05.02.2026 13:36:27;  9.750
 05.02.2026 13:39:26;  9.750
 05.02.2026 13:42:27;  9.750
 05.02.2026 13:45:27;  9.813
 05.02.2026 13:48:26;  9.813
 05.02.2026 13:51:27;  9.813
 05.02.2026 13:54:26;  9.813
 05.02.2026 13:57:26;  9.750
 05.02.2026 14:00:27;  9.813
 05.02.2026 14:03:26;  9.813
 05.02.2026 14:06:26;  9.875
 05.02.2026 14:09:27;  9.813
 05.02.2026 14:12:27;  9.813
 05.02.2026 14:15:26;  9.750
 05.02.2026 14:18:27;  9.750
 05.02.2026 14:21:27;  9.813
 05.02.2026 14:24:26;  9.813
 05.02.2026 14:27:27;  9.813
 05.02.2026 14:30:27;  9.875
 05.02.2026 14:33:26;  9.938
 05.02.2026 14:36:27; 10.000
 05.02.2026 14:39:26; 10.063
 05.02.2026 14:42:26; 10.063
 05.02.2026 14:45:27; 10.063
 05.02.2026 14:48:26; 10.125
 05.02.2026 14:51:26; 10.250
 05.02.2026 14:54:27; 10.375
 05.02.2026 14:57:27; 10.563
 05.02.2026 15:00:26; 10.688
 05.02.2026 15:03:27; 10.813
 05.02.2026 15:06:27; 10.750
 05.02.2026 15:09:26; 10.625
 05.02.2026 15:12:27; 10.625
 05.02.2026 15:15:27; 10.563
 05.02.2026 15:18:26; 10.438
 05.02.2026 15:21:27; 10.375
 05.02.2026 15:24:26; 10.313
 05.02.2026 15:27:26; 10.313
 05.02.2026 15:30:27; 10.313
 05.02.2026 15:33:26; 10.188
 05.02.2026 15:36:26; 10.125
 05.02.2026 15:39:27; 10.188
 05.02.2026 15:42:27; 10.250
 05.02.2026 15:45:26; 10.313
 05.02.2026 15:48:27; 10.375
 05.02.2026 15:51:27; 10.563
 05.02.2026 15:54:26; 10.688
 05.02.2026 15:57:27; 10.750
 05.02.2026 16:00:27; 10.875
 05.02.2026 16:03:26; 10.938
 05.02.2026 16:06:27; 11.000
 05.02.2026 16:09:26; 11.063
 05.02.2026 16:12:26; 11.125
 05.02.2026 16:15:27; 11.188
 05.02.2026 16:18:26; 11.188
 05.02.2026 16:21:26; 11.250
 05.02.2026 16:24:27; 11.438
 05.02.2026 16:27:27; 11.688
 05.02.2026 16:30:26; 11.875
 05.02.2026 16:33:27; 11.875
 05.02.2026 16:36:27; 12.063
 05.02.2026 16:39:26; 12.313
 05.02.2026 16:42:27; 12.563
 05.02.2026 16:45:27; 12.813
 05.02.2026 16:48:26; 13.000
 05.02.2026 16:51:27; 13.000
 05.02.2026 16:54:26; 13.000
 05.02.2026 16:57:26; 13.125
 05.02.2026 17:00:27; 13.063
 05.02.2026 17:03:26; 13.063
 05.02.2026 17:06:26; 13.125
 05.02.2026 17:09:27; 13.188
 05.02.2026 17:12:27; 13.250
 05.02.2026 17:15:26; 13.125
 05.02.2026 17:18:27; 13.125
 05.02.2026 17:21:27; 12.938
 05.02.2026 17:24:26; 12.813
 05.02.2026 17:27:27; 12.688
 05.02.2026 17:30:27; 12.500
 05.02.2026 17:33:26; 12.375
 05.02.2026 17:36:27; 12.125
 05.02.2026 17:39:26; 12.000
 05.02.2026 17:42:26; 11.938
 05.02.2026 17:45:27; 11.875
 05.02.2026 17:48:26; 11.875
 05.02.2026 17:51:26; 12.000
 05.02.2026 17:54:27; 12.063
 05.02.2026 17:57:27; 12.250
 05.02.2026 18:00:26; 12.438
 05.02.2026 18:03:27; 12.625
 05.02.2026 18:06:27; 12.625
 05.02.2026 18:09:26; 12.625
 05.02.2026 18:12:27; 12.500
 05.02.2026 18:15:27; 12.438
 05.02.2026 18:18:26; 12.438
 05.02.2026 18:21:27; 12.438
 05.02.2026 18:24:26; 12.438
 05.02.2026 18:27:26; 12.500
 05.02.2026 18:30:27; 12.438
 05.02.2026 18:33:26; 12.375
 05.02.2026 18:36:26; 12.250
 05.02.2026 18:39:27; 12.313
 05.02.2026 18:42:27; 12.313
 05.02.2026 18:45:26; 12.313
 05.02.2026 18:48:27; 12.375
 05.02.2026 18:51:27; 12.438
 05.02.2026 18:54:26; 12.438
 05.02.2026 18:57:27; 12.563
 05.02.2026 19:00:27; 12.563
 05.02.2026 19:03:26; 12.500
 05.02.2026 19:06:27; 12.500
 05.02.2026 19:09:26; 12.438
 05.02.2026 19:12:26; 12.438
 05.02.2026 19:15:27; 12.438
 05.02.2026 19:18:26; 12.313
 05.02.2026 19:21:26; 12.250
 05.02.2026 19:24:27; 12.188
 05.02.2026 19:27:27; 12.125
 05.02.2026 19:30:26; 12.125
 05.02.2026 19:33:27; 12.125
 05.02.2026 19:36:27; 12.125
 05.02.2026 19:39:26; 12.125
 05.02.2026 19:42:27; 12.125
 05.02.2026 19:45:27; 12.000
 05.02.2026 19:48:26; 12.000
 05.02.2026 19:51:27; 12.000
 05.02.2026 19:54:26; 12.000
 05.02.2026 19:57:26; 12.000
 05.02.2026 20:00:27; 12.000
 05.02.2026 20:03:26; 12.063
 05.02.2026 20:06:26; 12.063
 05.02.2026 20:09:27; 12.063
 05.02.2026 20:12:27; 12.063
 05.02.2026 20:15:26; 12.125
 05.02.2026 20:18:27; 12.125
 05.02.2026 20:21:27; 12.188
 05.02.2026 20:24:26; 12.250
 05.02.2026 20:27:27; 12.250
 05.02.2026 20:30:27; 12.375
 05.02.2026 20:33:26; 12.438
 05.02.2026 20:36:27; 12.500
 05.02.2026 20:39:26; 12.625
 05.02.2026 20:42:26; 12.750
 05.02.2026 20:45:27; 12.813
 05.02.2026 20:48:26; 13.000
 05.02.2026 20:51:26; 13.063
 05.02.2026 20:54:27; 13.125
 05.02.2026 20:57:27; 13.063
 05.02.2026 21:00:26; 13.063
 05.02.2026 21:03:27; 13.063
 05.02.2026 21:06:27; 13.063
 05.02.2026 21:09:26; 13.063
 05.02.2026 21:12:27; 13.000
 05.02.2026 21:15:27; 12.938
 05.02.2026 21:18:26; 12.938
 05.02.2026 21:21:27; 12.938
 05.02.2026 21:24:26; 12.875
 05.02.2026 21:27:26; 12.875
 05.02.2026 21:30:27; 12.875
 05.02.2026 21:33:26; 12.750
 05.02.2026 21:36:26; 12.688
 05.02.2026 21:39:27; 12.625
 05.02.2026 21:42:27; 12.563
 05.02.2026 21:45:26; 12.438
 05.02.2026 21:48:27; 12.313
 05.02.2026 21:51:27; 12.063
 05.02.2026 21:54:26; 11.813
 05.02.2026 21:57:27; 11.625
 05.02.2026 22:00:27; 11.438
 05.02.2026 22:03:26; 11.250
 05.02.2026 22:06:27; 11.063
 05.02.2026 22:09:26; 10.938
 05.02.2026 22:12:26; 10.750
 05.02.2026 22:15:27; 10.625
 05.02.2026 22:18:26; 10.500
 05.02.2026 22:21:26; 10.500
 05.02.2026 22:24:27; 10.438
 05.02.2026 22:27:27; 10.438
 05.02.2026 22:30:26; 10.375
 05.02.2026 22:33:27; 10.313
 05.02.2026 22:36:27; 10.188
 05.02.2026 22:39:26; 10.125
 05.02.2026 22:42:27; 10.063
 05.02.2026 22:45:27;  9.938
 05.02.2026 22:48:26;  9.875
 05.02.2026 22:51:27;  9.813
 05.02.2026 22:54:26;  9.750
 05.02.2026 22:57:26;  9.688
 05.02.2026 23:00:27;  9.625
 05.02.2026 23:03:26;  9.625
 05.02.2026 23:06:26;  9.625
 05.02.2026 23:09:27;  9.563
 05.02.2026 23:12:27;  9.563
 05.02.2026 23:15:26;  9.563
 05.02.2026 23:18:27;  9.563
 05.02.2026 23:21:27;  9.563
 05.02.2026 23:24:26;  9.563
 05.02.2026 23:27:27;  9.563
 05.02.2026 23:30:27;  9.563
 05.02.2026 23:33:26;  9.563
 05.02.2026 23:36:27;  9.500
 05.02.2026 23:39:26;  9.500
 05.02.2026 23:42:26;  9.500
 05.02.2026 23:45:27;  9.438
 05.02.2026 23:48:26;  9.375
 05.02.2026 23:51:26;  9.313
 05.02.2026 23:54:27;  9.250
 05.02.2026 23:57:27;  9.188
 06.02.2026 00:00:26;  9.125
 06.02.2026 00:03:27;  9.063
 06.02.2026 00:06:27;  9.063
 06.02.2026 00:09:26;  9.000
 06.02.2026 00:12:27;  8.938
 06.02.2026 00:15:27;  8.938
 06.02.2026 00:18:26;  8.875
 06.02.2026 00:21:27;  8.875
 06.02.2026 00:24:26;  8.875
 06.02.2026 00:27:26;  8.875
 06.02.2026 00:30:27;  8.875
 06.02.2026 00:33:26;  8.938
 06.02.2026 00:36:26;  8.938
 06.02.2026 00:39:27;  8.938
 06.02.2026 00:42:27;  8.938
 06.02.2026 00:45:26;  9.000
 06.02.2026 00:48:27;  9.000
 06.02.2026 00:51:27;  9.063
 06.02.2026 00:54:26;  9.063
 06.02.2026 00:57:27;  9.125
 06.02.2026 01:00:27;  9.125
 06.02.2026 01:03:26;  9.125
 06.02.2026 01:06:27;  9.125
 06.02.2026 01:09:26;  9.125
 06.02.2026 01:12:26;  9.063
 06.02.2026 01:15:27;  9.000
 06.02.2026 01:18:26;  8.938
 06.02.2026 01:21:26;  8.875
 06.02.2026 01:24:27;  8.813
 06.02.2026 01:27:27;  8.813
 06.02.2026 01:30:26;  8.750
 06.02.2026 01:33:27;  8.688
 06.02.2026 01:36:27;  8.625
 06.02.2026 01:39:26;  8.563
 06.02.2026 01:42:27;  8.500
 06.02.2026 01:45:27;  8.438
 06.02.2026 01:48:26;  8.438
 06.02.2026 01:51:27;  8.375
 06.02.2026 01:54:26;  8.375
 06.02.2026 01:57:26;  8.375
 06.02.2026 02:00:27;  8.313
 06.02.2026 02:03:26;  8.313
 06.02.2026 02:06:26;  8.250
 06.02.2026 02:09:27;  8.250
 06.02.2026 02:12:27;  8.250
 06.02.2026 02:15:26;  8.250
 06.02.2026 02:18:27;  8.250
 06.02.2026 02:21:27;  8.250
 06.02.2026 02:24:26;  8.188
 06.02.2026 02:27:27;  8.188
 06.02.2026 02:30:27;  8.188
 06.02.2026 02:33:26;  8.125
 06.02.2026 02:36:27;  8.125
 06.02.2026 02:39:26;  8.125
 06.02.2026 02:42:26;  8.063
 06.02.2026 02:45:27;  8.063
 06.02.2026 02:48:26;  8.063
 06.02.2026 02:51:26;  8.063
 06.02.2026 02:54:27;  8.063
 06.02.2026 02:57:27;  8.063
 06.02.2026 03:00:26;  8.000
 06.02.2026 03:03:27;  8.000
 06.02.2026 03:06:27;  8.000
 06.02.2026 03:09:26;  8.000
 06.02.2026 03:12:27;  8.000
 06.02.2026 03:15:27;  8.000
 06.02.2026 03:18:26;  8.000
 06.02.2026 03:21:27;  8.000
 06.02.2026 03:24:26;  7.938
 06.02.2026 03:27:26;  7.938
 06.02.2026 03:30:27;  7.938
 06.02.2026 03:33:26;  7.938
 06.02.2026 03:36:26;  7.938
 06.02.2026 03:39:27;  7.938
 06.02.2026 03:42:27;  7.875
 06.02.2026 03:45:26;  7.875
 06.02.2026 03:48:27;  7.875
 06.02.2026 03:51:27;  7.813
 06.02.2026 03:54:26;  7.813
 06.02.2026 03:57:27;  7.750
 06.02.2026 04:00:27;  7.688
 06.02.2026 04:03:26;  7.688
 06.02.2026 04:06:27;  7.688
 06.02.2026 04:09:26;  7.625
 06.02.2026 04:12:26;  7.625
 06.02.2026 04:15:27;  7.625
 06.02.2026 04:18:26;  7.625
 06.02.2026 04:21:26;  7.625
 06.02.2026 04:24:27;  7.563
 06.02.2026 04:27:27;  7.500
 06.02.2026 04:30:26;  7.500
 06.02.2026 04:33:27;  7.438
 06.02.2026 04:36:27;  7.438
 06.02.2026 04:39:26;  7.438
 06.02.2026 04:42:27;  7.375
 06.02.2026 04:45:27;  7.313
 06.02.2026 04:48:26;  7.250
 06.02.2026 04:51:27;  7.188
 06.02.2026 04:54:26;  7.188
 06.02.2026 04:57:26;  7.125
 06.02.2026 05:00:27;  7.125
 06.02.2026 05:03:26;  7.188
 06.02.2026 05:06:26;  7.125
 06.02.2026 05:09:27;  7.188
 06.02.2026 05:12:27;  7.250
 06.02.2026 05:15:26;  7.375
 06.02.2026 05:18:27;  7.375
 06.02.2026 05:21:27;  7.438
 06.02.2026 05:24:26;  7.375
 06.02.2026 05:27:27;  7.438
 06.02.2026 05:30:27;  7.500
 06.02.2026 05:33:26;  7.563
 06.02.2026 05:36:27;  7.625
 06.02.2026 05:39:26;  7.625
 06.02.2026 05:42:26;  7.625
 06.02.2026 05:45:27;  7.625
 06.02.2026 05:48:26;  7.688
 06.02.2026 05:51:26;  7.750
 06.02.2026 05:54:27;  7.813
 06.02.2026 05:57:27;  7.875
 06.02.2026 06:00:26;  7.875
 06.02.2026 06:03:27;  7.938
 06.02.2026 06:06:27;  7.938
 06.02.2026 06:09:26;  7.938
 06.02.2026 06:12:27;  7.938
 06.02.2026 06:15:27;  8.000
 06.02.2026 06:18:26;  8.000
 06.02.2026 06:21:27;  8.188
 06.02.2026 06:24:26;  8.313
 06.02.2026 06:27:26;  8.375
 06.02.2026 06:30:27;  8.375
 06.02.2026 06:33:26;  8.375
 06.02.2026 06:36:26;  8.375
 06.02.2026 06:39:27;  8.500
 06.02.2026 06:42:27;  8.563
 06.02.2026 06:45:26;  8.625
 06.02.2026 06:48:27;  8.625
 06.02.2026 06:51:27;  8.688
 06.02.2026 06:54:26;  8.750
 06.02.2026 06:57:27;  8.813
 06.02.2026 07:00:27;  8.875
 06.02.2026 07:03:26;  8.938
 06.02.2026 07:06:27;  8.938
 06.02.2026 07:09:26;  9.000
 06.02.2026 07:12:26;  9.000
 06.02.2026 07:15:27;  8.938
 06.02.2026 07:18:26;  8.938
 06.02.2026 07:21:26;  8.938
 06.02.2026 07:24:27;  8.938
 06.02.2026 07:27:27;  8.938
 06.02.2026 07:30:26;  8.938
 06.02.2026 07:33:27;  8.875
 06.02.2026 07:36:27;  8.813
 06.02.2026 07:39:26;  8.750
 06.02.2026 07:42:27;  8.625
 06.02.2026 07:45:27;  8.438
 06.02.2026 07:48:26;  8.313
 06.02.2026 07:51:27;  8.313
 06.02.2026 07:54:26;  8.375
 06.02.2026 07:57:26;  8.375
 06.02.2026 08:00:27;  8.313
 06.02.2026 08:03:26;  8.313
 06.02.2026 08:06:26;  8.375
 06.02.2026 08:09:27;  8.375
 06.02.2026 08:12:27;  8.375
 06.02.2026 08:15:26;  8.375
 06.02.2026 08:18:27;  8.375
 06.02.2026 08:21:27;  8.313
 06.02.2026 08:24:26;  8.375
 06.02.2026 08:27:27;  8.375
 06.02.2026 08:30:27;  8.375
 06.02.2026 08:33:26;  8.375
 06.02.2026 08:36:27;  8.375
 06.02.2026 08:39:26;  8.375
 06.02.2026 08:42:26;  8.375
 06.02.2026 08:45:27;  8.375
 06.02.2026 08:48:26;  8.438
 06.02.2026 08:51:26;  8.438
 06.02.2026 08:54:27;  8.438
 06.02.2026 08:57:27;  8.438
 06.02.2026 09:00:26;  8.438
 06.02.2026 09:03:27;  8.500
 06.02.2026 09:06:27;  8.500
 06.02.2026 09:09:26;  8.500
 06.02.2026 09:12:27;  8.563
 06.02.2026 09:15:27;  8.563
 06.02.2026 09:18:26;  8.563
 06.02.2026 09:21:27;  8.625
 06.02.2026 09:24:26;  8.563
 06.02.2026 09:27:26;  8.563
 06.02.2026 09:30:27;  8.563
 06.02.2026 09:33:26;  8.625
 06.02.2026 09:36:26;  8.625
 06.02.2026 09:39:27;  8.688
 06.02.2026 09:42:27;  8.688
 06.02.2026 09:45:26;  8.750
 06.02.2026 09:48:27;  8.750
 06.02.2026 09:51:27;  8.813
 06.02.2026 09:54:26;  8.750
 06.02.2026 09:57:27;  8.688
 06.02.2026 10:00:27;  8.688
 06.02.2026 10:03:26;  8.688
 06.02.2026 10:06:27;  8.625
 06.02.2026 10:09:26;  8.625
 06.02.2026 10:12:26;  8.625
 06.02.2026 10:15:27;  8.563
 06.02.2026 10:18:26;  8.500
 06.02.2026 10:21:26;  8.500
 06.02.2026 10:24:27;  8.438
 06.02.2026 10:27:27;  8.438
 06.02.2026 10:30:26;  8.438
 06.02.2026 10:33:27;  8.438
 06.02.2026 10:36:27;  8.500
 06.02.2026 10:39:26;  8.500
 06.02.2026 10:42:27;  8.500
 06.02.2026 10:45:27;  8.500
 06.02.2026 10:48:26;  8.563
 06.02.2026 10:51:27;  8.563
 06.02.2026 10:54:26;  8.563
 06.02.2026 10:57:26;  8.563
 06.02.2026 11:00:27;  8.563
 06.02.2026 11:03:26;  8.625
 06.02.2026 11:06:26;  8.625
 06.02.2026 11:09:27;  8.688
 06.02.2026 11:12:27;  8.688
 06.02.2026 11:15:26;  8.688
 06.02.2026 11:18:27;  8.688
 06.02.2026 11:21:27;  8.688
 06.02.2026 11:24:26;  8.750
 06.02.2026 11:27:27;  8.750
 06.02.2026 11:30:27;  8.750
 06.02.2026 11:33:26;  8.750
 06.02.2026 11:36:27;  8.750
 06.02.2026 11:39:26;  8.813
 06.02.2026 11:42:26;  8.813
 06.02.2026 11:45:27;  8.875
 06.02.2026 11:48:26;  8.938
 06.02.2026 11:51:26;  8.938
 06.02.2026 11:54:27;  8.938
 06.02.2026 11:57:27;  9.000
 06.02.2026 12:00:26;  9.063
 06.02.2026 12:03:27;  9.063
 06.02.2026 12:06:27;  9.063
 06.02.2026 12:09:26;  9.125
 06.02.2026 12:12:27;  9.188
 06.02.2026 12:15:27;  9.250
 06.02.2026 12:18:26;  9.250
 06.02.2026 12:21:27;  9.313
 06.02.2026 12:24:26;  9.438
 06.02.2026 12:27:26;  9.500
 06.02.2026 12:30:27;  9.500
 06.02.2026 12:33:26;  9.500
 06.02.2026 12:36:26;  9.500
 06.02.2026 12:39:27;  9.563
 06.02.2026 12:42:27;  9.563
 06.02.2026 12:45:26;  9.563
 06.02.2026 12:48:27;  9.500
 06.02.2026 12:51:27;  9.500
 06.02.2026 12:54:26;  9.563
 06.02.2026 12:57:27;  9.563
 06.02.2026 13:00:27;  9.500
 06.02.2026 13:03:26;  9.500
 06.02.2026 13:06:27;  9.438
 06.02.2026 13:09:26;  9.375
 06.02.2026 13:12:26;  9.375
 06.02.2026 13:15:27;  9.375
 06.02.2026 13:18:26;  9.375
 06.02.2026 13:21:26;  9.375
 06.02.2026 13:24:27;  9.313
 06.02.2026 13:27:27;  9.313
 06.02.2026 13:30:26;  9.375
 06.02.2026 13:33:27;  9.438
 06.02.2026 13:36:27;  9.438
 06.02.2026 13:39:26;  9.563
 06.02.2026 13:42:27;  9.625
 06.02.2026 13:45:27;  9.750
 06.02.2026 13:48:26;  9.875
 06.02.2026 13:51:27; 10.063
 06.02.2026 13:54:26; 10.313
 06.02.2026 13:57:26; 10.500
 06.02.2026 14:00:27; 10.625
 06.02.2026 14:03:26; 10.750
 06.02.2026 14:06:26; 10.750
 06.02.2026 14:09:27; 10.750
 06.02.2026 14:12:27; 10.688
 06.02.2026 14:15:26; 10.688
 06.02.2026 14:18:27; 10.813
 06.02.2026 14:21:27; 10.938
 06.02.2026 14:24:26; 11.063
 06.02.2026 14:27:27; 11.250
 06.02.2026 14:30:27; 11.375
 06.02.2026 14:33:26; 11.438
 06.02.2026 14:36:27; 11.500
 06.02.2026 14:39:26; 11.375
 06.02.2026 14:42:26; 11.438
 06.02.2026 14:45:27; 11.563
 06.02.2026 14:48:26; 11.688
 06.02.2026 14:51:26; 11.875
 06.02.2026 14:54:27; 12.063
 06.02.2026 14:57:27; 12.000
 06.02.2026 15:00:26; 12.000
 06.02.2026 15:03:27; 12.125
 06.02.2026 15:06:27; 12.250
 06.02.2026 15:09:26; 12.563
 06.02.2026 15:12:27; 12.750
 06.02.2026 15:15:27; 12.813
 06.02.2026 15:18:26; 12.875
 06.02.2026 15:21:27; 13.313
 06.02.2026 15:24:26; 13.563
 06.02.2026 15:27:26; 13.625
 06.02.2026 15:30:27; 13.875
 06.02.2026 15:33:26; 13.813
 06.02.2026 15:36:26; 13.813
 06.02.2026 15:39:27; 13.750
 06.02.2026 15:42:27; 13.688
 06.02.2026 15:45:26; 13.688
 06.02.2026 15:48:27; 13.750
 06.02.2026 15:51:27; 13.938
 06.02.2026 15:54:26; 14.063
 06.02.2026 15:57:27; 14.188
 06.02.2026 16:00:27; 14.313
 06.02.2026 16:03:26; 14.500
 06.02.2026 16:06:27; 14.750
 06.02.2026 16:09:26; 15.000
 06.02.2026 16:12:26; 15.313
 06.02.2026 16:15:27; 15.375
 06.02.2026 16:18:26; 15.500
 06.02.2026 16:21:26; 15.750
 06.02.2026 16:24:27; 15.813
 06.02.2026 16:27:27; 15.750
 06.02.2026 16:30:26; 15.625
 06.02.2026 16:33:27; 15.438
 06.02.2026 16:36:27; 15.188
 06.02.2026 16:39:26; 15.063
 06.02.2026 16:42:27; 14.875
 06.02.2026 16:45:27; 14.938
 06.02.2026 16:48:26; 15.250
 06.02.2026 16:51:27; 15.500
 06.02.2026 16:54:26; 15.625
 06.02.2026 16:57:26; 15.750
 06.02.2026 17:00:27; 15.688
 06.02.2026 17:03:26; 15.688
 06.02.2026 17:06:26; 15.688
 06.02.2026 17:09:27; 15.563
 06.02.2026 17:12:27; 15.313
 06.02.2026 17:15:26; 15.063
 06.02.2026 17:18:27; 14.875
 06.02.2026 17:21:27; 14.750
 06.02.2026 17:24:26; 14.750
 06.02.2026 17:27:27; 14.750
 06.02.2026 17:30:27; 14.875
 06.02.2026 17:33:26; 15.188
 06.02.2026 17:36:27; 15.688
 06.02.2026 17:39:26; 16.250
 06.02.2026 17:42:26; 16.625
 06.02.2026 17:45:27; 17.063
 06.02.2026 17:48:26; 17.750
 06.02.2026 17:51:26; 18.250
 06.02.2026 17:54:27; 18.375
 06.02.2026 17:57:27; 18.438
 06.02.2026 18:00:26; 18.438
 06.02.2026 18:03:27; 18.438
 06.02.2026 18:06:27; 18.625
 06.02.2026 18:09:26; 18.688
 06.02.2026 18:12:27; 18.938
 06.02.2026 18:15:27; 19.250
 06.02.2026 18:18:26; 19.375
 06.02.2026 18:21:27; 19.188
 06.02.2026 18:24:26; 19.063
 06.02.2026 18:27:26; 18.625
 06.02.2026 18:30:27; 18.063
 06.02.2026 18:33:26; 17.563
 06.02.2026 18:36:26; 17.250
 06.02.2026 18:39:27; 17.125
 06.02.2026 18:42:27; 17.188
 06.02.2026 18:45:26; 17.500
 06.02.2026 18:48:27; 18.313
 06.02.2026 18:51:27; 20.188
 06.02.2026 18:54:26; 20.125
 06.02.2026 18:57:27; 20.188
 06.02.2026 19:00:27; 19.813
 06.02.2026 19:03:26; 19.750
 06.02.2026 19:06:27; 19.875
 06.02.2026 19:09:26; 20.688
 06.02.2026 19:12:26; 21.313
 06.02.2026 19:15:27; 23.125
 06.02.2026 19:18:26; 21.938
 06.02.2026 19:21:26; 22.063
 06.02.2026 19:24:27; 22.313
 06.02.2026 19:27:27; 24.938
 06.02.2026 19:30:26; 23.438
 06.02.2026 19:33:27; 23.625
 06.02.2026 19:36:27; 23.500
 06.02.2026 19:39:26; 22.313
 06.02.2026 19:42:27; 21.188
 06.02.2026 19:45:27; 20.500
 06.02.2026 19:48:26; 20.125
 06.02.2026 19:51:27; 20.688
 06.02.2026 19:54:26; 23.938
 06.02.2026 19:57:26; 23.000
 06.02.2026 20:00:27; 21.938
 06.02.2026 20:03:26; 20.875
 06.02.2026 20:06:26; 20.063
 06.02.2026 20:09:27; 19.500
 06.02.2026 20:12:27; 19.000
 06.02.2026 20:15:26; 18.250
 06.02.2026 20:18:27; 17.813
 06.02.2026 20:21:27; 17.438
 06.02.2026 20:24:26; 17.063
 06.02.2026 20:27:27; 16.750
 06.02.2026 20:30:27; 16.563
 06.02.2026 20:33:26; 16.438
 06.02.2026 20:36:27; 16.313
 06.02.2026 20:39:26; 16.188
 06.02.2026 20:42:26; 16.125
 06.02.2026 20:45:27; 16.063
 06.02.2026 20:48:26; 15.938
 06.02.2026 20:51:26; 15.938
 06.02.2026 20:54:27; 15.938
 06.02.2026 20:57:27; 16.000
 06.02.2026 21:00:26; 16.000
 06.02.2026 21:03:27; 15.938
 06.02.2026 21:06:27; 15.813
 06.02.2026 21:09:26; 15.688
 06.02.2026 21:12:27; 15.625
 06.02.2026 21:15:27; 15.563
 06.02.2026 21:18:26; 15.500
 06.02.2026 21:21:27; 15.438
 06.02.2026 21:24:26; 15.313
 06.02.2026 21:27:26; 15.250
 06.02.2026 21:30:27; 15.188
 06.02.2026 21:33:26; 15.125
 06.02.2026 21:36:26; 15.000
 06.02.2026 21:39:27; 14.938
 06.02.2026 21:42:27; 14.813
 06.02.2026 21:45:26; 14.750
 06.02.2026 21:48:27; 14.688
 06.02.2026 21:51:27; 14.688
 06.02.2026 21:54:26; 14.625
 06.02.2026 21:57:27; 14.625
 06.02.2026 22:00:27; 14.563
 06.02.2026 22:03:26; 14.563
 06.02.2026 22:06:27; 14.438
 06.02.2026 22:09:26; 14.375
 06.02.2026 22:12:26; 14.313
 06.02.2026 22:15:27; 14.250
 06.02.2026 22:18:26; 14.188
 06.02.2026 22:21:26; 14.125
 06.02.2026 22:24:27; 14.063
 06.02.2026 22:27:27; 13.938
 06.02.2026 22:30:26; 13.875
 06.02.2026 22:33:27; 13.875
 06.02.2026 22:36:27; 13.813
 06.02.2026 22:39:26; 13.750
 06.02.2026 22:42:27; 13.688
 06.02.2026 22:45:27; 13.625
 06.02.2026 22:48:26; 13.563
 06.02.2026 22:51:27; 13.500
 06.02.2026 22:54:26; 13.375
 06.02.2026 22:57:26; 13.188
 06.02.2026 23:00:27; 13.063
 06.02.2026 23:03:26; 12.938
 06.02.2026 23:06:26; 12.750
 06.02.2026 23:09:27; 12.625
 06.02.2026 23:12:27; 12.438
 06.02.2026 23:15:26; 12.313
 06.02.2026 23:18:27; 12.188
 06.02.2026 23:21:27; 12.063
 06.02.2026 23:24:26; 11.938
 06.02.2026 23:27:27; 11.813
 06.02.2026 23:30:27; 11.688
 06.02.2026 23:33:26; 11.625
 06.02.2026 23:36:27; 11.500
 06.02.2026 23:39:26; 11.438
 06.02.2026 23:42:26; 11.313
 06.02.2026 23:45:27; 11.250
 06.02.2026 23:48:26; 11.188
 06.02.2026 23:51:26; 11.063
 06.02.2026 23:54:27; 11.063
 06.02.2026 23:57:27; 11.000
 07.02.2026 00:00:26; 10.938
 07.02.2026 00:03:27; 10.875
 07.02.2026 00:06:27; 10.875
 07.02.2026 00:09:26; 10.875
 07.02.2026 00:12:27; 10.875
 07.02.2026 00:15:27; 10.813
 07.02.2026 00:18:26; 10.875
 07.02.2026 00:21:27; 10.875
 07.02.2026 00:24:26; 10.813
 07.02.2026 00:27:26; 10.813
 07.02.2026 00:30:27; 10.750
 07.02.2026 00:33:26; 10.688
 07.02.2026 00:36:26; 10.625
 07.02.2026 00:39:27; 10.625
 07.02.2026 00:42:27; 10.563
 07.02.2026 00:45:26; 10.500
 07.02.2026 00:48:27; 10.438
 07.02.2026 00:51:27; 10.438
 07.02.2026 00:54:26; 10.375
 07.02.2026 00:57:27; 10.375
 07.02.2026 01:00:27; 10.375
 07.02.2026 01:03:26; 10.375
 07.02.2026 01:06:27; 10.375
 07.02.2026 01:09:26; 10.438
 07.02.2026 01:12:26; 10.500
 07.02.2026 01:15:27; 10.563
 07.02.2026 01:18:26; 10.625
 07.02.2026 01:21:26; 10.688
 07.02.2026 01:24:27; 10.688
 07.02.2026 01:27:27; 10.750
 07.02.2026 01:30:26; 10.750
 07.02.2026 01:33:27; 10.813
 07.02.2026 01:36:27; 10.813
 07.02.2026 01:39:26; 10.813
 07.02.2026 01:42:27; 10.813
 07.02.2026 01:45:27; 10.875
 07.02.2026 01:48:26; 10.875
 07.02.2026 01:51:27; 10.938
 07.02.2026 01:54:26; 11.000
 07.02.2026 01:57:26; 11.063
 07.02.2026 02:00:27; 11.063
 07.02.2026 02:03:26; 11.063
 07.02.2026 02:06:26; 11.063
 07.02.2026 02:09:27; 11.063
 07.02.2026 02:12:27; 11.063
 07.02.2026 02:15:26; 11.063
 07.02.2026 02:18:27; 11.000
 07.02.2026 02:21:27; 10.938
 07.02.2026 02:24:26; 10.938
 07.02.2026 02:27:27; 10.875
 07.02.2026 02:30:27; 10.875
 07.02.2026 02:33:26; 10.813
 07.02.2026 02:36:27; 10.813
 07.02.2026 02:39:26; 10.813
 07.02.2026 02:42:26; 10.813
 07.02.2026 02:45:27; 10.813
 07.02.2026 02:48:26; 10.813
 07.02.2026 02:51:26; 10.813
 07.02.2026 02:54:27; 10.813
 07.02.2026 02:57:27; 10.813
 07.02.2026 03:00:26; 10.813
 07.02.2026 03:03:27; 10.813
 07.02.2026 03:06:27; 10.875
 07.02.2026 03:09:26; 10.875
 07.02.2026 03:12:27; 10.813
 07.02.2026 03:15:27; 10.813
 07.02.2026 03:18:26; 10.813
 07.02.2026 03:21:27; 10.813
 07.02.2026 03:24:26; 10.750
 07.02.2026 03:27:26; 10.688
 07.02.2026 03:30:27; 10.625
 07.02.2026 03:33:26; 10.563
 07.02.2026 03:36:26; 10.563
 07.02.2026 03:39:27; 10.563
 07.02.2026 03:42:27; 10.625
 07.02.2026 03:45:26; 10.688
 07.02.2026 03:48:27; 10.688
 07.02.2026 03:51:27; 10.750
 07.02.2026 03:54:26; 10.750
 07.02.2026 03:57:27; 10.750
 07.02.2026 04:00:27; 10.750
 07.02.2026 04:03:26; 10.813
 07.02.2026 04:06:27; 10.813
 07.02.2026 04:09:26; 10.813
 07.02.2026 04:12:26; 10.875
 07.02.2026 04:15:27; 10.875
 07.02.2026 04:18:26; 10.875
 07.02.2026 04:21:26; 10.875
 07.02.2026 04:24:27; 10.938
 07.02.2026 04:27:27; 10.938
 07.02.2026 04:30:26; 10.938
 07.02.2026 04:33:27; 10.938
 07.02.2026 04:36:27; 10.938
 07.02.2026 04:39:26; 10.938
 07.02.2026 04:42:27; 10.875
 07.02.2026 04:45:27; 10.875
 07.02.2026 04:48:26; 10.875
 07.02.2026 04:51:27; 10.875
 07.02.2026 04:54:26; 10.813
 07.02.2026 04:57:26; 10.750
 07.02.2026 05:00:27; 10.625
 07.02.2026 05:03:26; 10.625
 07.02.2026 05:06:26; 10.625
 07.02.2026 05:09:27; 10.563
 07.02.2026 05:12:27; 10.500
 07.02.2026 05:15:26; 10.500
 07.02.2026 05:18:27; 10.500
 07.02.2026 05:21:27; 10.500
 07.02.2026 05:24:26; 10.500
 07.02.2026 05:27:27; 10.563
 07.02.2026 05:30:27; 10.563
 07.02.2026 05:33:26; 10.500
 07.02.2026 05:36:27; 10.438
 07.02.2026 05:39:26; 10.375
 07.02.2026 05:42:26; 10.375
 07.02.2026 05:45:27; 10.313
 07.02.2026 05:48:26; 10.313
 07.02.2026 05:51:26; 10.250
 07.02.2026 05:54:27; 10.250
 07.02.2026 05:57:27; 10.188
 07.02.2026 06:00:26; 10.188
 07.02.2026 06:03:27; 10.125
 07.02.2026 06:06:27; 10.063
 07.02.2026 06:09:26; 10.063
 07.02.2026 06:12:27; 10.000
 07.02.2026 06:15:27; 10.000
 07.02.2026 06:18:26; 10.000
 07.02.2026 06:21:27; 10.000
 07.02.2026 06:24:26; 10.000
 07.02.2026 06:27:26; 10.000
 07.02.2026 06:30:27; 10.000
 07.02.2026 06:33:26; 10.000
 07.02.2026 06:36:26; 10.063
 07.02.2026 06:39:27; 10.125
 07.02.2026 06:42:27; 10.125
 07.02.2026 06:45:26; 10.188
 07.02.2026 06:48:27; 10.250
 07.02.2026 06:51:27; 10.250
 07.02.2026 06:54:26; 10.250
 07.02.2026 06:57:27; 10.313
 07.02.2026 07:00:27; 10.375
 07.02.2026 07:03:26; 10.375
 07.02.2026 07:06:27; 10.438
 07.02.2026 07:09:26; 10.438
 07.02.2026 07:12:26; 10.438
 07.02.2026 07:15:27; 10.438
 07.02.2026 07:18:26; 10.500
 07.02.2026 07:21:26; 10.500
 07.02.2026 07:24:27; 10.563
 07.02.2026 07:27:27; 10.563
 07.02.2026 07:30:26; 10.563
 07.02.2026 07:33:27; 10.563
 07.02.2026 07:36:27; 10.563
 07.02.2026 07:39:26; 10.563
 07.02.2026 07:42:27; 10.563
 07.02.2026 07:45:27; 10.563
 07.02.2026 07:48:26; 10.563
 07.02.2026 07:51:27; 10.563
 07.02.2026 07:54:26; 10.500
 07.02.2026 07:57:26; 10.500
 07.02.2026 08:00:27; 10.500
 07.02.2026 08:03:26; 10.500
 07.02.2026 08:06:26; 10.500
 07.02.2026 08:09:27; 10.500
 07.02.2026 08:12:27; 10.500
 07.02.2026 08:15:26; 10.500
 07.02.2026 08:18:27; 10.500
 07.02.2026 08:21:27; 10.438
 07.02.2026 08:24:26; 10.438
 07.02.2026 08:27:27; 10.438
 07.02.2026 08:30:27; 10.375
 07.02.2026 08:33:26; 10.375
 07.02.2026 08:36:27; 10.375
 07.02.2026 08:39:26; 10.313
 07.02.2026 08:42:26; 10.313
 07.02.2026 08:45:27; 10.313
 07.02.2026 08:48:26; 10.313
 07.02.2026 08:51:26; 10.250
 07.02.2026 08:54:27; 10.188
 07.02.2026 08:57:27; 10.125
 07.02.2026 09:00:26; 10.063
 07.02.2026 09:03:27;  9.938
 07.02.2026 09:06:27;  9.813
 07.02.2026 09:09:26;  9.688
 07.02.2026 09:12:27;  9.563
 07.02.2026 09:15:27;  9.438
 07.02.2026 09:18:26;  9.375
 07.02.2026 09:21:27;  9.250
 07.02.2026 09:24:26;  9.188
 07.02.2026 09:27:26;  9.188
 07.02.2026 09:30:27;  9.188
 07.02.2026 09:33:26;  9.188
 07.02.2026 09:36:26;  9.188
 07.02.2026 09:39:27;  9.250
 07.02.2026 09:42:27;  9.250
 07.02.2026 09:45:26;  9.313
 07.02.2026 09:48:27;  9.313
 07.02.2026 09:51:27;  9.313
 07.02.2026 09:54:26;  9.313
 07.02.2026 09:57:27;  9.313
 07.02.2026 10:00:27;  9.313
 07.02.2026 10:03:26;  9.313
 07.02.2026 10:06:27;  9.313
 07.02.2026 10:09:26;  9.375
 07.02.2026 10:12:26;  9.375
 07.02.2026 10:15:27;  9.438
 07.02.2026 10:18:26;  9.438
 07.02.2026 10:21:26;  9.438
 07.02.2026 10:24:27;  9.500
 07.02.2026 10:27:27;  9.500
 07.02.2026 10:30:26;  9.500
 07.02.2026 10:33:27;  9.500
 07.02.2026 10:36:27;  9.500
 07.02.2026 10:39:26;  9.500
 07.02.2026 10:42:27;  9.500
 07.02.2026 10:45:27;  9.500
 07.02.2026 10:48:26;  9.500
 07.02.2026 10:51:27;  9.500
 07.02.2026 10:54:26;  9.500
 07.02.2026 10:57:26;  9.500
 07.02.2026 11:00:27;  9.500
 07.02.2026 11:03:26;  9.500
 07.02.2026 11:06:26;  9.500
 07.02.2026 11:09:27;  9.438
 07.02.2026 11:12:27;  9.438
 07.02.2026 11:15:26;  9.438
 07.02.2026 11:18:27;  9.500
 07.02.2026 11:21:27;  9.438
 07.02.2026 11:24:26;  9.438
 07.02.2026 11:27:27;  9.500
 07.02.2026 11:30:27;  9.500
 07.02.2026 11:33:26;  9.500
 07.02.2026 11:36:27;  9.500
 07.02.2026 11:39:26;  9.500
 07.02.2026 11:42:26;  9.500
 07.02.2026 11:45:27;  9.563
 07.02.2026 11:48:26;  9.563
 07.02.2026 11:51:26;  9.625
 07.02.2026 11:54:27;  9.688
 07.02.2026 11:57:27;  9.688
 07.02.2026 12:00:26;  9.688
 07.02.2026 12:03:27;  9.688
 07.02.2026 12:06:27;  9.750
 07.02.2026 12:09:26;  9.750
 07.02.2026 12:12:27;  9.813
 07.02.2026 12:15:27;  9.875
 07.02.2026 12:18:26;  9.875
 07.02.2026 12:21:27;  9.875
 07.02.2026 12:24:26;  9.938
 07.02.2026 12:27:26; 10.000
 07.02.2026 12:30:27; 10.125
 07.02.2026 12:33:26; 10.188
 07.02.2026 12:36:26; 10.313
 07.02.2026 12:39:27; 10.375
 07.02.2026 12:42:27; 10.438
 07.02.2026 12:45:26; 10.500
 07.02.2026 12:48:27; 10.563
 07.02.2026 12:51:27; 10.625
 07.02.2026 12:54:26; 10.688
 07.02.2026 12:57:27; 10.750
 07.02.2026 13:00:27; 10.875
 07.02.2026 13:03:26; 10.938
 07.02.2026 13:06:27; 11.000
 07.02.2026 13:09:26; 11.000
 07.02.2026 13:12:26; 11.063
 07.02.2026 13:15:27; 11.125
 07.02.2026 13:18:26; 11.125
 07.02.2026 13:21:26; 11.125
 07.02.2026 13:24:27; 11.250
 07.02.2026 13:27:27; 11.375
 07.02.2026 13:30:26; 11.688
 07.02.2026 13:33:27; 12.000
 07.02.2026 13:36:27; 12.563
 07.02.2026 13:39:26; 12.813
 07.02.2026 13:42:27; 13.125
 07.02.2026 13:45:27; 13.250
 07.02.2026 13:48:26; 13.375
 07.02.2026 13:51:27; 13.563
 07.02.2026 13:54:26; 14.063
 07.02.2026 13:57:26; 14.438
 07.02.2026 14:00:27; 14.750
 07.02.2026 14:03:26; 15.188
 07.02.2026 14:06:26; 15.313
 07.02.2026 14:09:27; 15.125
 07.02.2026 14:12:27; 15.313
 07.02.2026 14:15:26; 15.438
 07.02.2026 14:18:27; 15.438
 07.02.2026 14:21:27; 15.375
 07.02.2026 14:24:26; 15.250
 07.02.2026 14:27:27; 15.125
 07.02.2026 14:30:27; 15.188
 07.02.2026 14:33:26; 15.188
 07.02.2026 14:36:27; 15.250
 07.02.2026 14:39:26; 15.250
 07.02.2026 14:42:26; 15.313
 07.02.2026 14:45:27; 15.375
 07.02.2026 14:48:26; 15.313
 07.02.2026 14:51:26; 15.313
 07.02.2026 14:54:27; 15.313
 07.02.2026 14:57:27; 15.375
 07.02.2026 15:00:26; 15.438
 07.02.2026 15:03:27; 15.375
 07.02.2026 15:06:27; 15.313
 07.02.2026 15:09:26; 15.188
 07.02.2026 15:12:27; 15.188
 07.02.2026 15:15:27; 15.125
 07.02.2026 15:18:26; 15.188
 07.02.2026 15:21:27; 15.438
 07.02.2026 15:24:26; 15.625
 07.02.2026 15:27:26; 15.750
 07.02.2026 15:30:27; 16.000
 07.02.2026 15:33:26; 16.188
 07.02.2026 15:36:26; 16.438
 07.02.2026 15:39:27; 16.375
 07.02.2026 15:42:27; 16.063
 07.02.2026 15:45:26; 16.188
 07.02.2026 15:48:27; 15.938
 07.02.2026 15:51:27; 15.688
 07.02.2026 15:54:26; 15.813
 07.02.2026 15:57:27; 16.063
 07.02.2026 16:00:27; 16.313
 07.02.2026 16:03:26; 16.500
 07.02.2026 16:06:27; 16.688
 07.02.2026 16:09:26; 16.875
 07.02.2026 16:12:26; 17.125
 07.02.2026 16:15:27; 17.500
 07.02.2026 16:18:26; 17.938
 07.02.2026 16:21:26; 18.500
 07.02.2026 16:24:27; 18.813
 07.02.2026 16:27:27; 19.063
 07.02.2026 16:30:26; 19.313
 07.02.2026 16:33:27; 19.438
 07.02.2026 16:36:27; 19.063
 07.02.2026 16:39:26; 18.500
 07.02.2026 16:42:27; 18.125
 07.02.2026 16:45:27; 17.750
 07.02.2026 16:48:26; 17.500
 07.02.2026 16:51:27; 17.500
 07.02.2026 16:54:26; 17.813
 07.02.2026 16:57:26; 18.000
 07.02.2026 17:00:27; 17.750
 07.02.2026 17:03:26; 17.500
 07.02.2026 17:06:26; 17.188
 07.02.2026 17:09:27; 16.875
 07.02.2026 17:12:27; 16.813
 07.02.2026 17:15:26; 16.750
 07.02.2026 17:18:27; 16.688
 07.02.2026 17:21:27; 16.688
 07.02.2026 17:24:26; 16.750
 07.02.2026 17:27:27; 17.125
 07.02.2026 17:30:27; 17.688
 07.02.2026 17:33:26; 17.875
 07.02.2026 17:36:27; 17.875
 07.02.2026 17:39:26; 17.750
 07.02.2026 17:42:26; 17.688
 07.02.2026 17:45:27; 17.625
 07.02.2026 17:48:26; 17.563
 07.02.2026 17:51:26; 17.375
 07.02.2026 17:54:27; 17.250
 07.02.2026 17:57:27; 17.188
 07.02.2026 18:00:26; 17.125
 07.02.2026 18:03:27; 17.188
 07.02.2026 18:06:27; 17.375
 07.02.2026 18:09:26; 17.563
 07.02.2026 18:12:27; 18.188
 07.02.2026 18:15:27; 19.563
 07.02.2026 18:18:26; 20.000
 07.02.2026 18:21:27; 20.250
 07.02.2026 18:24:26; 20.625
 07.02.2026 18:27:26; 21.813
 07.02.2026 18:30:27; 24.813
 07.02.2026 18:33:26; 26.063
 07.02.2026 18:36:26; 26.750
 07.02.2026 18:39:27; 26.500
 07.02.2026 18:42:27; 28.313
 07.02.2026 18:45:26; 29.188
 07.02.2026 18:48:27; 29.688
 07.02.2026 18:51:27; 29.563
 07.02.2026 18:54:26; 29.625
 07.02.2026 18:57:27; 29.938
 07.02.2026 19:00:27; 31.625
 07.02.2026 19:03:26; 31.875
 07.02.2026 19:06:27; 32.438
 07.02.2026 19:09:26; 31.250
 07.02.2026 19:12:26; 28.438
 07.02.2026 19:15:27; 26.000
 07.02.2026 19:18:26; 24.125
 07.02.2026 19:21:26; 22.813
 07.02.2026 19:24:27; 21.375
 07.02.2026 19:27:27; 20.125
 07.02.2026 19:30:26; 18.938
 07.02.2026 19:33:27; 18.000
 07.02.2026 19:36:27; 18.500
 07.02.2026 19:39:26; 21.500
 07.02.2026 19:42:27; 24.875
 07.02.2026 19:45:27; 27.813
 07.02.2026 19:48:26; 29.625
 07.02.2026 19:51:27; 31.688
 07.02.2026 19:54:26; 32.813
 07.02.2026 19:57:26; 34.063
 07.02.2026 20:00:27; 35.063
 07.02.2026 20:03:26; 35.500
 07.02.2026 20:06:26; 35.875
 07.02.2026 20:09:27; 36.125
 07.02.2026 20:12:27; 36.250
 07.02.2026 20:15:26; 36.250
 07.02.2026 20:18:27; 36.500
 07.02.2026 20:21:27; 36.438
 07.02.2026 20:24:26; 36.750
 07.02.2026 20:27:27; 36.875
 07.02.2026 20:30:27; 36.313
 07.02.2026 20:33:26; 35.563
 07.02.2026 20:36:27; 33.938
 07.02.2026 20:39:26; 31.625
 07.02.2026 20:42:26; 28.063
 07.02.2026 20:45:27; 25.188
 07.02.2026 20:48:26; 23.375
 07.02.2026 20:51:26; 21.875
 07.02.2026 20:54:27; 20.625
 07.02.2026 20:57:27; 19.688
 07.02.2026 21:00:26; 18.938
 07.02.2026 21:03:27; 18.250
 07.02.2026 21:06:27; 17.750
 07.02.2026 21:09:26; 17.375
 07.02.2026 21:12:27; 17.000
 07.02.2026 21:15:27; 16.625
 07.02.2026 21:18:26; 16.250
 07.02.2026 21:21:27; 15.875
 07.02.2026 21:24:26; 15.625
 07.02.2026 21:27:26; 15.313
 07.02.2026 21:30:27; 15.063
 07.02.2026 21:33:26; 14.813
 07.02.2026 21:36:26; 14.625
 07.02.2026 21:39:27; 14.500
 07.02.2026 21:42:27; 14.313
 07.02.2026 21:45:26; 14.188
 07.02.2026 21:48:27; 14.063
 07.02.2026 21:51:27; 13.875
 07.02.2026 21:54:26; 13.750
 07.02.2026 21:57:27; 13.625
 07.02.2026 22:00:27; 13.563
 07.02.2026 22:03:26; 13.438
 07.02.2026 22:06:27; 13.375
 07.02.2026 22:09:26; 13.250
 07.02.2026 22:12:26; 13.188
 07.02.2026 22:15:27; 13.063
 07.02.2026 22:18:26; 13.000
 07.02.2026 22:21:26; 12.938
 07.02.2026 22:24:27; 12.813
 07.02.2026 22:27:27; 12.750
 07.02.2026 22:30:26; 12.688
 07.02.2026 22:33:27; 12.625
 07.02.2026 22:36:27; 12.563
 07.02.2026 22:39:26; 12.500
 07.02.2026 22:42:27; 12.375
 07.02.2026 22:45:27; 12.313
 07.02.2026 22:48:26; 12.188
 07.02.2026 22:51:27; 12.125
 07.02.2026 22:54:26; 12.063
 07.02.2026 22:57:26; 12.000
 07.02.2026 23:00:27; 11.938
 07.02.2026 23:03:26; 11.875
 07.02.2026 23:06:26; 11.813
 07.02.2026 23:09:27; 11.750
 07.02.2026 23:12:27; 11.688
 07.02.2026 23:15:26; 11.625
 07.02.2026 23:18:27; 11.563
 07.02.2026 23:21:27; 11.563
 07.02.2026 23:24:26; 11.500
 07.02.2026 23:27:27; 11.438
 07.02.2026 23:30:27; 11.375
 07.02.2026 23:33:26; 11.313
 07.02.2026 23:36:27; 11.313
 07.02.2026 23:39:26; 11.250
 07.02.2026 23:42:26; 11.188
 07.02.2026 23:45:27; 11.188
 07.02.2026 23:48:26; 11.125
 07.02.2026 23:51:26; 11.063
 07.02.2026 23:54:27; 11.000
 07.02.2026 23:57:27; 10.938
 08.02.2026 00:00:26; 10.938
 08.02.2026 00:03:27; 10.875
 08.02.2026 00:06:27; 10.875
 08.02.2026 00:09:26; 10.813
 08.02.2026 00:12:27; 10.813
 08.02.2026 00:15:27; 10.813
 08.02.2026 00:18:26; 10.750
 08.02.2026 00:21:27; 10.688
 08.02.2026 00:24:26; 10.625
 08.02.2026 00:27:26; 10.625
 08.02.2026 00:30:27; 10.563
 08.02.2026 00:33:26; 10.500
 08.02.2026 00:36:26; 10.500
 08.02.2026 00:39:27; 10.438
 08.02.2026 00:42:27; 10.375
 08.02.2026 00:45:26; 10.313
 08.02.2026 00:48:27; 10.313
 08.02.2026 00:51:27; 10.250
 08.02.2026 00:54:26; 10.188
 08.02.2026 00:57:27; 10.188
 08.02.2026 01:00:27; 10.125
 08.02.2026 01:03:26; 10.063
 08.02.2026 01:06:27; 10.063
 08.02.2026 01:09:26; 10.000
 08.02.2026 01:12:26; 10.000
 08.02.2026 01:15:27; 10.000
 08.02.2026 01:18:26; 10.000
 08.02.2026 01:21:26; 10.000
 08.02.2026 01:24:27;  9.938
 08.02.2026 01:27:27;  9.938
 08.02.2026 01:30:26;  9.875
 08.02.2026 01:33:27;  9.875
 08.02.2026 01:36:27;  9.875
 08.02.2026 01:39:26;  9.813
 08.02.2026 01:42:27;  9.813
 08.02.2026 01:45:27;  9.813
 08.02.2026 01:48:26;  9.813
 08.02.2026 01:51:27;  9.813
 08.02.2026 01:54:26;  9.813
 08.02.2026 01:57:26;  9.813
 08.02.2026 02:00:27;  9.813
 08.02.2026 02:03:26;  9.813
 08.02.2026 02:06:26;  9.750
 08.02.2026 02:09:27;  9.750
 08.02.2026 02:12:27;  9.688
 08.02.2026 02:15:26;  9.688
 08.02.2026 02:18:27;  9.625
 08.02.2026 02:21:27;  9.563
 08.02.2026 02:24:26;  9.563
 08.02.2026 02:27:27;  9.500
 08.02.2026 02:30:27;  9.500
 08.02.2026 02:33:26;  9.500
 08.02.2026 02:36:27;  9.500
 08.02.2026 02:39:26;  9.500
 08.02.2026 02:42:26;  9.500
 08.02.2026 02:45:27;  9.500
 08.02.2026 02:48:26;  9.500
 08.02.2026 02:51:26;  9.438
 08.02.2026 02:54:27;  9.438
 08.02.2026 02:57:27;  9.438
 08.02.2026 03:00:26;  9.438
 08.02.2026 03:03:27;  9.438
 08.02.2026 03:06:27;  9.500
 08.02.2026 03:09:26;  9.500
 08.02.2026 03:12:27;  9.500
 08.02.2026 03:15:27;  9.563
 08.02.2026 03:18:26;  9.625
 08.02.2026 03:21:27;  9.625
 08.02.2026 03:24:26;  9.563
 08.02.2026 03:27:26;  9.500
 08.02.2026 03:30:27;  9.500
 08.02.2026 03:33:26;  9.500
 08.02.2026 03:36:26;  9.500
 08.02.2026 03:39:27;  9.500
 08.02.2026 03:42:27;  9.438
 08.02.2026 03:45:26;  9.438
 08.02.2026 03:48:27;  9.375
 08.02.2026 03:51:27;  9.313
 08.02.2026 03:54:26;  9.313
 08.02.2026 03:57:27;  9.313
 08.02.2026 04:00:27;  9.313
 08.02.2026 04:03:26;  9.313
 08.02.2026 04:06:27;  9.313
 08.02.2026 04:09:26;  9.313
 08.02.2026 04:12:26;  9.313
 08.02.2026 04:15:27;  9.313
 08.02.2026 04:18:26;  9.250
 08.02.2026 04:21:26;  9.250
 08.02.2026 04:24:27;  9.250
 08.02.2026 04:27:27;  9.250
 08.02.2026 04:30:26;  9.250
 08.02.2026 04:33:27;  9.125
 08.02.2026 04:36:27;  9.125
 08.02.2026 04:39:26;  9.125
 08.02.2026 04:42:27;  9.125
 08.02.2026 04:45:27;  9.125
 08.02.2026 04:48:26;  9.063
 08.02.2026 04:51:27;  9.063
 08.02.2026 04:54:26;  9.000
 08.02.2026 04:57:26;  9.063
 08.02.2026 05:00:27;  9.063
 08.02.2026 05:03:26;  9.063
 08.02.2026 05:06:26;  9.063
 08.02.2026 05:09:27;  9.063
 08.02.2026 05:12:27;  9.063
 08.02.2026 05:15:26;  9.063
 08.02.2026 05:18:27;  9.063
 08.02.2026 05:21:27;  9.063
 08.02.2026 05:24:26;  9.063
 08.02.2026 05:27:27;  9.000
 08.02.2026 05:30:27;  9.000
 08.02.2026 05:33:26;  9.000
 08.02.2026 05:36:27;  8.938
 08.02.2026 05:39:26;  8.938
 08.02.2026 05:42:26;  8.938
 08.02.2026 05:45:27;  8.938
 08.02.2026 05:48:26;  8.875
 08.02.2026 05:51:26;  8.875
 08.02.2026 05:54:27;  8.813
 08.02.2026 05:57:27;  8.813
 08.02.2026 06:00:26;  8.750
 08.02.2026 06:03:27;  8.750
 08.02.2026 06:06:27;  8.688
 08.02.2026 06:09:26;  8.688
 08.02.2026 06:12:27;  8.688
 08.02.2026 06:15:27;  8.625
 08.02.2026 06:18:26;  8.563
 08.02.2026 06:21:27;  8.563
 08.02.2026 06:24:26;  8.563
 08.02.2026 06:27:26;  8.563
 08.02.2026 06:30:27;  8.563
 08.02.2026 06:33:26;  8.563
 08.02.2026 06:36:26;  8.563
 08.02.2026 06:39:27;  8.438
 08.02.2026 06:42:27;  8.438
 08.02.2026 06:45:26;  8.375
 08.02.2026 06:48:27;  8.375
 08.02.2026 06:51:27;  8.375
 08.02.2026 06:54:26;  8.375
 08.02.2026 06:57:27;  8.313
 08.02.2026 07:00:27;  8.375
 08.02.2026 07:03:26;  8.438
 08.02.2026 07:06:27;  8.500
 08.02.2026 07:09:26;  8.625
 08.02.2026 07:12:26;  8.688
 08.02.2026 07:15:27;  8.750
 08.02.2026 07:18:26;  8.750
 08.02.2026 07:21:26;  8.750
 08.02.2026 07:24:27;  8.688
 08.02.2026 07:27:27;  8.563
 08.02.2026 07:30:26;  8.500
 08.02.2026 07:33:27;  8.438
 08.02.2026 07:36:27;  8.313
 08.02.2026 07:39:26;  8.250
 08.02.2026 07:42:27;  8.250
 08.02.2026 07:45:27;  8.250
 08.02.2026 07:48:26;  8.188
 08.02.2026 07:51:27;  8.188
 08.02.2026 07:54:26;  8.188
 08.02.2026 07:57:26;  8.125
 08.02.2026 08:00:27;  8.188
 08.02.2026 08:03:26;  8.250
 08.02.2026 08:06:26;  8.250
 08.02.2026 08:09:27;  8.313
 08.02.2026 08:12:27;  8.313
 08.02.2026 08:15:26;  8.375
 08.02.2026 08:18:27;  8.375
 08.02.2026 08:21:27;  8.438
 08.02.2026 08:24:26;  8.438
 08.02.2026 08:27:27;  8.500
 08.02.2026 08:30:27;  8.563
 08.02.2026 08:33:26;  8.625
 08.02.2026 08:36:27;  8.688
 08.02.2026 08:39:26;  8.688
 08.02.2026 08:42:26;  8.750
 08.02.2026 08:45:27;  8.875
 08.02.2026 08:48:26;  8.938
 08.02.2026 08:51:26;  9.000
 08.02.2026 08:54:27;  9.000
 08.02.2026 08:57:27;  9.063
 08.02.2026 09:00:26;  9.125
 08.02.2026 09:03:27;  9.188
 08.02.2026 09:06:27;  9.125
 08.02.2026 09:09:26;  9.125
 08.02.2026 09:12:27;  9.188
 08.02.2026 09:15:27;  9.188
 08.02.2026 09:18:26;  9.250
 08.02.2026 09:21:27;  9.250
 08.02.2026 09:24:26;  9.313
 08.02.2026 09:27:26;  9.313
 08.02.2026 09:30:27;  9.313
 08.02.2026 09:33:26;  9.375
 08.02.2026 09:36:26;  9.375
 08.02.2026 09:39:27;  9.375
 08.02.2026 09:42:27;  9.375
 08.02.2026 09:45:26;  9.375
 08.02.2026 09:48:27;  9.375
 08.02.2026 09:51:27;  9.375
 08.02.2026 09:54:26;  9.375
 08.02.2026 09:57:27;  9.375
 08.02.2026 10:00:27;  9.438
 08.02.2026 10:03:26;  9.375
 08.02.2026 10:06:27;  9.375
 08.02.2026 10:09:26;  9.375
 08.02.2026 10:12:26;  9.375
 08.02.2026 10:15:27;  9.375
 08.02.2026 10:18:26;  9.375
 08.02.2026 10:21:26;  9.438
 08.02.2026 10:24:27;  9.438
 08.02.2026 10:27:27;  9.438
 08.02.2026 10:30:26;  9.438
 08.02.2026 10:33:27;  9.500
 08.02.2026 10:36:27;  9.500
 08.02.2026 10:39:26;  9.500
 08.02.2026 10:42:27;  9.563
 08.02.2026 10:45:27;  9.625
 08.02.2026 10:48:26;  9.625
 08.02.2026 10:51:27;  9.688
 08.02.2026 10:54:26;  9.688
 08.02.2026 10:57:26;  9.750
 08.02.2026 11:00:27;  9.750
 08.02.2026 11:03:26;  9.750
 08.02.2026 11:06:26;  9.813
 08.02.2026 11:09:27;  9.813
 08.02.2026 11:12:27;  9.875
 08.02.2026 11:15:26;  9.875
 08.02.2026 11:18:27;  9.938
 08.02.2026 11:21:27;  9.938
 08.02.2026 11:24:26;  9.938
 08.02.2026 11:27:27;  9.938
 08.02.2026 11:30:27;  9.938
 08.02.2026 11:33:26;  9.938
 08.02.2026 11:36:27; 10.000
 08.02.2026 11:39:26; 10.000
 08.02.2026 11:42:26; 10.000
 08.02.2026 11:45:27; 10.063
 08.02.2026 11:48:26; 10.063
 08.02.2026 11:51:26; 10.125
 08.02.2026 11:54:27; 10.188
 08.02.2026 11:57:27; 10.188
 08.02.2026 12:00:26; 10.188
 08.02.2026 12:03:27; 10.188
 08.02.2026 12:06:27; 10.250
 08.02.2026 12:09:26; 10.250
 08.02.2026 12:12:27; 10.250
 08.02.2026 12:15:27; 10.313
 08.02.2026 12:18:26; 10.313
 08.02.2026 12:21:27; 10.313
 08.02.2026 12:24:26; 10.375
 08.02.2026 12:27:26; 10.438
 08.02.2026 12:30:27; 10.438
 08.02.2026 12:33:26; 10.438
 08.02.2026 12:36:26; 10.438
 08.02.2026 12:39:27; 10.438
 08.02.2026 12:42:27; 10.438
 08.02.2026 12:45:26; 10.500
 08.02.2026 12:48:27; 10.563
 08.02.2026 12:51:27; 10.500
 08.02.2026 12:54:26; 10.563
 08.02.2026 12:57:27; 10.688
 08.02.2026 13:00:27; 10.750
 08.02.2026 13:03:26; 10.875
 08.02.2026 13:06:27; 11.000
 08.02.2026 13:09:26; 11.000
 08.02.2026 13:12:26; 11.000
 08.02.2026 13:15:27; 11.000
 08.02.2026 13:18:26; 10.938
 08.02.2026 13:21:26; 10.938
 08.02.2026 13:24:27; 11.063
 08.02.2026 13:27:27; 11.125
 08.02.2026 13:30:26; 11.188
 08.02.2026 13:33:27; 11.313
 08.02.2026 13:36:27; 11.438
 08.02.2026 13:39:26; 11.563
 08.02.2026 13:42:27; 11.563
 08.02.2026 13:45:27; 11.625
 08.02.2026 13:48:26; 11.688
 08.02.2026 13:51:27; 11.813
 08.02.2026 13:54:26; 11.875
 08.02.2026 13:57:26; 11.813
 08.02.2026 14:00:27; 11.875
 08.02.2026 14:03:26; 11.875
 08.02.2026 14:06:26; 11.938
 08.02.2026 14:09:27; 11.938
 08.02.2026 14:12:27; 11.875
 08.02.2026 14:15:26; 11.938
 08.02.2026 14:18:27; 12.063
 08.02.2026 14:21:27; 12.250
 08.02.2026 14:24:26; 12.250
 08.02.2026 14:27:27; 12.188
 08.02.2026 14:30:27; 12.313
 08.02.2026 14:33:26; 12.500
 08.02.2026 14:36:27; 12.625
 08.02.2026 14:39:26; 12.875
 08.02.2026 14:42:26; 13.188
 08.02.2026 14:45:27; 13.563
 08.02.2026 14:48:26; 13.875
 08.02.2026 14:51:26; 14.188
 08.02.2026 14:54:27; 14.375
 08.02.2026 14:57:27; 14.625
 08.02.2026 15:00:26; 14.500
 08.02.2026 15:03:27; 14.563
 08.02.2026 15:06:27; 14.500
 08.02.2026 15:09:26; 14.375
 08.02.2026 15:12:27; 14.188
 08.02.2026 15:15:27; 14.063
 08.02.2026 15:18:26; 13.938
 08.02.2026 15:21:27; 13.875
 08.02.2026 15:24:26; 13.750
 08.02.2026 15:27:26; 13.688
 08.02.2026 15:30:27; 13.750
 08.02.2026 15:33:26; 13.875
 08.02.2026 15:36:26; 14.000
 08.02.2026 15:39:27; 14.250
 08.02.2026 15:42:27; 14.688
 08.02.2026 15:45:26; 15.250
 08.02.2026 15:48:27; 15.688
 08.02.2026 15:51:27; 16.000
 08.02.2026 15:54:26; 16.250
 08.02.2026 15:57:27; 16.313
 08.02.2026 16:00:27; 16.188
 08.02.2026 16:03:26; 16.063
 08.02.2026 16:06:27; 15.938
 08.02.2026 16:09:26; 15.813
 08.02.2026 16:12:26; 15.688
 08.02.2026 16:15:27; 15.625
 08.02.2026 16:18:26; 15.563
 08.02.2026 16:21:26; 15.563
 08.02.2026 16:24:27; 15.438
 08.02.2026 16:27:27; 15.250
 08.02.2026 16:30:26; 15.250
 08.02.2026 16:33:27; 15.188
 08.02.2026 16:36:27; 15.125
 08.02.2026 16:39:26; 15.063
 08.02.2026 16:42:27; 15.000
 08.02.2026 16:45:27; 15.000
 08.02.2026 16:48:26; 14.938
 08.02.2026 16:51:27; 14.875
 08.02.2026 16:54:26; 14.813
 08.02.2026 16:57:26; 14.750
 08.02.2026 17:00:27; 14.688
 08.02.2026 17:03:26; 14.750
 08.02.2026 17:06:26; 14.813
 08.02.2026 17:09:27; 14.938
 08.02.2026 17:12:27; 15.125
 08.02.2026 17:15:26; 15.250
 08.02.2026 17:18:27; 15.313
 08.02.2026 17:21:27; 15.313
 08.02.2026 17:24:26; 15.375
 08.02.2026 17:27:27; 15.438
 08.02.2026 17:30:27; 15.438
 08.02.2026 17:33:26; 15.438
 08.02.2026 17:36:27; 15.625
 08.02.2026 17:39:26; 15.688
 08.02.2026 17:42:26; 15.813
 08.02.2026 17:45:27; 16.125
 08.02.2026 17:48:26; 16.375
 08.02.2026 17:51:26; 16.563
 08.02.2026 17:54:27; 16.250
 08.02.2026 17:57:27; 16.063
 08.02.2026 18:00:26; 16.000
 08.02.2026 18:03:27; 16.125
 08.02.2026 18:06:27; 16.188
 08.02.2026 18:09:26; 16.063
 08.02.2026 18:12:27; 16.063
 08.02.2026 18:15:27; 16.125
 08.02.2026 18:18:26; 16.250
 08.02.2026 18:21:27; 16.313
 08.02.2026 18:24:26; 16.313
 08.02.2026 18:27:26; 16.375
 08.02.2026 18:30:27; 16.438
 08.02.2026 18:33:26; 16.563
 08.02.2026 18:36:26; 16.438
 08.02.2026 18:39:27; 16.375
 08.02.2026 18:42:27; 16.313
 08.02.2026 18:45:26; 16.125
 08.02.2026 18:48:27; 16.125
 08.02.2026 18:51:27; 16.000
 08.02.2026 18:54:26; 16.000
 08.02.2026 18:57:27; 15.938
 08.02.2026 19:00:27; 15.938
 08.02.2026 19:03:26; 15.875
 08.02.2026 19:06:27; 16.000
 08.02.2026 19:09:26; 16.125
 08.02.2026 19:12:26; 16.250
 08.02.2026 19:15:27; 16.375
 08.02.2026 19:18:26; 16.563
 08.02.2026 19:21:26; 16.750
 08.02.2026 19:24:27; 16.750
 08.02.2026 19:27:27; 16.813
 08.02.2026 19:30:26; 16.875
 08.02.2026 19:33:27; 16.938
 08.02.2026 19:36:27; 17.063
 08.02.2026 19:39:26; 17.250
 08.02.2026 19:42:27; 17.500
 08.02.2026 19:45:27; 17.500
 08.02.2026 19:48:26; 17.500
 08.02.2026 19:51:27; 17.500
 08.02.2026 19:54:26; 17.375
 08.02.2026 19:57:26; 17.375
 08.02.2026 20:00:27; 17.375
 08.02.2026 20:03:26; 17.500
 08.02.2026 20:06:26; 17.750
 08.02.2026 20:09:27; 17.750
 08.02.2026 20:12:27; 17.875
 08.02.2026 20:15:26; 18.188
 08.02.2026 20:18:27; 18.625
 08.02.2026 20:21:27; 18.875
 08.02.2026 20:24:26; 19.313
 08.02.2026 20:27:27; 19.438
 08.02.2026 20:30:27; 19.188
 08.02.2026 20:33:26; 18.813
 08.02.2026 20:36:27; 18.438
 08.02.2026 20:39:26; 18.188
 08.02.2026 20:42:26; 17.813
 08.02.2026 20:45:27; 17.500
 08.02.2026 20:48:26; 17.125
 08.02.2026 20:51:26; 16.813
 08.02.2026 20:54:27; 16.625
 08.02.2026 20:57:27; 16.313
 08.02.2026 21:00:26; 16.125
 08.02.2026 21:03:27; 15.938
 08.02.2026 21:06:27; 15.875
 08.02.2026 21:09:26; 15.750
 08.02.2026 21:12:27; 15.625
 08.02.2026 21:15:27; 15.438
 08.02.2026 21:18:26; 15.313
 08.02.2026 21:21:27; 15.188
 08.02.2026 21:24:26; 15.063
 08.02.2026 21:27:26; 14.938
 08.02.2026 21:30:27; 14.813
 08.02.2026 21:33:26; 14.688
 08.02.2026 21:36:26; 14.563
 08.02.2026 21:39:27; 14.500
 08.02.2026 21:42:27; 14.375
 08.02.2026 21:45:26; 14.313
 08.02.2026 21:48:27; 14.250
 08.02.2026 21:51:27; 14.188
 08.02.2026 21:54:26; 14.125
 08.02.2026 21:57:27; 14.063
 08.02.2026 22:00:27; 14.000
 08.02.2026 22:03:26; 14.000
 08.02.2026 22:06:27; 13.938
 08.02.2026 22:09:26; 13.875
 08.02.2026 22:12:26; 13.813
 08.02.2026 22:15:27; 13.750
 08.02.2026 22:18:26; 13.688
 08.02.2026 22:21:26; 13.625
 08.02.2026 22:24:27; 13.500
 08.02.2026 22:27:27; 13.438
 08.02.2026 22:30:26; 13.250
 08.02.2026 22:33:27; 13.125
 08.02.2026 22:36:27; 13.000
 08.02.2026 22:39:26; 12.875
 08.02.2026 22:42:27; 12.750
 08.02.2026 22:45:27; 12.625
 08.02.2026 22:48:26; 12.500
 08.02.2026 22:51:27; 12.438
 08.02.2026 22:54:26; 12.375
 08.02.2026 22:57:26; 12.250
 08.02.2026 23:00:27; 12.125
 08.02.2026 23:03:26; 12.063
 08.02.2026 23:06:26; 12.000
 08.02.2026 23:09:27; 11.938
 08.02.2026 23:12:27; 11.813
 08.02.2026 23:15:26; 11.688
 08.02.2026 23:18:27; 11.625
 08.02.2026 23:21:27; 11.500
 08.02.2026 23:24:26; 11.438
 08.02.2026 23:27:27; 11.313
 08.02.2026 23:30:27; 11.313
 08.02.2026 23:33:26; 11.250
 08.02.2026 23:36:27; 11.188
 08.02.2026 23:39:26; 11.188
 08.02.2026 23:42:26; 11.125
 08.02.2026 23:45:27; 11.063
 08.02.2026 23:48:26; 11.063
 08.02.2026 23:51:26; 11.000
 08.02.2026 23:54:27; 11.000
 08.02.2026 23:57:27; 11.000
 09.02.2026 00:00:26; 10.938
 09.02.2026 00:03:27; 10.938
 09.02.2026 00:06:27; 10.938
 09.02.2026 00:09:26; 10.938
 09.02.2026 00:12:27; 10.938
 09.02.2026 00:15:27; 10.875
 09.02.2026 00:18:26; 10.875
 09.02.2026 00:21:27; 10.875
 09.02.2026 00:24:26; 10.875
 09.02.2026 00:27:26; 10.875
 09.02.2026 00:30:27; 10.875
 09.02.2026 00:33:26; 10.875
 09.02.2026 00:36:26; 10.875
 09.02.2026 00:39:27; 10.813
 09.02.2026 00:42:27; 10.813
 09.02.2026 00:45:26; 10.875
 09.02.2026 00:48:27; 10.813
 09.02.2026 00:51:27; 10.813
 09.02.2026 00:54:26; 10.813
 09.02.2026 00:57:27; 10.813
 09.02.2026 01:00:27; 10.813
 09.02.2026 01:03:26; 10.750
 09.02.2026 01:06:27; 10.750
 09.02.2026 01:09:26; 10.688
 09.02.2026 01:12:26; 10.688
 09.02.2026 01:15:27; 10.625
 09.02.2026 01:18:26; 10.563
 09.02.2026 01:21:26; 10.500
 09.02.2026 01:24:27; 10.500
 09.02.2026 01:27:27; 10.375
 09.02.2026 01:30:26; 10.375
 09.02.2026 01:33:27; 10.313
 09.02.2026 01:36:27; 10.250
 09.02.2026 01:39:26; 10.188
 09.02.2026 01:42:27; 10.125
 09.02.2026 01:45:27; 10.063
 09.02.2026 01:48:26; 10.000
 09.02.2026 01:51:27;  9.938
 09.02.2026 01:54:26;  9.875
 09.02.2026 01:57:26;  9.750
 09.02.2026 02:00:27;  9.688
 09.02.2026 02:03:26;  9.625
 09.02.2026 02:06:26;  9.563
 09.02.2026 02:09:27;  9.500
 09.02.2026 02:12:27;  9.438
 09.02.2026 02:15:26;  9.375
 09.02.2026 02:18:27;  9.313
 09.02.2026 02:21:27;  9.313
 09.02.2026 02:24:26;  9.250
 09.02.2026 02:27:27;  9.250
 09.02.2026 02:30:27;  9.250
 09.02.2026 02:33:26;  9.250
 09.02.2026 02:36:27;  9.313
 09.02.2026 02:39:26;  9.313
 09.02.2026 02:42:26;  9.313
 09.02.2026 02:45:27;  9.250
 09.02.2026 02:48:26;  9.250
 09.02.2026 02:51:26;  9.250
 09.02.2026 02:54:27;  9.188
 09.02.2026 02:57:27;  9.125
 09.02.2026 03:00:26;  9.125
 09.02.2026 03:03:27;  9.125
 09.02.2026 03:06:27;  9.125
 09.02.2026 03:09:26;  9.125
 09.02.2026 03:12:27;  9.063
 09.02.2026 03:15:27;  9.000
 09.02.2026 03:18:26;  8.938
 09.02.2026 03:21:27;  8.875
 09.02.2026 03:24:26;  8.875
 09.02.2026 03:27:26;  8.875
 09.02.2026 03:30:27;  8.813
 09.02.2026 03:33:26;  8.813
 09.02.2026 03:36:26;  8.750
 09.02.2026 03:39:27;  8.750
 09.02.2026 03:42:27;  8.750
 09.02.2026 03:45:26;  8.688
 09.02.2026 03:48:27;  8.688
 09.02.2026 03:51:27;  8.625
 09.02.2026 03:54:26;  8.563
 09.02.2026 03:57:27;  8.500
 09.02.2026 04:00:27;  8.438
 09.02.2026 04:03:26;  8.438
 09.02.2026 04:06:27;  8.438
 09.02.2026 04:09:26;  8.313
 09.02.2026 04:12:26;  8.313
 09.02.2026 04:15:27;  8.313
 09.02.2026 04:18:26;  8.188
 09.02.2026 04:21:26;  8.188
 09.02.2026 04:24:27;  8.188
 09.02.2026 04:27:27;  8.125
 09.02.2026 04:30:26;  8.125
 09.02.2026 04:33:27;  8.125
 09.02.2026 04:36:27;  8.125
 09.02.2026 04:39:26;  8.125
 09.02.2026 04:42:27;  8.188
 09.02.2026 04:45:27;  8.250
 09.02.2026 04:48:26;  8.188
 09.02.2026 04:51:27;  8.188
 09.02.2026 04:54:26;  8.188
 09.02.2026 04:57:26;  8.250
 09.02.2026 05:00:27;  8.250
 09.02.2026 05:03:26;  8.125
 09.02.2026 05:06:26;  8.063
 09.02.2026 05:09:27;  8.000
 09.02.2026 05:12:27;  7.938
 09.02.2026 05:15:26;  7.938
 09.02.2026 05:18:27;  7.875
 09.02.2026 05:21:27;  7.813
 09.02.2026 05:24:26;  7.813
 09.02.2026 05:27:27;  7.813
 09.02.2026 05:30:27;  7.813
 09.02.2026 05:33:26;  7.813
 09.02.2026 05:36:27;  7.813
 09.02.2026 05:39:26;  7.813
 09.02.2026 05:42:26;  7.813
 09.02.2026 05:45:27;  7.813
 09.02.2026 05:48:26;  7.813
 09.02.2026 05:51:26;  7.750
 09.02.2026 05:54:27;  7.750
 09.02.2026 05:57:27;  7.750
 09.02.2026 06:00:26;  7.750
 09.02.2026 06:03:27;  7.750
 09.02.2026 06:06:27;  7.750
 09.02.2026 06:09:26;  7.750
 09.02.2026 06:12:27;  7.750
 09.02.2026 06:15:27;  7.750
 09.02.2026 06:18:26;  7.688
 09.02.2026 06:21:27;  7.688
 09.02.2026 06:24:26;  7.750
 09.02.2026 06:27:26;  7.750
 09.02.2026 06:30:27;  7.750
 09.02.2026 06:33:26;  7.750
 09.02.2026 06:36:26;  7.750
 09.02.2026 06:39:27;  7.813
 09.02.2026 06:42:27;  7.813
 09.02.2026 06:45:26;  7.813
 09.02.2026 06:48:27;  7.750
 09.02.2026 06:51:27;  7.750
 09.02.2026 06:54:26;  7.750
 09.02.2026 06:57:27;  7.688
 09.02.2026 07:00:27;  7.688
 09.02.2026 07:03:26;  7.688
 09.02.2026 07:06:27;  7.688
 09.02.2026 07:09:26;  7.688
 09.02.2026 07:12:26;  7.688
 09.02.2026 07:15:27;  7.688
 09.02.2026 07:18:26;  7.625
 09.02.2026 07:21:26;  7.688
 09.02.2026 07:24:27;  7.625
 09.02.2026 07:27:27;  7.625
 09.02.2026 07:30:26;  7.625
 09.02.2026 07:33:27;  7.625
 09.02.2026 07:36:27;  7.563
 09.02.2026 07:39:26;  7.563
 09.02.2026 07:42:27;  7.563
 09.02.2026 07:45:27;  7.438
 09.02.2026 07:48:26;  7.500
 09.02.2026 07:51:27;  7.500
 09.02.2026 07:54:26;  7.438
 09.02.2026 07:57:26;  7.438
 09.02.2026 08:00:27;  7.438
 09.02.2026 08:03:26;  7.375
 09.02.2026 08:06:26;  7.375
 09.02.2026 08:09:27;  7.313
 09.02.2026 08:12:27;  7.313
 09.02.2026 08:15:26;  7.313
 09.02.2026 08:18:27;  7.313
 09.02.2026 08:21:27;  7.313
 09.02.2026 08:24:26;  7.313
 09.02.2026 08:27:27;  7.375
 09.02.2026 08:30:27;  7.375
 09.02.2026 08:33:26;  7.375
 09.02.2026 08:36:27;  7.438
 09.02.2026 08:39:26;  7.438
 09.02.2026 08:42:26;  7.438
 09.02.2026 08:45:27;  7.375
 09.02.2026 08:48:26;  7.375
 09.02.2026 08:51:26;  7.375
 09.02.2026 08:54:27;  7.375
 09.02.2026 08:57:27;  7.375
 09.02.2026 09:00:26;  7.375
 09.02.2026 09:03:27;  7.313
 09.02.2026 09:06:27;  7.250
 09.02.2026 09:09:26;  7.188
 09.02.2026 09:12:27;  7.188
 09.02.2026 09:15:27;  7.125
 09.02.2026 09:18:26;  7.063
 09.02.2026 09:21:27;  7.063
 09.02.2026 09:24:26;  7.063
 09.02.2026 09:27:26;  7.000
 09.02.2026 09:30:27;  7.000
 09.02.2026 09:33:26;  7.000
 09.02.2026 09:36:26;  6.938
 09.02.2026 09:39:27;  6.938
 09.02.2026 09:42:27;  6.875
 09.02.2026 09:45:26;  6.938
 09.02.2026 09:48:27;  6.938
 09.02.2026 09:51:27;  7.000
 09.02.2026 09:54:26;  7.063
 09.02.2026 09:57:27;  7.125
 09.02.2026 10:00:27;  7.188
 09.02.2026 10:03:26;  7.250
 09.02.2026 10:06:27;  7.313
 09.02.2026 10:09:26;  7.375
 09.02.2026 10:12:26;  7.438
 09.02.2026 10:15:27;  7.500
 09.02.2026 10:18:26;  7.625
 09.02.2026 10:21:26;  7.688
 09.02.2026 10:24:27;  7.750
 09.02.2026 10:27:27;  7.813
 09.02.2026 10:30:26;  7.875
 09.02.2026 10:33:27;  7.875
 09.02.2026 10:36:27;  7.938
 09.02.2026 10:39:26;  8.000
 09.02.2026 10:42:27;  8.000
 09.02.2026 10:45:27;  8.063
 09.02.2026 10:48:26;  8.063
 09.02.2026 10:51:27;  8.063
 09.02.2026 10:54:26;  8.125
 09.02.2026 10:57:26;  8.125
 09.02.2026 11:00:27;  8.188
 09.02.2026 11:03:26;  8.188
 09.02.2026 11:06:26;  8.188
 09.02.2026 11:09:27;  8.188
 09.02.2026 11:12:27;  8.188
 09.02.2026 11:15:26;  8.188
 09.02.2026 11:18:27;  8.188
 09.02.2026 11:21:27;  8.250
 09.02.2026 11:24:26;  8.313
 09.02.2026 11:27:27;  8.250
 09.02.2026 11:30:27;  8.250
 09.02.2026 11:33:26;  8.250
 09.02.2026 11:36:27;  8.250
 09.02.2026 11:39:26;  8.250
 09.02.2026 11:42:26;  8.250
 09.02.2026 11:45:27;  8.250
 09.02.2026 11:48:26;  8.188
 09.02.2026 11:51:26;  8.188
 09.02.2026 11:54:27;  8.188
 09.02.2026 11:57:27;  8.188
 09.02.2026 12:00:26;  8.188
 09.02.2026 12:03:27;  8.250
 09.02.2026 12:06:27;  8.250
 09.02.2026 12:09:26;  8.313
 09.02.2026 12:12:27;  8.375
 09.02.2026 12:15:27;  8.375
 09.02.2026 12:18:26;  8.438
 09.02.2026 12:21:27;  8.500
 09.02.2026 12:24:26;  8.563
 09.02.2026 12:27:26;  8.688
 09.02.2026 12:30:27;  8.750
 09.02.2026 12:33:26;  8.813
 09.02.2026 12:36:26;  8.938
 09.02.2026 12:39:27;  9.000
 09.02.2026 12:42:27;  9.063
 09.02.2026 12:45:26;  9.125
 09.02.2026 12:48:27;  9.125
 09.02.2026 12:51:27;  9.125
 09.02.2026 12:54:26;  9.188
 09.02.2026 12:57:27;  9.188
 09.02.2026 13:00:27;  9.250
 09.02.2026 13:03:26;  9.313
 09.02.2026 13:06:27;  9.313
 09.02.2026 13:09:26;  9.313
 09.02.2026 13:12:26;  9.250
 09.02.2026 13:15:27;  9.313
 09.02.2026 13:18:26;  9.375
 09.02.2026 13:21:26;  9.438
 09.02.2026 13:24:27;  9.563
 09.02.2026 13:27:27;  9.750
 09.02.2026 13:30:26;  9.875
 09.02.2026 13:33:27; 10.063
 09.02.2026 13:36:27; 10.188
 09.02.2026 13:39:26; 10.563
 09.02.2026 13:42:27; 10.750
 09.02.2026 13:45:27; 10.875
 09.02.2026 13:48:26; 11.000
 09.02.2026 13:51:27; 11.000
 09.02.2026 13:54:26; 11.063
 09.02.2026 13:57:26; 11.125
 09.02.2026 14:00:27; 11.188
 09.02.2026 14:03:26; 11.188
 09.02.2026 14:06:26; 11.125
 09.02.2026 14:09:27; 11.125
 09.02.2026 14:12:27; 11.125
 09.02.2026 14:15:26; 11.250
 09.02.2026 14:18:27; 11.313
 09.02.2026 14:21:27; 11.313
 09.02.2026 14:24:26; 11.438
 09.02.2026 14:27:27; 11.500
 09.02.2026 14:30:27; 11.563
 09.02.2026 14:33:26; 11.688
 09.02.2026 14:36:27; 11.750
 09.02.2026 14:39:26; 11.750
 09.02.2026 14:42:26; 11.813
 09.02.2026 14:45:27; 11.813
 09.02.2026 14:48:26; 12.000
 09.02.2026 14:51:26; 12.188
 09.02.2026 14:54:27; 12.250
 09.02.2026 14:57:27; 12.438
 09.02.2026 15:00:26; 12.688
 09.02.2026 15:03:27; 12.750
 09.02.2026 15:06:27; 12.875
 09.02.2026 15:09:26; 12.875
 09.02.2026 15:12:27; 12.938
 09.02.2026 15:15:27; 13.000
 09.02.2026 15:18:26; 13.000
 09.02.2026 15:21:27; 13.125
 09.02.2026 15:24:26; 13.313
 09.02.2026 15:27:26; 13.625
 09.02.2026 15:30:27; 13.750
 09.02.2026 15:33:26; 13.813
 09.02.2026 15:36:26; 13.938
 09.02.2026 15:39:27; 13.875
 09.02.2026 15:42:27; 13.813
 09.02.2026 15:45:26; 13.750
 09.02.2026 15:48:27; 13.750
 09.02.2026 15:51:27; 13.938
 09.02.2026 15:54:26; 14.250
 09.02.2026 15:57:27; 14.625
 09.02.2026 16:00:27; 14.375
 09.02.2026 16:03:26; 14.313
 09.02.2026 16:06:27; 14.563
 09.02.2026 16:09:26; 14.563
 09.02.2026 16:12:26; 14.250
 09.02.2026 16:15:27; 13.938
 09.02.2026 16:18:26; 13.688
 09.02.2026 16:21:26; 13.625
 09.02.2026 16:24:27; 13.500
 09.02.2026 16:27:27; 13.625
 09.02.2026 16:30:26; 13.750
 09.02.2026 16:33:27; 13.875
 09.02.2026 16:36:27; 14.188
 09.02.2026 16:39:26; 14.688
 09.02.2026 16:42:27; 14.813
 09.02.2026 16:45:27; 14.938
 09.02.2026 16:48:26; 15.000
 09.02.2026 16:51:27; 15.063
 09.02.2026 16:54:26; 15.063
 09.02.2026 16:57:26; 15.375
 09.02.2026 17:00:27; 15.125
 09.02.2026 17:03:26; 14.938
 09.02.2026 17:06:26; 16.000
 09.02.2026 17:09:27; 16.500
 09.02.2026 17:12:27; 16.125
 09.02.2026 17:15:26; 15.563
 09.02.2026 17:18:27; 15.000
 09.02.2026 17:21:27; 14.813
 09.02.2026 17:24:26; 15.375
 09.02.2026 17:27:27; 15.750
 09.02.2026 17:30:27; 15.688
 09.02.2026 17:33:26; 15.625
 09.02.2026 17:36:27; 15.438
 09.02.2026 17:39:26; 15.063
 09.02.2026 17:42:26; 16.438
 09.02.2026 17:45:27; 17.938
 09.02.2026 17:48:26; 19.750
 09.02.2026 17:51:26; 20.813
 09.02.2026 17:54:27; 22.188
 09.02.2026 17:57:27; 23.250
 09.02.2026 18:00:26; 23.313
 09.02.2026 18:03:27; 23.875
 09.02.2026 18:06:27; 24.875
 09.02.2026 18:09:26; 26.063
 09.02.2026 18:12:27; 26.875
 09.02.2026 18:15:27; 27.375
 09.02.2026 18:18:26; 28.563
 09.02.2026 18:21:27; 29.250
 09.02.2026 18:24:26; 29.813
 09.02.2026 18:27:26; 30.063
 09.02.2026 18:30:27; 30.500
 09.02.2026 18:33:26; 30.250
 09.02.2026 18:36:26; 30.813
 09.02.2026 18:39:27; 31.438
 09.02.2026 18:42:27; 31.500
 09.02.2026 18:45:26; 30.750
 09.02.2026 18:48:27; 30.938
 09.02.2026 18:51:27; 30.438
 09.02.2026 18:54:26; 30.875
 09.02.2026 18:57:27; 31.625
 09.02.2026 19:00:27; 32.688
 09.02.2026 19:03:26; 31.000
 09.02.2026 19:06:27; 27.125
 09.02.2026 19:09:26; 24.625
 09.02.2026 19:12:26; 21.938
 09.02.2026 19:15:27; 20.188
 09.02.2026 19:18:26; 19.000
 09.02.2026 19:21:26; 17.938
 09.02.2026 19:24:27; 17.250
 09.02.2026 19:27:27; 16.688
 09.02.2026 19:30:26; 16.188
 09.02.2026 19:33:27; 16.000
 09.02.2026 19:36:27; 16.000
 09.02.2026 19:39:26; 16.188
 09.02.2026 19:42:27; 16.938
 09.02.2026 19:45:27; 20.688
 09.02.2026 19:48:26; 23.375
 09.02.2026 19:51:27; 21.375
 09.02.2026 19:54:26; 19.813
 09.02.2026 19:57:26; 18.563
 09.02.2026 20:00:27; 17.688
 09.02.2026 20:03:26; 17.000
 09.02.2026 20:06:26; 16.563
 09.02.2026 20:09:27; 16.250
 09.02.2026 20:12:27; 16.125
 09.02.2026 20:15:26; 16.063
 09.02.2026 20:18:27; 15.938
 09.02.2026 20:21:27; 15.938
 09.02.2026 20:24:26; 16.000
 09.02.2026 20:27:27; 16.250
 09.02.2026 20:30:27; 16.875
 09.02.2026 20:33:26; 17.500
 09.02.2026 20:36:27; 18.250
 09.02.2026 20:39:26; 18.375
 09.02.2026 20:42:26; 17.625
 09.02.2026 20:45:27; 16.875
 09.02.2026 20:48:26; 16.250
 09.02.2026 20:51:26; 15.500
 09.02.2026 20:54:27; 14.938
 09.02.2026 20:57:27; 14.500
 09.02.2026 21:00:26; 14.188
 09.02.2026 21:03:27; 13.938
 09.02.2026 21:06:27; 13.875
 09.02.2026 21:09:26; 13.688
 09.02.2026 21:12:27; 13.375
 09.02.2026 21:15:27; 13.000
 09.02.2026 21:18:26; 12.688
 09.02.2026 21:21:27; 12.375
 09.02.2026 21:24:26; 12.188
 09.02.2026 21:27:26; 12.000
 09.02.2026 21:30:27; 11.813
 09.02.2026 21:33:26; 11.688
 09.02.2026 21:36:26; 11.563
 09.02.2026 21:39:27; 11.563
 09.02.2026 21:42:27; 11.438
 09.02.2026 21:45:26; 11.313
 09.02.2026 21:48:27; 11.125
 09.02.2026 21:51:27; 11.000
 09.02.2026 21:54:26; 10.875
 09.02.2026 21:57:27; 10.750
 09.02.2026 22:00:27; 10.625
 09.02.2026 22:03:26; 10.563
 09.02.2026 22:06:27; 10.438
 09.02.2026 22:09:26; 10.375
 09.02.2026 22:12:26; 10.250
 09.02.2026 22:15:27; 10.125
 09.02.2026 22:18:26; 10.063
 09.02.2026 22:21:26; 10.000
 09.02.2026 22:24:27;  9.938
 09.02.2026 22:27:27;  9.813
 09.02.2026 22:30:26;  9.688
 09.02.2026 22:33:27;  9.563
 09.02.2026 22:36:27;  9.438
 09.02.2026 22:39:26;  9.375
 09.02.2026 22:42:27;  9.250
 09.02.2026 22:45:27;  9.188
 09.02.2026 22:48:26;  9.063
 09.02.2026 22:51:27;  8.938
 09.02.2026 22:54:26;  8.875
 09.02.2026 22:57:26;  8.750
 09.02.2026 23:00:27;  8.688
 09.02.2026 23:03:26;  8.625
 09.02.2026 23:06:26;  8.563
 09.02.2026 23:09:27;  8.563
 09.02.2026 23:12:27;  8.500
 09.02.2026 23:15:26;  8.500
 09.02.2026 23:18:27;  8.438
 09.02.2026 23:21:27;  8.438
 09.02.2026 23:24:26;  8.438
 09.02.2026 23:27:27;  8.438
 09.02.2026 23:30:27;  8.375
 09.02.2026 23:33:26;  8.313
 09.02.2026 23:36:27;  8.313
 09.02.2026 23:39:26;  8.250
 09.02.2026 23:42:26;  8.188
 09.02.2026 23:45:27;  8.125
 09.02.2026 23:48:26;  8.063
 09.02.2026 23:51:26;  8.000
 09.02.2026 23:54:27;  7.938
 09.02.2026 23:57:27;  7.875
 10.02.2026 00:00:26;  7.875
 10.02.2026 00:03:27;  7.813
 10.02.2026 00:06:27;  7.813
 10.02.2026 00:09:26;  7.813
 10.02.2026 00:12:27;  7.813
 10.02.2026 00:15:27;  7.813
 10.02.2026 00:18:26;  7.813
 10.02.2026 00:21:27;  7.813
 10.02.2026 00:24:26;  7.813
 10.02.2026 00:27:26;  7.813
 10.02.2026 00:30:27;  7.750
 10.02.2026 00:33:26;  7.750
 10.02.2026 00:36:26;  7.688
 10.02.2026 00:39:27;  7.625
 10.02.2026 00:42:27;  7.625
 10.02.2026 00:45:26;  7.563
 10.02.2026 00:48:27;  7.563
 10.02.2026 00:51:27;  7.500
 10.02.2026 00:54:26;  7.438
 10.02.2026 00:57:27;  7.375
 10.02.2026 01:00:27;  7.313
 10.02.2026 01:03:26;  7.250
 10.02.2026 01:06:27;  7.125
 10.02.2026 01:09:26;  7.063
 10.02.2026 01:12:26;  7.000
 10.02.2026 01:15:27;  6.938
 10.02.2026 01:18:26;  6.938
 10.02.2026 01:21:26;  7.000
 10.02.2026 01:24:27;  7.000
 10.02.2026 01:27:27;  6.938
 10.02.2026 01:30:26;  6.875
 10.02.2026 01:33:27;  6.813
 10.02.2026 01:36:27;  6.813
 10.02.2026 01:39:26;  6.750
 10.02.2026 01:42:27;  6.750
 10.02.2026 01:45:27;  6.813
 10.02.2026 01:48:26;  6.875
 10.02.2026 01:51:27;  6.875
 10.02.2026 01:54:26;  6.813
 10.02.2026 01:57:26;  6.688
 10.02.2026 02:00:27;  6.625
 10.02.2026 02:03:26;  6.625
 10.02.2026 02:06:26;  6.688
 10.02.2026 02:09:27;  6.688
 10.02.2026 02:12:27;  6.625
 10.02.2026 02:15:26;  6.563
 10.02.2026 02:18:27;  6.563
 10.02.2026 02:21:27;  6.563
 10.02.2026 02:24:26;  6.500
 10.02.2026 02:27:27;  6.438
 10.02.2026 02:30:27;  6.375
 10.02.2026 02:33:26;  6.375
 10.02.2026 02:36:27;  6.313
 10.02.2026 02:39:26;  6.375
 10.02.2026 02:42:26;  6.438
 10.02.2026 02:45:27;  6.438
 10.02.2026 02:48:26;  6.375
 10.02.2026 02:51:26;  6.375
 10.02.2026 02:54:27;  6.375
 10.02.2026 02:57:27;  6.438
 10.02.2026 03:00:26;  6.438
 10.02.2026 03:03:27;  6.438
 10.02.2026 03:06:27;  6.438
 10.02.2026 03:09:26;  6.438
 10.02.2026 03:12:27;  6.500
 10.02.2026 03:15:27;  6.500
 10.02.2026 03:18:26;  6.500
 10.02.2026 03:21:27;  6.500
 10.02.2026 03:24:26;  6.438
 10.02.2026 03:27:26;  6.438
 10.02.2026 03:30:27;  6.500
 10.02.2026 03:33:26;  6.563
 10.02.2026 03:36:26;  6.625
 10.02.2026 03:39:27;  6.563
 10.02.2026 03:42:27;  6.500
 10.02.2026 03:45:26;  6.500
 10.02.2026 03:48:27;  6.438
 10.02.2026 03:51:27;  6.375
 10.02.2026 03:54:26;  6.375
 10.02.2026 03:57:27;  6.375
 10.02.2026 04:00:27;  6.313
 10.02.2026 04:03:26;  6.250
 10.02.2026 04:06:27;  6.250
 10.02.2026 04:09:26;  6.188
 10.02.2026 04:12:26;  6.125
 10.02.2026 04:15:27;  6.063
 10.02.2026 04:18:26;  6.000
 10.02.2026 04:21:26;  6.063
 10.02.2026 04:24:27;  6.000
 10.02.2026 04:27:27;  5.938
 10.02.2026 04:30:26;  5.875
 10.02.2026 04:33:27;  5.813
 10.02.2026 04:36:27;  5.813
 10.02.2026 04:39:26;  5.750
 10.02.2026 04:42:27;  5.750
 10.02.2026 04:45:27;  5.688
 10.02.2026 04:48:26;  5.688
 10.02.2026 04:51:27;  5.688
 10.02.2026 04:54:26;  5.625
 10.02.2026 04:57:26;  5.563
 10.02.2026 05:00:27;  5.563
 10.02.2026 05:03:26;  5.500
 10.02.2026 05:06:26;  5.438
 10.02.2026 05:09:27;  5.438
 10.02.2026 05:12:27;  5.375
 10.02.2026 05:15:26;  5.375
 10.02.2026 05:18:27;  5.375
 10.02.2026 05:21:27;  5.375
 10.02.2026 05:24:26;  5.313
 10.02.2026 05:27:27;  5.250
 10.02.2026 05:30:27;  5.188
 10.02.2026 05:33:26;  5.188
 10.02.2026 05:36:27;  5.125
 10.02.2026 05:39:26;  5.125
 10.02.2026 05:42:26;  5.063
 10.02.2026 05:45:27;  5.000
 10.02.2026 05:48:26;  4.938
 10.02.2026 05:51:26;  4.938
 10.02.2026 05:54:27;  4.938
 10.02.2026 05:57:27;  4.938
 10.02.2026 06:00:26;  4.938
 10.02.2026 06:03:27;  4.938
 10.02.2026 06:06:27;  4.938
 10.02.2026 06:09:26;  5.000
 10.02.2026 06:12:27;  5.000
 10.02.2026 06:15:27;  4.938
 10.02.2026 06:18:26;  4.938
 10.02.2026 06:21:27;  4.938
 10.02.2026 06:24:26;  4.875
 10.02.2026 06:27:26;  4.875
 10.02.2026 06:30:27;  4.813
 10.02.2026 06:33:26;  4.875
 10.02.2026 06:36:26;  4.875
 10.02.2026 06:39:27;  4.813
 10.02.2026 06:42:27;  4.813
 10.02.2026 06:45:26;  4.750
 10.02.2026 06:48:27;  4.688
 10.02.2026 06:51:27;  4.688
 10.02.2026 06:54:26;  4.625
 10.02.2026 06:57:27;  4.625
 10.02.2026 07:00:27;  4.563
 10.02.2026 07:03:26;  4.563
 10.02.2026 07:06:27;  4.563
 10.02.2026 07:09:26;  4.625
 10.02.2026 07:12:26;  4.625
 10.02.2026 07:15:27;  4.625
 10.02.2026 07:18:26;  4.625
 10.02.2026 07:21:26;  4.625
 10.02.2026 07:24:27;  4.563
 10.02.2026 07:27:27;  4.563
 10.02.2026 07:30:26;  4.563
 10.02.2026 07:33:27;  4.625
 10.02.2026 07:36:27;  4.625
 10.02.2026 07:39:26;  4.563
 10.02.2026 07:42:27;  4.625
 10.02.2026 07:45:27;  4.563
 10.02.2026 07:48:26;  4.563
 10.02.2026 07:51:27;  4.563
 10.02.2026 07:54:26;  4.563
 10.02.2026 07:57:26;  4.563
 10.02.2026 08:00:27;  4.500
 10.02.2026 08:03:26;  4.375
 10.02.2026 08:06:26;  4.313
 10.02.2026 08:09:27;  4.313
 10.02.2026 08:12:27;  4.250
 10.02.2026 08:15:26;  4.250
 10.02.2026 08:18:27;  4.188
 10.02.2026 08:21:27;  4.188
 10.02.2026 08:24:26;  4.125
 10.02.2026 08:27:27;  4.125
 10.02.2026 08:30:27;  4.063
 10.02.2026 08:33:26;  4.000
 10.02.2026 08:36:27;  4.000
 10.02.2026 08:39:26;  4.000
 10.02.2026 08:42:26;  4.000
 10.02.2026 08:45:27;  4.000
 10.02.2026 08:48:26;  4.063
 10.02.2026 08:51:26;  4.063
 10.02.2026 08:54:27;  4.063
 10.02.2026 08:57:27;  4.000
 10.02.2026 09:00:26;  3.938
 10.02.2026 09:03:27;  3.938
 10.02.2026 09:06:27;  4.000
 10.02.2026 09:09:26;  3.938
 10.02.2026 09:12:27;  3.938
 10.02.2026 09:15:27;  3.938
 10.02.2026 09:18:26;  3.938
 10.02.2026 09:21:27;  3.938
 10.02.2026 09:24:26;  3.938
 10.02.2026 09:27:26;  4.000
 10.02.2026 09:30:27;  4.063
 10.02.2026 09:33:26;  4.125
 10.02.2026 09:36:26;  4.125
 10.02.2026 09:39:27;  4.125
 10.02.2026 09:42:27;  4.125
 10.02.2026 09:45:26;  4.063
 10.02.2026 09:48:27;  3.938
 10.02.2026 09:51:27;  3.875
 10.02.2026 09:54:26;  3.813
 10.02.2026 09:57:27;  3.813
 10.02.2026 10:00:27;  3.750
 10.02.2026 10:03:26;  3.750
 10.02.2026 10:06:27;  3.688
 10.02.2026 10:09:26;  3.688
 10.02.2026 10:12:26;  3.688
 10.02.2026 10:15:27;  3.688
 10.02.2026 10:18:26;  3.688
 10.02.2026 10:21:26;  3.688
 10.02.2026 10:24:27;  3.688
 10.02.2026 10:27:27;  3.625
 10.02.2026 10:30:26;  3.563
 10.02.2026 10:33:27;  3.500
 10.02.2026 10:36:27;  3.375
 10.02.2026 10:39:26;  3.250
 10.02.2026 10:42:27;  3.188
 10.02.2026 10:45:27;  3.125
 10.02.2026 10:48:26;  3.063
 10.02.2026 10:51:27;  3.000
 10.02.2026 10:54:26;  2.938
 10.02.2026 10:57:26;  2.875
 10.02.2026 11:00:27;  2.875
 10.02.2026 11:03:26;  2.813
 10.02.2026 11:06:26;  2.750
 10.02.2026 11:09:27;  2.688
 10.02.2026 11:12:27;  2.688
 10.02.2026 11:15:26;  2.625
 10.02.2026 11:18:27;  2.625
 10.02.2026 11:21:27;  2.625
 10.02.2026 11:24:26;  2.625
 10.02.2026 11:27:27;  2.688
 10.02.2026 11:30:27;  2.688
 10.02.2026 11:33:26;  2.750
 10.02.2026 11:36:27;  2.750
 10.02.2026 11:39:26;  2.750
 10.02.2026 11:42:26;  2.813
 10.02.2026 11:45:27;  2.813
 10.02.2026 11:48:26;  2.875
 10.02.2026 11:51:26;  3.000
 10.02.2026 11:54:27;  3.063
 10.02.2026 11:57:27;  3.188
 10.02.2026 12:00:26;  3.313
 10.02.2026 12:03:27;  3.500
 10.02.2026 12:06:27;  3.625
 10.02.2026 12:09:26;  3.813
 10.02.2026 12:12:27;  4.000
 10.02.2026 12:15:27;  4.250
 10.02.2026 12:18:26;  4.500
 10.02.2026 12:21:27;  4.750
 10.02.2026 12:24:26;  5.063
 10.02.2026 12:27:26;  5.313
 10.02.2026 12:30:27;  5.563
 10.02.2026 12:33:26;  5.813
 10.02.2026 12:36:26;  6.000
 10.02.2026 12:39:27;  6.188
 10.02.2026 12:42:27;  6.375
 10.02.2026 12:45:26;  6.563
 10.02.2026 12:48:27;  6.813
 10.02.2026 12:51:27;  7.000
 10.02.2026 12:54:26;  7.188
 10.02.2026 12:57:27;  7.375
 10.02.2026 13:00:27;  7.563
 10.02.2026 13:03:26;  7.750
 10.02.2026 13:06:27;  7.688
 10.02.2026 13:09:26;  7.750
 10.02.2026 13:12:26;  7.688
 10.02.2026 13:15:27;  7.563
 10.02.2026 13:18:26;  7.438
 10.02.2026 13:21:26;  7.250
 10.02.2026 13:24:27;  7.250
 10.02.2026 13:27:27;  7.250
 10.02.2026 13:30:26;  7.313
 10.02.2026 13:33:27;  7.438
 10.02.2026 13:36:27;  7.500
 10.02.2026 13:39:26;  7.500
 10.02.2026 13:42:27;  7.500
 10.02.2026 13:45:27;  7.500
 10.02.2026 13:48:26;  7.563
 10.02.2026 13:51:27;  7.625
 10.02.2026 13:54:26;  7.688
 10.02.2026 13:57:26;  7.688
 10.02.2026 14:00:27;  7.813
 10.02.2026 14:03:26;  7.875
 10.02.2026 14:06:26;  7.938
 10.02.2026 14:09:27;  7.938
 10.02.2026 14:12:27;  7.875
 10.02.2026 14:15:26;  8.063
 10.02.2026 14:18:27;  8.313
 10.02.2026 14:21:27;  8.375
 10.02.2026 14:24:26;  8.313
 10.02.2026 14:27:27;  8.375
 10.02.2026 14:30:27;  8.438
 10.02.2026 14:33:26;  8.438
 10.02.2026 14:36:27;  8.375
 10.02.2026 14:39:26;  8.438
 10.02.2026 14:42:26;  8.375
 10.02.2026 14:45:27;  8.313
 10.02.2026 14:48:26;  8.375
 10.02.2026 14:51:26;  8.375
 10.02.2026 14:54:27;  8.563
 10.02.2026 14:57:27;  8.688
 10.02.2026 15:00:26;  8.813
 10.02.2026 15:03:27;  8.750
 10.02.2026 15:06:27;  8.750
 10.02.2026 15:09:26;  8.750
 10.02.2026 15:12:27;  8.750
 10.02.2026 15:15:27;  8.688
 10.02.2026 15:18:26;  8.625
 10.02.2026 15:21:27;  8.500
 10.02.2026 15:24:26;  8.563
 10.02.2026 15:27:26;  8.750
 10.02.2026 15:30:27;  8.625
 10.02.2026 15:33:26;  8.625
 10.02.2026 15:36:26;  8.750
 10.02.2026 15:39:27;  8.813
 10.02.2026 15:42:27;  9.063
 10.02.2026 15:45:26;  9.125
 10.02.2026 15:48:27;  9.313
 10.02.2026 15:51:27;  9.375
 10.02.2026 15:54:26;  9.563
 10.02.2026 15:57:27;  9.688
 10.02.2026 16:00:27;  9.875
 10.02.2026 16:03:26; 10.125
 10.02.2026 16:06:27; 10.375
 10.02.2026 16:09:26; 10.688
 10.02.2026 16:12:26; 10.875
 10.02.2026 16:15:27; 11.125
 10.02.2026 16:18:26; 11.438
 10.02.2026 16:21:26; 11.563
 10.02.2026 16:24:27; 11.750
 10.02.2026 16:27:27; 11.875
 10.02.2026 16:30:26; 12.000
 10.02.2026 16:33:27; 12.125
 10.02.2026 16:36:27; 12.250
 10.02.2026 16:39:26; 12.438
 10.02.2026 16:42:27; 12.438
 10.02.2026 16:45:27; 12.500
 10.02.2026 16:48:26; 12.563
 10.02.2026 16:51:27; 12.563
 10.02.2026 16:54:26; 12.688
 10.02.2026 16:57:26; 12.813
 10.02.2026 17:00:27; 13.250
 10.02.2026 17:03:26; 14.188
 10.02.2026 17:06:26; 15.000
 10.02.2026 17:09:27; 15.875
 10.02.2026 17:12:27; 16.750
 10.02.2026 17:15:26; 17.438
 10.02.2026 17:18:27; 17.625
 10.02.2026 17:21:27; 18.188
 10.02.2026 17:24:26; 18.688
 10.02.2026 17:27:27; 19.125
 10.02.2026 17:30:27; 19.313
 10.02.2026 17:33:26; 20.125
 10.02.2026 17:36:27; 20.625
 10.02.2026 17:39:26; 21.000
 10.02.2026 17:42:26; 21.375
 10.02.2026 17:45:27; 22.188
 10.02.2026 17:48:26; 23.375
 10.02.2026 17:51:26; 23.938
 10.02.2026 17:54:27; 24.125
 10.02.2026 17:57:27; 24.688
 10.02.2026 18:00:26; 24.875
 10.02.2026 18:03:27; 25.313
 10.02.2026 18:06:27; 25.875
 10.02.2026 18:09:26; 26.313
 10.02.2026 18:12:27; 27.063
 10.02.2026 18:15:27; 27.375
 10.02.2026 18:18:26; 27.563
 10.02.2026 18:21:27; 27.938
 10.02.2026 18:24:26; 28.500
 10.02.2026 18:27:26; 28.750
 10.02.2026 18:30:27; 28.938
 10.02.2026 18:33:26; 29.000
 10.02.2026 18:36:26; 29.250
 10.02.2026 18:39:27; 29.563
 10.02.2026 18:42:27; 30.188
 10.02.2026 18:45:26; 30.188
 10.02.2026 18:48:27; 30.813
 10.02.2026 18:51:27; 30.688
 10.02.2026 18:54:26; 30.938
 10.02.2026 18:57:27; 31.500
 10.02.2026 19:00:27; 32.125
 10.02.2026 19:03:26; 31.563
 10.02.2026 19:06:27; 32.000
 10.02.2026 19:09:26; 32.000
 10.02.2026 19:12:26; 31.750
 10.02.2026 19:15:27; 32.063
 10.02.2026 19:18:26; 32.625
 10.02.2026 19:21:26; 32.813
 10.02.2026 19:24:27; 32.625
 10.02.2026 19:27:27; 32.813
 10.02.2026 19:30:26; 32.625
 10.02.2026 19:33:27; 32.688
 10.02.2026 19:36:27; 33.000
 10.02.2026 19:39:26; 32.875
 10.02.2026 19:42:27; 32.375
 10.02.2026 19:45:27; 33.188
 10.02.2026 19:48:26; 33.250
 10.02.2026 19:51:27; 32.688
 10.02.2026 19:54:26; 33.250
 10.02.2026 19:57:26; 33.250
 10.02.2026 20:00:27; 33.375
 10.02.2026 20:03:26; 32.688
 10.02.2026 20:06:26; 32.750
 10.02.2026 20:09:27; 32.188
 10.02.2026 20:12:27; 32.313
 10.02.2026 20:15:26; 32.438
 10.02.2026 20:18:27; 32.375
 10.02.2026 20:21:27; 32.438
 10.02.2026 20:24:26; 31.875
 10.02.2026 20:27:27; 31.500
 10.02.2026 20:30:27; 30.813
 10.02.2026 20:33:26; 29.500
 10.02.2026 20:36:27; 26.375
 10.02.2026 20:39:26; 23.063
 10.02.2026 20:42:26; 20.813
 10.02.2026 20:45:27; 18.813
 10.02.2026 20:48:26; 17.438
 10.02.2026 20:51:26; 16.188
 10.02.2026 20:54:27; 15.125
 10.02.2026 20:57:27; 14.500
 10.02.2026 21:00:26; 13.938
 10.02.2026 21:03:27; 13.438
 10.02.2026 21:06:27; 13.188
 10.02.2026 21:09:26; 12.813
 10.02.2026 21:12:27; 12.500
 10.02.2026 21:15:27; 12.188
 10.02.2026 21:18:26; 11.938
 10.02.2026 21:21:27; 11.688
 10.02.2026 21:24:26; 11.438
 10.02.2026 21:27:26; 11.250
 10.02.2026 21:30:27; 11.063
 10.02.2026 21:33:26; 10.938
 10.02.2026 21:36:26; 10.750
 10.02.2026 21:39:27; 10.625
 10.02.2026 21:42:27; 10.500
 10.02.2026 21:45:26; 10.375
 10.02.2026 21:48:27; 10.313
 10.02.2026 21:51:27; 10.375
 10.02.2026 21:54:26; 10.188
 10.02.2026 21:57:27; 10.063
 10.02.2026 22:00:27;  9.875
 10.02.2026 22:03:26;  9.750
 10.02.2026 22:06:27;  9.750
 10.02.2026 22:09:26;  9.625
 10.02.2026 22:12:26;  9.500
 10.02.2026 22:15:27;  9.375
 10.02.2026 22:18:26;  9.313
 10.02.2026 22:21:26;  9.188
 10.02.2026 22:24:27;  9.063
 10.02.2026 22:27:27;  8.938
 10.02.2026 22:30:26;  8.938
 10.02.2026 22:33:27;  8.813
 10.02.2026 22:36:27;  8.688
 10.02.2026 22:39:26;  8.563
 10.02.2026 22:42:27;  8.500
 10.02.2026 22:45:27;  8.438
 10.02.2026 22:48:26;  8.313
 10.02.2026 22:51:27;  8.250
 10.02.2026 22:54:26;  8.125
 10.02.2026 22:57:26;  8.063
 10.02.2026 23:00:27;  8.000
 10.02.2026 23:03:26;  7.938
 10.02.2026 23:06:26;  7.875
 10.02.2026 23:09:27;  7.813
 10.02.2026 23:12:27;  7.750
 10.02.2026 23:15:26;  7.688
 10.02.2026 23:18:27;  7.688
 10.02.2026 23:21:27;  7.625
 10.02.2026 23:24:26;  7.625
 10.02.2026 23:27:27;  7.563
 10.02.2026 23:30:27;  7.563
 10.02.2026 23:33:26;  7.500
 10.02.2026 23:36:27;  7.500
 10.02.2026 23:39:26;  7.438
 10.02.2026 23:42:26;  7.375
 10.02.2026 23:45:27;  7.250
 10.02.2026 23:48:26;  7.188
 10.02.2026 23:51:26;  7.125
 10.02.2026 23:54:27;  7.063
 10.02.2026 23:57:27;  6.938
 11.02.2026 00:00:26;  6.875
 11.02.2026 00:03:27;  6.813
 11.02.2026 00:06:27;  6.750
 11.02.2026 00:09:26;  6.750
 11.02.2026 00:12:27;  6.625
 11.02.2026 00:15:27;  6.563
 11.02.2026 00:18:26;  6.500
 11.02.2026 00:21:27;  6.438
 11.02.2026 00:24:26;  6.375
 11.02.2026 00:27:26;  6.313
 11.02.2026 00:30:27;  6.313
 11.02.2026 00:33:26;  6.250
 11.02.2026 00:36:26;  6.188
 11.02.2026 00:39:27;  6.125
 11.02.2026 00:42:27;  6.125
 11.02.2026 00:45:26;  6.063
 11.02.2026 00:48:27;  6.000
 11.02.2026 00:51:27;  6.000
 11.02.2026 00:54:26;  6.000
 11.02.2026 00:57:27;  6.000
 11.02.2026 01:00:27;  6.000
 11.02.2026 01:03:26;  6.000
 11.02.2026 01:06:27;  5.938
 11.02.2026 01:09:26;  5.938
 11.02.2026 01:12:26;  5.938
 11.02.2026 01:15:27;  6.000
 11.02.2026 01:18:26;  5.938
 11.02.2026 01:21:26;  5.938
 11.02.2026 01:24:27;  5.938
 11.02.2026 01:27:27;  5.938
 11.02.2026 01:30:26;  5.938
 11.02.2026 01:33:27;  5.938
 11.02.2026 01:36:27;  5.875
 11.02.2026 01:39:26;  5.875
 11.02.2026 01:42:27;  5.750
 11.02.2026 01:45:27;  5.750
 11.02.2026 01:48:26;  5.688
 11.02.2026 01:51:27;  5.688
 11.02.2026 01:54:26;  5.625
 11.02.2026 01:57:26;  5.563
 11.02.2026 02:00:27;  5.563
 11.02.2026 02:03:26;  5.500
 11.02.2026 02:06:26;  5.500
 11.02.2026 02:09:27;  5.563
 11.02.2026 02:12:27;  5.563
 11.02.2026 02:15:26;  5.625
 11.02.2026 02:18:27;  5.688
 11.02.2026 02:21:27;  5.688
 11.02.2026 02:24:26;  5.688
 11.02.2026 02:27:27;  5.688
 11.02.2026 02:30:27;  5.688
 11.02.2026 02:33:26;  5.625
 11.02.2026 02:36:27;  5.625
 11.02.2026 02:39:26;  5.625
 11.02.2026 02:42:26;  5.625
 11.02.2026 02:45:27;  5.563
 11.02.2026 02:48:26;  5.500
 11.02.2026 02:51:26;  5.438
 11.02.2026 02:54:27;  5.438
 11.02.2026 02:57:27;  5.438
 11.02.2026 03:00:26;  5.375
 11.02.2026 03:03:27;  5.375
 11.02.2026 03:06:27;  5.375
 11.02.2026 03:09:26;  5.313
 11.02.2026 03:12:27;  5.313
 11.02.2026 03:15:27;  5.313
 11.02.2026 03:18:26;  5.313
 11.02.2026 03:21:27;  5.250
 11.02.2026 03:24:26;  5.250
 11.02.2026 03:27:26;  5.188
 11.02.2026 03:30:27;  5.188
 11.02.2026 03:33:26;  5.125
 11.02.2026 03:36:26;  5.125
 11.02.2026 03:39:27;  5.063
 11.02.2026 03:42:27;  5.063
 11.02.2026 03:45:26;  5.063
 11.02.2026 03:48:27;  5.063
 11.02.2026 03:51:27;  5.063
 11.02.2026 03:54:26;  5.125
 11.02.2026 03:57:27;  5.125
 11.02.2026 04:00:27;  5.125
 11.02.2026 04:03:26;  5.125
 11.02.2026 04:06:27;  5.125
 11.02.2026 04:09:26;  5.063
 11.02.2026 04:12:26;  5.000
 11.02.2026 04:15:27;  4.938
 11.02.2026 04:18:26;  4.938
 11.02.2026 04:21:26;  4.938
 11.02.2026 04:24:27;  4.875
 11.02.2026 04:27:27;  4.875
 11.02.2026 04:30:26;  4.875
 11.02.2026 04:33:27;  4.875
 11.02.2026 04:36:27;  4.813
 11.02.2026 04:39:26;  4.750
 11.02.2026 04:42:27;  4.750
 11.02.2026 04:45:27;  4.688
 11.02.2026 04:48:26;  4.625
 11.02.2026 04:51:27;  4.563
 11.02.2026 04:54:26;  4.500
 11.02.2026 04:57:26;  4.500
 11.02.2026 05:00:27;  4.438
 11.02.2026 05:03:26;  4.438
 11.02.2026 05:06:26;  4.438
 11.02.2026 05:09:27;  4.375
 11.02.2026 05:12:27;  4.313
 11.02.2026 05:15:26;  4.250
 11.02.2026 05:18:27;  4.188
 11.02.2026 05:21:27;  4.188
 11.02.2026 05:24:26;  4.188
 11.02.2026 05:27:27;  4.188
 11.02.2026 05:30:27;  4.125
 11.02.2026 05:33:26;  4.063
 11.02.2026 05:36:27;  4.063
 11.02.2026 05:39:26;  4.000
 11.02.2026 05:42:26;  4.000
 11.02.2026 05:45:27;  4.000
 11.02.2026 05:48:26;  4.000
 11.02.2026 05:51:26;  4.000
 11.02.2026 05:54:27;  4.000
 11.02.2026 05:57:27;  4.063
 11.02.2026 06:00:26;  4.063
 11.02.2026 06:03:27;  4.063
 11.02.2026 06:06:27;  4.063
 11.02.2026 06:09:26;  4.000
 11.02.2026 06:12:27;  3.938
 11.02.2026 06:15:27;  3.938
 11.02.2026 06:18:26;  3.875
 11.02.2026 06:21:27;  3.875
 11.02.2026 06:24:26;  3.875
 11.02.2026 06:27:26;  3.875
 11.02.2026 06:30:27;  3.813
 11.02.2026 06:33:26;  3.813
 11.02.2026 06:36:26;  3.813
 11.02.2026 06:39:27;  3.813
 11.02.2026 06:42:27;  3.813
 11.02.2026 06:45:26;  3.750
 11.02.2026 06:48:27;  3.688
 11.02.2026 06:51:27;  3.688
 11.02.2026 06:54:26;  3.688
 11.02.2026 06:57:27;  3.688
 11.02.2026 07:00:27;  3.688
 11.02.2026 07:03:26;  3.750
 11.02.2026 07:06:27;  3.750
 11.02.2026 07:09:26;  3.813
 11.02.2026 07:12:26;  3.875
 11.02.2026 07:15:27;  3.875
 11.02.2026 07:18:26;  4.000
 11.02.2026 07:21:26;  4.000
 11.02.2026 07:24:27;  4.000
 11.02.2026 07:27:27;  4.000
 11.02.2026 07:30:26;  4.000
 11.02.2026 07:33:27;  3.938
 11.02.2026 07:36:27;  3.938
 11.02.2026 07:39:26;  3.875
 11.02.2026 07:42:27;  3.875
 11.02.2026 07:45:27;  3.813
 11.02.2026 07:48:26;  3.750
 11.02.2026 07:51:27;  3.688
 11.02.2026 07:54:26;  3.688
 11.02.2026 07:57:26;  3.625
 11.02.2026 08:00:27;  3.688
 11.02.2026 08:03:26;  3.688
 11.02.2026 08:06:26;  3.688
 11.02.2026 08:09:27;  3.625
 11.02.2026 08:12:27;  3.563
 11.02.2026 08:15:26;  3.500
 11.02.2026 08:18:27;  3.438
 11.02.2026 08:21:27;  3.375
 11.02.2026 08:24:26;  3.313
 11.02.2026 08:27:27;  3.313
 11.02.2026 08:30:27;  3.250
 11.02.2026 08:33:26;  3.250
 11.02.2026 08:36:27;  3.250
 11.02.2026 08:39:26;  3.250
 11.02.2026 08:42:26;  3.250
 11.02.2026 08:45:27;  3.250
 11.02.2026 08:48:26;  3.188
 11.02.2026 08:51:26;  3.125
 11.02.2026 08:54:27;  3.125
 11.02.2026 08:57:27;  3.125
 11.02.2026 09:00:26;  3.063
 11.02.2026 09:03:27;  3.000
 11.02.2026 09:06:27;  3.000
 11.02.2026 09:09:26;  3.000
 11.02.2026 09:12:27;  3.000
 11.02.2026 09:15:27;  3.000
 11.02.2026 09:18:26;  3.000
 11.02.2026 09:21:27;  2.938
 11.02.2026 09:24:26;  2.938
 11.02.2026 09:27:26;  2.875
 11.02.2026 09:30:27;  2.813
 11.02.2026 09:33:26;  2.813
 11.02.2026 09:36:26;  2.750
 11.02.2026 09:39:27;  2.688
 11.02.2026 09:42:27;  2.688
 11.02.2026 09:45:26;  2.625
 11.02.2026 09:48:27;  2.563
 11.02.2026 09:51:27;  2.563
 11.02.2026 09:54:26;  2.563
 11.02.2026 09:57:27;  2.563
 11.02.2026 10:00:27;  2.563
 11.02.2026 10:03:26;  2.563
 11.02.2026 10:06:27;  2.500
 11.02.2026 10:09:26;  2.500
 11.02.2026 10:12:26;  2.438
 11.02.2026 10:15:27;  2.438
 11.02.2026 10:18:26;  2.375
 11.02.2026 10:21:26;  2.375
 11.02.2026 10:24:27;  2.313
 11.02.2026 10:27:27;  2.313
 11.02.2026 10:30:26;  2.313
 11.02.2026 10:33:27;  2.313
 11.02.2026 10:36:27;  2.313
 11.02.2026 10:39:26;  2.313
 11.02.2026 10:42:27;  2.313
 11.02.2026 10:45:27;  2.313
 11.02.2026 10:48:26;  2.250
 11.02.2026 10:51:27;  2.250
 11.02.2026 10:54:26;  2.250
 11.02.2026 10:57:26;  2.313
 11.02.2026 11:00:27;  2.375
 11.02.2026 11:03:26;  2.438
 11.02.2026 11:06:26;  2.563
 11.02.2026 11:09:27;  2.563
 11.02.2026 11:12:27;  2.688
 11.02.2026 11:15:26;  2.750
 11.02.2026 11:18:27;  2.875
 11.02.2026 11:21:27;  2.938
 11.02.2026 11:24:26;  3.063
 11.02.2026 11:27:27;  3.125
 11.02.2026 11:30:27;  3.125
 11.02.2026 11:33:26;  3.188
 11.02.2026 11:36:27;  3.250
 11.02.2026 11:39:26;  3.313
 11.02.2026 11:42:26;  3.375
 11.02.2026 11:45:27;  3.438
 11.02.2026 11:48:26;  3.500
 11.02.2026 11:51:26;  3.563
 11.02.2026 11:54:27;  3.688
 11.02.2026 11:57:27;  3.750
 11.02.2026 12:00:26;  3.813
 11.02.2026 12:03:27;  3.875
 11.02.2026 12:06:27;  4.000
 11.02.2026 12:09:26;  4.063
 11.02.2026 12:12:27;  4.188
 11.02.2026 12:15:27;  4.313
 11.02.2026 12:18:26;  4.438
 11.02.2026 12:21:27;  4.563
 11.02.2026 12:24:26;  4.625
 11.02.2026 12:27:26;  4.688
 11.02.2026 12:30:27;  4.688
 11.02.2026 12:33:26;  4.750
 11.02.2026 12:36:26;  4.938
 11.02.2026 12:39:27;  5.063
 11.02.2026 12:42:27;  5.188
 11.02.2026 12:45:26;  5.375
 11.02.2026 12:48:27;  5.500
 11.02.2026 12:51:27;  5.688
 11.02.2026 12:54:26;  5.938
 11.02.2026 12:57:27;  6.250
 11.02.2026 13:00:27;  6.500
 11.02.2026 13:03:26;  6.750
 11.02.2026 13:06:27;  6.875
 11.02.2026 13:09:26;  7.125
 11.02.2026 13:12:26;  7.188
 11.02.2026 13:15:27;  7.188
 11.02.2026 13:18:26;  7.250
 11.02.2026 13:21:26;  7.250
 11.02.2026 13:24:27;  7.375
 11.02.2026 13:27:27;  7.438
 11.02.2026 13:30:26;  7.500
 11.02.2026 13:33:27;  7.500
 11.02.2026 13:36:27;  7.563
 11.02.2026 13:39:26;  7.563
 11.02.2026 13:42:27;  7.688
 11.02.2026 13:45:27;  7.750
 11.02.2026 13:48:26;  7.750
 11.02.2026 13:51:27;  7.750
 11.02.2026 13:54:26;  7.750
 11.02.2026 13:57:26;  7.688
 11.02.2026 14:00:27;  7.688
 11.02.2026 14:03:26;  7.813
 11.02.2026 14:06:26;  7.938
 11.02.2026 14:09:27;  8.125
 11.02.2026 14:12:27;  8.250
 11.02.2026 14:15:26;  8.313
 11.02.2026 14:18:27;  8.438
 11.02.2026 14:21:27;  8.688
 11.02.2026 14:24:26;  8.750
 11.02.2026 14:27:27;  8.938
 11.02.2026 14:30:27;  9.125
 11.02.2026 14:33:26;  9.313
 11.02.2026 14:36:27;  9.500
 11.02.2026 14:39:26;  9.750
 11.02.2026 14:42:26;  9.938
 11.02.2026 14:45:27; 10.063
 11.02.2026 14:48:26; 10.188
 11.02.2026 14:51:26; 10.250
 11.02.2026 14:54:27; 10.000
 11.02.2026 14:57:27;  9.813
 11.02.2026 15:00:26;  9.688
 11.02.2026 15:03:27;  9.625
 11.02.2026 15:06:27;  9.688
 11.02.2026 15:09:26;  9.938
 11.02.2026 15:12:27; 10.063
 11.02.2026 15:15:27; 10.188
 11.02.2026 15:18:26; 10.250
 11.02.2026 15:21:27; 10.438
 11.02.2026 15:24:26; 10.563
 11.02.2026 15:27:26; 10.688
 11.02.2026 15:30:27; 10.938
 11.02.2026 15:33:26; 11.188
 11.02.2026 15:36:26; 11.125
 11.02.2026 15:39:27; 11.188
 11.02.2026 15:42:27; 11.375
 11.02.2026 15:45:26; 11.375
 11.02.2026 15:48:27; 11.438
 11.02.2026 15:51:27; 11.438
 11.02.2026 15:54:26; 11.188
 11.02.2026 15:57:27; 11.125
 11.02.2026 16:00:27; 11.250
 11.02.2026 16:03:26; 11.313
 11.02.2026 16:06:27; 11.375
 11.02.2026 16:09:26; 11.500
 11.02.2026 16:12:26; 11.563
 11.02.2026 16:15:27; 11.688
 11.02.2026 16:18:26; 11.688
 11.02.2026 16:21:26; 11.813
 11.02.2026 16:24:27; 11.750
 11.02.2026 16:27:27; 11.813
 11.02.2026 16:30:26; 11.813
 11.02.2026 16:33:27; 11.625
 11.02.2026 16:36:27; 11.563
 11.02.2026 16:39:26; 11.375
 11.02.2026 16:42:27; 11.313
 11.02.2026 16:45:27; 11.188
 11.02.2026 16:48:26; 11.250
 11.02.2026 16:51:27; 11.438
 11.02.2026 16:54:26; 11.438
 11.02.2026 16:57:26; 11.688
 11.02.2026 17:00:27; 11.938
 11.02.2026 17:03:26; 12.000
 11.02.2026 17:06:26; 11.938
 11.02.2026 17:09:27; 11.813
 11.02.2026 17:12:27; 11.938
 11.02.2026 17:15:26; 12.125
 11.02.2026 17:18:27; 12.250
 11.02.2026 17:21:27; 12.250
 11.02.2026 17:24:26; 12.313
 11.02.2026 17:27:27; 12.313
 11.02.2026 17:30:27; 12.250
 11.02.2026 17:33:26; 12.250
 11.02.2026 17:36:27; 12.250
 11.02.2026 17:39:26; 12.313
 11.02.2026 17:42:26; 12.625
 11.02.2026 17:45:27; 12.875
 11.02.2026 17:48:26; 12.750
 11.02.2026 17:51:26; 12.813
 11.02.2026 17:54:27; 13.125
 11.02.2026 17:57:27; 13.313
 11.02.2026 18:00:26; 13.125
 11.02.2026 18:03:27; 13.063
 11.02.2026 18:06:27; 13.188
 11.02.2026 18:09:26; 13.000
 11.02.2026 18:12:27; 12.938
 11.02.2026 18:15:27; 12.875
 11.02.2026 18:18:26; 12.813
 11.02.2026 18:21:27; 12.875
 11.02.2026 18:24:26; 13.000
 11.02.2026 18:27:26; 13.000
 11.02.2026 18:30:27; 13.063
 11.02.2026 18:33:26; 13.188
 11.02.2026 18:36:26; 13.375
 11.02.2026 18:39:27; 13.375
 11.02.2026 18:42:27; 13.313
 11.02.2026 18:45:26; 13.125
 11.02.2026 18:48:27; 13.125
 11.02.2026 18:51:27; 13.000
 11.02.2026 18:54:26; 12.875
 11.02.2026 18:57:27; 12.875
 11.02.2026 19:00:27; 12.813
 11.02.2026 19:03:26; 12.750
 11.02.2026 19:06:27; 12.563
 11.02.2026 19:09:26; 12.375
 11.02.2026 19:12:26; 12.250
 11.02.2026 19:15:27; 12.188
 11.02.2026 19:18:26; 12.125
 11.02.2026 19:21:26; 12.063
 11.02.2026 19:24:27; 12.188
 11.02.2026 19:27:27; 12.375
 11.02.2026 19:30:26; 12.500
 11.02.2026 19:33:27; 12.563
 11.02.2026 19:36:27; 12.563
 11.02.2026 19:39:26; 12.750
 11.02.2026 19:42:27; 12.938
 11.02.2026 19:45:27; 13.063
 11.02.2026 19:48:26; 13.250
 11.02.2026 19:51:27; 13.250
 11.02.2026 19:54:26; 13.313
 11.02.2026 19:57:26; 13.375
 11.02.2026 20:00:27; 13.500
 11.02.2026 20:03:26; 13.625
 11.02.2026 20:06:26; 13.563
 11.02.2026 20:09:27; 13.438
 11.02.2026 20:12:27; 13.250
 11.02.2026 20:15:26; 13.188
 11.02.2026 20:18:27; 13.125
 11.02.2026 20:21:27; 13.125
 11.02.2026 20:24:26; 13.125
 11.02.2026 20:27:27; 13.063
 11.02.2026 20:30:27; 13.000
 11.02.2026 20:33:26; 12.938
 11.02.2026 20:36:27; 12.938
 11.02.2026 20:39:26; 12.938
 11.02.2026 20:42:26; 13.000
 11.02.2026 20:45:27; 13.000
 11.02.2026 20:48:26; 13.125
 11.02.2026 20:51:26; 13.063
 11.02.2026 20:54:27; 13.063
 11.02.2026 20:57:27; 13.063
 11.02.2026 21:00:26; 12.938
 11.02.2026 21:03:27; 12.938
 11.02.2026 21:06:27; 12.875
 11.02.2026 21:09:26; 12.813
 11.02.2026 21:12:27; 12.688
 11.02.2026 21:15:27; 12.625
 11.02.2026 21:18:26; 12.563
 11.02.2026 21:21:27; 12.438
 11.02.2026 21:24:26; 12.375
 11.02.2026 21:27:26; 12.250
 11.02.2026 21:30:27; 12.125
 11.02.2026 21:33:26; 12.063
 11.02.2026 21:36:26; 12.063
 11.02.2026 21:39:27; 12.000
 11.02.2026 21:42:27; 12.000
 11.02.2026 21:45:26; 11.938
 11.02.2026 21:48:27; 11.875
 11.02.2026 21:51:27; 11.813
 11.02.2026 21:54:26; 11.688
 11.02.2026 21:57:27; 11.625
 11.02.2026 22:00:27; 11.500
 11.02.2026 22:03:26; 11.375
 11.02.2026 22:06:27; 11.188
 11.02.2026 22:09:26; 11.063
 11.02.2026 22:12:26; 10.875
 11.02.2026 22:15:27; 10.750
 11.02.2026 22:18:26; 10.625
 11.02.2026 22:21:26; 10.563
 11.02.2026 22:24:27; 10.438
 11.02.2026 22:27:27; 10.313
 11.02.2026 22:30:26; 10.250
 11.02.2026 22:33:27; 10.125
 11.02.2026 22:36:27; 10.000
 11.02.2026 22:39:26;  9.875
 11.02.2026 22:42:27;  9.813
 11.02.2026 22:45:27;  9.750
 11.02.2026 22:48:26;  9.625
 11.02.2026 22:51:27;  9.563
 11.02.2026 22:54:26;  9.500
 11.02.2026 22:57:26;  9.438
 11.02.2026 23:00:27;  9.375
 11.02.2026 23:03:26;  9.313
 11.02.2026 23:06:26;  9.313
 11.02.2026 23:09:27;  9.250
 11.02.2026 23:12:27;  9.250
 11.02.2026 23:15:26;  9.188
 11.02.2026 23:18:27;  9.125
 11.02.2026 23:21:27;  9.063
 11.02.2026 23:24:26;  9.000
 11.02.2026 23:27:27;  9.000
 11.02.2026 23:30:27;  8.938
 11.02.2026 23:33:26;  8.875
 11.02.2026 23:36:27;  8.813
 11.02.2026 23:39:26;  8.813
 11.02.2026 23:42:26;  8.750
 11.02.2026 23:45:27;  8.688
 11.02.2026 23:48:26;  8.688
 11.02.2026 23:51:26;  8.625
 11.02.2026 23:54:27;  8.625
 11.02.2026 23:57:27;  8.563
 12.02.2026 00:00:26;  8.563
 12.02.2026 00:03:27;  8.563
 12.02.2026 00:06:27;  8.563
 12.02.2026 00:09:26;  8.563
 12.02.2026 00:12:27;  8.563
 12.02.2026 00:15:27;  8.563
 12.02.2026 00:18:26;  8.563
 12.02.2026 00:21:27;  8.563
 12.02.2026 00:24:26;  8.563
 12.02.2026 00:27:26;  8.563
 12.02.2026 00:30:27;  8.563
 12.02.2026 00:33:26;  8.563
 12.02.2026 00:36:26;  8.625
 12.02.2026 00:39:27;  8.625
 12.02.2026 00:42:27;  8.625
 12.02.2026 00:45:26;  8.563
 12.02.2026 00:48:27;  8.563
 12.02.2026 00:51:27;  8.563
 12.02.2026 00:54:26;  8.625
 12.02.2026 00:57:27;  8.625
 12.02.2026 01:00:27;  8.625
 12.02.2026 01:03:26;  8.625
 12.02.2026 01:06:27;  8.625
 12.02.2026 01:09:26;  8.625
 12.02.2026 01:12:26;  8.688
 12.02.2026 01:15:27;  8.688
 12.02.2026 01:18:26;  8.688
 12.02.2026 01:21:26;  8.688
 12.02.2026 01:24:27;  8.688
 12.02.2026 01:27:27;  8.688
 12.02.2026 01:30:26;  8.625
 12.02.2026 01:33:27;  8.625
 12.02.2026 01:36:27;  8.625
 12.02.2026 01:39:26;  8.563
 12.02.2026 01:42:27;  8.563
 12.02.2026 01:45:27;  8.563
 12.02.2026 01:48:26;  8.563
 12.02.2026 01:51:27;  8.563
 12.02.2026 01:54:26;  8.563
 12.02.2026 01:57:26;  8.563
 12.02.2026 02:00:27;  8.563
 12.02.2026 02:03:26;  8.563
 12.02.2026 02:06:26;  8.563
 12.02.2026 02:09:27;  8.563
 12.02.2026 02:12:27;  8.563
 12.02.2026 02:15:26;  8.563
 12.02.2026 02:18:27;  8.563
 12.02.2026 02:21:27;  8.563
 12.02.2026 02:24:26;  8.500
 12.02.2026 02:27:27;  8.500
 12.02.2026 02:30:27;  8.500
 12.02.2026 02:33:26;  8.500
 12.02.2026 02:36:27;  8.500
 12.02.2026 02:39:26;  8.500
 12.02.2026 02:42:26;  8.500
 12.02.2026 02:45:27;  8.500
 12.02.2026 02:48:26;  8.500
 12.02.2026 02:51:26;  8.438
 12.02.2026 02:54:27;  8.438
 12.02.2026 02:57:27;  8.438
 12.02.2026 03:00:26;  8.438
 12.02.2026 03:03:27;  8.438
 12.02.2026 03:06:27;  8.438
 12.02.2026 03:09:26;  8.438
 12.02.2026 03:12:27;  8.438
 12.02.2026 03:15:27;  8.500
 12.02.2026 03:18:26;  8.500
 12.02.2026 03:21:27;  8.500
 12.02.2026 03:24:26;  8.563
 12.02.2026 03:27:26;  8.563
 12.02.2026 03:30:27;  8.625
 12.02.2026 03:33:26;  8.625
 12.02.2026 03:36:26;  8.688
 12.02.2026 03:39:27;  8.688
 12.02.2026 03:42:27;  8.688
 12.02.2026 03:45:26;  8.750
 12.02.2026 03:48:27;  8.750
 12.02.2026 03:51:27;  8.750
 12.02.2026 03:54:26;  8.813
 12.02.2026 03:57:27;  8.813
 12.02.2026 04:00:27;  8.813
 12.02.2026 04:03:26;  8.813
 12.02.2026 04:06:27;  8.813
 12.02.2026 04:09:26;  8.875
 12.02.2026 04:12:26;  8.875
 12.02.2026 04:15:27;  8.875
 12.02.2026 04:18:26;  8.875
 12.02.2026 04:21:26;  8.938
 12.02.2026 04:24:27;  8.938
 12.02.2026 04:27:27;  8.938
 12.02.2026 04:30:26;  8.938
 12.02.2026 04:33:27;  9.000
 12.02.2026 04:36:27;  9.000
 12.02.2026 04:39:26;  9.000
 12.02.2026 04:42:27;  9.000
 12.02.2026 04:45:27;  9.000
 12.02.2026 04:48:26;  9.000
 12.02.2026 04:51:27;  9.063
 12.02.2026 04:54:26;  9.063
 12.02.2026 04:57:26;  9.063
 12.02.2026 05:00:27;  9.063
 12.02.2026 05:03:26;  9.063
 12.02.2026 05:06:26;  9.000
 12.02.2026 05:09:27;  9.063
 12.02.2026 05:12:27;  9.063
 12.02.2026 05:15:26;  9.063
 12.02.2026 05:18:27;  9.125
 12.02.2026 05:21:27;  9.125
 12.02.2026 05:24:26;  9.125
 12.02.2026 05:27:27;  9.063
 12.02.2026 05:30:27;  9.063
 12.02.2026 05:33:26;  9.063
 12.02.2026 05:36:27;  9.063
 12.02.2026 05:39:26;  9.063
 12.02.2026 05:42:26;  9.125
 12.02.2026 05:45:27;  9.125
 12.02.2026 05:48:26;  9.125
 12.02.2026 05:51:26;  9.125
 12.02.2026 05:54:27;  9.125
 12.02.2026 05:57:27;  9.125
 12.02.2026 06:00:26;  9.125
 12.02.2026 06:03:27;  9.125
 12.02.2026 06:06:27;  9.125
 12.02.2026 06:09:26;  9.125
 12.02.2026 06:12:27;  9.188
 12.02.2026 06:15:27;  9.250
 12.02.2026 06:18:26;  9.313
 12.02.2026 06:21:27;  9.313
 12.02.2026 06:24:26;  9.375
 12.02.2026 06:27:26;  9.375
 12.02.2026 06:30:27;  9.375
 12.02.2026 06:33:26;  9.438
 12.02.2026 06:36:26;  9.438
 12.02.2026 06:39:27;  9.438
 12.02.2026 06:42:27;  9.500
 12.02.2026 06:45:26;  9.438
 12.02.2026 06:48:27;  9.438
 12.02.2026 06:51:27;  9.500
 12.02.2026 06:54:26;  9.500
 12.02.2026 06:57:27;  9.500
 12.02.2026 07:00:27;  9.563
 12.02.2026 07:03:26;  9.563
 12.02.2026 07:06:27;  9.625
 12.02.2026 07:09:26;  9.625
 12.02.2026 07:12:26;  9.625
 12.02.2026 07:15:27;  9.563
 12.02.2026 07:18:26;  9.563
 12.02.2026 07:21:26;  9.563
 12.02.2026 07:24:27;  9.563
 12.02.2026 07:27:27;  9.625
 12.02.2026 07:30:26;  9.625
 12.02.2026 07:33:27;  9.625
 12.02.2026 07:36:27;  9.688
 12.02.2026 07:39:26;  9.688
 12.02.2026 07:42:27;  9.625
 12.02.2026 07:45:27;  9.625
 12.02.2026 07:48:26;  9.625
 12.02.2026 07:51:27;  9.625
 12.02.2026 07:54:26;  9.688
 12.02.2026 07:57:26;  9.750
 12.02.2026 08:00:27;  9.813
 12.02.2026 08:03:26;  9.875
 12.02.2026 08:06:26;  9.875
 12.02.2026 08:09:27;  9.938
 12.02.2026 08:12:27;  9.938
 12.02.2026 08:15:26; 10.000
 12.02.2026 08:18:27; 10.000
 12.02.2026 08:21:27; 10.000
 12.02.2026 08:24:26; 10.000
 12.02.2026 08:27:27; 10.000
 12.02.2026 08:30:27; 10.000
 12.02.2026 08:33:26; 10.000
 12.02.2026 08:36:27; 10.000
 12.02.2026 08:39:26; 10.000
 12.02.2026 08:42:26; 10.000
 12.02.2026 08:45:27; 10.000
 12.02.2026 08:48:26; 10.000
 12.02.2026 08:51:26;  9.938
 12.02.2026 08:54:27;  9.938
 12.02.2026 08:57:27;  9.938
 12.02.2026 09:00:26;  9.938
 12.02.2026 09:03:27;  9.938
 12.02.2026 09:06:27;  9.875
 12.02.2026 09:09:26;  9.875
 12.02.2026 09:12:27;  9.875
 12.02.2026 09:15:27;  9.875
 12.02.2026 09:18:26;  9.813
 12.02.2026 09:21:27;  9.813
 12.02.2026 09:24:26;  9.813
 12.02.2026 09:27:26;  9.875
 12.02.2026 09:30:27;  9.875
 12.02.2026 09:33:26;  9.875
 12.02.2026 09:36:26;  9.938
 12.02.2026 09:39:27;  9.938
 12.02.2026 09:42:27; 10.000
 12.02.2026 09:45:26; 10.063
 12.02.2026 09:48:27; 10.063
 12.02.2026 09:51:27; 10.188
 12.02.2026 09:54:26; 10.250
 12.02.2026 09:57:27; 10.250
 12.02.2026 10:00:27; 10.250
 12.02.2026 10:03:26; 10.250
 12.02.2026 10:06:27; 10.250
 12.02.2026 10:09:26; 10.250
 12.02.2026 10:12:26; 10.250
 12.02.2026 10:15:27; 10.250
 12.02.2026 10:18:26; 10.250
 12.02.2026 10:21:26; 10.188
 12.02.2026 10:24:27; 10.188
 12.02.2026 10:27:27; 10.188
 12.02.2026 10:30:26; 10.188
 12.02.2026 10:33:27; 10.188
 12.02.2026 10:36:27; 10.188
 12.02.2026 10:39:26; 10.250
 12.02.2026 10:42:27; 10.313
 12.02.2026 10:45:27; 10.313
 12.02.2026 10:48:26; 10.375
 12.02.2026 10:51:27; 10.500
 12.02.2026 10:54:26; 10.500
 12.02.2026 10:57:26; 10.563
 12.02.2026 11:00:27; 10.688
 12.02.2026 11:03:26; 10.813
 12.02.2026 11:06:26; 10.813
 12.02.2026 11:09:27; 10.813
 12.02.2026 11:12:27; 10.875
 12.02.2026 11:15:26; 11.000
 12.02.2026 11:18:27; 11.063
 12.02.2026 11:21:27; 11.125
 12.02.2026 11:24:26; 11.188
 12.02.2026 11:27:27; 11.313
 12.02.2026 11:30:27; 11.438
 12.02.2026 11:33:26; 11.500
 12.02.2026 11:36:27; 11.625
 12.02.2026 11:39:26; 11.625
 12.02.2026 11:42:26; 11.875
 12.02.2026 11:45:27; 12.000
 12.02.2026 11:48:26; 12.125
 12.02.2026 11:51:26; 12.125
 12.02.2026 11:54:27; 12.188
 12.02.2026 11:57:27; 12.250
 12.02.2026 12:00:26; 12.188
 12.02.2026 12:03:27; 12.250
 12.02.2026 12:06:27; 12.188
 12.02.2026 12:09:26; 12.250
 12.02.2026 12:12:27; 12.313
 12.02.2026 12:15:27; 12.313
 12.02.2026 12:18:26; 12.313
 12.02.2026 12:21:27; 12.313
 12.02.2026 12:24:26; 12.313
 12.02.2026 12:27:26; 12.313
 12.02.2026 12:30:27; 12.313
 12.02.2026 12:33:26; 12.313
 12.02.2026 12:36:26; 12.250
 12.02.2026 12:39:27; 12.250
 12.02.2026 12:42:27; 12.188
 12.02.2026 12:45:26; 12.188
 12.02.2026 12:48:27; 12.313
 12.02.2026 12:51:27; 12.438
 12.02.2026 12:54:26; 12.625
 12.02.2026 12:57:27; 12.813
 12.02.2026 13:00:27; 13.000
 12.02.2026 13:03:26; 13.188
 12.02.2026 13:06:27; 13.375
 12.02.2026 13:09:26; 13.500
 12.02.2026 13:12:26; 13.563
 12.02.2026 13:15:27; 13.625
 12.02.2026 13:18:26; 13.750
 12.02.2026 13:21:26; 13.813
 12.02.2026 13:24:27; 13.813
 12.02.2026 13:27:27; 13.875
 12.02.2026 13:30:26; 13.938
 12.02.2026 13:33:27; 14.000
 12.02.2026 13:36:27; 14.063
 12.02.2026 13:39:26; 14.125
 12.02.2026 13:42:27; 14.125
 12.02.2026 13:45:27; 14.250
 12.02.2026 13:48:26; 14.375
 12.02.2026 13:51:27; 14.563
 12.02.2026 13:54:26; 14.688
 12.02.2026 13:57:26; 14.625
 12.02.2026 14:00:27; 14.563
 12.02.2026 14:03:26; 14.563
 12.02.2026 14:06:26; 14.625
 12.02.2026 14:09:27; 14.688
 12.02.2026 14:12:27; 14.750
 12.02.2026 14:15:26; 14.750
 12.02.2026 14:18:27; 14.750
 12.02.2026 14:21:27; 14.813
 12.02.2026 14:24:26; 15.000
 12.02.2026 14:27:27; 15.125
 12.02.2026 14:30:27; 15.313
 12.02.2026 14:33:26; 15.438
 12.02.2026 14:36:27; 15.500
 12.02.2026 14:39:26; 15.563
 12.02.2026 14:42:26; 15.688
 12.02.2026 14:45:27; 15.875
 12.02.2026 14:48:26; 15.938
 12.02.2026 14:51:26; 16.000
 12.02.2026 14:54:27; 16.188
 12.02.2026 14:57:27; 16.313
 12.02.2026 15:00:26; 16.500
 12.02.2026 15:03:27; 16.625
 12.02.2026 15:06:27; 16.813
 12.02.2026 15:09:26; 17.063
 12.02.2026 15:12:27; 17.250
 12.02.2026 15:15:27; 17.313
 12.02.2026 15:18:26; 17.313
 12.02.2026 15:21:27; 17.438
 12.02.2026 15:24:26; 17.750
 12.02.2026 15:27:26; 18.063
 12.02.2026 15:30:27; 18.313
 12.02.2026 15:33:26; 18.313
 12.02.2026 15:36:26; 18.625
 12.02.2026 15:39:27; 18.938
 12.02.2026 15:42:27; 19.438
 12.02.2026 15:45:26; 19.563
 12.02.2026 15:48:27; 19.875
 12.02.2026 15:51:27; 19.875
 12.02.2026 15:54:26; 19.750
 12.02.2026 15:57:27; 19.375
 12.02.2026 16:00:27; 19.063
 12.02.2026 16:03:26; 18.813
 12.02.2026 16:06:27; 18.625
 12.02.2026 16:09:26; 18.563
 12.02.2026 16:12:26; 18.563
 12.02.2026 16:15:27; 18.563
 12.02.2026 16:18:26; 18.688
 12.02.2026 16:21:26; 19.063
 12.02.2026 16:24:27; 19.500
 12.02.2026 16:27:27; 19.813
 12.02.2026 16:30:26; 19.813
 12.02.2026 16:33:27; 19.938
 12.02.2026 16:36:27; 20.125
 12.02.2026 16:39:26; 20.438
 12.02.2026 16:42:27; 20.438
 12.02.2026 16:45:27; 20.438
 12.02.2026 16:48:26; 20.563
 12.02.2026 16:51:27; 20.625
 12.02.2026 16:54:26; 20.813
 12.02.2026 16:57:26; 21.000
 12.02.2026 17:00:27; 21.188
 12.02.2026 17:03:26; 21.938
 12.02.2026 17:06:26; 23.063
 12.02.2026 17:09:27; 23.875
 12.02.2026 17:12:27; 24.813
 12.02.2026 17:15:26; 25.500
 12.02.2026 17:18:27; 24.750
 12.02.2026 17:21:27; 23.813
 12.02.2026 17:24:26; 23.063
 12.02.2026 17:27:27; 22.500
 12.02.2026 17:30:27; 23.875
 12.02.2026 17:33:26; 24.688
 12.02.2026 17:36:27; 25.125
 12.02.2026 17:39:26; 24.250
 12.02.2026 17:42:26; 23.125
 12.02.2026 17:45:27; 23.188
 12.02.2026 17:48:26; 23.000
 12.02.2026 17:51:26; 23.313
 12.02.2026 17:54:27; 23.250
 12.02.2026 17:57:27; 23.313
 12.02.2026 18:00:26; 22.563
 12.02.2026 18:03:27; 21.875
 12.02.2026 18:06:27; 21.250
 12.02.2026 18:09:26; 20.750
 12.02.2026 18:12:27; 20.375
 12.02.2026 18:15:27; 20.063
 12.02.2026 18:18:26; 19.688
 12.02.2026 18:21:27; 19.438
 12.02.2026 18:24:26; 18.813
 12.02.2026 18:27:26; 18.000
 12.02.2026 18:30:27; 17.250
 12.02.2026 18:33:26; 16.688
 12.02.2026 18:36:26; 16.313
 12.02.2026 18:39:27; 16.000
 12.02.2026 18:42:27; 15.688
 12.02.2026 18:45:26; 15.438
 12.02.2026 18:48:27; 15.250
 12.02.2026 18:51:27; 15.125
 12.02.2026 18:54:26; 15.063
 12.02.2026 18:57:27; 15.063
 12.02.2026 19:00:27; 15.063
 12.02.2026 19:03:26; 15.063
 12.02.2026 19:06:27; 15.125
 12.02.2026 19:09:26; 15.375
 12.02.2026 19:12:26; 15.438
 12.02.2026 19:15:27; 15.375
 12.02.2026 19:18:26; 15.500
 12.02.2026 19:21:26; 15.625
 12.02.2026 19:24:27; 15.875
 12.02.2026 19:27:27; 16.188
 12.02.2026 19:30:26; 16.750
 12.02.2026 19:33:27; 17.063
 12.02.2026 19:36:27; 17.188
 12.02.2026 19:39:26; 17.125
 12.02.2026 19:42:27; 16.875
 12.02.2026 19:45:27; 16.375
 12.02.2026 19:48:26; 16.000
 12.02.2026 19:51:27; 15.563
 12.02.2026 19:54:26; 15.313
 12.02.2026 19:57:26; 15.063
 12.02.2026 20:00:27; 14.750
 12.02.2026 20:03:26; 14.563
 12.02.2026 20:06:26; 14.438
 12.02.2026 20:09:27; 14.313
 12.02.2026 20:12:27; 14.125
 12.02.2026 20:15:26; 14.000
 12.02.2026 20:18:27; 13.875
 12.02.2026 20:21:27; 13.750
 12.02.2026 20:24:26; 13.563
 12.02.2026 20:27:27; 13.375
 12.02.2026 20:30:27; 13.250
 12.02.2026 20:33:26; 13.063
 12.02.2026 20:36:27; 12.938
 12.02.2026 20:39:26; 12.813
 12.02.2026 20:42:26; 12.688
 12.02.2026 20:45:27; 12.625
 12.02.2026 20:48:26; 12.500
 12.02.2026 20:51:26; 12.375
 12.02.2026 20:54:27; 12.250
 12.02.2026 20:57:27; 12.125
 12.02.2026 21:00:26; 12.063
 12.02.2026 21:03:27; 11.875
 12.02.2026 21:06:27; 11.750
 12.02.2026 21:09:26; 11.625
 12.02.2026 21:12:27; 11.500
 12.02.2026 21:15:27; 11.313
 12.02.2026 21:18:26; 11.188
 12.02.2026 21:21:27; 11.125
 12.02.2026 21:24:26; 11.063
 12.02.2026 21:27:26; 10.938
 12.02.2026 21:30:27; 10.875
 12.02.2026 21:33:26; 10.813
 12.02.2026 21:36:26; 10.625
 12.02.2026 21:39:27; 10.438
 12.02.2026 21:42:27; 10.188
 12.02.2026 21:45:26;  9.938
 12.02.2026 21:48:27;  9.688
 12.02.2026 21:51:27;  9.438
 12.02.2026 21:54:26;  9.250
 12.02.2026 21:57:27;  8.938
 12.02.2026 22:00:27;  8.688
 12.02.2026 22:03:26;  8.438
 12.02.2026 22:06:27;  8.313
 12.02.2026 22:09:26;  8.188
 12.02.2026 22:12:26;  8.125
 12.02.2026 22:15:27;  8.063
 12.02.2026 22:18:26;  8.000
 12.02.2026 22:21:26;  7.938
 12.02.2026 22:24:27;  7.938
 12.02.2026 22:27:27;  7.938
 12.02.2026 22:30:26;  7.875
 12.02.2026 22:33:27;  7.875
 12.02.2026 22:36:27;  7.813
 12.02.2026 22:39:26;  7.813
 12.02.2026 22:42:27;  7.813
 12.02.2026 22:45:27;  7.750
 12.02.2026 22:48:26;  7.750
 12.02.2026 22:51:27;  7.750
 12.02.2026 22:54:26;  7.750
 12.02.2026 22:57:26;  7.750
 12.02.2026 23:00:27;  7.750
 12.02.2026 23:03:26;  7.750
 12.02.2026 23:06:26;  7.813
 12.02.2026 23:09:27;  7.813
 12.02.2026 23:12:27;  7.813
 12.02.2026 23:15:26;  7.813
 12.02.2026 23:18:27;  7.875
 12.02.2026 23:21:27;  7.875
 12.02.2026 23:24:26;  7.875
 12.02.2026 23:27:27;  7.875
 12.02.2026 23:30:27;  7.938
 12.02.2026 23:33:26;  8.000
 12.02.2026 23:36:27;  8.000
 12.02.2026 23:39:26;  8.063
 12.02.2026 23:42:26;  8.063
 12.02.2026 23:45:27;  8.063
 12.02.2026 23:48:26;  8.000
 12.02.2026 23:51:26;  8.063
 12.02.2026 23:54:27;  8.063
 12.02.2026 23:57:27;  8.000
 13.02.2026 00:00:26;  8.000
 13.02.2026 00:03:27;  8.000
 13.02.2026 00:06:27;  8.063
 13.02.2026 00:09:26;  8.125
 13.02.2026 00:12:27;  8.188
 13.02.2026 00:15:27;  8.250
 13.02.2026 00:18:26;  8.250
 13.02.2026 00:21:27;  8.313
 13.02.2026 00:24:26;  8.313
 13.02.2026 00:27:26;  8.250
 13.02.2026 00:30:27;  8.188
 13.02.2026 00:33:26;  8.125
 13.02.2026 00:36:26;  8.000
 13.02.2026 00:39:27;  7.938
 13.02.2026 00:42:27;  7.813
 13.02.2026 00:45:26;  7.813
 13.02.2026 00:48:27;  7.813
 13.02.2026 00:51:27;  7.750
 13.02.2026 00:54:26;  7.750
 13.02.2026 00:57:27;  7.750
 13.02.2026 01:00:27;  7.688
 13.02.2026 01:03:26;  7.688
 13.02.2026 01:06:27;  7.688
 13.02.2026 01:09:26;  7.750
 13.02.2026 01:12:26;  7.813
 13.02.2026 01:15:27;  7.813
 13.02.2026 01:18:26;  7.875
 13.02.2026 01:21:26;  7.875
 13.02.2026 01:24:27;  7.813
 13.02.2026 01:27:27;  7.813
 13.02.2026 01:30:26;  7.750
 13.02.2026 01:33:27;  7.750
 13.02.2026 01:36:27;  7.688
 13.02.2026 01:39:26;  7.625
 13.02.2026 01:42:27;  7.625
 13.02.2026 01:45:27;  7.563
 13.02.2026 01:48:26;  7.563
 13.02.2026 01:51:27;  7.563
 13.02.2026 01:54:26;  7.625
 13.02.2026 01:57:26;  7.688
 13.02.2026 02:00:27;  7.750
 13.02.2026 02:03:26;  7.875
 13.02.2026 02:06:26;  7.938
 13.02.2026 02:09:27;  8.000
 13.02.2026 02:12:27;  8.063
 13.02.2026 02:15:26;  8.188
 13.02.2026 02:18:27;  8.188
 13.02.2026 02:21:27;  8.250
 13.02.2026 02:24:26;  8.313
 13.02.2026 02:27:27;  8.313
 13.02.2026 02:30:27;  8.375
 13.02.2026 02:33:26;  8.375
 13.02.2026 02:36:27;  8.438
 13.02.2026 02:39:26;  8.438
 13.02.2026 02:42:26;  8.500
 13.02.2026 02:45:27;  8.563
 13.02.2026 02:48:26;  8.500
 13.02.2026 02:51:26;  8.500
 13.02.2026 02:54:27;  8.438
 13.02.2026 02:57:27;  8.438
 13.02.2026 03:00:26;  8.438
 13.02.2026 03:03:27;  8.375
 13.02.2026 03:06:27;  8.313
 13.02.2026 03:09:26;  8.313
 13.02.2026 03:12:27;  8.313
 13.02.2026 03:15:27;  8.250
 13.02.2026 03:18:26;  8.313
 13.02.2026 03:21:27;  8.313
 13.02.2026 03:24:26;  8.313
 13.02.2026 03:27:26;  8.313
 13.02.2026 03:30:27;  8.313
 13.02.2026 03:33:26;  8.313
 13.02.2026 03:36:26;  8.313
 13.02.2026 03:39:27;  8.313
 13.02.2026 03:42:27;  8.375
 13.02.2026 03:45:26;  8.375
 13.02.2026 03:48:27;  8.375
 13.02.2026 03:51:27;  8.375
 13.02.2026 03:54:26;  8.375
 13.02.2026 03:57:27;  8.375
 13.02.2026 04:00:27;  8.375
 13.02.2026 04:03:26;  8.313
 13.02.2026 04:06:27;  8.313
 13.02.2026 04:09:26;  8.313
 13.02.2026 04:12:26;  8.313
 13.02.2026 04:15:27;  8.313
 13.02.2026 04:18:26;  8.313
 13.02.2026 04:21:26;  8.313
 13.02.2026 04:24:27;  8.313
 13.02.2026 04:27:27;  8.313
 13.02.2026 04:30:26;  8.313
 13.02.2026 04:33:27;  8.313
 13.02.2026 04:36:27;  8.375
 13.02.2026 04:39:26;  8.375
 13.02.2026 04:42:27;  8.375
 13.02.2026 04:45:27;  8.375
 13.02.2026 04:48:26;  8.375
 13.02.2026 04:51:27;  8.438
 13.02.2026 04:54:26;  8.500
 13.02.2026 04:57:26;  8.500
 13.02.2026 05:00:27;  8.438
 13.02.2026 05:03:26;  8.375
 13.02.2026 05:06:26;  8.313
 13.02.2026 05:09:27;  8.250
 13.02.2026 05:12:27;  8.188
 13.02.2026 05:15:26;  8.125
 13.02.2026 05:18:27;  8.063
 13.02.2026 05:21:27;  8.063
 13.02.2026 05:24:26;  8.063
 13.02.2026 05:27:27;  8.063
 13.02.2026 05:30:27;  8.063
 13.02.2026 05:33:26;  8.125
 13.02.2026 05:36:27;  8.125
 13.02.2026 05:39:26;  8.125
 13.02.2026 05:42:26;  8.188
 13.02.2026 05:45:27;  8.188
 13.02.2026 05:48:26;  8.188
 13.02.2026 05:51:26;  8.125
 13.02.2026 05:54:27;  8.125
 13.02.2026 05:57:27;  8.188
 13.02.2026 06:00:26;  8.188
 13.02.2026 06:03:27;  8.125
 13.02.2026 06:06:27;  8.063
 13.02.2026 06:09:26;  8.000
 13.02.2026 06:12:27;  8.000
 13.02.2026 06:15:27;  8.000
 13.02.2026 06:18:26;  8.063
 13.02.2026 06:21:27;  8.063
 13.02.2026 06:24:26;  8.063
 13.02.2026 06:27:26;  8.063
 13.02.2026 06:30:27;  8.063
 13.02.2026 06:33:26;  8.000
 13.02.2026 06:36:26;  7.938
 13.02.2026 06:39:27;  7.813
 13.02.2026 06:42:27;  7.688
 13.02.2026 06:45:26;  7.500
 13.02.2026 06:48:27;  7.375
 13.02.2026 06:51:27;  7.250
 13.02.2026 06:54:26;  7.125
 13.02.2026 06:57:27;  7.000
 13.02.2026 07:00:27;  6.875
 13.02.2026 07:03:26;  6.813
 13.02.2026 07:06:27;  6.750
 13.02.2026 07:09:26;  6.688
 13.02.2026 07:12:26;  6.625
 13.02.2026 07:15:27;  6.625
 13.02.2026 07:18:26;  6.625
 13.02.2026 07:21:26;  6.688
 13.02.2026 07:24:27;  6.688
 13.02.2026 07:27:27;  6.750
 13.02.2026 07:30:26;  6.750
 13.02.2026 07:33:27;  6.813
 13.02.2026 07:36:27;  6.813
 13.02.2026 07:39:26;  6.875
 13.02.2026 07:42:27;  6.875
 13.02.2026 07:45:27;  6.875
 13.02.2026 07:48:26;  6.813
 13.02.2026 07:51:27;  6.813
 13.02.2026 07:54:26;  6.750
 13.02.2026 07:57:26;  6.688
 13.02.2026 08:00:27;  6.688
 13.02.2026 08:03:26;  6.688
 13.02.2026 08:06:26;  6.688
 13.02.2026 08:09:27;  6.688
 13.02.2026 08:12:27;  6.688
 13.02.2026 08:15:26;  6.688
 13.02.2026 08:18:27;  6.625
 13.02.2026 08:21:27;  6.625
 13.02.2026 08:24:26;  6.563
 13.02.2026 08:27:27;  6.563
 13.02.2026 08:30:27;  6.500
 13.02.2026 08:33:26;  6.563
 13.02.2026 08:36:27;  6.563
 13.02.2026 08:39:26;  6.625
 13.02.2026 08:42:26;  6.688
 13.02.2026 08:45:27;  6.750
 13.02.2026 08:48:26;  6.875
 13.02.2026 08:51:26;  6.875
 13.02.2026 08:54:27;  6.938
 13.02.2026 08:57:27;  6.938
 13.02.2026 09:00:26;  6.938
 13.02.2026 09:03:27;  6.938
 13.02.2026 09:06:27;  6.938
 13.02.2026 09:09:26;  6.938
 13.02.2026 09:12:27;  6.938
 13.02.2026 09:15:27;  6.938
 13.02.2026 09:18:26;  6.938
 13.02.2026 09:21:27;  6.938
 13.02.2026 09:24:26;  6.938
 13.02.2026 09:27:26;  6.938
 13.02.2026 09:30:27;  6.938
 13.02.2026 09:33:26;  6.938
 13.02.2026 09:36:26;  7.000
 13.02.2026 09:39:27;  7.000
 13.02.2026 09:42:27;  7.063
 13.02.2026 09:45:26;  7.063
 13.02.2026 09:48:27;  7.125
 13.02.2026 09:51:27;  7.188
 13.02.2026 09:54:26;  7.188
 13.02.2026 09:57:27;  7.188
 13.02.2026 10:00:27;  7.188
 13.02.2026 10:03:26;  7.188
 13.02.2026 10:06:27;  7.188
 13.02.2026 10:09:26;  7.250
 13.02.2026 10:12:26;  7.250
 13.02.2026 10:15:27;  7.250
 13.02.2026 10:18:26;  7.250
 13.02.2026 10:21:26;  7.188
 13.02.2026 10:24:27;  7.188
 13.02.2026 10:27:27;  7.188
 13.02.2026 10:30:26;  7.188
 13.02.2026 10:33:27;  7.125
 13.02.2026 10:36:27;  7.125
 13.02.2026 10:39:26;  7.063
 13.02.2026 10:42:27;  7.063
 13.02.2026 10:45:27;  7.000
 13.02.2026 10:48:26;  6.938
 13.02.2026 10:51:27;  6.875
 13.02.2026 10:54:26;  6.750
 13.02.2026 10:57:26;  6.750
 13.02.2026 11:00:27;  6.688
 13.02.2026 11:03:26;  6.688
 13.02.2026 11:06:26;  6.750
 13.02.2026 11:09:27;  6.750
 13.02.2026 11:12:27;  6.813
 13.02.2026 11:15:26;  6.813
 13.02.2026 11:18:27;  6.813
 13.02.2026 11:21:27;  6.813
 13.02.2026 11:24:26;  6.875
 13.02.2026 11:27:27;  6.875
 13.02.2026 11:30:27;  6.938
 13.02.2026 11:33:26;  7.000
 13.02.2026 11:36:27;  7.000
 13.02.2026 11:39:26;  7.063
 13.02.2026 11:42:26;  7.125
 13.02.2026 11:45:27;  7.125
 13.02.2026 11:48:26;  7.188
 13.02.2026 11:51:26;  7.188
 13.02.2026 11:54:27;  7.250
 13.02.2026 11:57:27;  7.250
 13.02.2026 12:00:26;  7.313
 13.02.2026 12:03:27;  7.313
 13.02.2026 12:06:27;  7.438
 13.02.2026 12:09:26;  7.438
 13.02.2026 12:12:27;  7.500
 13.02.2026 12:15:27;  7.563
 13.02.2026 12:18:26;  7.625
 13.02.2026 12:21:27;  7.625
 13.02.2026 12:24:26;  7.688
 13.02.2026 12:27:26;  7.688
 13.02.2026 12:30:27;  7.688
 13.02.2026 12:33:26;  7.750
 13.02.2026 12:36:26;  7.813
 13.02.2026 12:39:27;  7.875
 13.02.2026 12:42:27;  7.938
 13.02.2026 12:45:26;  8.000
 13.02.2026 12:48:27;  8.000
 13.02.2026 12:51:27;  8.000
 13.02.2026 12:54:26;  8.125
 13.02.2026 12:57:27;  8.188
 13.02.2026 13:00:27;  8.250
 13.02.2026 13:03:26;  8.313
 13.02.2026 13:06:27;  8.500
 13.02.2026 13:09:26;  8.688
 13.02.2026 13:12:26;  9.000
 13.02.2026 13:15:27;  9.188
 13.02.2026 13:18:26;  9.438
 13.02.2026 13:21:26;  9.750
 13.02.2026 13:24:27;  9.875
 13.02.2026 13:27:27; 10.250
 13.02.2026 13:30:26; 10.563
 13.02.2026 13:33:27; 10.875
 13.02.2026 13:36:27; 10.875
 13.02.2026 13:39:26; 10.688
 13.02.2026 13:42:27; 10.625
 13.02.2026 13:45:27; 10.500
 13.02.2026 13:48:26; 10.313
 13.02.2026 13:51:27; 10.188
 13.02.2026 13:54:26; 10.000
 13.02.2026 13:57:26;  9.875
 13.02.2026 14:00:27;  9.750
 13.02.2026 14:03:26;  9.688
 13.02.2026 14:06:26;  9.625
 13.02.2026 14:09:27;  9.625
 13.02.2026 14:12:27;  9.625
 13.02.2026 14:15:26;  9.688
 13.02.2026 14:18:27;  9.625
 13.02.2026 14:21:27;  9.625
 13.02.2026 14:24:26;  9.625
 13.02.2026 14:27:27;  9.750
 13.02.2026 14:30:27;  9.813
 13.02.2026 14:33:26;  9.938
 13.02.2026 14:36:27; 10.063
 13.02.2026 14:39:26; 10.438
 13.02.2026 14:42:26; 10.875
 13.02.2026 14:45:27; 11.000
 13.02.2026 14:48:26; 11.000
 13.02.2026 14:51:26; 10.938
 13.02.2026 14:54:27; 10.813
 13.02.2026 14:57:27; 10.750
 13.02.2026 15:00:26; 10.625
 13.02.2026 15:03:27; 10.563
 13.02.2026 15:06:27; 10.563
 13.02.2026 15:09:26; 10.750
 13.02.2026 15:12:27; 10.875
 13.02.2026 15:15:27; 10.938
 13.02.2026 15:18:26; 11.063
 13.02.2026 15:21:27; 11.125
 13.02.2026 15:24:26; 11.188
 13.02.2026 15:27:26; 11.313
 13.02.2026 15:30:27; 11.438
 13.02.2026 15:33:26; 11.938
 13.02.2026 15:36:26; 12.188
 13.02.2026 15:39:27; 12.375
 13.02.2026 15:42:27; 12.375
 13.02.2026 15:45:26; 12.375
 13.02.2026 15:48:27; 12.500
 13.02.2026 15:51:27; 12.188
 13.02.2026 15:54:26; 12.125
 13.02.2026 15:57:27; 12.188
 13.02.2026 16:00:27; 12.500
 13.02.2026 16:03:26; 12.750
 13.02.2026 16:06:27; 13.063
 13.02.2026 16:09:26; 13.125
 13.02.2026 16:12:26; 13.063
 13.02.2026 16:15:27; 13.063
 13.02.2026 16:18:26; 12.875
 13.02.2026 16:21:26; 12.625
 13.02.2026 16:24:27; 12.313
 13.02.2026 16:27:27; 11.938
 13.02.2026 16:30:26; 11.813
 13.02.2026 16:33:27; 11.688
 13.02.2026 16:36:27; 11.563
 13.02.2026 16:39:26; 11.563
 13.02.2026 16:42:27; 11.500
 13.02.2026 16:45:27; 11.438
 13.02.2026 16:48:26; 11.375
 13.02.2026 16:51:27; 11.188
 13.02.2026 16:54:26; 10.813
 13.02.2026 16:57:26; 10.375
 13.02.2026 17:00:27;  9.875
 13.02.2026 17:03:26;  9.563
 13.02.2026 17:06:26;  9.313
 13.02.2026 17:09:27;  9.125
 13.02.2026 17:12:27;  9.000
 13.02.2026 17:15:26;  8.938
 13.02.2026 17:18:27;  8.875
 13.02.2026 17:21:27;  8.813
 13.02.2026 17:24:26;  8.813
 13.02.2026 17:27:27;  8.938
 13.02.2026 17:30:27;  9.063
 13.02.2026 17:33:26;  9.125
 13.02.2026 17:36:27;  9.188
 13.02.2026 17:39:26;  9.188
 13.02.2026 17:42:26;  9.188
 13.02.2026 17:45:27;  9.188
 13.02.2026 17:48:26;  9.250
 13.02.2026 17:51:26;  9.688
 13.02.2026 17:54:27;  9.938
 13.02.2026 17:57:27; 10.563
 13.02.2026 18:00:26; 11.625
 13.02.2026 18:03:27; 12.625
 13.02.2026 18:06:27; 12.688
 13.02.2026 18:09:26; 13.563
 13.02.2026 18:12:27; 14.375
 13.02.2026 18:15:27; 13.375
 13.02.2026 18:18:26; 12.625
 13.02.2026 18:21:27; 12.125
 13.02.2026 18:24:26; 11.875
 13.02.2026 18:27:26; 11.688
 13.02.2026 18:30:27; 11.438
 13.02.2026 18:33:26; 11.250
 13.02.2026 18:36:26; 11.063
 13.02.2026 18:39:27; 10.813
 13.02.2026 18:42:27; 10.688
 13.02.2026 18:45:26; 10.750
 13.02.2026 18:48:27; 10.875
 13.02.2026 18:51:27; 10.813
 13.02.2026 18:54:26; 10.750
 13.02.2026 18:57:27; 10.625
 13.02.2026 19:00:27; 10.625
 13.02.2026 19:03:26; 10.750
 13.02.2026 19:06:27; 10.688
 13.02.2026 19:09:26; 10.500
 13.02.2026 19:12:26; 10.250
 13.02.2026 19:15:27; 10.000
 13.02.2026 19:18:26;  9.625
 13.02.2026 19:21:26;  9.625
 13.02.2026 19:24:27;  9.625
 13.02.2026 19:27:27;  9.500
 13.02.2026 19:30:26; 10.375
 13.02.2026 19:33:27; 11.000
 13.02.2026 19:36:27; 11.438
 13.02.2026 19:39:26; 11.750
 13.02.2026 19:42:27; 11.938
 13.02.2026 19:45:27; 12.188
 13.02.2026 19:48:26; 12.313
 13.02.2026 19:51:27; 12.500
 13.02.2026 19:54:26; 12.625
 13.02.2026 19:57:26; 12.750
 13.02.2026 20:00:27; 12.875
 13.02.2026 20:03:26; 13.000
 13.02.2026 20:06:26; 13.125
 13.02.2026 20:09:27; 13.188
 13.02.2026 20:12:27; 13.250
 13.02.2026 20:15:26; 13.250
 13.02.2026 20:18:27; 13.250
 13.02.2026 20:21:27; 13.250
 13.02.2026 20:24:26; 13.250
 13.02.2026 20:27:27; 13.313
 13.02.2026 20:30:27; 13.313
 13.02.2026 20:33:26; 13.375
 13.02.2026 20:36:27; 13.375
 13.02.2026 20:39:26; 13.375
 13.02.2026 20:42:26; 13.438
 13.02.2026 20:45:27; 13.500
 13.02.2026 20:48:26; 13.563
 13.02.2026 20:51:26; 13.625
 13.02.2026 20:54:27; 13.688
 13.02.2026 20:57:27; 13.813
 13.02.2026 21:00:26; 13.875
 13.02.2026 21:03:27; 13.875
 13.02.2026 21:06:27; 13.875
 13.02.2026 21:09:26; 13.938
 13.02.2026 21:12:27; 13.938
 13.02.2026 21:15:27; 13.938
 13.02.2026 21:18:26; 14.000
 13.02.2026 21:21:27; 14.063
 13.02.2026 21:24:26; 14.188
 13.02.2026 21:27:26; 14.250
 13.02.2026 21:30:27; 14.375
 13.02.2026 21:33:26; 14.500
 13.02.2026 21:36:26; 14.625
 13.02.2026 21:39:27; 14.688
 13.02.2026 21:42:27; 14.750
 13.02.2026 21:45:26; 14.750
 13.02.2026 21:48:27; 14.688
 13.02.2026 21:51:27; 14.563
 13.02.2026 21:54:26; 14.438
 13.02.2026 21:57:27; 14.313
 13.02.2026 22:00:27; 14.125
 13.02.2026 22:03:26; 14.063
 13.02.2026 22:06:27; 13.938
 13.02.2026 22:09:26; 13.875
 13.02.2026 22:12:26; 13.813
 13.02.2026 22:15:27; 13.750
 13.02.2026 22:18:26; 13.688
 13.02.2026 22:21:26; 13.563
 13.02.2026 22:24:27; 13.500
 13.02.2026 22:27:27; 13.375
 13.02.2026 22:30:26; 13.313
 13.02.2026 22:33:27; 13.250
 13.02.2026 22:36:27; 13.188
 13.02.2026 22:39:26; 13.063
 13.02.2026 22:42:27; 13.000
 13.02.2026 22:45:27; 12.938
 13.02.2026 22:48:26; 12.875
 13.02.2026 22:51:27; 12.813
 13.02.2026 22:54:26; 12.750
 13.02.2026 22:57:26; 12.688
 13.02.2026 23:00:27; 12.625
 13.02.2026 23:03:26; 12.563
 13.02.2026 23:06:26; 12.500
 13.02.2026 23:09:27; 12.438
 13.02.2026 23:12:27; 12.438
 13.02.2026 23:15:26; 12.375
 13.02.2026 23:18:27; 12.313
 13.02.2026 23:21:27; 12.313
 13.02.2026 23:24:26; 12.250
 13.02.2026 23:27:27; 12.188
 13.02.2026 23:30:27; 12.188
 13.02.2026 23:33:26; 12.125
 13.02.2026 23:36:27; 12.125
 13.02.2026 23:39:26; 12.063
 13.02.2026 23:42:26; 12.000
 13.02.2026 23:45:27; 12.000
 13.02.2026 23:48:26; 11.938
 13.02.2026 23:51:26; 11.938
 13.02.2026 23:54:27; 11.875
 13.02.2026 23:57:27; 11.875
 14.02.2026 00:00:26; 11.875
 14.02.2026 00:03:27; 11.813
 14.02.2026 00:06:27; 11.813
 14.02.2026 00:09:26; 11.750
 14.02.2026 00:12:27; 11.750
 14.02.2026 00:15:27; 11.688
 14.02.2026 00:18:26; 11.688
 14.02.2026 00:21:27; 11.688
 14.02.2026 00:24:26; 11.625
 14.02.2026 00:27:26; 11.625
 14.02.2026 00:30:27; 11.563
 14.02.2026 00:33:26; 11.563
 14.02.2026 00:36:26; 11.563
 14.02.2026 00:39:27; 11.500
 14.02.2026 00:42:27; 11.500
 14.02.2026 00:45:26; 11.438
 14.02.2026 00:48:27; 11.375
 14.02.2026 00:51:27; 11.375
 14.02.2026 00:54:26; 11.313
 14.02.2026 00:57:27; 11.250
 14.02.2026 01:00:27; 11.250
 14.02.2026 01:03:26; 11.188
 14.02.2026 01:06:27; 11.188
 14.02.2026 01:09:26; 11.125
 14.02.2026 01:12:26; 11.063
 14.02.2026 01:15:27; 11.063
 14.02.2026 01:18:26; 11.000
 14.02.2026 01:21:26; 10.938
 14.02.2026 01:24:27; 10.938
 14.02.2026 01:27:27; 10.875
 14.02.2026 01:30:26; 10.813
 14.02.2026 01:33:27; 10.813
 14.02.2026 01:36:27; 10.750
 14.02.2026 01:39:26; 10.750
 14.02.2026 01:42:27; 10.688
 14.02.2026 01:45:27; 10.688
 14.02.2026 01:48:26; 10.688
 14.02.2026 01:51:27; 10.688
 14.02.2026 01:54:26; 10.688
 14.02.2026 01:57:26; 10.688
 14.02.2026 02:00:27; 10.625
 14.02.2026 02:03:26; 10.625
 14.02.2026 02:06:26; 10.563
 14.02.2026 02:09:27; 10.563
 14.02.2026 02:12:27; 10.500
 14.02.2026 02:15:26; 10.500
 14.02.2026 02:18:27; 10.438
 14.02.2026 02:21:27; 10.438
 14.02.2026 02:24:26; 10.438
 14.02.2026 02:27:27; 10.438
 14.02.2026 02:30:27; 10.563
 14.02.2026 02:33:26; 10.688
 14.02.2026 02:36:27; 10.875
 14.02.2026 02:39:26; 11.063
 14.02.2026 02:42:26; 11.313
 14.02.2026 02:45:27; 11.563
 14.02.2026 02:48:26; 11.813
 14.02.2026 02:51:26; 12.063
 14.02.2026 02:54:27; 12.313
 14.02.2026 02:57:27; 12.563
 14.02.2026 03:00:26; 12.750
 14.02.2026 03:03:27; 12.938
 14.02.2026 03:06:27; 13.125
 14.02.2026 03:09:26; 13.313
 14.02.2026 03:12:27; 13.500
 14.02.2026 03:15:27; 13.688
 14.02.2026 03:18:26; 13.813
 14.02.2026 03:21:27; 13.938
 14.02.2026 03:24:26; 14.063
 14.02.2026 03:27:26; 14.188
 14.02.2026 03:30:27; 14.313
 14.02.2026 03:33:26; 14.438
 14.02.2026 03:36:26; 14.563
 14.02.2026 03:39:27; 14.625
 14.02.2026 03:42:27; 15.000
